-- phpMyAdmin SQL Dump
-- version 4.4.15.5
-- http://www.phpmyadmin.net
--
-- Host: mdc.mahidol
-- Generation Time: Oct 02, 2017 at 09:56 AM
-- Server version: 5.6.11
-- PHP Version: 5.6.11-1ubuntu3.4

SET SQL_MODE = "NO_AUTO_VALUE_ON_ZERO";
SET time_zone = "+00:00";


/*!40101 SET @OLD_CHARACTER_SET_CLIENT=@@CHARACTER_SET_CLIENT */;
/*!40101 SET @OLD_CHARACTER_SET_RESULTS=@@CHARACTER_SET_RESULTS */;
/*!40101 SET @OLD_COLLATION_CONNECTION=@@COLLATION_CONNECTION */;
/*!40101 SET NAMES utf8mb4 */;

--
-- Database: `radbasewww`
--

-- --------------------------------------------------------

--
-- Table structure for table `menu`
--

CREATE TABLE IF NOT EXISTS `menu` (
  `MENU_ID` int(11) NOT NULL,
  `MENU_ICON` varchar(50) DEFAULT NULL,
  `MENU_NAME` varchar(100) NOT NULL,
  `URL_NAVIGATE` varchar(100) DEFAULT NULL,
  `MENU_TAG` varchar(100) DEFAULT NULL,
  `PREVIOUS_MENU_ID` int(11) DEFAULT NULL,
  `DISPLAY_ORDER` int(11) NOT NULL,
  `UPDATE_BY` varchar(25) NOT NULL,
  `CREATE_DATE` date DEFAULT NULL,
  `UPDATE_DATE` date DEFAULT NULL
) ENGINE=InnoDB DEFAULT CHARSET=utf8;

--
-- Dumping data for table `menu`
--

INSERT INTO `menu` (`MENU_ID`, `MENU_ICON`, `MENU_NAME`, `URL_NAVIGATE`, `MENU_TAG`, `PREVIOUS_MENU_ID`, `DISPLAY_ORDER`, `UPDATE_BY`, `CREATE_DATE`, `UPDATE_DATE`) VALUES
(1, 'icon-screen-desktop', 'บันทึกข้อมูล', NULL, NULL, -1, 1, 'SYSTEM', '2016-03-20', '2015-02-13'),
(2, 'icon-grid', 'ข้อมูลผู้ใช้', NULL, NULL, -1, 2, 'SYSTEM', '2015-02-13', '2015-02-13'),
(3, 'icon-settings', 'ข้อมูลหลัก', NULL, NULL, -1, 3, 'SYSTEM', '2015-02-13', '2015-02-13'),
(4, 'fa fa-code', 'รหัสประเภทการใช้งาน', '/index.php/MCodeUsage', 'MCodeUsage|Create|Update', 3, 1, 'SYSTEM', '2015-02-13', '2015-02-13'),
(5, 'fa fa-code', 'ลักษณะการใช้งาน', '/index.php/MUseType', 'MUseType|Create|Update', 3, 2, 'SYSTEM', '2015-02-13', '2015-02-13'),
(6, 'fa fa-code', 'หน่วยกำลังไฟ', '/index.php/MPowerUnit', 'MPowerUnit|Create|Update', 3, 3, 'SYSTEM', '2015-02-13', '2015-02-13'),
(7, 'fa fa-building', 'ห้อง/สถานที่', '/index.php/MRoom', 'MRoom|Create|Update', 3, 4, 'SYSTEM', '2015-02-13', '2015-02-13'),
(8, 'fa fa-ship', 'บริษัทผู้แทนจำหน่าย (ที่อยู่)', '/index.php/MDealerCompany', 'MDealerCompany|Create|Update', 3, 5, 'SYSTEM', '2015-02-13', '2015-02-13'),
(9, 'fa fa-cube', 'ประเภทวัสดุ', '/index.php/MMaterialType', 'MMaterialType|Create|Update', 3, 6, 'SYSTEM', '2015-02-13', '2015-02-13'),
(10, 'fa fa-code', 'สมบัติทางกายภาพ', '/index.php/MPhisicalStatus', 'MPhisicalStatus|Create|Update', 3, 7, 'SYSTEM', '2015-02-13', '2015-02-13'),
(11, 'fa fa-ship', 'บริษัทผู้ผลิต', '/index.php/MManufacturer', 'MManufacturer|Create|Update', 3, 8, 'SYSTEM', '2015-02-13', '2015-02-13'),
(12, 'fa fa-server', 'ชื่อเครื่องกำเนิดรังสี', '/index.php/MRadMachine', 'MRadMachine|Create|Update', 3, 9, 'SYSTEM', '2015-02-13', '2015-02-13'),
(13, 'fa fa-code', 'ธาตุ-เลขมวล', '/index.php/MRadioactiveElement', 'MRadioactiveElement|Create|Update', 3, 10, 'SYSTEM', '2015-02-13', '2015-02-13'),
(14, 'fa fa-university', 'หน่วยงาน', '/index.php/MDepartment', 'MDepartment|Create|Update', 3, 11, 'SYSTEM', '2015-02-13', '2015-02-13'),
(15, 'fa fa-user', 'ผู้ใช้', '/index.php/Users', 'Users|Create|Update', 2, 1, 'SYSTEM', '2015-02-13', '2015-02-13'),
(16, 'fa fa-users', 'กลุ่มผู้ใช้', '/index.php/UsersRole', 'UserRole|Create|Update', 2, 2, 'SYSTEM', '2015-02-13', '2015-02-13'),
(18, 'fa fa-pencil', 'เครื่องกำเนิดรังสี', '/index.php/Form1', 'Form1|Create|Update', 50, 1, 'SYSTEM', '2015-02-13', '2015-02-13'),
(19, 'fa fa-pencil', '    ชนิดปิดผนึก', '/index.php/Form2', 'Form2|Create|Update', 33, 1, 'SYSTEM', '2015-02-13', '2015-02-13'),
(20, 'fa fa-truck', 'การเคลื่อนย้ายวัสดุกัมมันตรังสี', '/index.php/Form3', 'Form3|Create|Update', 1, 5, 'SYSTEM', '2015-02-13', '2015-02-13'),
(21, 'fa fa-list-alt', 'บุคลากรผู้ปฏิบัติงานทางรังสี', '#', '', 1, 9, 'SYSTEM', '2015-02-13', '2015-02-13'),
(22, 'fa fa-pencil', 'การกำจัดขยะรังสี', '/index.php/Form5', 'Form5|Create|Update', 50, 3, 'SYSTEM', '2015-02-13', '2015-02-13'),
(23, 'fa fa-plus-square', 'อุบัติเหตุทางรังสี', '/index.php/Form6', 'Form6|Create|Update', 1, 7, 'SYSTEM', '2015-02-13', '2015-02-13'),
(24, 'fa fa-pencil', 'การพัฒนาบุคลากรด้านการป้องกันอันตรายทางรังสีประจำปี', '/index.php/Form7', 'Form7|Create|Update', 21, 8, 'SYSTEM', '2015-02-13', '2015-02-13'),
(25, 'fa fa-puzzle-piece', 'ตำแหน่ง', '/index.php/MPosition', 'MPosition|Create|Update', 3, 12, 'SYSTEM', '2016-05-31', '2016-05-31'),
(26, 'fa fa-puzzle-piece', 'คำนำหน้าชื่อ', '/index.php/MTitle', 'MTitle|Create|Update', 3, 13, 'SYSTEM', '2016-05-31', '2016-05-31'),
(27, 'fa fa-pencil', '    ชนิดไม่ปิดผนึก', '/index.php/Frm21', 'Frm21|Create|Update', 33, 2, 'SYSTEM', '2016-05-30', '2016-06-30'),
(28, 'fa fa-gear', 'ตั้งค่าระบบ', '/index.php/MSetting', 'MSetting|Create|Update', 3, 14, 'SYSTEM', '2016-05-30', '2016-05-30'),
(29, 'fa fa-pie-chart', 'แบบรายงานเครื่องกำเนิดรังสี', '/index.php/Report/Report04', 'Report|R37', 76, 761, 'SYSTEM', '2016-07-02', '2016-07-02'),
(30, 'icon-book-open', 'พิมพ์รายงาน', '', NULL, -1, 4, 'SYSTEM', '2016-07-02', '2016-07-02'),
(31, 'fa fa-users', 'รายชื่อคณะกรรมการความปลอดภัยทางรังสี (ประจำส่วนงาน)', '/index.php/Form8', 'Form8|Create|Update', 1, 10, 'SYSTEM', '2016-07-09', '2016-07-09'),
(32, 'fa fa-pencil', 'แบบรายงานความปลอดภัยทางรังสี', '/index.php/FormQuestionnaire', 'FormQuestionnaire|Create|Update', 1, 11, 'SYSTEM', '2016-07-09', '2016-07-09'),
(33, 'fa fa-list-alt', 'วัสดุกัมมันตรังสี', '#', NULL, 50, 2, 'SYSTEM', '2016-07-24', '2016-07-24'),
(34, 'fa fa-pencil', 'ปริมาณรังสีที่ได้รับ', '/index.php/Form4', 'Form4|Create|Update', 21, 1, 'SYSTEM', '2016-07-24', '2016-07-24'),
(35, 'fa fa-list-alt', 'สรุปผล', '#', NULL, 1, 0, 'SYSTEM', '2016-07-24', '2016-07-24'),
(36, 'fa fa-pencil', 'ปริมาณรังสีที่ได้รับ', '/index.php/Report/R372', 'Report|R372', 29, 1, 'SYSTEM', '2016-07-24', '2016-07-24'),
(37, 'fa fa-pencil', 'การอบรมทางรังสี', '/index.php/Report/R373', 'Report|R373', 29, 2, 'SYSTEM', '2016-07-24', '2016-07-24'),
(38, 'fa fa-pie-chart', 'แบบรายงานวัสดุกัมมันตรังสีชนิดปิดผนึก', '/index.php/Report/Report05', 'Report|R32', 76, 762, 'SYSTEM', '2016-07-24', '2016-07-24'),
(39, 'fa fa-pie-chart', 'แบบรายงานวัสดุกัมมันตรังสีชนิดไม่ปิดผนึก', '/index.php/Report/Report06', 'Report|R34', 76, 763, 'SYSTEM', '2016-07-24', '2016-07-24'),
(40, 'fa fa-pie-chart', 'แบบรายงานการเคลื่อนย้ายวัสดุกัมมันตรังสี', '/index.php/Report/Report07', 'Report|R35', 76, 764, 'SYSTEM', '2016-07-24', '2016-07-24'),
(41, 'fa fa-pie-chart', 'แบบรายงานการกำจัดกากกัมมันตรังสี', '/index.php/Report/Report08', 'Report|R36', 76, 765, 'SYSTEM', '2016-07-24', '2016-07-24'),
(42, 'fa fa-pie-chart', 'แบบรายงานอุบัติเหตุทางรังสี', '/index.php/Report/Report09', NULL, 76, 766, 'SYSTEM', '2016-07-24', '2016-07-24'),
(45, 'fa fa-code', 'หน่วยปริมาณ', '/index.php/MUnit', 'MUnit|Create|Update', 3, 15, 'SYSTEM', '2016-09-25', '2016-09-25'),
(50, 'fa fa-list-alt', 'รังสีรักษา', '#', NULL, 1, 1, 'SYSTEM', '2016-07-24', '2016-07-24'),
(51, 'fa fa-list-alt', 'รังสีวินิจฉัย', '#', NULL, 1, 2, 'SYSTEM', '2016-07-24', '2016-07-24'),
(52, 'fa fa-list-alt', 'เวชศาสตร์นิวเคลียร์', '#', NULL, 1, 3, 'SYSTEM', '2016-07-24', '2016-07-24'),
(53, 'fa fa-list-alt', 'ห้องปฏิบัติการ', '#', NULL, 1, 4, 'SYSTEM', '2016-07-24', '2016-07-24'),
(54, 'fa fa-code', 'หน่วยงานตรวจสอบคุณภาพ', '/index.php/MInspectionAgency', 'InspectionAgency|Create|Update', 3, 16, 'SYSTEM', '2016-09-25', '2016-09-25'),
(55, 'fa fa-code', 'การใช้ประโยชน์', '/index.php/MUtilization', 'Utilization|Create|Update', 3, 17, 'SYSTEM', '2016-09-25', '2016-09-25'),
(56, 'fa fa-code', 'สถานะการใช้งาน', '/index.php/MUsageStatus', 'MUsageStatus|Create|Update', 3, 18, 'SYSTEM', '2017-01-28', '2017-01-28'),
(57, 'fa fa-code', 'ประเภทกากกัมมันตรังสี', '/index.php/MTypesOfRadioactiveWaste', 'MTypesOfRadioactiveWaste|Create|Update', 3, 19, 'SYSTEM', '2017-01-28', '2017-01-28'),
(58, 'fa fa-code', 'บริษัทผู้ดำเนินการ', '/index.php/MCompanyOperates', 'MCompanyOperates|Create|Update', 3, 20, 'SYSTEM', '2017-01-28', '2017-01-28'),
(59, 'fa fa-code', 'หน่วยงานที่รายงานผล', '/index.php/MReportDepartment', 'MReportDepartment|Create|Upadte', 3, 21, 'SYSTEM', '2017-01-28', '2017-01-28'),
(60, 'fa fa-pencil', 'เครื่องกำเนิดรังสี', '/index.php/Form1', 'Form1|Create|Update', 51, 1, 'SYSTEM', '2015-02-13', '2015-02-13'),
(61, 'fa fa-list-alt', 'วัสดุกัมมันตรังสี', '#', NULL, 51, 2, 'SYSTEM', '2016-07-24', '2016-07-24'),
(62, 'fa fa-pencil', 'การกำจัดขยะรังสี', '/index.php/Form5', 'Form5|Create|Update', 51, 3, 'SYSTEM', '2015-02-13', '2015-02-13'),
(63, 'fa fa-pencil', 'เครื่องกำเนิดรังสี', '/index.php/Form1', 'Form1|Create|Update', 52, 1, 'SYSTEM', '2015-02-13', '2015-02-13'),
(64, 'fa fa-pencil', 'การกำจัดขยะรังสี', '/index.php/Form5', 'Form5|Create|Update', 52, 3, 'SYSTEM', '2015-02-13', '2015-02-13'),
(65, 'fa fa-list-alt', 'วัสดุกัมมันตรังสี', '#', NULL, 52, 2, 'SYSTEM', '2016-07-24', '2016-07-24'),
(66, 'fa fa-pencil', 'เครื่องกำเนิดรังสี', '/index.php/Form1', 'Form1|Create|Update', 53, 1, 'SYSTEM', '2015-02-13', '2015-02-13'),
(67, 'fa fa-pencil', 'การกำจัดขยะรังสี', '/index.php/Form5', 'Form5|Create|Update', 53, 3, 'SYSTEM', '2015-02-13', '2015-02-13'),
(68, 'fa fa-list-alt', 'วัสดุกัมมันตรังสี', '#', NULL, 53, 2, 'SYSTEM', '2016-07-24', '2016-07-24'),
(69, 'fa fa-pencil', '    ชนิดปิดผนึก', '/index.php/Form2', 'Form2|Create|Update', 61, 1, 'SYSTEM', '2015-02-13', '2015-02-13'),
(70, 'fa fa-pencil', '    ชนิดไม่ปิดผนึก', '/index.php/Frm21', 'Frm21|Create|Update', 61, 2, 'SYSTEM', '2016-05-30', '2016-06-30'),
(71, 'fa fa-pencil', '    ชนิดปิดผนึก', '/index.php/Form2', 'Form2|Create|Update', 65, 1, 'SYSTEM', '2015-02-13', '2015-02-13'),
(72, 'fa fa-pencil', '    ชนิดไม่ปิดผนึก', '/index.php/Frm21', 'Frm21|Create|Update', 65, 2, 'SYSTEM', '2016-05-30', '2016-06-30'),
(73, 'fa fa-pencil', '    ชนิดปิดผนึก', '/index.php/Form2', 'Form2|Create|Update', 68, 1, 'SYSTEM', '2015-02-13', '2015-02-13'),
(74, 'fa fa-pencil', '    ชนิดไม่ปิดผนึก', '/index.php/Frm21', 'Frm21|Create|Update', 68, 2, 'SYSTEM', '2016-05-30', '2016-06-30'),
(75, 'fa fa-pie-chart', 'แบบฟอร์มของ ปส.', '#', NULL, 30, 3, 'SYSTEM', '2017-02-26', '2017-02-26'),
(76, 'fa fa-pie-chart', 'แบบฟอร์มมหาวิทยาลัย', '#', NULL, 30, 4, 'SYSTEM', '2017-02-26', '2017-02-26'),
(77, 'fa fa-pie-chart', 'ผลิต มีไว้ครอบครองหรือใช้ซึ่งพลังงานปรมาณูจากเครื่องกำเนิดรังสี', '/index.php/Report/Report01', NULL, 75, 12, 'SYSTEM', '2017-02-26', '2017-02-26'),
(78, 'fa fa-pie-chart', 'ผลิต มีไว้ในครอบครอง หรือใช้ซึ่งวัสดุพลอยได้        ', '/index.php/Report/Report02', NULL, 75, 13, 'SYSTEM', '2017-02-26', '2017-02-26'),
(79, 'fa fa-pie-chart', 'นำหรือสั่งเข้ามาในราชอาณาจักร    นำหรือส่งออกนอกราชอาณาจักร  ซึ่งวัสดุพลอยได้', '/index.php/Report/Report03', NULL, 75, 14, 'SYSTEM', '2017-02-26', '2017-02-26'),
(80, 'fa fa-pie-chart', 'แบบรายงานบุคลากรที่เกี่ยวข้องกับการใช้รังสี', '/index.php/Report/Report10', NULL, 76, 767, 'SYSTEM', '2016-07-24', '2016-07-24'),
(81, 'fa fa-code', 'สถานภาพวัสดุ', '/index.php/MaterialStatus', 'MaterialStatus|Create|Update', 3, 22, 'SYSTEM', '2017-01-28', '2017-01-28'),
(82, 'fa fa-pie-chart', 'แบบรายงานผลการตรวจวัดปริมาณรังสี', '/index.php/Report/Report11', NULL, 76, 768, 'SYSTEM', '2016-07-24', '2016-07-24'),
(83, 'fa fa-pie-chart', 'แบบรายงานการอบรมทางรังสี', '/index.php/Report/Report12', NULL, 76, 769, 'SYSTEM', '2016-07-24', '2016-07-24'),
(84, 'fa fa-code', 'หน่วยปริมาตร', '/index.php/MUnit2', 'MUnit2|Create|Upate', 3, 22, 'SYSTEM', '2016-07-24', '2016-07-24'),
(85, 'fa fa-pie-chart', 'แบบฟอร์มมหาลัย', '/index.php/Report/Report13', NULL, 76, 770, 'SYSTEM', '2017-03-19', '2017-03-19'),
(86, 'fa fa-pie-chart', 'แบบการย้ายวัสดุกัมมันตรังสี', '/index.php/Report/Report14', NULL, 75, 14, 'SYSTEM', '2017-04-12', '2017-04-12');

-- --------------------------------------------------------

--
-- Table structure for table `menu_role`
--

CREATE TABLE IF NOT EXISTS `menu_role` (
  `ID` int(11) NOT NULL,
  `ROLE_ID` int(11) NOT NULL,
  `MENU_ID` int(11) NOT NULL,
  `IS_ACTIVE` bit(1) DEFAULT NULL,
  `IS_REQUIRED_ACTION` bit(1) DEFAULT NULL,
  `IS_CREATE` bit(1) DEFAULT NULL,
  `IS_EDIT` bit(1) DEFAULT NULL,
  `IS_DELETE` bit(1) DEFAULT NULL,
  `UPDATE_BY` varchar(25) NOT NULL,
  `CREATE_DATE` date NOT NULL,
  `UPDATE_DATE` date NOT NULL
) ENGINE=InnoDB AUTO_INCREMENT=11342 DEFAULT CHARSET=utf8;

--
-- Dumping data for table `menu_role`
--

INSERT INTO `menu_role` (`ID`, `ROLE_ID`, `MENU_ID`, `IS_ACTIVE`, `IS_REQUIRED_ACTION`, `IS_CREATE`, `IS_EDIT`, `IS_DELETE`, `UPDATE_BY`, `CREATE_DATE`, `UPDATE_DATE`) VALUES
(159, 3, 1, b'1', b'0', b'1', b'1', b'1', '50', '2016-12-03', '2016-12-03'),
(160, 3, 2, b'1', b'0', b'1', b'1', b'1', '50', '2016-12-03', '2016-12-03'),
(161, 3, 3, b'1', b'0', b'1', b'1', b'1', '50', '2016-12-03', '2016-12-03'),
(162, 3, 4, b'1', b'0', b'1', b'1', b'1', '50', '2016-12-03', '2016-12-03'),
(163, 3, 5, b'1', b'0', b'1', b'1', b'1', '50', '2016-12-03', '2016-12-03'),
(164, 3, 6, b'1', b'0', b'1', b'1', b'1', '50', '2016-12-03', '2016-12-03'),
(165, 3, 7, b'1', b'0', b'1', b'1', b'1', '50', '2016-12-03', '2016-12-03'),
(166, 3, 8, b'1', b'0', b'1', b'1', b'1', '50', '2016-12-03', '2016-12-03'),
(167, 3, 9, b'1', b'0', b'1', b'1', b'1', '50', '2016-12-03', '2016-12-03'),
(168, 3, 10, b'1', b'0', b'1', b'1', b'1', '50', '2016-12-03', '2016-12-03'),
(169, 3, 11, b'1', b'0', b'1', b'1', b'1', '50', '2016-12-03', '2016-12-03'),
(170, 3, 12, b'1', b'0', b'1', b'1', b'1', '50', '2016-12-03', '2016-12-03'),
(171, 3, 13, b'1', b'0', b'1', b'1', b'1', '50', '2016-12-03', '2016-12-03'),
(172, 3, 14, b'1', b'0', b'1', b'1', b'1', '50', '2016-12-03', '2016-12-03'),
(173, 3, 15, b'1', b'0', b'1', b'1', b'1', '50', '2016-12-03', '2016-12-03'),
(174, 3, 16, b'1', b'0', b'1', b'1', b'1', '50', '2016-12-03', '2016-12-03'),
(175, 3, 18, b'1', b'0', b'1', b'1', b'1', '50', '2016-12-03', '2016-12-03'),
(176, 3, 19, b'1', b'0', b'1', b'1', b'1', '50', '2016-12-03', '2016-12-03'),
(177, 3, 20, b'1', b'0', b'1', b'1', b'1', '50', '2016-12-03', '2016-12-03'),
(178, 3, 21, b'1', b'0', b'1', b'1', b'1', '50', '2016-12-03', '2016-12-03'),
(179, 3, 22, b'1', b'0', b'1', b'1', b'1', '50', '2016-12-03', '2016-12-03'),
(180, 3, 23, b'1', b'0', b'1', b'1', b'1', '50', '2016-12-03', '2016-12-03'),
(181, 3, 24, b'1', b'0', b'1', b'1', b'1', '50', '2016-12-03', '2016-12-03'),
(182, 3, 25, b'1', b'0', b'1', b'1', b'1', '50', '2016-12-03', '2016-12-03'),
(183, 3, 26, b'1', b'0', b'1', b'1', b'1', '50', '2016-12-03', '2016-12-03'),
(184, 3, 27, b'1', b'0', b'1', b'1', b'1', '50', '2016-12-03', '2016-12-03'),
(185, 3, 28, b'1', b'0', b'1', b'1', b'1', '50', '2016-12-03', '2016-12-03'),
(186, 3, 29, b'1', b'0', b'1', b'1', b'1', '50', '2016-12-03', '2016-12-03'),
(187, 3, 30, b'1', b'0', b'1', b'1', b'1', '50', '2016-12-03', '2016-12-03'),
(188, 3, 31, b'1', b'0', b'1', b'1', b'1', '50', '2016-12-03', '2016-12-03'),
(189, 3, 32, b'1', b'0', b'1', b'1', b'1', '50', '2016-12-03', '2016-12-03'),
(190, 3, 33, b'1', b'0', b'1', b'1', b'1', '50', '2016-12-03', '2016-12-03'),
(191, 3, 34, b'1', b'0', b'1', b'1', b'1', '50', '2016-12-03', '2016-12-03'),
(192, 3, 35, b'1', b'0', b'1', b'1', b'1', '50', '2016-12-03', '2016-12-03'),
(193, 3, 36, b'1', b'0', b'1', b'1', b'1', '50', '2016-12-03', '2016-12-03'),
(194, 3, 37, b'1', b'0', b'1', b'1', b'1', '50', '2016-12-03', '2016-12-03'),
(195, 3, 38, b'1', b'0', b'1', b'1', b'1', '50', '2016-12-03', '2016-12-03'),
(196, 3, 39, b'1', b'0', b'1', b'1', b'1', '50', '2016-12-03', '2016-12-03'),
(197, 3, 40, b'1', b'0', b'1', b'1', b'1', '50', '2016-12-03', '2016-12-03'),
(198, 3, 41, b'1', b'0', b'1', b'1', b'1', '50', '2016-12-03', '2016-12-03'),
(199, 3, 42, b'1', b'0', b'1', b'1', b'1', '50', '2016-12-03', '2016-12-03'),
(200, 3, 43, b'1', b'0', b'1', b'1', b'1', '50', '2016-12-03', '2016-12-03'),
(201, 3, 44, b'1', b'0', b'1', b'1', b'1', '50', '2016-12-03', '2016-12-03'),
(202, 3, 45, b'1', b'0', b'1', b'1', b'1', '50', '2016-12-03', '2016-12-03'),
(203, 3, 46, b'1', b'0', b'1', b'1', b'1', '50', '2016-12-03', '2016-12-03'),
(204, 3, 47, b'1', b'0', b'1', b'1', b'1', '50', '2016-12-03', '2016-12-03'),
(205, 3, 48, b'1', b'0', b'1', b'1', b'1', '50', '2016-12-03', '2016-12-03'),
(206, 3, 49, b'1', b'0', b'1', b'1', b'1', '50', '2016-12-03', '2016-12-03'),
(3615, 5, 1, b'1', b'0', b'0', b'0', b'0', '1', '2017-03-18', '2017-03-18'),
(3616, 5, 2, b'0', b'0', b'0', b'0', b'0', '1', '2017-03-18', '2017-03-18'),
(3617, 5, 3, b'0', b'0', b'0', b'0', b'0', '1', '2017-03-18', '2017-03-18'),
(3618, 5, 30, b'1', b'0', b'0', b'0', b'0', '1', '2017-03-18', '2017-03-18'),
(3619, 5, 35, b'0', b'0', b'0', b'0', b'0', '1', '2017-03-18', '2017-03-18'),
(3620, 5, 50, b'1', b'0', b'0', b'0', b'0', '1', '2017-03-18', '2017-03-18'),
(3621, 5, 51, b'0', b'0', b'0', b'0', b'0', '1', '2017-03-18', '2017-03-18'),
(3622, 5, 52, b'0', b'0', b'0', b'0', b'0', '1', '2017-03-18', '2017-03-18'),
(3623, 5, 53, b'0', b'0', b'0', b'0', b'0', '1', '2017-03-18', '2017-03-18'),
(3624, 5, 20, b'1', b'0', b'1', b'1', b'1', '1', '2017-03-18', '2017-03-18'),
(3625, 5, 23, b'1', b'0', b'1', b'1', b'1', '1', '2017-03-18', '2017-03-18'),
(3626, 5, 21, b'1', b'0', b'0', b'0', b'0', '1', '2017-03-18', '2017-03-18'),
(3627, 5, 31, b'1', b'0', b'1', b'1', b'1', '1', '2017-03-18', '2017-03-18'),
(3628, 5, 32, b'0', b'0', b'0', b'0', b'0', '1', '2017-03-18', '2017-03-18'),
(3629, 5, 15, b'0', b'0', b'0', b'0', b'0', '1', '2017-03-18', '2017-03-18'),
(3630, 5, 16, b'0', b'0', b'0', b'0', b'0', '1', '2017-03-18', '2017-03-18'),
(3631, 5, 4, b'0', b'0', b'0', b'0', b'0', '1', '2017-03-18', '2017-03-18'),
(3632, 5, 5, b'0', b'0', b'0', b'0', b'0', '1', '2017-03-18', '2017-03-18'),
(3633, 5, 6, b'0', b'0', b'0', b'0', b'0', '1', '2017-03-18', '2017-03-18'),
(3634, 5, 7, b'0', b'0', b'0', b'0', b'0', '1', '2017-03-18', '2017-03-18'),
(3635, 5, 8, b'0', b'0', b'0', b'0', b'0', '1', '2017-03-18', '2017-03-18'),
(3636, 5, 9, b'0', b'0', b'0', b'0', b'0', '1', '2017-03-18', '2017-03-18'),
(3637, 5, 10, b'0', b'0', b'0', b'0', b'0', '1', '2017-03-18', '2017-03-18'),
(3638, 5, 11, b'0', b'0', b'0', b'0', b'0', '1', '2017-03-18', '2017-03-18'),
(3639, 5, 12, b'0', b'0', b'0', b'0', b'0', '1', '2017-03-18', '2017-03-18'),
(3640, 5, 13, b'0', b'0', b'0', b'0', b'0', '1', '2017-03-18', '2017-03-18'),
(3641, 5, 14, b'0', b'0', b'0', b'0', b'0', '1', '2017-03-18', '2017-03-18'),
(3642, 5, 25, b'0', b'0', b'0', b'0', b'0', '1', '2017-03-18', '2017-03-18'),
(3643, 5, 26, b'0', b'0', b'0', b'0', b'0', '1', '2017-03-18', '2017-03-18'),
(3644, 5, 28, b'0', b'0', b'0', b'0', b'0', '1', '2017-03-18', '2017-03-18'),
(3645, 5, 45, b'0', b'0', b'0', b'0', b'0', '1', '2017-03-18', '2017-03-18'),
(3646, 5, 54, b'0', b'0', b'0', b'0', b'0', '1', '2017-03-18', '2017-03-18'),
(3647, 5, 55, b'0', b'0', b'0', b'0', b'0', '1', '2017-03-18', '2017-03-18'),
(3648, 5, 56, b'0', b'0', b'0', b'0', b'0', '1', '2017-03-18', '2017-03-18'),
(3649, 5, 57, b'0', b'0', b'0', b'0', b'0', '1', '2017-03-18', '2017-03-18'),
(3650, 5, 58, b'0', b'0', b'0', b'0', b'0', '1', '2017-03-18', '2017-03-18'),
(3651, 5, 59, b'0', b'0', b'0', b'0', b'0', '1', '2017-03-18', '2017-03-18'),
(3652, 5, 81, b'0', b'0', b'0', b'0', b'0', '1', '2017-03-18', '2017-03-18'),
(3653, 5, 84, b'0', b'0', b'0', b'0', b'0', '1', '2017-03-18', '2017-03-18'),
(3654, 5, 34, b'1', b'0', b'1', b'1', b'1', '1', '2017-03-18', '2017-03-18'),
(3655, 5, 24, b'1', b'0', b'1', b'1', b'1', '1', '2017-03-18', '2017-03-18'),
(3656, 5, 36, b'0', b'0', b'0', b'0', b'0', '1', '2017-03-18', '2017-03-18'),
(3657, 5, 37, b'0', b'0', b'0', b'0', b'0', '1', '2017-03-18', '2017-03-18'),
(3658, 5, 75, b'1', b'0', b'0', b'0', b'0', '1', '2017-03-18', '2017-03-18'),
(3659, 5, 76, b'1', b'0', b'0', b'0', b'0', '1', '2017-03-18', '2017-03-18'),
(3660, 5, 19, b'1', b'0', b'1', b'1', b'1', '1', '2017-03-18', '2017-03-18'),
(3661, 5, 27, b'0', b'0', b'0', b'0', b'0', '1', '2017-03-18', '2017-03-18'),
(3662, 5, 18, b'1', b'0', b'1', b'1', b'1', '1', '2017-03-18', '2017-03-18'),
(3663, 5, 33, b'1', b'0', b'0', b'0', b'0', '1', '2017-03-18', '2017-03-18'),
(3664, 5, 22, b'0', b'0', b'0', b'0', b'0', '1', '2017-03-18', '2017-03-18'),
(3665, 5, 60, b'0', b'0', b'1', b'1', b'1', '1', '2017-03-18', '2017-03-18'),
(3666, 5, 61, b'0', b'0', b'0', b'0', b'0', '1', '2017-03-18', '2017-03-18'),
(3667, 5, 62, b'0', b'0', b'0', b'0', b'0', '1', '2017-03-18', '2017-03-18'),
(3668, 5, 63, b'0', b'0', b'1', b'1', b'1', '1', '2017-03-18', '2017-03-18'),
(3669, 5, 65, b'0', b'0', b'0', b'0', b'0', '1', '2017-03-18', '2017-03-18'),
(3670, 5, 64, b'0', b'0', b'1', b'1', b'1', '1', '2017-03-18', '2017-03-18'),
(3671, 5, 66, b'0', b'0', b'0', b'0', b'0', '1', '2017-03-18', '2017-03-18'),
(3672, 5, 68, b'0', b'0', b'0', b'0', b'0', '1', '2017-03-18', '2017-03-18'),
(3673, 5, 67, b'0', b'0', b'1', b'1', b'1', '1', '2017-03-18', '2017-03-18'),
(3674, 5, 69, b'0', b'0', b'0', b'0', b'0', '1', '2017-03-18', '2017-03-18'),
(3675, 5, 70, b'0', b'0', b'0', b'0', b'0', '1', '2017-03-18', '2017-03-18'),
(3676, 5, 71, b'0', b'0', b'1', b'1', b'1', '1', '2017-03-18', '2017-03-18'),
(3677, 5, 72, b'0', b'0', b'1', b'1', b'1', '1', '2017-03-18', '2017-03-18'),
(3678, 5, 73, b'0', b'0', b'1', b'1', b'1', '1', '2017-03-18', '2017-03-18'),
(3679, 5, 74, b'0', b'0', b'1', b'1', b'1', '1', '2017-03-18', '2017-03-18'),
(3680, 5, 77, b'1', b'0', b'1', b'1', b'1', '1', '2017-03-18', '2017-03-18'),
(3681, 5, 78, b'1', b'0', b'1', b'1', b'1', '1', '2017-03-18', '2017-03-18'),
(3682, 5, 79, b'1', b'0', b'1', b'1', b'1', '1', '2017-03-18', '2017-03-18'),
(3683, 5, 29, b'1', b'0', b'1', b'1', b'1', '1', '2017-03-18', '2017-03-18'),
(3684, 5, 38, b'1', b'0', b'1', b'1', b'1', '1', '2017-03-18', '2017-03-18'),
(3685, 5, 39, b'1', b'0', b'1', b'1', b'1', '1', '2017-03-18', '2017-03-18'),
(3686, 5, 40, b'1', b'0', b'1', b'1', b'1', '1', '2017-03-18', '2017-03-18'),
(3687, 5, 41, b'1', b'0', b'1', b'1', b'1', '1', '2017-03-18', '2017-03-18'),
(3688, 5, 42, b'1', b'0', b'1', b'1', b'1', '1', '2017-03-18', '2017-03-18'),
(3689, 5, 80, b'1', b'0', b'1', b'1', b'1', '1', '2017-03-18', '2017-03-18'),
(3690, 5, 82, b'1', b'0', b'1', b'1', b'1', '1', '2017-03-18', '2017-03-18'),
(3691, 5, 83, b'1', b'0', b'1', b'1', b'1', '1', '2017-03-18', '2017-03-18'),
(3769, 7, 1, b'1', b'0', b'0', b'0', b'0', '1', '2017-03-18', '2017-03-18'),
(3770, 7, 2, b'0', b'0', b'0', b'0', b'0', '1', '2017-03-18', '2017-03-18'),
(3771, 7, 3, b'0', b'0', b'0', b'0', b'0', '1', '2017-03-18', '2017-03-18'),
(3772, 7, 30, b'1', b'0', b'0', b'0', b'0', '1', '2017-03-18', '2017-03-18'),
(3773, 7, 35, b'0', b'0', b'0', b'0', b'0', '1', '2017-03-18', '2017-03-18'),
(3774, 7, 50, b'0', b'0', b'0', b'0', b'0', '1', '2017-03-18', '2017-03-18'),
(3775, 7, 51, b'0', b'0', b'0', b'0', b'0', '1', '2017-03-18', '2017-03-18'),
(3776, 7, 52, b'0', b'0', b'0', b'0', b'0', '1', '2017-03-18', '2017-03-18'),
(3777, 7, 53, b'1', b'0', b'0', b'0', b'0', '1', '2017-03-18', '2017-03-18'),
(3778, 7, 20, b'1', b'0', b'1', b'1', b'1', '1', '2017-03-18', '2017-03-18'),
(3779, 7, 23, b'1', b'0', b'1', b'1', b'1', '1', '2017-03-18', '2017-03-18'),
(3780, 7, 21, b'1', b'0', b'0', b'0', b'0', '1', '2017-03-18', '2017-03-18'),
(3781, 7, 31, b'1', b'0', b'1', b'1', b'1', '1', '2017-03-18', '2017-03-18'),
(3782, 7, 32, b'0', b'0', b'0', b'0', b'0', '1', '2017-03-18', '2017-03-18'),
(3783, 7, 15, b'0', b'0', b'0', b'0', b'0', '1', '2017-03-18', '2017-03-18'),
(3784, 7, 16, b'0', b'0', b'0', b'0', b'0', '1', '2017-03-18', '2017-03-18'),
(3785, 7, 4, b'0', b'0', b'0', b'0', b'0', '1', '2017-03-18', '2017-03-18'),
(3786, 7, 5, b'0', b'0', b'0', b'0', b'0', '1', '2017-03-18', '2017-03-18'),
(3787, 7, 6, b'0', b'0', b'0', b'0', b'0', '1', '2017-03-18', '2017-03-18'),
(3788, 7, 7, b'0', b'0', b'0', b'0', b'0', '1', '2017-03-18', '2017-03-18'),
(3789, 7, 8, b'0', b'0', b'0', b'0', b'0', '1', '2017-03-18', '2017-03-18'),
(3790, 7, 9, b'0', b'0', b'0', b'0', b'0', '1', '2017-03-18', '2017-03-18'),
(3791, 7, 10, b'0', b'0', b'0', b'0', b'0', '1', '2017-03-18', '2017-03-18'),
(3792, 7, 11, b'0', b'0', b'0', b'0', b'0', '1', '2017-03-18', '2017-03-18'),
(3793, 7, 12, b'0', b'0', b'0', b'0', b'0', '1', '2017-03-18', '2017-03-18'),
(3794, 7, 13, b'0', b'0', b'0', b'0', b'0', '1', '2017-03-18', '2017-03-18'),
(3795, 7, 14, b'0', b'0', b'0', b'0', b'0', '1', '2017-03-18', '2017-03-18'),
(3796, 7, 25, b'0', b'0', b'0', b'0', b'0', '1', '2017-03-18', '2017-03-18'),
(3797, 7, 26, b'0', b'0', b'0', b'0', b'0', '1', '2017-03-18', '2017-03-18'),
(3798, 7, 28, b'0', b'0', b'0', b'0', b'0', '1', '2017-03-18', '2017-03-18'),
(3799, 7, 45, b'0', b'0', b'0', b'0', b'0', '1', '2017-03-18', '2017-03-18'),
(3800, 7, 54, b'0', b'0', b'0', b'0', b'0', '1', '2017-03-18', '2017-03-18'),
(3801, 7, 55, b'0', b'0', b'0', b'0', b'0', '1', '2017-03-18', '2017-03-18'),
(3802, 7, 56, b'0', b'0', b'0', b'0', b'0', '1', '2017-03-18', '2017-03-18'),
(3803, 7, 57, b'0', b'0', b'0', b'0', b'0', '1', '2017-03-18', '2017-03-18'),
(3804, 7, 58, b'0', b'0', b'0', b'0', b'0', '1', '2017-03-18', '2017-03-18'),
(3805, 7, 59, b'0', b'0', b'0', b'0', b'0', '1', '2017-03-18', '2017-03-18'),
(3806, 7, 81, b'0', b'0', b'0', b'0', b'0', '1', '2017-03-18', '2017-03-18'),
(3807, 7, 84, b'0', b'0', b'0', b'0', b'0', '1', '2017-03-18', '2017-03-18'),
(3808, 7, 34, b'1', b'0', b'1', b'1', b'1', '1', '2017-03-18', '2017-03-18'),
(3809, 7, 24, b'1', b'0', b'1', b'1', b'1', '1', '2017-03-18', '2017-03-18'),
(3810, 7, 36, b'0', b'0', b'0', b'0', b'0', '1', '2017-03-18', '2017-03-18'),
(3811, 7, 37, b'0', b'0', b'0', b'0', b'0', '1', '2017-03-18', '2017-03-18'),
(3812, 7, 75, b'1', b'0', b'0', b'0', b'0', '1', '2017-03-18', '2017-03-18'),
(3813, 7, 76, b'1', b'0', b'0', b'0', b'0', '1', '2017-03-18', '2017-03-18'),
(3814, 7, 19, b'0', b'0', b'0', b'0', b'0', '1', '2017-03-18', '2017-03-18'),
(3815, 7, 27, b'0', b'0', b'0', b'0', b'0', '1', '2017-03-18', '2017-03-18'),
(3816, 7, 18, b'0', b'0', b'0', b'0', b'0', '1', '2017-03-18', '2017-03-18'),
(3817, 7, 33, b'0', b'0', b'0', b'0', b'0', '1', '2017-03-18', '2017-03-18'),
(3818, 7, 22, b'0', b'0', b'0', b'0', b'0', '1', '2017-03-18', '2017-03-18'),
(3819, 7, 60, b'0', b'0', b'0', b'0', b'0', '1', '2017-03-18', '2017-03-18'),
(3820, 7, 61, b'0', b'0', b'0', b'0', b'0', '1', '2017-03-18', '2017-03-18'),
(3821, 7, 62, b'0', b'0', b'0', b'0', b'0', '1', '2017-03-18', '2017-03-18'),
(3822, 7, 63, b'0', b'0', b'0', b'0', b'0', '1', '2017-03-18', '2017-03-18'),
(3823, 7, 65, b'0', b'0', b'0', b'0', b'0', '1', '2017-03-18', '2017-03-18'),
(3824, 7, 64, b'0', b'0', b'0', b'0', b'0', '1', '2017-03-18', '2017-03-18'),
(3825, 7, 66, b'0', b'0', b'0', b'0', b'0', '1', '2017-03-18', '2017-03-18'),
(3826, 7, 68, b'1', b'0', b'0', b'0', b'0', '1', '2017-03-18', '2017-03-18'),
(3827, 7, 67, b'1', b'0', b'1', b'1', b'1', '1', '2017-03-18', '2017-03-18'),
(3828, 7, 69, b'0', b'0', b'0', b'0', b'0', '1', '2017-03-18', '2017-03-18'),
(3829, 7, 70, b'0', b'0', b'0', b'0', b'0', '1', '2017-03-18', '2017-03-18'),
(3830, 7, 71, b'0', b'0', b'0', b'0', b'0', '1', '2017-03-18', '2017-03-18'),
(3831, 7, 72, b'0', b'0', b'0', b'0', b'0', '1', '2017-03-18', '2017-03-18'),
(3832, 7, 73, b'1', b'0', b'1', b'1', b'1', '1', '2017-03-18', '2017-03-18'),
(3833, 7, 74, b'1', b'0', b'1', b'1', b'1', '1', '2017-03-18', '2017-03-18'),
(3834, 7, 77, b'0', b'0', b'0', b'0', b'0', '1', '2017-03-18', '2017-03-18'),
(3835, 7, 78, b'1', b'0', b'1', b'1', b'1', '1', '2017-03-18', '2017-03-18'),
(3836, 7, 79, b'1', b'0', b'1', b'1', b'1', '1', '2017-03-18', '2017-03-18'),
(3837, 7, 29, b'1', b'0', b'1', b'1', b'1', '1', '2017-03-18', '2017-03-18'),
(3838, 7, 38, b'1', b'0', b'1', b'1', b'1', '1', '2017-03-18', '2017-03-18'),
(3839, 7, 39, b'1', b'0', b'1', b'1', b'1', '1', '2017-03-18', '2017-03-18'),
(3840, 7, 40, b'1', b'0', b'1', b'1', b'1', '1', '2017-03-18', '2017-03-18'),
(3841, 7, 41, b'1', b'0', b'1', b'1', b'1', '1', '2017-03-18', '2017-03-18'),
(3842, 7, 42, b'1', b'0', b'1', b'1', b'1', '1', '2017-03-18', '2017-03-18'),
(3843, 7, 80, b'1', b'0', b'1', b'1', b'1', '1', '2017-03-18', '2017-03-18'),
(3844, 7, 82, b'1', b'0', b'1', b'1', b'1', '1', '2017-03-18', '2017-03-18'),
(3845, 7, 83, b'1', b'0', b'1', b'1', b'1', '1', '2017-03-18', '2017-03-18'),
(3846, 8, 1, b'1', b'0', b'0', b'0', b'0', '1', '2017-03-18', '2017-03-18'),
(3847, 8, 2, b'0', b'0', b'0', b'0', b'0', '1', '2017-03-18', '2017-03-18'),
(3848, 8, 3, b'0', b'0', b'0', b'0', b'0', '1', '2017-03-18', '2017-03-18'),
(3849, 8, 30, b'1', b'0', b'0', b'0', b'0', '1', '2017-03-18', '2017-03-18'),
(3850, 8, 35, b'0', b'0', b'0', b'0', b'0', '1', '2017-03-18', '2017-03-18'),
(3851, 8, 50, b'0', b'0', b'0', b'0', b'0', '1', '2017-03-18', '2017-03-18'),
(3852, 8, 51, b'0', b'0', b'0', b'0', b'0', '1', '2017-03-18', '2017-03-18'),
(3853, 8, 52, b'1', b'0', b'0', b'0', b'0', '1', '2017-03-18', '2017-03-18'),
(3854, 8, 53, b'0', b'0', b'0', b'0', b'0', '1', '2017-03-18', '2017-03-18'),
(3855, 8, 20, b'1', b'0', b'1', b'1', b'1', '1', '2017-03-18', '2017-03-18'),
(3856, 8, 23, b'1', b'0', b'1', b'1', b'1', '1', '2017-03-18', '2017-03-18'),
(3857, 8, 21, b'1', b'0', b'0', b'0', b'0', '1', '2017-03-18', '2017-03-18'),
(3858, 8, 31, b'1', b'0', b'1', b'1', b'1', '1', '2017-03-18', '2017-03-18'),
(3859, 8, 32, b'0', b'0', b'0', b'0', b'0', '1', '2017-03-18', '2017-03-18'),
(3860, 8, 15, b'0', b'0', b'0', b'0', b'0', '1', '2017-03-18', '2017-03-18'),
(3861, 8, 16, b'0', b'0', b'0', b'0', b'0', '1', '2017-03-18', '2017-03-18'),
(3862, 8, 4, b'0', b'0', b'0', b'0', b'0', '1', '2017-03-18', '2017-03-18'),
(3863, 8, 5, b'0', b'0', b'0', b'0', b'0', '1', '2017-03-18', '2017-03-18'),
(3864, 8, 6, b'0', b'0', b'0', b'0', b'0', '1', '2017-03-18', '2017-03-18'),
(3865, 8, 7, b'0', b'0', b'0', b'0', b'0', '1', '2017-03-18', '2017-03-18'),
(3866, 8, 8, b'0', b'0', b'0', b'0', b'0', '1', '2017-03-18', '2017-03-18'),
(3867, 8, 9, b'0', b'0', b'0', b'0', b'0', '1', '2017-03-18', '2017-03-18'),
(3868, 8, 10, b'0', b'0', b'0', b'0', b'0', '1', '2017-03-18', '2017-03-18'),
(3869, 8, 11, b'0', b'0', b'0', b'0', b'0', '1', '2017-03-18', '2017-03-18'),
(3870, 8, 12, b'0', b'0', b'0', b'0', b'0', '1', '2017-03-18', '2017-03-18'),
(3871, 8, 13, b'0', b'0', b'0', b'0', b'0', '1', '2017-03-18', '2017-03-18'),
(3872, 8, 14, b'0', b'0', b'0', b'0', b'0', '1', '2017-03-18', '2017-03-18'),
(3873, 8, 25, b'0', b'0', b'0', b'0', b'0', '1', '2017-03-18', '2017-03-18'),
(3874, 8, 26, b'0', b'0', b'0', b'0', b'0', '1', '2017-03-18', '2017-03-18'),
(3875, 8, 28, b'0', b'0', b'0', b'0', b'0', '1', '2017-03-18', '2017-03-18'),
(3876, 8, 45, b'0', b'0', b'0', b'0', b'0', '1', '2017-03-18', '2017-03-18'),
(3877, 8, 54, b'0', b'0', b'0', b'0', b'0', '1', '2017-03-18', '2017-03-18'),
(3878, 8, 55, b'0', b'0', b'0', b'0', b'0', '1', '2017-03-18', '2017-03-18'),
(3879, 8, 56, b'0', b'0', b'0', b'0', b'0', '1', '2017-03-18', '2017-03-18'),
(3880, 8, 57, b'0', b'0', b'0', b'0', b'0', '1', '2017-03-18', '2017-03-18'),
(3881, 8, 58, b'0', b'0', b'0', b'0', b'0', '1', '2017-03-18', '2017-03-18'),
(3882, 8, 59, b'0', b'0', b'0', b'0', b'0', '1', '2017-03-18', '2017-03-18'),
(3883, 8, 81, b'0', b'0', b'0', b'0', b'0', '1', '2017-03-18', '2017-03-18'),
(3884, 8, 84, b'0', b'0', b'0', b'0', b'0', '1', '2017-03-18', '2017-03-18'),
(3885, 8, 34, b'1', b'0', b'1', b'1', b'1', '1', '2017-03-18', '2017-03-18'),
(3886, 8, 24, b'1', b'0', b'1', b'1', b'1', '1', '2017-03-18', '2017-03-18'),
(3887, 8, 36, b'0', b'0', b'0', b'0', b'0', '1', '2017-03-18', '2017-03-18'),
(3888, 8, 37, b'0', b'0', b'0', b'0', b'0', '1', '2017-03-18', '2017-03-18'),
(3889, 8, 75, b'1', b'0', b'0', b'0', b'0', '1', '2017-03-18', '2017-03-18'),
(3890, 8, 76, b'1', b'0', b'0', b'0', b'0', '1', '2017-03-18', '2017-03-18'),
(3891, 8, 19, b'0', b'0', b'0', b'0', b'0', '1', '2017-03-18', '2017-03-18'),
(3892, 8, 27, b'0', b'0', b'0', b'0', b'0', '1', '2017-03-18', '2017-03-18'),
(3893, 8, 18, b'0', b'0', b'0', b'0', b'0', '1', '2017-03-18', '2017-03-18'),
(3894, 8, 33, b'0', b'0', b'0', b'0', b'0', '1', '2017-03-18', '2017-03-18'),
(3895, 8, 22, b'0', b'0', b'0', b'0', b'0', '1', '2017-03-18', '2017-03-18'),
(3896, 8, 60, b'0', b'0', b'0', b'0', b'0', '1', '2017-03-18', '2017-03-18'),
(3897, 8, 61, b'0', b'0', b'0', b'0', b'0', '1', '2017-03-18', '2017-03-18'),
(3898, 8, 62, b'0', b'0', b'0', b'0', b'0', '1', '2017-03-18', '2017-03-18'),
(3899, 8, 63, b'1', b'0', b'1', b'1', b'1', '1', '2017-03-18', '2017-03-18'),
(3900, 8, 65, b'1', b'0', b'0', b'0', b'0', '1', '2017-03-18', '2017-03-18'),
(3901, 8, 64, b'1', b'0', b'1', b'1', b'1', '1', '2017-03-18', '2017-03-18'),
(3902, 8, 66, b'0', b'0', b'0', b'0', b'0', '1', '2017-03-18', '2017-03-18'),
(3903, 8, 68, b'0', b'0', b'0', b'0', b'0', '1', '2017-03-18', '2017-03-18'),
(3904, 8, 67, b'0', b'0', b'0', b'0', b'0', '1', '2017-03-18', '2017-03-18'),
(3905, 8, 69, b'0', b'0', b'0', b'0', b'0', '1', '2017-03-18', '2017-03-18'),
(3906, 8, 70, b'0', b'0', b'0', b'0', b'0', '1', '2017-03-18', '2017-03-18'),
(3907, 8, 71, b'1', b'0', b'1', b'1', b'1', '1', '2017-03-18', '2017-03-18'),
(3908, 8, 72, b'1', b'0', b'1', b'1', b'1', '1', '2017-03-18', '2017-03-18'),
(3909, 8, 73, b'0', b'0', b'0', b'0', b'0', '1', '2017-03-18', '2017-03-18'),
(3910, 8, 74, b'0', b'0', b'0', b'0', b'0', '1', '2017-03-18', '2017-03-18'),
(3911, 8, 77, b'1', b'0', b'1', b'1', b'1', '1', '2017-03-18', '2017-03-18'),
(3912, 8, 78, b'1', b'0', b'1', b'1', b'1', '1', '2017-03-18', '2017-03-18'),
(3913, 8, 79, b'1', b'0', b'1', b'1', b'1', '1', '2017-03-18', '2017-03-18'),
(3914, 8, 29, b'1', b'0', b'1', b'1', b'1', '1', '2017-03-18', '2017-03-18'),
(3915, 8, 38, b'1', b'0', b'1', b'1', b'1', '1', '2017-03-18', '2017-03-18'),
(3916, 8, 39, b'1', b'0', b'1', b'1', b'1', '1', '2017-03-18', '2017-03-18'),
(3917, 8, 40, b'1', b'0', b'1', b'1', b'1', '1', '2017-03-18', '2017-03-18'),
(3918, 8, 41, b'1', b'0', b'1', b'1', b'1', '1', '2017-03-18', '2017-03-18'),
(3919, 8, 42, b'1', b'0', b'1', b'1', b'1', '1', '2017-03-18', '2017-03-18'),
(3920, 8, 80, b'1', b'0', b'1', b'1', b'1', '1', '2017-03-18', '2017-03-18'),
(3921, 8, 82, b'1', b'0', b'1', b'1', b'1', '1', '2017-03-18', '2017-03-18'),
(3922, 8, 83, b'1', b'0', b'1', b'1', b'1', '1', '2017-03-18', '2017-03-18'),
(4000, 2, 1, b'1', b'0', b'0', b'0', b'0', '1', '2017-03-18', '2017-03-18'),
(4001, 2, 2, b'0', b'0', b'0', b'0', b'0', '1', '2017-03-18', '2017-03-18'),
(4002, 2, 3, b'0', b'0', b'0', b'0', b'0', '1', '2017-03-18', '2017-03-18'),
(4003, 2, 30, b'0', b'0', b'0', b'0', b'0', '1', '2017-03-18', '2017-03-18'),
(4004, 2, 35, b'0', b'0', b'0', b'0', b'0', '1', '2017-03-18', '2017-03-18'),
(4005, 2, 50, b'1', b'0', b'0', b'0', b'0', '1', '2017-03-18', '2017-03-18'),
(4006, 2, 51, b'1', b'0', b'0', b'0', b'0', '1', '2017-03-18', '2017-03-18'),
(4007, 2, 52, b'1', b'0', b'0', b'0', b'0', '1', '2017-03-18', '2017-03-18'),
(4008, 2, 53, b'1', b'0', b'0', b'0', b'0', '1', '2017-03-18', '2017-03-18'),
(4009, 2, 20, b'1', b'0', b'1', b'1', b'1', '1', '2017-03-18', '2017-03-18'),
(4010, 2, 23, b'1', b'0', b'1', b'1', b'1', '1', '2017-03-18', '2017-03-18'),
(4011, 2, 21, b'1', b'0', b'0', b'0', b'0', '1', '2017-03-18', '2017-03-18'),
(4012, 2, 31, b'1', b'0', b'1', b'1', b'1', '1', '2017-03-18', '2017-03-18'),
(4013, 2, 32, b'0', b'0', b'0', b'0', b'0', '1', '2017-03-18', '2017-03-18'),
(4014, 2, 15, b'0', b'0', b'0', b'0', b'0', '1', '2017-03-18', '2017-03-18'),
(4015, 2, 16, b'0', b'0', b'0', b'0', b'0', '1', '2017-03-18', '2017-03-18'),
(4016, 2, 4, b'0', b'0', b'0', b'0', b'0', '1', '2017-03-18', '2017-03-18'),
(4017, 2, 5, b'0', b'0', b'1', b'1', b'1', '1', '2017-03-18', '2017-03-18'),
(4018, 2, 6, b'0', b'0', b'1', b'1', b'1', '1', '2017-03-18', '2017-03-18'),
(4019, 2, 7, b'0', b'0', b'1', b'1', b'1', '1', '2017-03-18', '2017-03-18'),
(4020, 2, 8, b'0', b'0', b'1', b'1', b'1', '1', '2017-03-18', '2017-03-18'),
(4021, 2, 9, b'0', b'0', b'1', b'1', b'1', '1', '2017-03-18', '2017-03-18'),
(4022, 2, 10, b'0', b'0', b'1', b'1', b'1', '1', '2017-03-18', '2017-03-18'),
(4023, 2, 11, b'0', b'0', b'1', b'1', b'1', '1', '2017-03-18', '2017-03-18'),
(4024, 2, 12, b'0', b'0', b'1', b'1', b'1', '1', '2017-03-18', '2017-03-18'),
(4025, 2, 13, b'0', b'0', b'1', b'1', b'1', '1', '2017-03-18', '2017-03-18'),
(4026, 2, 14, b'0', b'0', b'1', b'1', b'1', '1', '2017-03-18', '2017-03-18'),
(4027, 2, 25, b'0', b'0', b'1', b'1', b'1', '1', '2017-03-18', '2017-03-18'),
(4028, 2, 26, b'0', b'0', b'1', b'1', b'1', '1', '2017-03-18', '2017-03-18'),
(4029, 2, 28, b'0', b'0', b'1', b'1', b'1', '1', '2017-03-18', '2017-03-18'),
(4030, 2, 45, b'0', b'0', b'1', b'1', b'1', '1', '2017-03-18', '2017-03-18'),
(4031, 2, 54, b'0', b'0', b'0', b'0', b'0', '1', '2017-03-18', '2017-03-18'),
(4032, 2, 55, b'0', b'0', b'0', b'0', b'0', '1', '2017-03-18', '2017-03-18'),
(4033, 2, 56, b'0', b'0', b'0', b'0', b'0', '1', '2017-03-18', '2017-03-18'),
(4034, 2, 57, b'0', b'0', b'0', b'0', b'0', '1', '2017-03-18', '2017-03-18'),
(4035, 2, 58, b'0', b'0', b'0', b'0', b'0', '1', '2017-03-18', '2017-03-18'),
(4036, 2, 59, b'0', b'0', b'0', b'0', b'0', '1', '2017-03-18', '2017-03-18'),
(4037, 2, 81, b'0', b'0', b'0', b'0', b'0', '1', '2017-03-18', '2017-03-18'),
(4038, 2, 84, b'0', b'0', b'0', b'0', b'0', '1', '2017-03-18', '2017-03-18'),
(4039, 2, 34, b'1', b'0', b'1', b'1', b'1', '1', '2017-03-18', '2017-03-18'),
(4040, 2, 24, b'1', b'0', b'1', b'1', b'1', '1', '2017-03-18', '2017-03-18'),
(4041, 2, 36, b'0', b'0', b'0', b'0', b'0', '1', '2017-03-18', '2017-03-18'),
(4042, 2, 37, b'0', b'0', b'0', b'0', b'0', '1', '2017-03-18', '2017-03-18'),
(4043, 2, 75, b'1', b'0', b'0', b'0', b'0', '1', '2017-03-18', '2017-03-18'),
(4044, 2, 76, b'1', b'0', b'0', b'0', b'0', '1', '2017-03-18', '2017-03-18'),
(4045, 2, 19, b'1', b'0', b'1', b'1', b'1', '1', '2017-03-18', '2017-03-18'),
(4046, 2, 27, b'1', b'0', b'1', b'1', b'1', '1', '2017-03-18', '2017-03-18'),
(4047, 2, 18, b'1', b'0', b'1', b'1', b'1', '1', '2017-03-18', '2017-03-18'),
(4048, 2, 33, b'1', b'0', b'0', b'0', b'0', '1', '2017-03-18', '2017-03-18'),
(4049, 2, 22, b'1', b'0', b'1', b'1', b'1', '1', '2017-03-18', '2017-03-18'),
(4050, 2, 60, b'1', b'0', b'1', b'1', b'0', '1', '2017-03-18', '2017-03-18'),
(4051, 2, 61, b'1', b'0', b'0', b'0', b'0', '1', '2017-03-18', '2017-03-18'),
(4052, 2, 62, b'1', b'0', b'1', b'1', b'0', '1', '2017-03-18', '2017-03-18'),
(4053, 2, 63, b'1', b'0', b'1', b'1', b'0', '1', '2017-03-18', '2017-03-18'),
(4054, 2, 65, b'1', b'0', b'0', b'0', b'0', '1', '2017-03-18', '2017-03-18'),
(4055, 2, 64, b'1', b'0', b'1', b'1', b'0', '1', '2017-03-18', '2017-03-18'),
(4056, 2, 66, b'1', b'0', b'1', b'1', b'0', '1', '2017-03-18', '2017-03-18'),
(4057, 2, 68, b'1', b'0', b'0', b'0', b'0', '1', '2017-03-18', '2017-03-18'),
(4058, 2, 67, b'1', b'0', b'1', b'1', b'0', '1', '2017-03-18', '2017-03-18'),
(4059, 2, 69, b'1', b'0', b'1', b'1', b'0', '1', '2017-03-18', '2017-03-18'),
(4060, 2, 70, b'1', b'0', b'1', b'1', b'0', '1', '2017-03-18', '2017-03-18'),
(4061, 2, 71, b'1', b'0', b'1', b'1', b'0', '1', '2017-03-18', '2017-03-18'),
(4062, 2, 72, b'1', b'0', b'1', b'1', b'0', '1', '2017-03-18', '2017-03-18'),
(4063, 2, 73, b'1', b'0', b'1', b'1', b'0', '1', '2017-03-18', '2017-03-18'),
(4064, 2, 74, b'1', b'0', b'1', b'1', b'0', '1', '2017-03-18', '2017-03-18'),
(4065, 2, 77, b'1', b'0', b'0', b'0', b'0', '1', '2017-03-18', '2017-03-18'),
(4066, 2, 78, b'1', b'0', b'0', b'0', b'0', '1', '2017-03-18', '2017-03-18'),
(4067, 2, 79, b'1', b'0', b'0', b'0', b'0', '1', '2017-03-18', '2017-03-18'),
(4068, 2, 29, b'1', b'0', b'1', b'1', b'1', '1', '2017-03-18', '2017-03-18'),
(4069, 2, 38, b'1', b'0', b'1', b'1', b'1', '1', '2017-03-18', '2017-03-18'),
(4070, 2, 39, b'1', b'0', b'1', b'1', b'1', '1', '2017-03-18', '2017-03-18'),
(4071, 2, 40, b'1', b'0', b'1', b'1', b'1', '1', '2017-03-18', '2017-03-18'),
(4072, 2, 41, b'1', b'0', b'1', b'1', b'1', '1', '2017-03-18', '2017-03-18'),
(4073, 2, 42, b'1', b'0', b'0', b'0', b'0', '1', '2017-03-18', '2017-03-18'),
(4074, 2, 80, b'1', b'0', b'0', b'0', b'0', '1', '2017-03-18', '2017-03-18'),
(4075, 2, 82, b'1', b'0', b'0', b'0', b'0', '1', '2017-03-18', '2017-03-18'),
(4076, 2, 83, b'1', b'0', b'0', b'0', b'0', '1', '2017-03-18', '2017-03-18'),
(4770, 6, 1, b'1', b'0', b'0', b'0', b'0', '1', '2017-03-19', '2017-03-19'),
(4771, 6, 2, b'0', b'0', b'0', b'0', b'0', '1', '2017-03-19', '2017-03-19'),
(4772, 6, 3, b'0', b'0', b'0', b'0', b'0', '1', '2017-03-19', '2017-03-19'),
(4773, 6, 30, b'1', b'0', b'0', b'0', b'0', '1', '2017-03-19', '2017-03-19'),
(4774, 6, 35, b'0', b'0', b'0', b'0', b'0', '1', '2017-03-19', '2017-03-19'),
(4775, 6, 50, b'0', b'0', b'0', b'0', b'0', '1', '2017-03-19', '2017-03-19'),
(4776, 6, 51, b'1', b'0', b'0', b'0', b'0', '1', '2017-03-19', '2017-03-19'),
(4777, 6, 52, b'0', b'0', b'0', b'0', b'0', '1', '2017-03-19', '2017-03-19'),
(4778, 6, 53, b'0', b'0', b'0', b'0', b'0', '1', '2017-03-19', '2017-03-19'),
(4779, 6, 20, b'1', b'0', b'1', b'1', b'1', '1', '2017-03-19', '2017-03-19'),
(4780, 6, 23, b'1', b'0', b'1', b'1', b'1', '1', '2017-03-19', '2017-03-19'),
(4781, 6, 21, b'1', b'0', b'0', b'0', b'0', '1', '2017-03-19', '2017-03-19'),
(4782, 6, 31, b'1', b'0', b'1', b'1', b'1', '1', '2017-03-19', '2017-03-19'),
(4783, 6, 32, b'0', b'0', b'0', b'0', b'0', '1', '2017-03-19', '2017-03-19'),
(4784, 6, 15, b'0', b'0', b'0', b'0', b'0', '1', '2017-03-19', '2017-03-19'),
(4785, 6, 16, b'0', b'0', b'0', b'0', b'0', '1', '2017-03-19', '2017-03-19'),
(4786, 6, 4, b'0', b'0', b'0', b'0', b'0', '1', '2017-03-19', '2017-03-19'),
(4787, 6, 5, b'0', b'0', b'0', b'0', b'0', '1', '2017-03-19', '2017-03-19'),
(4788, 6, 6, b'0', b'0', b'0', b'0', b'0', '1', '2017-03-19', '2017-03-19'),
(4789, 6, 7, b'0', b'0', b'0', b'0', b'0', '1', '2017-03-19', '2017-03-19'),
(4790, 6, 8, b'0', b'0', b'0', b'0', b'0', '1', '2017-03-19', '2017-03-19'),
(4791, 6, 9, b'0', b'0', b'0', b'0', b'0', '1', '2017-03-19', '2017-03-19'),
(4792, 6, 10, b'0', b'0', b'0', b'0', b'0', '1', '2017-03-19', '2017-03-19'),
(4793, 6, 11, b'0', b'0', b'0', b'0', b'0', '1', '2017-03-19', '2017-03-19'),
(4794, 6, 12, b'0', b'0', b'0', b'0', b'0', '1', '2017-03-19', '2017-03-19'),
(4795, 6, 13, b'0', b'0', b'0', b'0', b'0', '1', '2017-03-19', '2017-03-19'),
(4796, 6, 14, b'0', b'0', b'0', b'0', b'0', '1', '2017-03-19', '2017-03-19'),
(4797, 6, 25, b'0', b'0', b'0', b'0', b'0', '1', '2017-03-19', '2017-03-19'),
(4798, 6, 26, b'0', b'0', b'0', b'0', b'0', '1', '2017-03-19', '2017-03-19'),
(4799, 6, 28, b'0', b'0', b'0', b'0', b'0', '1', '2017-03-19', '2017-03-19'),
(4800, 6, 45, b'0', b'0', b'0', b'0', b'0', '1', '2017-03-19', '2017-03-19'),
(4801, 6, 54, b'0', b'0', b'0', b'0', b'0', '1', '2017-03-19', '2017-03-19'),
(4802, 6, 55, b'0', b'0', b'0', b'0', b'0', '1', '2017-03-19', '2017-03-19'),
(4803, 6, 56, b'0', b'0', b'0', b'0', b'0', '1', '2017-03-19', '2017-03-19'),
(4804, 6, 57, b'0', b'0', b'0', b'0', b'0', '1', '2017-03-19', '2017-03-19'),
(4805, 6, 58, b'0', b'0', b'0', b'0', b'0', '1', '2017-03-19', '2017-03-19'),
(4806, 6, 59, b'0', b'0', b'0', b'0', b'0', '1', '2017-03-19', '2017-03-19'),
(4807, 6, 81, b'0', b'0', b'0', b'0', b'0', '1', '2017-03-19', '2017-03-19'),
(4808, 6, 84, b'0', b'0', b'0', b'0', b'0', '1', '2017-03-19', '2017-03-19'),
(4809, 6, 34, b'1', b'0', b'1', b'1', b'1', '1', '2017-03-19', '2017-03-19'),
(4810, 6, 24, b'1', b'0', b'1', b'1', b'1', '1', '2017-03-19', '2017-03-19'),
(4811, 6, 36, b'0', b'0', b'0', b'0', b'0', '1', '2017-03-19', '2017-03-19'),
(4812, 6, 37, b'0', b'0', b'0', b'0', b'0', '1', '2017-03-19', '2017-03-19'),
(4813, 6, 75, b'1', b'0', b'0', b'0', b'0', '1', '2017-03-19', '2017-03-19'),
(4814, 6, 76, b'1', b'0', b'0', b'0', b'0', '1', '2017-03-19', '2017-03-19'),
(4815, 6, 19, b'0', b'0', b'0', b'0', b'0', '1', '2017-03-19', '2017-03-19'),
(4816, 6, 27, b'0', b'0', b'0', b'0', b'0', '1', '2017-03-19', '2017-03-19'),
(4817, 6, 18, b'0', b'0', b'0', b'0', b'0', '1', '2017-03-19', '2017-03-19'),
(4818, 6, 33, b'0', b'0', b'0', b'0', b'0', '1', '2017-03-19', '2017-03-19'),
(4819, 6, 22, b'0', b'0', b'0', b'0', b'0', '1', '2017-03-19', '2017-03-19'),
(4820, 6, 60, b'1', b'0', b'1', b'1', b'1', '1', '2017-03-19', '2017-03-19'),
(4821, 6, 61, b'1', b'0', b'0', b'0', b'0', '1', '2017-03-19', '2017-03-19'),
(4822, 6, 62, b'1', b'0', b'1', b'1', b'1', '1', '2017-03-19', '2017-03-19'),
(4823, 6, 63, b'0', b'0', b'0', b'0', b'0', '1', '2017-03-19', '2017-03-19'),
(4824, 6, 65, b'0', b'0', b'0', b'0', b'0', '1', '2017-03-19', '2017-03-19'),
(4825, 6, 64, b'0', b'0', b'0', b'0', b'0', '1', '2017-03-19', '2017-03-19'),
(4826, 6, 66, b'0', b'0', b'0', b'0', b'0', '1', '2017-03-19', '2017-03-19'),
(4827, 6, 68, b'0', b'0', b'0', b'0', b'0', '1', '2017-03-19', '2017-03-19'),
(4828, 6, 67, b'0', b'0', b'0', b'0', b'0', '1', '2017-03-19', '2017-03-19'),
(4829, 6, 69, b'1', b'0', b'1', b'1', b'1', '1', '2017-03-19', '2017-03-19'),
(4830, 6, 70, b'1', b'0', b'1', b'1', b'1', '1', '2017-03-19', '2017-03-19'),
(4831, 6, 71, b'0', b'0', b'0', b'0', b'0', '1', '2017-03-19', '2017-03-19'),
(4832, 6, 72, b'0', b'0', b'0', b'0', b'0', '1', '2017-03-19', '2017-03-19'),
(4833, 6, 73, b'0', b'0', b'0', b'0', b'0', '1', '2017-03-19', '2017-03-19'),
(4834, 6, 74, b'0', b'0', b'0', b'0', b'0', '1', '2017-03-19', '2017-03-19'),
(4835, 6, 77, b'1', b'0', b'1', b'1', b'1', '1', '2017-03-19', '2017-03-19'),
(4836, 6, 78, b'1', b'0', b'1', b'1', b'1', '1', '2017-03-19', '2017-03-19'),
(4837, 6, 79, b'1', b'0', b'1', b'1', b'1', '1', '2017-03-19', '2017-03-19'),
(4838, 6, 29, b'1', b'0', b'1', b'1', b'1', '1', '2017-03-19', '2017-03-19'),
(4839, 6, 38, b'1', b'0', b'1', b'1', b'1', '1', '2017-03-19', '2017-03-19'),
(4840, 6, 39, b'1', b'0', b'1', b'1', b'1', '1', '2017-03-19', '2017-03-19'),
(4841, 6, 40, b'1', b'0', b'1', b'1', b'1', '1', '2017-03-19', '2017-03-19'),
(4842, 6, 41, b'1', b'0', b'1', b'1', b'1', '1', '2017-03-19', '2017-03-19'),
(4843, 6, 42, b'1', b'0', b'1', b'1', b'1', '1', '2017-03-19', '2017-03-19'),
(4844, 6, 80, b'1', b'0', b'1', b'1', b'1', '1', '2017-03-19', '2017-03-19'),
(4845, 6, 82, b'1', b'0', b'1', b'1', b'1', '1', '2017-03-19', '2017-03-19'),
(4846, 6, 83, b'1', b'0', b'1', b'1', b'1', '1', '2017-03-19', '2017-03-19'),
(4847, 6, 85, b'1', b'0', b'0', b'0', b'0', '1', '2017-03-19', '2017-03-19'),
(6252, 12, 1, b'1', b'0', b'0', b'0', b'0', '1', '2017-03-21', '2017-03-21'),
(6253, 12, 2, b'0', b'0', b'0', b'0', b'0', '1', '2017-03-21', '2017-03-21'),
(6254, 12, 3, b'0', b'0', b'0', b'0', b'0', '1', '2017-03-21', '2017-03-21'),
(6255, 12, 30, b'0', b'0', b'0', b'0', b'0', '1', '2017-03-21', '2017-03-21'),
(6256, 12, 35, b'0', b'0', b'0', b'0', b'0', '1', '2017-03-21', '2017-03-21'),
(6257, 12, 50, b'0', b'0', b'0', b'0', b'0', '1', '2017-03-21', '2017-03-21'),
(6258, 12, 51, b'1', b'0', b'0', b'0', b'0', '1', '2017-03-21', '2017-03-21'),
(6259, 12, 52, b'0', b'0', b'0', b'0', b'0', '1', '2017-03-21', '2017-03-21'),
(6260, 12, 53, b'0', b'0', b'0', b'0', b'0', '1', '2017-03-21', '2017-03-21'),
(6261, 12, 20, b'1', b'0', b'1', b'1', b'1', '1', '2017-03-21', '2017-03-21'),
(6262, 12, 23, b'1', b'0', b'1', b'1', b'1', '1', '2017-03-21', '2017-03-21'),
(6263, 12, 21, b'1', b'0', b'0', b'0', b'0', '1', '2017-03-21', '2017-03-21'),
(6264, 12, 31, b'1', b'0', b'1', b'1', b'1', '1', '2017-03-21', '2017-03-21'),
(6265, 12, 32, b'0', b'0', b'0', b'0', b'0', '1', '2017-03-21', '2017-03-21'),
(6266, 12, 15, b'0', b'0', b'0', b'0', b'0', '1', '2017-03-21', '2017-03-21'),
(6267, 12, 16, b'0', b'0', b'0', b'0', b'0', '1', '2017-03-21', '2017-03-21'),
(6268, 12, 4, b'0', b'0', b'0', b'0', b'0', '1', '2017-03-21', '2017-03-21'),
(6269, 12, 5, b'0', b'0', b'0', b'0', b'0', '1', '2017-03-21', '2017-03-21'),
(6270, 12, 6, b'0', b'0', b'0', b'0', b'0', '1', '2017-03-21', '2017-03-21'),
(6271, 12, 7, b'0', b'0', b'0', b'0', b'0', '1', '2017-03-21', '2017-03-21'),
(6272, 12, 8, b'0', b'0', b'0', b'0', b'0', '1', '2017-03-21', '2017-03-21'),
(6273, 12, 9, b'0', b'0', b'0', b'0', b'0', '1', '2017-03-21', '2017-03-21'),
(6274, 12, 10, b'0', b'0', b'0', b'0', b'0', '1', '2017-03-21', '2017-03-21'),
(6275, 12, 11, b'0', b'0', b'0', b'0', b'0', '1', '2017-03-21', '2017-03-21'),
(6276, 12, 12, b'0', b'0', b'0', b'0', b'0', '1', '2017-03-21', '2017-03-21'),
(6277, 12, 13, b'0', b'0', b'0', b'0', b'0', '1', '2017-03-21', '2017-03-21'),
(6278, 12, 14, b'0', b'0', b'0', b'0', b'0', '1', '2017-03-21', '2017-03-21'),
(6279, 12, 25, b'0', b'0', b'0', b'0', b'0', '1', '2017-03-21', '2017-03-21'),
(6280, 12, 26, b'0', b'0', b'0', b'0', b'0', '1', '2017-03-21', '2017-03-21'),
(6281, 12, 28, b'0', b'0', b'0', b'0', b'0', '1', '2017-03-21', '2017-03-21'),
(6282, 12, 45, b'0', b'0', b'0', b'0', b'0', '1', '2017-03-21', '2017-03-21'),
(6283, 12, 54, b'0', b'0', b'0', b'0', b'0', '1', '2017-03-21', '2017-03-21'),
(6284, 12, 55, b'0', b'0', b'0', b'0', b'0', '1', '2017-03-21', '2017-03-21'),
(6285, 12, 56, b'0', b'0', b'0', b'0', b'0', '1', '2017-03-21', '2017-03-21'),
(6286, 12, 57, b'0', b'0', b'0', b'0', b'0', '1', '2017-03-21', '2017-03-21'),
(6287, 12, 58, b'0', b'0', b'0', b'0', b'0', '1', '2017-03-21', '2017-03-21'),
(6288, 12, 59, b'0', b'0', b'0', b'0', b'0', '1', '2017-03-21', '2017-03-21'),
(6289, 12, 81, b'0', b'0', b'0', b'0', b'0', '1', '2017-03-21', '2017-03-21'),
(6290, 12, 84, b'0', b'0', b'0', b'0', b'0', '1', '2017-03-21', '2017-03-21'),
(6291, 12, 34, b'1', b'0', b'1', b'1', b'1', '1', '2017-03-21', '2017-03-21'),
(6292, 12, 24, b'1', b'0', b'1', b'1', b'1', '1', '2017-03-21', '2017-03-21'),
(6293, 12, 36, b'0', b'0', b'0', b'0', b'0', '1', '2017-03-21', '2017-03-21'),
(6294, 12, 37, b'0', b'0', b'0', b'0', b'0', '1', '2017-03-21', '2017-03-21'),
(6295, 12, 75, b'0', b'0', b'0', b'0', b'0', '1', '2017-03-21', '2017-03-21'),
(6296, 12, 76, b'0', b'0', b'0', b'0', b'0', '1', '2017-03-21', '2017-03-21'),
(6297, 12, 19, b'0', b'0', b'0', b'0', b'0', '1', '2017-03-21', '2017-03-21'),
(6298, 12, 27, b'0', b'0', b'0', b'0', b'0', '1', '2017-03-21', '2017-03-21'),
(6299, 12, 18, b'0', b'0', b'0', b'0', b'0', '1', '2017-03-21', '2017-03-21'),
(6300, 12, 33, b'0', b'0', b'0', b'0', b'0', '1', '2017-03-21', '2017-03-21'),
(6301, 12, 22, b'0', b'0', b'0', b'0', b'0', '1', '2017-03-21', '2017-03-21'),
(6302, 12, 60, b'1', b'0', b'1', b'1', b'1', '1', '2017-03-21', '2017-03-21'),
(6303, 12, 61, b'1', b'0', b'0', b'0', b'0', '1', '2017-03-21', '2017-03-21'),
(6304, 12, 62, b'1', b'0', b'1', b'1', b'1', '1', '2017-03-21', '2017-03-21'),
(6305, 12, 63, b'0', b'0', b'0', b'0', b'0', '1', '2017-03-21', '2017-03-21'),
(6306, 12, 65, b'0', b'0', b'0', b'0', b'0', '1', '2017-03-21', '2017-03-21'),
(6307, 12, 64, b'0', b'0', b'0', b'0', b'0', '1', '2017-03-21', '2017-03-21'),
(6308, 12, 66, b'0', b'0', b'0', b'0', b'0', '1', '2017-03-21', '2017-03-21'),
(6309, 12, 68, b'0', b'0', b'0', b'0', b'0', '1', '2017-03-21', '2017-03-21'),
(6310, 12, 67, b'0', b'0', b'0', b'0', b'0', '1', '2017-03-21', '2017-03-21'),
(6311, 12, 69, b'1', b'0', b'1', b'1', b'1', '1', '2017-03-21', '2017-03-21'),
(6312, 12, 70, b'1', b'0', b'1', b'1', b'1', '1', '2017-03-21', '2017-03-21'),
(6313, 12, 71, b'0', b'0', b'0', b'0', b'0', '1', '2017-03-21', '2017-03-21'),
(6314, 12, 72, b'0', b'0', b'0', b'0', b'0', '1', '2017-03-21', '2017-03-21'),
(6315, 12, 73, b'0', b'0', b'0', b'0', b'0', '1', '2017-03-21', '2017-03-21'),
(6316, 12, 74, b'0', b'0', b'0', b'0', b'0', '1', '2017-03-21', '2017-03-21'),
(6317, 12, 77, b'0', b'0', b'0', b'0', b'0', '1', '2017-03-21', '2017-03-21'),
(6318, 12, 78, b'0', b'0', b'0', b'0', b'0', '1', '2017-03-21', '2017-03-21'),
(6319, 12, 79, b'0', b'0', b'0', b'0', b'0', '1', '2017-03-21', '2017-03-21'),
(6320, 12, 29, b'0', b'0', b'0', b'0', b'0', '1', '2017-03-21', '2017-03-21'),
(6321, 12, 38, b'0', b'0', b'0', b'0', b'0', '1', '2017-03-21', '2017-03-21'),
(6322, 12, 39, b'0', b'0', b'0', b'0', b'0', '1', '2017-03-21', '2017-03-21'),
(6323, 12, 40, b'0', b'0', b'0', b'0', b'0', '1', '2017-03-21', '2017-03-21'),
(6324, 12, 41, b'0', b'0', b'0', b'0', b'0', '1', '2017-03-21', '2017-03-21'),
(6325, 12, 42, b'0', b'0', b'0', b'0', b'0', '1', '2017-03-21', '2017-03-21'),
(6326, 12, 80, b'0', b'0', b'0', b'0', b'0', '1', '2017-03-21', '2017-03-21'),
(6327, 12, 82, b'0', b'0', b'0', b'0', b'0', '1', '2017-03-21', '2017-03-21'),
(6328, 12, 83, b'0', b'0', b'0', b'0', b'0', '1', '2017-03-21', '2017-03-21'),
(6329, 12, 85, b'0', b'0', b'0', b'0', b'0', '1', '2017-03-21', '2017-03-21'),
(6330, 11, 1, b'1', b'0', b'0', b'0', b'0', '1', '2017-03-21', '2017-03-21'),
(6331, 11, 2, b'0', b'0', b'0', b'0', b'0', '1', '2017-03-21', '2017-03-21'),
(6332, 11, 3, b'0', b'0', b'0', b'0', b'0', '1', '2017-03-21', '2017-03-21'),
(6333, 11, 30, b'0', b'0', b'0', b'0', b'0', '1', '2017-03-21', '2017-03-21'),
(6334, 11, 35, b'0', b'0', b'0', b'0', b'0', '1', '2017-03-21', '2017-03-21'),
(6335, 11, 50, b'1', b'0', b'0', b'0', b'0', '1', '2017-03-21', '2017-03-21'),
(6336, 11, 51, b'0', b'0', b'0', b'0', b'0', '1', '2017-03-21', '2017-03-21'),
(6337, 11, 52, b'0', b'0', b'0', b'0', b'0', '1', '2017-03-21', '2017-03-21'),
(6338, 11, 53, b'0', b'0', b'0', b'0', b'0', '1', '2017-03-21', '2017-03-21'),
(6339, 11, 20, b'1', b'0', b'1', b'1', b'1', '1', '2017-03-21', '2017-03-21'),
(6340, 11, 23, b'1', b'0', b'1', b'1', b'1', '1', '2017-03-21', '2017-03-21'),
(6341, 11, 21, b'1', b'0', b'0', b'0', b'0', '1', '2017-03-21', '2017-03-21'),
(6342, 11, 31, b'1', b'0', b'1', b'1', b'1', '1', '2017-03-21', '2017-03-21'),
(6343, 11, 32, b'0', b'0', b'0', b'0', b'0', '1', '2017-03-21', '2017-03-21'),
(6344, 11, 15, b'0', b'0', b'0', b'0', b'0', '1', '2017-03-21', '2017-03-21'),
(6345, 11, 16, b'0', b'0', b'0', b'0', b'0', '1', '2017-03-21', '2017-03-21'),
(6346, 11, 4, b'0', b'0', b'0', b'0', b'0', '1', '2017-03-21', '2017-03-21'),
(6347, 11, 5, b'0', b'0', b'0', b'0', b'0', '1', '2017-03-21', '2017-03-21'),
(6348, 11, 6, b'0', b'0', b'0', b'0', b'0', '1', '2017-03-21', '2017-03-21'),
(6349, 11, 7, b'0', b'0', b'0', b'0', b'0', '1', '2017-03-21', '2017-03-21'),
(6350, 11, 8, b'0', b'0', b'0', b'0', b'0', '1', '2017-03-21', '2017-03-21'),
(6351, 11, 9, b'0', b'0', b'0', b'0', b'0', '1', '2017-03-21', '2017-03-21'),
(6352, 11, 10, b'0', b'0', b'0', b'0', b'0', '1', '2017-03-21', '2017-03-21'),
(6353, 11, 11, b'0', b'0', b'0', b'0', b'0', '1', '2017-03-21', '2017-03-21'),
(6354, 11, 12, b'0', b'0', b'0', b'0', b'0', '1', '2017-03-21', '2017-03-21'),
(6355, 11, 13, b'0', b'0', b'0', b'0', b'0', '1', '2017-03-21', '2017-03-21'),
(6356, 11, 14, b'0', b'0', b'0', b'0', b'0', '1', '2017-03-21', '2017-03-21'),
(6357, 11, 25, b'0', b'0', b'0', b'0', b'0', '1', '2017-03-21', '2017-03-21'),
(6358, 11, 26, b'0', b'0', b'0', b'0', b'0', '1', '2017-03-21', '2017-03-21'),
(6359, 11, 28, b'0', b'0', b'0', b'0', b'0', '1', '2017-03-21', '2017-03-21'),
(6360, 11, 45, b'0', b'0', b'0', b'0', b'0', '1', '2017-03-21', '2017-03-21'),
(6361, 11, 54, b'0', b'0', b'0', b'0', b'0', '1', '2017-03-21', '2017-03-21'),
(6362, 11, 55, b'0', b'0', b'0', b'0', b'0', '1', '2017-03-21', '2017-03-21'),
(6363, 11, 56, b'0', b'0', b'0', b'0', b'0', '1', '2017-03-21', '2017-03-21'),
(6364, 11, 57, b'0', b'0', b'0', b'0', b'0', '1', '2017-03-21', '2017-03-21'),
(6365, 11, 58, b'0', b'0', b'0', b'0', b'0', '1', '2017-03-21', '2017-03-21'),
(6366, 11, 59, b'0', b'0', b'0', b'0', b'0', '1', '2017-03-21', '2017-03-21'),
(6367, 11, 81, b'0', b'0', b'0', b'0', b'0', '1', '2017-03-21', '2017-03-21'),
(6368, 11, 84, b'0', b'0', b'0', b'0', b'0', '1', '2017-03-21', '2017-03-21'),
(6369, 11, 34, b'1', b'0', b'1', b'1', b'1', '1', '2017-03-21', '2017-03-21'),
(6370, 11, 24, b'1', b'0', b'1', b'1', b'1', '1', '2017-03-21', '2017-03-21'),
(6371, 11, 36, b'0', b'0', b'0', b'0', b'0', '1', '2017-03-21', '2017-03-21'),
(6372, 11, 37, b'0', b'0', b'0', b'0', b'0', '1', '2017-03-21', '2017-03-21'),
(6373, 11, 75, b'0', b'0', b'0', b'0', b'0', '1', '2017-03-21', '2017-03-21'),
(6374, 11, 76, b'0', b'0', b'0', b'0', b'0', '1', '2017-03-21', '2017-03-21'),
(6375, 11, 19, b'1', b'0', b'1', b'1', b'1', '1', '2017-03-21', '2017-03-21'),
(6376, 11, 27, b'1', b'0', b'1', b'1', b'1', '1', '2017-03-21', '2017-03-21'),
(6377, 11, 18, b'1', b'0', b'1', b'1', b'1', '1', '2017-03-21', '2017-03-21'),
(6378, 11, 33, b'1', b'0', b'0', b'0', b'0', '1', '2017-03-21', '2017-03-21'),
(6379, 11, 22, b'1', b'0', b'1', b'1', b'1', '1', '2017-03-21', '2017-03-21'),
(6380, 11, 60, b'0', b'0', b'0', b'0', b'0', '1', '2017-03-21', '2017-03-21'),
(6381, 11, 61, b'0', b'0', b'0', b'0', b'0', '1', '2017-03-21', '2017-03-21'),
(6382, 11, 62, b'0', b'0', b'0', b'0', b'0', '1', '2017-03-21', '2017-03-21'),
(6383, 11, 63, b'0', b'0', b'0', b'0', b'0', '1', '2017-03-21', '2017-03-21'),
(6384, 11, 65, b'0', b'0', b'0', b'0', b'0', '1', '2017-03-21', '2017-03-21'),
(6385, 11, 64, b'0', b'0', b'0', b'0', b'0', '1', '2017-03-21', '2017-03-21'),
(6386, 11, 66, b'0', b'0', b'0', b'0', b'0', '1', '2017-03-21', '2017-03-21'),
(6387, 11, 68, b'0', b'0', b'0', b'0', b'0', '1', '2017-03-21', '2017-03-21'),
(6388, 11, 67, b'0', b'0', b'0', b'0', b'0', '1', '2017-03-21', '2017-03-21'),
(6389, 11, 69, b'0', b'0', b'0', b'0', b'0', '1', '2017-03-21', '2017-03-21'),
(6390, 11, 70, b'0', b'0', b'0', b'0', b'0', '1', '2017-03-21', '2017-03-21'),
(6391, 11, 71, b'0', b'0', b'0', b'0', b'0', '1', '2017-03-21', '2017-03-21'),
(6392, 11, 72, b'0', b'0', b'0', b'0', b'0', '1', '2017-03-21', '2017-03-21'),
(6393, 11, 73, b'0', b'0', b'0', b'0', b'0', '1', '2017-03-21', '2017-03-21'),
(6394, 11, 74, b'0', b'0', b'0', b'0', b'0', '1', '2017-03-21', '2017-03-21'),
(6395, 11, 77, b'0', b'0', b'0', b'0', b'0', '1', '2017-03-21', '2017-03-21'),
(6396, 11, 78, b'0', b'0', b'0', b'0', b'0', '1', '2017-03-21', '2017-03-21'),
(6397, 11, 79, b'0', b'0', b'0', b'0', b'0', '1', '2017-03-21', '2017-03-21'),
(6398, 11, 29, b'0', b'0', b'0', b'0', b'0', '1', '2017-03-21', '2017-03-21'),
(6399, 11, 38, b'0', b'0', b'0', b'0', b'0', '1', '2017-03-21', '2017-03-21'),
(6400, 11, 39, b'0', b'0', b'0', b'0', b'0', '1', '2017-03-21', '2017-03-21'),
(6401, 11, 40, b'0', b'0', b'0', b'0', b'0', '1', '2017-03-21', '2017-03-21'),
(6402, 11, 41, b'0', b'0', b'0', b'0', b'0', '1', '2017-03-21', '2017-03-21'),
(6403, 11, 42, b'0', b'0', b'0', b'0', b'0', '1', '2017-03-21', '2017-03-21'),
(6404, 11, 80, b'0', b'0', b'0', b'0', b'0', '1', '2017-03-21', '2017-03-21'),
(6405, 11, 82, b'0', b'0', b'0', b'0', b'0', '1', '2017-03-21', '2017-03-21'),
(6406, 11, 83, b'0', b'0', b'0', b'0', b'0', '1', '2017-03-21', '2017-03-21'),
(6407, 11, 85, b'0', b'0', b'0', b'0', b'0', '1', '2017-03-21', '2017-03-21'),
(6408, 13, 1, b'0', b'0', b'0', b'0', b'0', '1', '2017-03-21', '2017-03-21'),
(6409, 13, 2, b'0', b'0', b'0', b'0', b'0', '1', '2017-03-21', '2017-03-21'),
(6410, 13, 3, b'0', b'0', b'0', b'0', b'0', '1', '2017-03-21', '2017-03-21'),
(6411, 13, 30, b'0', b'0', b'0', b'0', b'0', '1', '2017-03-21', '2017-03-21'),
(6412, 13, 35, b'0', b'0', b'0', b'0', b'0', '1', '2017-03-21', '2017-03-21'),
(6413, 13, 50, b'0', b'0', b'0', b'0', b'0', '1', '2017-03-21', '2017-03-21'),
(6414, 13, 51, b'0', b'0', b'0', b'0', b'0', '1', '2017-03-21', '2017-03-21'),
(6415, 13, 52, b'0', b'0', b'0', b'0', b'0', '1', '2017-03-21', '2017-03-21'),
(6416, 13, 53, b'1', b'0', b'0', b'0', b'0', '1', '2017-03-21', '2017-03-21'),
(6417, 13, 20, b'1', b'0', b'1', b'1', b'1', '1', '2017-03-21', '2017-03-21'),
(6418, 13, 23, b'1', b'0', b'1', b'1', b'1', '1', '2017-03-21', '2017-03-21'),
(6419, 13, 21, b'1', b'0', b'0', b'0', b'0', '1', '2017-03-21', '2017-03-21'),
(6420, 13, 31, b'1', b'0', b'1', b'1', b'1', '1', '2017-03-21', '2017-03-21'),
(6421, 13, 32, b'0', b'0', b'0', b'0', b'0', '1', '2017-03-21', '2017-03-21'),
(6422, 13, 15, b'0', b'0', b'0', b'0', b'0', '1', '2017-03-21', '2017-03-21'),
(6423, 13, 16, b'0', b'0', b'0', b'0', b'0', '1', '2017-03-21', '2017-03-21'),
(6424, 13, 4, b'0', b'0', b'0', b'0', b'0', '1', '2017-03-21', '2017-03-21'),
(6425, 13, 5, b'0', b'0', b'0', b'0', b'0', '1', '2017-03-21', '2017-03-21'),
(6426, 13, 6, b'0', b'0', b'0', b'0', b'0', '1', '2017-03-21', '2017-03-21'),
(6427, 13, 7, b'0', b'0', b'0', b'0', b'0', '1', '2017-03-21', '2017-03-21'),
(6428, 13, 8, b'0', b'0', b'0', b'0', b'0', '1', '2017-03-21', '2017-03-21'),
(6429, 13, 9, b'0', b'0', b'0', b'0', b'0', '1', '2017-03-21', '2017-03-21'),
(6430, 13, 10, b'0', b'0', b'0', b'0', b'0', '1', '2017-03-21', '2017-03-21'),
(6431, 13, 11, b'0', b'0', b'0', b'0', b'0', '1', '2017-03-21', '2017-03-21'),
(6432, 13, 12, b'0', b'0', b'0', b'0', b'0', '1', '2017-03-21', '2017-03-21'),
(6433, 13, 13, b'0', b'0', b'0', b'0', b'0', '1', '2017-03-21', '2017-03-21'),
(6434, 13, 14, b'0', b'0', b'0', b'0', b'0', '1', '2017-03-21', '2017-03-21'),
(6435, 13, 25, b'0', b'0', b'0', b'0', b'0', '1', '2017-03-21', '2017-03-21'),
(6436, 13, 26, b'0', b'0', b'0', b'0', b'0', '1', '2017-03-21', '2017-03-21'),
(6437, 13, 28, b'0', b'0', b'0', b'0', b'0', '1', '2017-03-21', '2017-03-21'),
(6438, 13, 45, b'0', b'0', b'0', b'0', b'0', '1', '2017-03-21', '2017-03-21'),
(6439, 13, 54, b'0', b'0', b'0', b'0', b'0', '1', '2017-03-21', '2017-03-21'),
(6440, 13, 55, b'0', b'0', b'0', b'0', b'0', '1', '2017-03-21', '2017-03-21'),
(6441, 13, 56, b'0', b'0', b'0', b'0', b'0', '1', '2017-03-21', '2017-03-21'),
(6442, 13, 57, b'0', b'0', b'0', b'0', b'0', '1', '2017-03-21', '2017-03-21'),
(6443, 13, 58, b'0', b'0', b'0', b'0', b'0', '1', '2017-03-21', '2017-03-21'),
(6444, 13, 59, b'0', b'0', b'0', b'0', b'0', '1', '2017-03-21', '2017-03-21'),
(6445, 13, 81, b'0', b'0', b'0', b'0', b'0', '1', '2017-03-21', '2017-03-21'),
(6446, 13, 84, b'0', b'0', b'0', b'0', b'0', '1', '2017-03-21', '2017-03-21'),
(6447, 13, 34, b'1', b'0', b'1', b'1', b'1', '1', '2017-03-21', '2017-03-21'),
(6448, 13, 24, b'1', b'0', b'1', b'1', b'1', '1', '2017-03-21', '2017-03-21'),
(6449, 13, 36, b'0', b'0', b'0', b'0', b'0', '1', '2017-03-21', '2017-03-21'),
(6450, 13, 37, b'0', b'0', b'0', b'0', b'0', '1', '2017-03-21', '2017-03-21'),
(6451, 13, 75, b'0', b'0', b'0', b'0', b'0', '1', '2017-03-21', '2017-03-21'),
(6452, 13, 76, b'0', b'0', b'0', b'0', b'0', '1', '2017-03-21', '2017-03-21'),
(6453, 13, 19, b'0', b'0', b'0', b'0', b'0', '1', '2017-03-21', '2017-03-21'),
(6454, 13, 27, b'0', b'0', b'0', b'0', b'0', '1', '2017-03-21', '2017-03-21'),
(6455, 13, 18, b'0', b'0', b'0', b'0', b'0', '1', '2017-03-21', '2017-03-21'),
(6456, 13, 33, b'0', b'0', b'0', b'0', b'0', '1', '2017-03-21', '2017-03-21'),
(6457, 13, 22, b'0', b'0', b'0', b'0', b'0', '1', '2017-03-21', '2017-03-21'),
(6458, 13, 60, b'0', b'0', b'0', b'0', b'0', '1', '2017-03-21', '2017-03-21'),
(6459, 13, 61, b'0', b'0', b'0', b'0', b'0', '1', '2017-03-21', '2017-03-21'),
(6460, 13, 62, b'0', b'0', b'0', b'0', b'0', '1', '2017-03-21', '2017-03-21'),
(6461, 13, 63, b'0', b'0', b'0', b'0', b'0', '1', '2017-03-21', '2017-03-21'),
(6462, 13, 65, b'0', b'0', b'0', b'0', b'0', '1', '2017-03-21', '2017-03-21'),
(6463, 13, 64, b'0', b'0', b'0', b'0', b'0', '1', '2017-03-21', '2017-03-21'),
(6464, 13, 66, b'1', b'0', b'1', b'1', b'1', '1', '2017-03-21', '2017-03-21'),
(6465, 13, 68, b'1', b'0', b'0', b'0', b'0', '1', '2017-03-21', '2017-03-21'),
(6466, 13, 67, b'1', b'0', b'1', b'1', b'1', '1', '2017-03-21', '2017-03-21'),
(6467, 13, 69, b'0', b'0', b'0', b'0', b'0', '1', '2017-03-21', '2017-03-21'),
(6468, 13, 70, b'0', b'0', b'0', b'0', b'0', '1', '2017-03-21', '2017-03-21'),
(6469, 13, 71, b'0', b'0', b'0', b'0', b'0', '1', '2017-03-21', '2017-03-21'),
(6470, 13, 72, b'0', b'0', b'0', b'0', b'0', '1', '2017-03-21', '2017-03-21');
INSERT INTO `menu_role` (`ID`, `ROLE_ID`, `MENU_ID`, `IS_ACTIVE`, `IS_REQUIRED_ACTION`, `IS_CREATE`, `IS_EDIT`, `IS_DELETE`, `UPDATE_BY`, `CREATE_DATE`, `UPDATE_DATE`) VALUES
(6471, 13, 73, b'1', b'0', b'1', b'1', b'1', '1', '2017-03-21', '2017-03-21'),
(6472, 13, 74, b'1', b'0', b'1', b'1', b'1', '1', '2017-03-21', '2017-03-21'),
(6473, 13, 77, b'0', b'0', b'0', b'0', b'0', '1', '2017-03-21', '2017-03-21'),
(6474, 13, 78, b'0', b'0', b'0', b'0', b'0', '1', '2017-03-21', '2017-03-21'),
(6475, 13, 79, b'0', b'0', b'0', b'0', b'0', '1', '2017-03-21', '2017-03-21'),
(6476, 13, 29, b'0', b'0', b'0', b'0', b'0', '1', '2017-03-21', '2017-03-21'),
(6477, 13, 38, b'0', b'0', b'0', b'0', b'0', '1', '2017-03-21', '2017-03-21'),
(6478, 13, 39, b'0', b'0', b'0', b'0', b'0', '1', '2017-03-21', '2017-03-21'),
(6479, 13, 40, b'0', b'0', b'0', b'0', b'0', '1', '2017-03-21', '2017-03-21'),
(6480, 13, 41, b'0', b'0', b'0', b'0', b'0', '1', '2017-03-21', '2017-03-21'),
(6481, 13, 42, b'0', b'0', b'0', b'0', b'0', '1', '2017-03-21', '2017-03-21'),
(6482, 13, 80, b'0', b'0', b'0', b'0', b'0', '1', '2017-03-21', '2017-03-21'),
(6483, 13, 82, b'0', b'0', b'0', b'0', b'0', '1', '2017-03-21', '2017-03-21'),
(6484, 13, 83, b'0', b'0', b'0', b'0', b'0', '1', '2017-03-21', '2017-03-21'),
(6485, 13, 85, b'0', b'0', b'0', b'0', b'0', '1', '2017-03-21', '2017-03-21'),
(6486, 14, 1, b'1', b'0', b'0', b'0', b'0', '1', '2017-03-21', '2017-03-21'),
(6487, 14, 2, b'0', b'0', b'0', b'0', b'0', '1', '2017-03-21', '2017-03-21'),
(6488, 14, 3, b'0', b'0', b'0', b'0', b'0', '1', '2017-03-21', '2017-03-21'),
(6489, 14, 30, b'0', b'0', b'0', b'0', b'0', '1', '2017-03-21', '2017-03-21'),
(6490, 14, 35, b'0', b'0', b'0', b'0', b'0', '1', '2017-03-21', '2017-03-21'),
(6491, 14, 50, b'0', b'0', b'0', b'0', b'0', '1', '2017-03-21', '2017-03-21'),
(6492, 14, 51, b'0', b'0', b'0', b'0', b'0', '1', '2017-03-21', '2017-03-21'),
(6493, 14, 52, b'0', b'0', b'0', b'0', b'0', '1', '2017-03-21', '2017-03-21'),
(6494, 14, 53, b'1', b'0', b'0', b'0', b'0', '1', '2017-03-21', '2017-03-21'),
(6495, 14, 20, b'1', b'0', b'1', b'1', b'1', '1', '2017-03-21', '2017-03-21'),
(6496, 14, 23, b'1', b'0', b'1', b'1', b'1', '1', '2017-03-21', '2017-03-21'),
(6497, 14, 21, b'1', b'0', b'0', b'0', b'0', '1', '2017-03-21', '2017-03-21'),
(6498, 14, 31, b'1', b'0', b'1', b'1', b'1', '1', '2017-03-21', '2017-03-21'),
(6499, 14, 32, b'0', b'0', b'0', b'0', b'0', '1', '2017-03-21', '2017-03-21'),
(6500, 14, 15, b'0', b'0', b'0', b'0', b'0', '1', '2017-03-21', '2017-03-21'),
(6501, 14, 16, b'0', b'0', b'0', b'0', b'0', '1', '2017-03-21', '2017-03-21'),
(6502, 14, 4, b'0', b'0', b'0', b'0', b'0', '1', '2017-03-21', '2017-03-21'),
(6503, 14, 5, b'0', b'0', b'0', b'0', b'0', '1', '2017-03-21', '2017-03-21'),
(6504, 14, 6, b'0', b'0', b'0', b'0', b'0', '1', '2017-03-21', '2017-03-21'),
(6505, 14, 7, b'0', b'0', b'0', b'0', b'0', '1', '2017-03-21', '2017-03-21'),
(6506, 14, 8, b'0', b'0', b'0', b'0', b'0', '1', '2017-03-21', '2017-03-21'),
(6507, 14, 9, b'0', b'0', b'0', b'0', b'0', '1', '2017-03-21', '2017-03-21'),
(6508, 14, 10, b'0', b'0', b'0', b'0', b'0', '1', '2017-03-21', '2017-03-21'),
(6509, 14, 11, b'0', b'0', b'0', b'0', b'0', '1', '2017-03-21', '2017-03-21'),
(6510, 14, 12, b'0', b'0', b'0', b'0', b'0', '1', '2017-03-21', '2017-03-21'),
(6511, 14, 13, b'0', b'0', b'0', b'0', b'0', '1', '2017-03-21', '2017-03-21'),
(6512, 14, 14, b'0', b'0', b'0', b'0', b'0', '1', '2017-03-21', '2017-03-21'),
(6513, 14, 25, b'0', b'0', b'0', b'0', b'0', '1', '2017-03-21', '2017-03-21'),
(6514, 14, 26, b'0', b'0', b'0', b'0', b'0', '1', '2017-03-21', '2017-03-21'),
(6515, 14, 28, b'0', b'0', b'0', b'0', b'0', '1', '2017-03-21', '2017-03-21'),
(6516, 14, 45, b'0', b'0', b'0', b'0', b'0', '1', '2017-03-21', '2017-03-21'),
(6517, 14, 54, b'0', b'0', b'0', b'0', b'0', '1', '2017-03-21', '2017-03-21'),
(6518, 14, 55, b'0', b'0', b'0', b'0', b'0', '1', '2017-03-21', '2017-03-21'),
(6519, 14, 56, b'0', b'0', b'0', b'0', b'0', '1', '2017-03-21', '2017-03-21'),
(6520, 14, 57, b'0', b'0', b'0', b'0', b'0', '1', '2017-03-21', '2017-03-21'),
(6521, 14, 58, b'0', b'0', b'0', b'0', b'0', '1', '2017-03-21', '2017-03-21'),
(6522, 14, 59, b'0', b'0', b'0', b'0', b'0', '1', '2017-03-21', '2017-03-21'),
(6523, 14, 81, b'0', b'0', b'0', b'0', b'0', '1', '2017-03-21', '2017-03-21'),
(6524, 14, 84, b'0', b'0', b'0', b'0', b'0', '1', '2017-03-21', '2017-03-21'),
(6525, 14, 34, b'1', b'0', b'1', b'1', b'1', '1', '2017-03-21', '2017-03-21'),
(6526, 14, 24, b'1', b'0', b'1', b'1', b'1', '1', '2017-03-21', '2017-03-21'),
(6527, 14, 36, b'0', b'0', b'0', b'0', b'0', '1', '2017-03-21', '2017-03-21'),
(6528, 14, 37, b'0', b'0', b'0', b'0', b'0', '1', '2017-03-21', '2017-03-21'),
(6529, 14, 75, b'0', b'0', b'0', b'0', b'0', '1', '2017-03-21', '2017-03-21'),
(6530, 14, 76, b'0', b'0', b'0', b'0', b'0', '1', '2017-03-21', '2017-03-21'),
(6531, 14, 19, b'0', b'0', b'0', b'0', b'0', '1', '2017-03-21', '2017-03-21'),
(6532, 14, 27, b'0', b'0', b'0', b'0', b'0', '1', '2017-03-21', '2017-03-21'),
(6533, 14, 18, b'0', b'0', b'0', b'0', b'0', '1', '2017-03-21', '2017-03-21'),
(6534, 14, 33, b'0', b'0', b'0', b'0', b'0', '1', '2017-03-21', '2017-03-21'),
(6535, 14, 22, b'0', b'0', b'0', b'0', b'0', '1', '2017-03-21', '2017-03-21'),
(6536, 14, 60, b'0', b'0', b'0', b'0', b'0', '1', '2017-03-21', '2017-03-21'),
(6537, 14, 61, b'0', b'0', b'0', b'0', b'0', '1', '2017-03-21', '2017-03-21'),
(6538, 14, 62, b'0', b'0', b'0', b'0', b'0', '1', '2017-03-21', '2017-03-21'),
(6539, 14, 63, b'0', b'0', b'0', b'0', b'0', '1', '2017-03-21', '2017-03-21'),
(6540, 14, 65, b'0', b'0', b'0', b'0', b'0', '1', '2017-03-21', '2017-03-21'),
(6541, 14, 64, b'0', b'0', b'0', b'0', b'0', '1', '2017-03-21', '2017-03-21'),
(6542, 14, 66, b'1', b'0', b'1', b'1', b'1', '1', '2017-03-21', '2017-03-21'),
(6543, 14, 68, b'1', b'0', b'0', b'0', b'0', '1', '2017-03-21', '2017-03-21'),
(6544, 14, 67, b'1', b'0', b'1', b'1', b'1', '1', '2017-03-21', '2017-03-21'),
(6545, 14, 69, b'0', b'0', b'0', b'0', b'0', '1', '2017-03-21', '2017-03-21'),
(6546, 14, 70, b'0', b'0', b'0', b'0', b'0', '1', '2017-03-21', '2017-03-21'),
(6547, 14, 71, b'0', b'0', b'0', b'0', b'0', '1', '2017-03-21', '2017-03-21'),
(6548, 14, 72, b'0', b'0', b'0', b'0', b'0', '1', '2017-03-21', '2017-03-21'),
(6549, 14, 73, b'1', b'0', b'1', b'1', b'1', '1', '2017-03-21', '2017-03-21'),
(6550, 14, 74, b'1', b'0', b'1', b'1', b'1', '1', '2017-03-21', '2017-03-21'),
(6551, 14, 77, b'0', b'0', b'0', b'0', b'0', '1', '2017-03-21', '2017-03-21'),
(6552, 14, 78, b'0', b'0', b'0', b'0', b'0', '1', '2017-03-21', '2017-03-21'),
(6553, 14, 79, b'0', b'0', b'0', b'0', b'0', '1', '2017-03-21', '2017-03-21'),
(6554, 14, 29, b'0', b'0', b'0', b'0', b'0', '1', '2017-03-21', '2017-03-21'),
(6555, 14, 38, b'0', b'0', b'0', b'0', b'0', '1', '2017-03-21', '2017-03-21'),
(6556, 14, 39, b'0', b'0', b'0', b'0', b'0', '1', '2017-03-21', '2017-03-21'),
(6557, 14, 40, b'0', b'0', b'0', b'0', b'0', '1', '2017-03-21', '2017-03-21'),
(6558, 14, 41, b'0', b'0', b'0', b'0', b'0', '1', '2017-03-21', '2017-03-21'),
(6559, 14, 42, b'0', b'0', b'0', b'0', b'0', '1', '2017-03-21', '2017-03-21'),
(6560, 14, 80, b'0', b'0', b'0', b'0', b'0', '1', '2017-03-21', '2017-03-21'),
(6561, 14, 82, b'0', b'0', b'0', b'0', b'0', '1', '2017-03-21', '2017-03-21'),
(6562, 14, 83, b'0', b'0', b'0', b'0', b'0', '1', '2017-03-21', '2017-03-21'),
(6563, 14, 85, b'0', b'0', b'0', b'0', b'0', '1', '2017-03-21', '2017-03-21'),
(6564, 15, 1, b'1', b'0', b'0', b'0', b'0', '1', '2017-03-21', '2017-03-21'),
(6565, 15, 2, b'0', b'0', b'0', b'0', b'0', '1', '2017-03-21', '2017-03-21'),
(6566, 15, 3, b'0', b'0', b'0', b'0', b'0', '1', '2017-03-21', '2017-03-21'),
(6567, 15, 30, b'0', b'0', b'0', b'0', b'0', '1', '2017-03-21', '2017-03-21'),
(6568, 15, 35, b'0', b'0', b'0', b'0', b'0', '1', '2017-03-21', '2017-03-21'),
(6569, 15, 50, b'0', b'0', b'0', b'0', b'0', '1', '2017-03-21', '2017-03-21'),
(6570, 15, 51, b'0', b'0', b'0', b'0', b'0', '1', '2017-03-21', '2017-03-21'),
(6571, 15, 52, b'1', b'0', b'0', b'0', b'0', '1', '2017-03-21', '2017-03-21'),
(6572, 15, 53, b'0', b'0', b'0', b'0', b'0', '1', '2017-03-21', '2017-03-21'),
(6573, 15, 20, b'1', b'0', b'1', b'1', b'1', '1', '2017-03-21', '2017-03-21'),
(6574, 15, 23, b'1', b'0', b'1', b'1', b'1', '1', '2017-03-21', '2017-03-21'),
(6575, 15, 21, b'1', b'0', b'0', b'0', b'0', '1', '2017-03-21', '2017-03-21'),
(6576, 15, 31, b'1', b'0', b'1', b'1', b'1', '1', '2017-03-21', '2017-03-21'),
(6577, 15, 32, b'0', b'0', b'0', b'0', b'0', '1', '2017-03-21', '2017-03-21'),
(6578, 15, 15, b'0', b'0', b'0', b'0', b'0', '1', '2017-03-21', '2017-03-21'),
(6579, 15, 16, b'0', b'0', b'0', b'0', b'0', '1', '2017-03-21', '2017-03-21'),
(6580, 15, 4, b'0', b'0', b'0', b'0', b'0', '1', '2017-03-21', '2017-03-21'),
(6581, 15, 5, b'0', b'0', b'0', b'0', b'0', '1', '2017-03-21', '2017-03-21'),
(6582, 15, 6, b'0', b'0', b'0', b'0', b'0', '1', '2017-03-21', '2017-03-21'),
(6583, 15, 7, b'0', b'0', b'0', b'0', b'0', '1', '2017-03-21', '2017-03-21'),
(6584, 15, 8, b'0', b'0', b'0', b'0', b'0', '1', '2017-03-21', '2017-03-21'),
(6585, 15, 9, b'0', b'0', b'0', b'0', b'0', '1', '2017-03-21', '2017-03-21'),
(6586, 15, 10, b'0', b'0', b'0', b'0', b'0', '1', '2017-03-21', '2017-03-21'),
(6587, 15, 11, b'0', b'0', b'0', b'0', b'0', '1', '2017-03-21', '2017-03-21'),
(6588, 15, 12, b'0', b'0', b'0', b'0', b'0', '1', '2017-03-21', '2017-03-21'),
(6589, 15, 13, b'0', b'0', b'0', b'0', b'0', '1', '2017-03-21', '2017-03-21'),
(6590, 15, 14, b'0', b'0', b'0', b'0', b'0', '1', '2017-03-21', '2017-03-21'),
(6591, 15, 25, b'0', b'0', b'0', b'0', b'0', '1', '2017-03-21', '2017-03-21'),
(6592, 15, 26, b'0', b'0', b'0', b'0', b'0', '1', '2017-03-21', '2017-03-21'),
(6593, 15, 28, b'0', b'0', b'0', b'0', b'0', '1', '2017-03-21', '2017-03-21'),
(6594, 15, 45, b'0', b'0', b'0', b'0', b'0', '1', '2017-03-21', '2017-03-21'),
(6595, 15, 54, b'0', b'0', b'0', b'0', b'0', '1', '2017-03-21', '2017-03-21'),
(6596, 15, 55, b'0', b'0', b'0', b'0', b'0', '1', '2017-03-21', '2017-03-21'),
(6597, 15, 56, b'0', b'0', b'0', b'0', b'0', '1', '2017-03-21', '2017-03-21'),
(6598, 15, 57, b'0', b'0', b'0', b'0', b'0', '1', '2017-03-21', '2017-03-21'),
(6599, 15, 58, b'0', b'0', b'0', b'0', b'0', '1', '2017-03-21', '2017-03-21'),
(6600, 15, 59, b'0', b'0', b'0', b'0', b'0', '1', '2017-03-21', '2017-03-21'),
(6601, 15, 81, b'0', b'0', b'0', b'0', b'0', '1', '2017-03-21', '2017-03-21'),
(6602, 15, 84, b'0', b'0', b'0', b'0', b'0', '1', '2017-03-21', '2017-03-21'),
(6603, 15, 34, b'1', b'0', b'1', b'1', b'1', '1', '2017-03-21', '2017-03-21'),
(6604, 15, 24, b'1', b'0', b'1', b'1', b'1', '1', '2017-03-21', '2017-03-21'),
(6605, 15, 36, b'0', b'0', b'0', b'0', b'0', '1', '2017-03-21', '2017-03-21'),
(6606, 15, 37, b'0', b'0', b'0', b'0', b'0', '1', '2017-03-21', '2017-03-21'),
(6607, 15, 75, b'0', b'0', b'0', b'0', b'0', '1', '2017-03-21', '2017-03-21'),
(6608, 15, 76, b'0', b'0', b'0', b'0', b'0', '1', '2017-03-21', '2017-03-21'),
(6609, 15, 19, b'0', b'0', b'0', b'0', b'0', '1', '2017-03-21', '2017-03-21'),
(6610, 15, 27, b'0', b'0', b'0', b'0', b'0', '1', '2017-03-21', '2017-03-21'),
(6611, 15, 18, b'0', b'0', b'0', b'0', b'0', '1', '2017-03-21', '2017-03-21'),
(6612, 15, 33, b'0', b'0', b'0', b'0', b'0', '1', '2017-03-21', '2017-03-21'),
(6613, 15, 22, b'0', b'0', b'0', b'0', b'0', '1', '2017-03-21', '2017-03-21'),
(6614, 15, 60, b'0', b'0', b'0', b'0', b'0', '1', '2017-03-21', '2017-03-21'),
(6615, 15, 61, b'0', b'0', b'0', b'0', b'0', '1', '2017-03-21', '2017-03-21'),
(6616, 15, 62, b'0', b'0', b'0', b'0', b'0', '1', '2017-03-21', '2017-03-21'),
(6617, 15, 63, b'1', b'0', b'1', b'1', b'1', '1', '2017-03-21', '2017-03-21'),
(6618, 15, 65, b'1', b'0', b'0', b'0', b'0', '1', '2017-03-21', '2017-03-21'),
(6619, 15, 64, b'1', b'0', b'1', b'1', b'1', '1', '2017-03-21', '2017-03-21'),
(6620, 15, 66, b'0', b'0', b'0', b'0', b'0', '1', '2017-03-21', '2017-03-21'),
(6621, 15, 68, b'0', b'0', b'0', b'0', b'0', '1', '2017-03-21', '2017-03-21'),
(6622, 15, 67, b'1', b'0', b'1', b'1', b'1', '1', '2017-03-21', '2017-03-21'),
(6623, 15, 69, b'0', b'0', b'0', b'0', b'0', '1', '2017-03-21', '2017-03-21'),
(6624, 15, 70, b'0', b'0', b'0', b'0', b'0', '1', '2017-03-21', '2017-03-21'),
(6625, 15, 71, b'1', b'0', b'1', b'1', b'1', '1', '2017-03-21', '2017-03-21'),
(6626, 15, 72, b'1', b'0', b'1', b'1', b'1', '1', '2017-03-21', '2017-03-21'),
(6627, 15, 73, b'0', b'0', b'0', b'0', b'0', '1', '2017-03-21', '2017-03-21'),
(6628, 15, 74, b'0', b'0', b'0', b'0', b'0', '1', '2017-03-21', '2017-03-21'),
(6629, 15, 77, b'0', b'0', b'0', b'0', b'0', '1', '2017-03-21', '2017-03-21'),
(6630, 15, 78, b'0', b'0', b'0', b'0', b'0', '1', '2017-03-21', '2017-03-21'),
(6631, 15, 79, b'0', b'0', b'0', b'0', b'0', '1', '2017-03-21', '2017-03-21'),
(6632, 15, 29, b'0', b'0', b'0', b'0', b'0', '1', '2017-03-21', '2017-03-21'),
(6633, 15, 38, b'0', b'0', b'0', b'0', b'0', '1', '2017-03-21', '2017-03-21'),
(6634, 15, 39, b'0', b'0', b'0', b'0', b'0', '1', '2017-03-21', '2017-03-21'),
(6635, 15, 40, b'0', b'0', b'0', b'0', b'0', '1', '2017-03-21', '2017-03-21'),
(6636, 15, 41, b'0', b'0', b'0', b'0', b'0', '1', '2017-03-21', '2017-03-21'),
(6637, 15, 42, b'0', b'0', b'0', b'0', b'0', '1', '2017-03-21', '2017-03-21'),
(6638, 15, 80, b'0', b'0', b'0', b'0', b'0', '1', '2017-03-21', '2017-03-21'),
(6639, 15, 82, b'0', b'0', b'0', b'0', b'0', '1', '2017-03-21', '2017-03-21'),
(6640, 15, 83, b'0', b'0', b'0', b'0', b'0', '1', '2017-03-21', '2017-03-21'),
(6641, 15, 85, b'0', b'0', b'0', b'0', b'0', '1', '2017-03-21', '2017-03-21'),
(6642, 16, 1, b'1', b'0', b'0', b'0', b'0', '1', '2017-03-21', '2017-03-21'),
(6643, 16, 2, b'0', b'0', b'0', b'0', b'0', '1', '2017-03-21', '2017-03-21'),
(6644, 16, 3, b'0', b'0', b'0', b'0', b'0', '1', '2017-03-21', '2017-03-21'),
(6645, 16, 30, b'0', b'0', b'0', b'0', b'0', '1', '2017-03-21', '2017-03-21'),
(6646, 16, 35, b'0', b'0', b'0', b'0', b'0', '1', '2017-03-21', '2017-03-21'),
(6647, 16, 50, b'0', b'0', b'0', b'0', b'0', '1', '2017-03-21', '2017-03-21'),
(6648, 16, 51, b'0', b'0', b'0', b'0', b'0', '1', '2017-03-21', '2017-03-21'),
(6649, 16, 52, b'1', b'0', b'0', b'0', b'0', '1', '2017-03-21', '2017-03-21'),
(6650, 16, 53, b'0', b'0', b'0', b'0', b'0', '1', '2017-03-21', '2017-03-21'),
(6651, 16, 20, b'1', b'0', b'1', b'1', b'1', '1', '2017-03-21', '2017-03-21'),
(6652, 16, 23, b'1', b'0', b'1', b'1', b'1', '1', '2017-03-21', '2017-03-21'),
(6653, 16, 21, b'1', b'0', b'0', b'0', b'0', '1', '2017-03-21', '2017-03-21'),
(6654, 16, 31, b'1', b'0', b'1', b'1', b'1', '1', '2017-03-21', '2017-03-21'),
(6655, 16, 32, b'0', b'0', b'0', b'0', b'0', '1', '2017-03-21', '2017-03-21'),
(6656, 16, 15, b'0', b'0', b'0', b'0', b'0', '1', '2017-03-21', '2017-03-21'),
(6657, 16, 16, b'0', b'0', b'0', b'0', b'0', '1', '2017-03-21', '2017-03-21'),
(6658, 16, 4, b'0', b'0', b'0', b'0', b'0', '1', '2017-03-21', '2017-03-21'),
(6659, 16, 5, b'0', b'0', b'0', b'0', b'0', '1', '2017-03-21', '2017-03-21'),
(6660, 16, 6, b'0', b'0', b'0', b'0', b'0', '1', '2017-03-21', '2017-03-21'),
(6661, 16, 7, b'0', b'0', b'0', b'0', b'0', '1', '2017-03-21', '2017-03-21'),
(6662, 16, 8, b'0', b'0', b'0', b'0', b'0', '1', '2017-03-21', '2017-03-21'),
(6663, 16, 9, b'0', b'0', b'0', b'0', b'0', '1', '2017-03-21', '2017-03-21'),
(6664, 16, 10, b'0', b'0', b'0', b'0', b'0', '1', '2017-03-21', '2017-03-21'),
(6665, 16, 11, b'0', b'0', b'0', b'0', b'0', '1', '2017-03-21', '2017-03-21'),
(6666, 16, 12, b'0', b'0', b'0', b'0', b'0', '1', '2017-03-21', '2017-03-21'),
(6667, 16, 13, b'0', b'0', b'0', b'0', b'0', '1', '2017-03-21', '2017-03-21'),
(6668, 16, 14, b'0', b'0', b'0', b'0', b'0', '1', '2017-03-21', '2017-03-21'),
(6669, 16, 25, b'0', b'0', b'0', b'0', b'0', '1', '2017-03-21', '2017-03-21'),
(6670, 16, 26, b'0', b'0', b'0', b'0', b'0', '1', '2017-03-21', '2017-03-21'),
(6671, 16, 28, b'0', b'0', b'0', b'0', b'0', '1', '2017-03-21', '2017-03-21'),
(6672, 16, 45, b'0', b'0', b'0', b'0', b'0', '1', '2017-03-21', '2017-03-21'),
(6673, 16, 54, b'0', b'0', b'0', b'0', b'0', '1', '2017-03-21', '2017-03-21'),
(6674, 16, 55, b'0', b'0', b'0', b'0', b'0', '1', '2017-03-21', '2017-03-21'),
(6675, 16, 56, b'0', b'0', b'0', b'0', b'0', '1', '2017-03-21', '2017-03-21'),
(6676, 16, 57, b'0', b'0', b'0', b'0', b'0', '1', '2017-03-21', '2017-03-21'),
(6677, 16, 58, b'0', b'0', b'0', b'0', b'0', '1', '2017-03-21', '2017-03-21'),
(6678, 16, 59, b'0', b'0', b'0', b'0', b'0', '1', '2017-03-21', '2017-03-21'),
(6679, 16, 81, b'0', b'0', b'0', b'0', b'0', '1', '2017-03-21', '2017-03-21'),
(6680, 16, 84, b'0', b'0', b'0', b'0', b'0', '1', '2017-03-21', '2017-03-21'),
(6681, 16, 34, b'1', b'0', b'1', b'1', b'1', '1', '2017-03-21', '2017-03-21'),
(6682, 16, 24, b'1', b'0', b'1', b'1', b'1', '1', '2017-03-21', '2017-03-21'),
(6683, 16, 36, b'0', b'0', b'0', b'0', b'0', '1', '2017-03-21', '2017-03-21'),
(6684, 16, 37, b'0', b'0', b'0', b'0', b'0', '1', '2017-03-21', '2017-03-21'),
(6685, 16, 75, b'0', b'0', b'0', b'0', b'0', '1', '2017-03-21', '2017-03-21'),
(6686, 16, 76, b'0', b'0', b'0', b'0', b'0', '1', '2017-03-21', '2017-03-21'),
(6687, 16, 19, b'0', b'0', b'0', b'0', b'0', '1', '2017-03-21', '2017-03-21'),
(6688, 16, 27, b'0', b'0', b'0', b'0', b'0', '1', '2017-03-21', '2017-03-21'),
(6689, 16, 18, b'0', b'0', b'0', b'0', b'0', '1', '2017-03-21', '2017-03-21'),
(6690, 16, 33, b'0', b'0', b'0', b'0', b'0', '1', '2017-03-21', '2017-03-21'),
(6691, 16, 22, b'0', b'0', b'0', b'0', b'0', '1', '2017-03-21', '2017-03-21'),
(6692, 16, 60, b'0', b'0', b'0', b'0', b'0', '1', '2017-03-21', '2017-03-21'),
(6693, 16, 61, b'0', b'0', b'0', b'0', b'0', '1', '2017-03-21', '2017-03-21'),
(6694, 16, 62, b'0', b'0', b'0', b'0', b'0', '1', '2017-03-21', '2017-03-21'),
(6695, 16, 63, b'1', b'0', b'1', b'1', b'1', '1', '2017-03-21', '2017-03-21'),
(6696, 16, 65, b'1', b'0', b'0', b'0', b'0', '1', '2017-03-21', '2017-03-21'),
(6697, 16, 64, b'1', b'0', b'1', b'1', b'1', '1', '2017-03-21', '2017-03-21'),
(6698, 16, 66, b'0', b'0', b'0', b'0', b'0', '1', '2017-03-21', '2017-03-21'),
(6699, 16, 68, b'0', b'0', b'0', b'0', b'0', '1', '2017-03-21', '2017-03-21'),
(6700, 16, 67, b'1', b'0', b'1', b'1', b'1', '1', '2017-03-21', '2017-03-21'),
(6701, 16, 69, b'0', b'0', b'0', b'0', b'0', '1', '2017-03-21', '2017-03-21'),
(6702, 16, 70, b'0', b'0', b'0', b'0', b'0', '1', '2017-03-21', '2017-03-21'),
(6703, 16, 71, b'1', b'0', b'1', b'1', b'1', '1', '2017-03-21', '2017-03-21'),
(6704, 16, 72, b'1', b'0', b'1', b'1', b'1', '1', '2017-03-21', '2017-03-21'),
(6705, 16, 73, b'0', b'0', b'0', b'0', b'0', '1', '2017-03-21', '2017-03-21'),
(6706, 16, 74, b'0', b'0', b'0', b'0', b'0', '1', '2017-03-21', '2017-03-21'),
(6707, 16, 77, b'0', b'0', b'0', b'0', b'0', '1', '2017-03-21', '2017-03-21'),
(6708, 16, 78, b'0', b'0', b'0', b'0', b'0', '1', '2017-03-21', '2017-03-21'),
(6709, 16, 79, b'0', b'0', b'0', b'0', b'0', '1', '2017-03-21', '2017-03-21'),
(6710, 16, 29, b'0', b'0', b'0', b'0', b'0', '1', '2017-03-21', '2017-03-21'),
(6711, 16, 38, b'0', b'0', b'0', b'0', b'0', '1', '2017-03-21', '2017-03-21'),
(6712, 16, 39, b'0', b'0', b'0', b'0', b'0', '1', '2017-03-21', '2017-03-21'),
(6713, 16, 40, b'0', b'0', b'0', b'0', b'0', '1', '2017-03-21', '2017-03-21'),
(6714, 16, 41, b'0', b'0', b'0', b'0', b'0', '1', '2017-03-21', '2017-03-21'),
(6715, 16, 42, b'0', b'0', b'0', b'0', b'0', '1', '2017-03-21', '2017-03-21'),
(6716, 16, 80, b'0', b'0', b'0', b'0', b'0', '1', '2017-03-21', '2017-03-21'),
(6717, 16, 82, b'0', b'0', b'0', b'0', b'0', '1', '2017-03-21', '2017-03-21'),
(6718, 16, 83, b'0', b'0', b'0', b'0', b'0', '1', '2017-03-21', '2017-03-21'),
(6719, 16, 85, b'0', b'0', b'0', b'0', b'0', '1', '2017-03-21', '2017-03-21'),
(6876, 19, 1, b'1', b'0', b'0', b'0', b'0', '1', '2017-03-21', '2017-03-21'),
(6877, 19, 2, b'1', b'0', b'0', b'0', b'0', '1', '2017-03-21', '2017-03-21'),
(6878, 19, 3, b'1', b'0', b'0', b'0', b'0', '1', '2017-03-21', '2017-03-21'),
(6879, 19, 30, b'1', b'0', b'0', b'0', b'0', '1', '2017-03-21', '2017-03-21'),
(6880, 19, 35, b'1', b'0', b'0', b'0', b'0', '1', '2017-03-21', '2017-03-21'),
(6881, 19, 50, b'1', b'0', b'0', b'0', b'0', '1', '2017-03-21', '2017-03-21'),
(6882, 19, 51, b'1', b'0', b'0', b'0', b'0', '1', '2017-03-21', '2017-03-21'),
(6883, 19, 52, b'1', b'0', b'0', b'0', b'0', '1', '2017-03-21', '2017-03-21'),
(6884, 19, 53, b'1', b'0', b'0', b'0', b'0', '1', '2017-03-21', '2017-03-21'),
(6885, 19, 20, b'1', b'0', b'0', b'0', b'0', '1', '2017-03-21', '2017-03-21'),
(6886, 19, 23, b'1', b'0', b'0', b'0', b'0', '1', '2017-03-21', '2017-03-21'),
(6887, 19, 21, b'1', b'0', b'0', b'0', b'0', '1', '2017-03-21', '2017-03-21'),
(6888, 19, 31, b'1', b'0', b'0', b'0', b'0', '1', '2017-03-21', '2017-03-21'),
(6889, 19, 32, b'1', b'0', b'0', b'0', b'0', '1', '2017-03-21', '2017-03-21'),
(6890, 19, 15, b'1', b'0', b'0', b'0', b'0', '1', '2017-03-21', '2017-03-21'),
(6891, 19, 16, b'1', b'0', b'0', b'0', b'0', '1', '2017-03-21', '2017-03-21'),
(6892, 19, 4, b'1', b'0', b'0', b'0', b'0', '1', '2017-03-21', '2017-03-21'),
(6893, 19, 5, b'1', b'0', b'0', b'0', b'0', '1', '2017-03-21', '2017-03-21'),
(6894, 19, 6, b'1', b'0', b'0', b'0', b'0', '1', '2017-03-21', '2017-03-21'),
(6895, 19, 7, b'1', b'0', b'0', b'0', b'0', '1', '2017-03-21', '2017-03-21'),
(6896, 19, 8, b'1', b'0', b'0', b'0', b'0', '1', '2017-03-21', '2017-03-21'),
(6897, 19, 9, b'1', b'0', b'0', b'0', b'0', '1', '2017-03-21', '2017-03-21'),
(6898, 19, 10, b'1', b'0', b'0', b'0', b'0', '1', '2017-03-21', '2017-03-21'),
(6899, 19, 11, b'1', b'0', b'0', b'0', b'0', '1', '2017-03-21', '2017-03-21'),
(6900, 19, 12, b'1', b'0', b'0', b'0', b'0', '1', '2017-03-21', '2017-03-21'),
(6901, 19, 13, b'1', b'0', b'0', b'0', b'0', '1', '2017-03-21', '2017-03-21'),
(6902, 19, 14, b'1', b'0', b'0', b'0', b'0', '1', '2017-03-21', '2017-03-21'),
(6903, 19, 25, b'1', b'0', b'0', b'0', b'0', '1', '2017-03-21', '2017-03-21'),
(6904, 19, 26, b'1', b'0', b'0', b'0', b'0', '1', '2017-03-21', '2017-03-21'),
(6905, 19, 28, b'1', b'0', b'0', b'0', b'0', '1', '2017-03-21', '2017-03-21'),
(6906, 19, 45, b'1', b'0', b'0', b'0', b'0', '1', '2017-03-21', '2017-03-21'),
(6907, 19, 54, b'1', b'0', b'0', b'0', b'0', '1', '2017-03-21', '2017-03-21'),
(6908, 19, 55, b'1', b'0', b'0', b'0', b'0', '1', '2017-03-21', '2017-03-21'),
(6909, 19, 56, b'1', b'0', b'0', b'0', b'0', '1', '2017-03-21', '2017-03-21'),
(6910, 19, 57, b'1', b'0', b'0', b'0', b'0', '1', '2017-03-21', '2017-03-21'),
(6911, 19, 58, b'1', b'0', b'0', b'0', b'0', '1', '2017-03-21', '2017-03-21'),
(6912, 19, 59, b'1', b'0', b'0', b'0', b'0', '1', '2017-03-21', '2017-03-21'),
(6913, 19, 81, b'1', b'0', b'0', b'0', b'0', '1', '2017-03-21', '2017-03-21'),
(6914, 19, 84, b'1', b'0', b'0', b'0', b'0', '1', '2017-03-21', '2017-03-21'),
(6915, 19, 34, b'1', b'0', b'0', b'0', b'0', '1', '2017-03-21', '2017-03-21'),
(6916, 19, 24, b'1', b'0', b'0', b'0', b'0', '1', '2017-03-21', '2017-03-21'),
(6917, 19, 36, b'0', b'0', b'0', b'0', b'0', '1', '2017-03-21', '2017-03-21'),
(6918, 19, 37, b'0', b'0', b'0', b'0', b'0', '1', '2017-03-21', '2017-03-21'),
(6919, 19, 75, b'1', b'0', b'0', b'0', b'0', '1', '2017-03-21', '2017-03-21'),
(6920, 19, 76, b'1', b'0', b'0', b'0', b'0', '1', '2017-03-21', '2017-03-21'),
(6921, 19, 19, b'1', b'0', b'0', b'0', b'0', '1', '2017-03-21', '2017-03-21'),
(6922, 19, 27, b'1', b'0', b'0', b'0', b'0', '1', '2017-03-21', '2017-03-21'),
(6923, 19, 18, b'1', b'0', b'0', b'0', b'0', '1', '2017-03-21', '2017-03-21'),
(6924, 19, 33, b'1', b'0', b'0', b'0', b'0', '1', '2017-03-21', '2017-03-21'),
(6925, 19, 22, b'1', b'0', b'0', b'0', b'0', '1', '2017-03-21', '2017-03-21'),
(6926, 19, 60, b'1', b'0', b'0', b'0', b'0', '1', '2017-03-21', '2017-03-21'),
(6927, 19, 61, b'1', b'0', b'0', b'0', b'0', '1', '2017-03-21', '2017-03-21'),
(6928, 19, 62, b'1', b'0', b'0', b'0', b'0', '1', '2017-03-21', '2017-03-21'),
(6929, 19, 63, b'1', b'0', b'0', b'0', b'0', '1', '2017-03-21', '2017-03-21'),
(6930, 19, 65, b'1', b'0', b'0', b'0', b'0', '1', '2017-03-21', '2017-03-21'),
(6931, 19, 64, b'1', b'0', b'0', b'0', b'0', '1', '2017-03-21', '2017-03-21'),
(6932, 19, 66, b'1', b'0', b'0', b'0', b'0', '1', '2017-03-21', '2017-03-21'),
(6933, 19, 68, b'1', b'0', b'0', b'0', b'0', '1', '2017-03-21', '2017-03-21'),
(6934, 19, 67, b'1', b'0', b'0', b'0', b'0', '1', '2017-03-21', '2017-03-21'),
(6935, 19, 69, b'1', b'0', b'0', b'0', b'0', '1', '2017-03-21', '2017-03-21'),
(6936, 19, 70, b'1', b'0', b'0', b'0', b'0', '1', '2017-03-21', '2017-03-21'),
(6937, 19, 71, b'1', b'0', b'0', b'0', b'0', '1', '2017-03-21', '2017-03-21'),
(6938, 19, 72, b'1', b'0', b'0', b'0', b'0', '1', '2017-03-21', '2017-03-21'),
(6939, 19, 73, b'1', b'0', b'0', b'0', b'0', '1', '2017-03-21', '2017-03-21'),
(6940, 19, 74, b'1', b'0', b'0', b'0', b'0', '1', '2017-03-21', '2017-03-21'),
(6941, 19, 77, b'1', b'0', b'0', b'0', b'0', '1', '2017-03-21', '2017-03-21'),
(6942, 19, 78, b'1', b'0', b'0', b'0', b'0', '1', '2017-03-21', '2017-03-21'),
(6943, 19, 79, b'1', b'0', b'0', b'0', b'0', '1', '2017-03-21', '2017-03-21'),
(6944, 19, 29, b'1', b'0', b'0', b'0', b'0', '1', '2017-03-21', '2017-03-21'),
(6945, 19, 38, b'0', b'0', b'0', b'0', b'0', '1', '2017-03-21', '2017-03-21'),
(6946, 19, 39, b'1', b'0', b'0', b'0', b'0', '1', '2017-03-21', '2017-03-21'),
(6947, 19, 40, b'1', b'0', b'0', b'0', b'0', '1', '2017-03-21', '2017-03-21'),
(6948, 19, 41, b'1', b'0', b'0', b'0', b'0', '1', '2017-03-21', '2017-03-21'),
(6949, 19, 42, b'1', b'0', b'0', b'0', b'0', '1', '2017-03-21', '2017-03-21'),
(6950, 19, 80, b'1', b'0', b'0', b'0', b'0', '1', '2017-03-21', '2017-03-21'),
(6951, 19, 82, b'1', b'0', b'0', b'0', b'0', '1', '2017-03-21', '2017-03-21'),
(6952, 19, 83, b'1', b'0', b'0', b'0', b'0', '1', '2017-03-21', '2017-03-21'),
(6953, 19, 85, b'1', b'0', b'0', b'0', b'0', '1', '2017-03-21', '2017-03-21'),
(7110, 18, 1, b'1', b'0', b'0', b'0', b'0', '1', '2017-03-22', '2017-03-22'),
(7111, 18, 2, b'1', b'0', b'0', b'0', b'0', '1', '2017-03-22', '2017-03-22'),
(7112, 18, 3, b'1', b'0', b'0', b'0', b'0', '1', '2017-03-22', '2017-03-22'),
(7113, 18, 30, b'1', b'0', b'0', b'0', b'0', '1', '2017-03-22', '2017-03-22'),
(7114, 18, 35, b'0', b'0', b'0', b'0', b'0', '1', '2017-03-22', '2017-03-22'),
(7115, 18, 50, b'1', b'0', b'0', b'0', b'0', '1', '2017-03-22', '2017-03-22'),
(7116, 18, 51, b'1', b'0', b'0', b'0', b'0', '1', '2017-03-22', '2017-03-22'),
(7117, 18, 52, b'1', b'0', b'0', b'0', b'0', '1', '2017-03-22', '2017-03-22'),
(7118, 18, 53, b'1', b'0', b'0', b'0', b'0', '1', '2017-03-22', '2017-03-22'),
(7119, 18, 20, b'1', b'0', b'1', b'1', b'1', '1', '2017-03-22', '2017-03-22'),
(7120, 18, 23, b'1', b'0', b'1', b'1', b'1', '1', '2017-03-22', '2017-03-22'),
(7121, 18, 21, b'1', b'0', b'0', b'0', b'0', '1', '2017-03-22', '2017-03-22'),
(7122, 18, 31, b'1', b'0', b'1', b'1', b'1', '1', '2017-03-22', '2017-03-22'),
(7123, 18, 32, b'1', b'0', b'1', b'1', b'1', '1', '2017-03-22', '2017-03-22'),
(7124, 18, 15, b'1', b'0', b'1', b'1', b'1', '1', '2017-03-22', '2017-03-22'),
(7125, 18, 16, b'1', b'0', b'1', b'1', b'1', '1', '2017-03-22', '2017-03-22'),
(7126, 18, 4, b'1', b'0', b'1', b'1', b'1', '1', '2017-03-22', '2017-03-22'),
(7127, 18, 5, b'1', b'0', b'1', b'1', b'1', '1', '2017-03-22', '2017-03-22'),
(7128, 18, 6, b'1', b'0', b'1', b'1', b'1', '1', '2017-03-22', '2017-03-22'),
(7129, 18, 7, b'1', b'0', b'1', b'1', b'1', '1', '2017-03-22', '2017-03-22'),
(7130, 18, 8, b'1', b'0', b'1', b'1', b'1', '1', '2017-03-22', '2017-03-22'),
(7131, 18, 9, b'1', b'0', b'1', b'1', b'1', '1', '2017-03-22', '2017-03-22'),
(7132, 18, 10, b'1', b'0', b'1', b'1', b'1', '1', '2017-03-22', '2017-03-22'),
(7133, 18, 11, b'1', b'0', b'1', b'1', b'1', '1', '2017-03-22', '2017-03-22'),
(7134, 18, 12, b'1', b'0', b'1', b'1', b'1', '1', '2017-03-22', '2017-03-22'),
(7135, 18, 13, b'1', b'0', b'1', b'1', b'1', '1', '2017-03-22', '2017-03-22'),
(7136, 18, 14, b'1', b'0', b'1', b'1', b'1', '1', '2017-03-22', '2017-03-22'),
(7137, 18, 25, b'1', b'0', b'1', b'1', b'1', '1', '2017-03-22', '2017-03-22'),
(7138, 18, 26, b'1', b'0', b'1', b'1', b'1', '1', '2017-03-22', '2017-03-22'),
(7139, 18, 28, b'1', b'0', b'1', b'1', b'1', '1', '2017-03-22', '2017-03-22'),
(7140, 18, 45, b'1', b'0', b'1', b'1', b'1', '1', '2017-03-22', '2017-03-22'),
(7141, 18, 54, b'1', b'0', b'1', b'1', b'1', '1', '2017-03-22', '2017-03-22'),
(7142, 18, 55, b'1', b'0', b'1', b'1', b'1', '1', '2017-03-22', '2017-03-22'),
(7143, 18, 56, b'1', b'0', b'1', b'1', b'1', '1', '2017-03-22', '2017-03-22'),
(7144, 18, 57, b'1', b'0', b'1', b'1', b'1', '1', '2017-03-22', '2017-03-22'),
(7145, 18, 58, b'1', b'0', b'1', b'1', b'1', '1', '2017-03-22', '2017-03-22'),
(7146, 18, 59, b'1', b'0', b'1', b'1', b'1', '1', '2017-03-22', '2017-03-22'),
(7147, 18, 81, b'1', b'0', b'1', b'1', b'1', '1', '2017-03-22', '2017-03-22'),
(7148, 18, 84, b'1', b'0', b'1', b'1', b'1', '1', '2017-03-22', '2017-03-22'),
(7149, 18, 34, b'1', b'0', b'1', b'1', b'1', '1', '2017-03-22', '2017-03-22'),
(7150, 18, 24, b'1', b'0', b'1', b'1', b'1', '1', '2017-03-22', '2017-03-22'),
(7151, 18, 36, b'0', b'0', b'0', b'0', b'0', '1', '2017-03-22', '2017-03-22'),
(7152, 18, 37, b'0', b'0', b'0', b'0', b'0', '1', '2017-03-22', '2017-03-22'),
(7153, 18, 75, b'1', b'0', b'0', b'0', b'0', '1', '2017-03-22', '2017-03-22'),
(7154, 18, 76, b'1', b'0', b'0', b'0', b'0', '1', '2017-03-22', '2017-03-22'),
(7155, 18, 19, b'1', b'0', b'1', b'1', b'1', '1', '2017-03-22', '2017-03-22'),
(7156, 18, 27, b'1', b'0', b'1', b'1', b'1', '1', '2017-03-22', '2017-03-22'),
(7157, 18, 18, b'1', b'0', b'1', b'1', b'1', '1', '2017-03-22', '2017-03-22'),
(7158, 18, 33, b'1', b'0', b'0', b'0', b'0', '1', '2017-03-22', '2017-03-22'),
(7159, 18, 22, b'1', b'0', b'1', b'1', b'1', '1', '2017-03-22', '2017-03-22'),
(7160, 18, 60, b'1', b'0', b'1', b'1', b'1', '1', '2017-03-22', '2017-03-22'),
(7161, 18, 61, b'1', b'0', b'0', b'0', b'0', '1', '2017-03-22', '2017-03-22'),
(7162, 18, 62, b'1', b'0', b'1', b'1', b'1', '1', '2017-03-22', '2017-03-22'),
(7163, 18, 63, b'1', b'0', b'1', b'1', b'1', '1', '2017-03-22', '2017-03-22'),
(7164, 18, 65, b'1', b'0', b'0', b'0', b'0', '1', '2017-03-22', '2017-03-22'),
(7165, 18, 64, b'1', b'0', b'1', b'1', b'1', '1', '2017-03-22', '2017-03-22'),
(7166, 18, 66, b'1', b'0', b'1', b'1', b'1', '1', '2017-03-22', '2017-03-22'),
(7167, 18, 68, b'1', b'0', b'0', b'0', b'0', '1', '2017-03-22', '2017-03-22'),
(7168, 18, 67, b'1', b'0', b'1', b'1', b'1', '1', '2017-03-22', '2017-03-22'),
(7169, 18, 69, b'1', b'0', b'1', b'1', b'1', '1', '2017-03-22', '2017-03-22'),
(7170, 18, 70, b'1', b'0', b'1', b'1', b'1', '1', '2017-03-22', '2017-03-22'),
(7171, 18, 71, b'1', b'0', b'1', b'1', b'1', '1', '2017-03-22', '2017-03-22'),
(7172, 18, 72, b'1', b'0', b'1', b'1', b'1', '1', '2017-03-22', '2017-03-22'),
(7173, 18, 73, b'1', b'0', b'1', b'1', b'1', '1', '2017-03-22', '2017-03-22'),
(7174, 18, 74, b'1', b'0', b'1', b'1', b'1', '1', '2017-03-22', '2017-03-22'),
(7175, 18, 77, b'1', b'0', b'1', b'1', b'1', '1', '2017-03-22', '2017-03-22'),
(7176, 18, 78, b'1', b'0', b'1', b'1', b'1', '1', '2017-03-22', '2017-03-22'),
(7177, 18, 79, b'1', b'0', b'1', b'1', b'1', '1', '2017-03-22', '2017-03-22'),
(7178, 18, 29, b'1', b'0', b'1', b'1', b'1', '1', '2017-03-22', '2017-03-22'),
(7179, 18, 38, b'1', b'0', b'1', b'1', b'1', '1', '2017-03-22', '2017-03-22'),
(7180, 18, 39, b'1', b'0', b'1', b'1', b'1', '1', '2017-03-22', '2017-03-22'),
(7181, 18, 40, b'1', b'0', b'1', b'1', b'1', '1', '2017-03-22', '2017-03-22'),
(7182, 18, 41, b'1', b'0', b'1', b'1', b'1', '1', '2017-03-22', '2017-03-22'),
(7183, 18, 42, b'1', b'0', b'1', b'1', b'1', '1', '2017-03-22', '2017-03-22'),
(7184, 18, 80, b'1', b'0', b'1', b'1', b'1', '1', '2017-03-22', '2017-03-22'),
(7185, 18, 82, b'1', b'0', b'1', b'1', b'1', '1', '2017-03-22', '2017-03-22'),
(7186, 18, 83, b'1', b'0', b'1', b'1', b'0', '1', '2017-03-22', '2017-03-22'),
(7187, 18, 85, b'1', b'0', b'1', b'1', b'1', '1', '2017-03-22', '2017-03-22'),
(7188, 17, 1, b'1', b'0', b'0', b'0', b'0', '1', '2017-03-22', '2017-03-22'),
(7189, 17, 2, b'1', b'0', b'0', b'0', b'0', '1', '2017-03-22', '2017-03-22'),
(7190, 17, 3, b'1', b'0', b'0', b'0', b'0', '1', '2017-03-22', '2017-03-22'),
(7191, 17, 30, b'1', b'0', b'0', b'0', b'0', '1', '2017-03-22', '2017-03-22'),
(7192, 17, 35, b'0', b'0', b'0', b'0', b'0', '1', '2017-03-22', '2017-03-22'),
(7193, 17, 50, b'1', b'0', b'0', b'0', b'0', '1', '2017-03-22', '2017-03-22'),
(7194, 17, 51, b'1', b'0', b'0', b'0', b'0', '1', '2017-03-22', '2017-03-22'),
(7195, 17, 52, b'1', b'0', b'0', b'0', b'0', '1', '2017-03-22', '2017-03-22'),
(7196, 17, 53, b'1', b'0', b'0', b'0', b'0', '1', '2017-03-22', '2017-03-22'),
(7197, 17, 20, b'1', b'0', b'0', b'0', b'0', '1', '2017-03-22', '2017-03-22'),
(7198, 17, 23, b'1', b'0', b'0', b'0', b'0', '1', '2017-03-22', '2017-03-22'),
(7199, 17, 21, b'1', b'0', b'0', b'0', b'0', '1', '2017-03-22', '2017-03-22'),
(7200, 17, 31, b'1', b'0', b'0', b'0', b'0', '1', '2017-03-22', '2017-03-22'),
(7201, 17, 32, b'1', b'0', b'0', b'0', b'0', '1', '2017-03-22', '2017-03-22'),
(7202, 17, 15, b'1', b'0', b'0', b'0', b'0', '1', '2017-03-22', '2017-03-22'),
(7203, 17, 16, b'1', b'0', b'0', b'0', b'0', '1', '2017-03-22', '2017-03-22'),
(7204, 17, 4, b'1', b'0', b'0', b'0', b'0', '1', '2017-03-22', '2017-03-22'),
(7205, 17, 5, b'1', b'0', b'0', b'0', b'0', '1', '2017-03-22', '2017-03-22'),
(7206, 17, 6, b'1', b'0', b'0', b'0', b'0', '1', '2017-03-22', '2017-03-22'),
(7207, 17, 7, b'1', b'0', b'0', b'0', b'0', '1', '2017-03-22', '2017-03-22'),
(7208, 17, 8, b'1', b'0', b'0', b'0', b'0', '1', '2017-03-22', '2017-03-22'),
(7209, 17, 9, b'1', b'0', b'0', b'0', b'0', '1', '2017-03-22', '2017-03-22'),
(7210, 17, 10, b'1', b'0', b'0', b'0', b'0', '1', '2017-03-22', '2017-03-22'),
(7211, 17, 11, b'1', b'0', b'0', b'0', b'0', '1', '2017-03-22', '2017-03-22'),
(7212, 17, 12, b'1', b'0', b'0', b'0', b'0', '1', '2017-03-22', '2017-03-22'),
(7213, 17, 13, b'1', b'0', b'0', b'0', b'0', '1', '2017-03-22', '2017-03-22'),
(7214, 17, 14, b'1', b'0', b'0', b'0', b'0', '1', '2017-03-22', '2017-03-22'),
(7215, 17, 25, b'1', b'0', b'0', b'0', b'0', '1', '2017-03-22', '2017-03-22'),
(7216, 17, 26, b'1', b'0', b'0', b'0', b'0', '1', '2017-03-22', '2017-03-22'),
(7217, 17, 28, b'1', b'0', b'0', b'0', b'0', '1', '2017-03-22', '2017-03-22'),
(7218, 17, 45, b'1', b'0', b'0', b'0', b'0', '1', '2017-03-22', '2017-03-22'),
(7219, 17, 54, b'1', b'0', b'0', b'0', b'0', '1', '2017-03-22', '2017-03-22'),
(7220, 17, 55, b'1', b'0', b'0', b'0', b'0', '1', '2017-03-22', '2017-03-22'),
(7221, 17, 56, b'1', b'0', b'0', b'0', b'0', '1', '2017-03-22', '2017-03-22'),
(7222, 17, 57, b'1', b'0', b'0', b'0', b'0', '1', '2017-03-22', '2017-03-22'),
(7223, 17, 58, b'1', b'0', b'0', b'0', b'0', '1', '2017-03-22', '2017-03-22'),
(7224, 17, 59, b'1', b'0', b'0', b'0', b'0', '1', '2017-03-22', '2017-03-22'),
(7225, 17, 81, b'1', b'0', b'0', b'0', b'0', '1', '2017-03-22', '2017-03-22'),
(7226, 17, 84, b'1', b'0', b'0', b'0', b'0', '1', '2017-03-22', '2017-03-22'),
(7227, 17, 34, b'1', b'0', b'0', b'0', b'0', '1', '2017-03-22', '2017-03-22'),
(7228, 17, 24, b'1', b'0', b'0', b'0', b'0', '1', '2017-03-22', '2017-03-22'),
(7229, 17, 36, b'0', b'0', b'0', b'0', b'0', '1', '2017-03-22', '2017-03-22'),
(7230, 17, 37, b'0', b'0', b'0', b'0', b'0', '1', '2017-03-22', '2017-03-22'),
(7231, 17, 75, b'1', b'0', b'0', b'0', b'0', '1', '2017-03-22', '2017-03-22'),
(7232, 17, 76, b'1', b'0', b'0', b'0', b'0', '1', '2017-03-22', '2017-03-22'),
(7233, 17, 19, b'1', b'0', b'0', b'0', b'0', '1', '2017-03-22', '2017-03-22'),
(7234, 17, 27, b'1', b'0', b'0', b'0', b'0', '1', '2017-03-22', '2017-03-22'),
(7235, 17, 18, b'1', b'0', b'0', b'0', b'0', '1', '2017-03-22', '2017-03-22'),
(7236, 17, 33, b'1', b'0', b'0', b'0', b'0', '1', '2017-03-22', '2017-03-22'),
(7237, 17, 22, b'1', b'0', b'0', b'0', b'0', '1', '2017-03-22', '2017-03-22'),
(7238, 17, 60, b'1', b'0', b'0', b'0', b'0', '1', '2017-03-22', '2017-03-22'),
(7239, 17, 61, b'1', b'0', b'0', b'0', b'0', '1', '2017-03-22', '2017-03-22'),
(7240, 17, 62, b'1', b'0', b'0', b'0', b'0', '1', '2017-03-22', '2017-03-22'),
(7241, 17, 63, b'1', b'0', b'0', b'0', b'0', '1', '2017-03-22', '2017-03-22'),
(7242, 17, 65, b'1', b'0', b'0', b'0', b'0', '1', '2017-03-22', '2017-03-22'),
(7243, 17, 64, b'1', b'0', b'0', b'0', b'0', '1', '2017-03-22', '2017-03-22'),
(7244, 17, 66, b'1', b'0', b'0', b'0', b'0', '1', '2017-03-22', '2017-03-22'),
(7245, 17, 68, b'1', b'0', b'0', b'0', b'0', '1', '2017-03-22', '2017-03-22'),
(7246, 17, 67, b'1', b'0', b'0', b'0', b'0', '1', '2017-03-22', '2017-03-22'),
(7247, 17, 69, b'1', b'0', b'0', b'0', b'0', '1', '2017-03-22', '2017-03-22'),
(7248, 17, 70, b'1', b'0', b'0', b'0', b'0', '1', '2017-03-22', '2017-03-22'),
(7249, 17, 71, b'1', b'0', b'0', b'0', b'0', '1', '2017-03-22', '2017-03-22'),
(7250, 17, 72, b'1', b'0', b'0', b'0', b'0', '1', '2017-03-22', '2017-03-22'),
(7251, 17, 73, b'1', b'0', b'0', b'0', b'0', '1', '2017-03-22', '2017-03-22'),
(7252, 17, 74, b'1', b'0', b'0', b'0', b'0', '1', '2017-03-22', '2017-03-22'),
(7253, 17, 77, b'1', b'0', b'0', b'0', b'0', '1', '2017-03-22', '2017-03-22'),
(7254, 17, 78, b'1', b'0', b'0', b'0', b'0', '1', '2017-03-22', '2017-03-22'),
(7255, 17, 79, b'1', b'0', b'0', b'0', b'0', '1', '2017-03-22', '2017-03-22'),
(7256, 17, 29, b'1', b'0', b'0', b'0', b'0', '1', '2017-03-22', '2017-03-22'),
(7257, 17, 38, b'1', b'0', b'0', b'0', b'0', '1', '2017-03-22', '2017-03-22'),
(7258, 17, 39, b'1', b'0', b'0', b'0', b'0', '1', '2017-03-22', '2017-03-22'),
(7259, 17, 40, b'1', b'0', b'0', b'0', b'0', '1', '2017-03-22', '2017-03-22'),
(7260, 17, 41, b'1', b'0', b'0', b'0', b'0', '1', '2017-03-22', '2017-03-22'),
(7261, 17, 42, b'1', b'0', b'0', b'0', b'0', '1', '2017-03-22', '2017-03-22'),
(7262, 17, 80, b'1', b'0', b'0', b'0', b'0', '1', '2017-03-22', '2017-03-22'),
(7263, 17, 82, b'1', b'0', b'0', b'0', b'0', '1', '2017-03-22', '2017-03-22'),
(7264, 17, 83, b'1', b'0', b'0', b'0', b'0', '1', '2017-03-22', '2017-03-22'),
(7265, 17, 85, b'1', b'0', b'0', b'0', b'0', '1', '2017-03-22', '2017-03-22'),
(7266, 21, 1, b'1', b'0', b'0', b'0', b'0', '1', '2017-03-22', '2017-03-22'),
(7267, 21, 2, b'1', b'0', b'0', b'0', b'0', '1', '2017-03-22', '2017-03-22'),
(7268, 21, 3, b'1', b'0', b'0', b'0', b'0', '1', '2017-03-22', '2017-03-22'),
(7269, 21, 30, b'1', b'0', b'0', b'0', b'0', '1', '2017-03-22', '2017-03-22'),
(7270, 21, 35, b'0', b'0', b'0', b'0', b'0', '1', '2017-03-22', '2017-03-22'),
(7271, 21, 50, b'1', b'0', b'0', b'0', b'0', '1', '2017-03-22', '2017-03-22'),
(7272, 21, 51, b'1', b'0', b'0', b'0', b'0', '1', '2017-03-22', '2017-03-22'),
(7273, 21, 52, b'1', b'0', b'0', b'0', b'0', '1', '2017-03-22', '2017-03-22'),
(7274, 21, 53, b'1', b'0', b'0', b'0', b'0', '1', '2017-03-22', '2017-03-22'),
(7275, 21, 20, b'1', b'0', b'0', b'0', b'0', '1', '2017-03-22', '2017-03-22'),
(7276, 21, 23, b'1', b'0', b'0', b'0', b'0', '1', '2017-03-22', '2017-03-22'),
(7277, 21, 21, b'1', b'0', b'0', b'0', b'0', '1', '2017-03-22', '2017-03-22'),
(7278, 21, 31, b'1', b'0', b'0', b'0', b'0', '1', '2017-03-22', '2017-03-22'),
(7279, 21, 32, b'1', b'0', b'0', b'0', b'0', '1', '2017-03-22', '2017-03-22'),
(7280, 21, 15, b'1', b'0', b'0', b'0', b'0', '1', '2017-03-22', '2017-03-22'),
(7281, 21, 16, b'1', b'0', b'0', b'0', b'0', '1', '2017-03-22', '2017-03-22'),
(7282, 21, 4, b'1', b'0', b'0', b'0', b'0', '1', '2017-03-22', '2017-03-22'),
(7283, 21, 5, b'1', b'0', b'0', b'0', b'0', '1', '2017-03-22', '2017-03-22'),
(7284, 21, 6, b'1', b'0', b'0', b'0', b'0', '1', '2017-03-22', '2017-03-22'),
(7285, 21, 7, b'1', b'0', b'0', b'0', b'0', '1', '2017-03-22', '2017-03-22'),
(7286, 21, 8, b'1', b'0', b'0', b'0', b'0', '1', '2017-03-22', '2017-03-22'),
(7287, 21, 9, b'1', b'0', b'0', b'0', b'0', '1', '2017-03-22', '2017-03-22'),
(7288, 21, 10, b'1', b'0', b'0', b'0', b'0', '1', '2017-03-22', '2017-03-22'),
(7289, 21, 11, b'1', b'0', b'0', b'0', b'0', '1', '2017-03-22', '2017-03-22'),
(7290, 21, 12, b'1', b'0', b'0', b'0', b'0', '1', '2017-03-22', '2017-03-22'),
(7291, 21, 13, b'1', b'0', b'0', b'0', b'0', '1', '2017-03-22', '2017-03-22'),
(7292, 21, 14, b'1', b'0', b'0', b'0', b'0', '1', '2017-03-22', '2017-03-22'),
(7293, 21, 25, b'1', b'0', b'0', b'0', b'0', '1', '2017-03-22', '2017-03-22'),
(7294, 21, 26, b'1', b'0', b'0', b'0', b'0', '1', '2017-03-22', '2017-03-22'),
(7295, 21, 28, b'1', b'0', b'0', b'0', b'0', '1', '2017-03-22', '2017-03-22'),
(7296, 21, 45, b'1', b'0', b'0', b'0', b'0', '1', '2017-03-22', '2017-03-22'),
(7297, 21, 54, b'1', b'0', b'0', b'0', b'0', '1', '2017-03-22', '2017-03-22'),
(7298, 21, 55, b'1', b'0', b'0', b'0', b'0', '1', '2017-03-22', '2017-03-22'),
(7299, 21, 56, b'1', b'0', b'0', b'0', b'0', '1', '2017-03-22', '2017-03-22'),
(7300, 21, 57, b'1', b'0', b'0', b'0', b'0', '1', '2017-03-22', '2017-03-22'),
(7301, 21, 58, b'1', b'0', b'0', b'0', b'0', '1', '2017-03-22', '2017-03-22'),
(7302, 21, 59, b'1', b'0', b'0', b'0', b'0', '1', '2017-03-22', '2017-03-22'),
(7303, 21, 81, b'1', b'0', b'0', b'0', b'0', '1', '2017-03-22', '2017-03-22'),
(7304, 21, 84, b'1', b'0', b'0', b'0', b'0', '1', '2017-03-22', '2017-03-22'),
(7305, 21, 34, b'1', b'0', b'0', b'0', b'0', '1', '2017-03-22', '2017-03-22'),
(7306, 21, 24, b'1', b'0', b'0', b'0', b'0', '1', '2017-03-22', '2017-03-22'),
(7307, 21, 36, b'0', b'0', b'0', b'0', b'0', '1', '2017-03-22', '2017-03-22'),
(7308, 21, 37, b'0', b'0', b'0', b'0', b'0', '1', '2017-03-22', '2017-03-22'),
(7309, 21, 75, b'1', b'0', b'0', b'0', b'0', '1', '2017-03-22', '2017-03-22'),
(7310, 21, 76, b'1', b'0', b'0', b'0', b'0', '1', '2017-03-22', '2017-03-22'),
(7311, 21, 19, b'1', b'0', b'0', b'0', b'0', '1', '2017-03-22', '2017-03-22'),
(7312, 21, 27, b'1', b'0', b'0', b'0', b'0', '1', '2017-03-22', '2017-03-22'),
(7313, 21, 18, b'1', b'0', b'0', b'0', b'0', '1', '2017-03-22', '2017-03-22'),
(7314, 21, 33, b'1', b'0', b'0', b'0', b'0', '1', '2017-03-22', '2017-03-22'),
(7315, 21, 22, b'1', b'0', b'0', b'0', b'0', '1', '2017-03-22', '2017-03-22'),
(7316, 21, 60, b'1', b'0', b'0', b'0', b'0', '1', '2017-03-22', '2017-03-22'),
(7317, 21, 61, b'1', b'0', b'0', b'0', b'0', '1', '2017-03-22', '2017-03-22'),
(7318, 21, 62, b'1', b'0', b'0', b'0', b'0', '1', '2017-03-22', '2017-03-22'),
(7319, 21, 63, b'1', b'0', b'0', b'0', b'0', '1', '2017-03-22', '2017-03-22'),
(7320, 21, 65, b'1', b'0', b'0', b'0', b'0', '1', '2017-03-22', '2017-03-22'),
(7321, 21, 64, b'1', b'0', b'0', b'0', b'0', '1', '2017-03-22', '2017-03-22'),
(7322, 21, 66, b'1', b'0', b'0', b'0', b'0', '1', '2017-03-22', '2017-03-22'),
(7323, 21, 68, b'1', b'0', b'0', b'0', b'0', '1', '2017-03-22', '2017-03-22'),
(7324, 21, 67, b'1', b'0', b'0', b'0', b'0', '1', '2017-03-22', '2017-03-22'),
(7325, 21, 69, b'1', b'0', b'0', b'0', b'0', '1', '2017-03-22', '2017-03-22'),
(7326, 21, 70, b'1', b'0', b'0', b'0', b'0', '1', '2017-03-22', '2017-03-22'),
(7327, 21, 71, b'1', b'0', b'0', b'0', b'0', '1', '2017-03-22', '2017-03-22'),
(7328, 21, 72, b'1', b'0', b'0', b'0', b'0', '1', '2017-03-22', '2017-03-22'),
(7329, 21, 73, b'1', b'0', b'0', b'0', b'0', '1', '2017-03-22', '2017-03-22'),
(7330, 21, 74, b'1', b'0', b'0', b'0', b'0', '1', '2017-03-22', '2017-03-22'),
(7331, 21, 77, b'1', b'0', b'0', b'0', b'0', '1', '2017-03-22', '2017-03-22'),
(7332, 21, 78, b'1', b'0', b'0', b'0', b'0', '1', '2017-03-22', '2017-03-22'),
(7333, 21, 79, b'1', b'0', b'0', b'0', b'0', '1', '2017-03-22', '2017-03-22'),
(7334, 21, 29, b'1', b'0', b'0', b'0', b'0', '1', '2017-03-22', '2017-03-22'),
(7335, 21, 38, b'1', b'0', b'0', b'0', b'0', '1', '2017-03-22', '2017-03-22'),
(7336, 21, 39, b'1', b'0', b'0', b'0', b'0', '1', '2017-03-22', '2017-03-22'),
(7337, 21, 40, b'1', b'0', b'0', b'0', b'0', '1', '2017-03-22', '2017-03-22'),
(7338, 21, 41, b'1', b'0', b'0', b'0', b'0', '1', '2017-03-22', '2017-03-22'),
(7339, 21, 42, b'1', b'0', b'0', b'0', b'0', '1', '2017-03-22', '2017-03-22'),
(7340, 21, 80, b'1', b'0', b'0', b'0', b'0', '1', '2017-03-22', '2017-03-22'),
(7341, 21, 82, b'1', b'0', b'0', b'0', b'0', '1', '2017-03-22', '2017-03-22'),
(7342, 21, 83, b'1', b'0', b'0', b'0', b'0', '1', '2017-03-22', '2017-03-22'),
(7343, 21, 85, b'1', b'0', b'0', b'0', b'0', '1', '2017-03-22', '2017-03-22'),
(7656, 1, 1, b'1', b'0', b'0', b'0', b'0', '1', '2017-03-23', '2017-03-23'),
(7657, 1, 2, b'1', b'0', b'0', b'0', b'0', '1', '2017-03-23', '2017-03-23'),
(7658, 1, 3, b'1', b'0', b'0', b'0', b'0', '1', '2017-03-23', '2017-03-23'),
(7659, 1, 30, b'1', b'0', b'0', b'0', b'0', '1', '2017-03-23', '2017-03-23'),
(7660, 1, 35, b'0', b'0', b'0', b'0', b'0', '1', '2017-03-23', '2017-03-23'),
(7661, 1, 50, b'1', b'0', b'0', b'0', b'0', '1', '2017-03-23', '2017-03-23'),
(7662, 1, 51, b'1', b'0', b'0', b'0', b'0', '1', '2017-03-23', '2017-03-23'),
(7663, 1, 52, b'1', b'0', b'0', b'0', b'0', '1', '2017-03-23', '2017-03-23'),
(7664, 1, 53, b'1', b'0', b'0', b'0', b'0', '1', '2017-03-23', '2017-03-23'),
(7665, 1, 20, b'1', b'0', b'1', b'1', b'1', '1', '2017-03-23', '2017-03-23'),
(7666, 1, 23, b'1', b'0', b'1', b'1', b'1', '1', '2017-03-23', '2017-03-23'),
(7667, 1, 21, b'1', b'0', b'0', b'0', b'0', '1', '2017-03-23', '2017-03-23'),
(7668, 1, 31, b'1', b'0', b'1', b'1', b'1', '1', '2017-03-23', '2017-03-23'),
(7669, 1, 32, b'0', b'0', b'0', b'0', b'0', '1', '2017-03-23', '2017-03-23'),
(7670, 1, 15, b'1', b'0', b'1', b'1', b'1', '1', '2017-03-23', '2017-03-23'),
(7671, 1, 16, b'1', b'0', b'1', b'1', b'1', '1', '2017-03-23', '2017-03-23'),
(7672, 1, 4, b'1', b'0', b'1', b'1', b'1', '1', '2017-03-23', '2017-03-23'),
(7673, 1, 5, b'1', b'0', b'1', b'1', b'1', '1', '2017-03-23', '2017-03-23'),
(7674, 1, 6, b'1', b'0', b'1', b'1', b'1', '1', '2017-03-23', '2017-03-23'),
(7675, 1, 7, b'1', b'0', b'1', b'1', b'1', '1', '2017-03-23', '2017-03-23'),
(7676, 1, 8, b'1', b'0', b'1', b'1', b'1', '1', '2017-03-23', '2017-03-23'),
(7677, 1, 9, b'1', b'0', b'1', b'1', b'1', '1', '2017-03-23', '2017-03-23'),
(7678, 1, 10, b'1', b'0', b'1', b'1', b'1', '1', '2017-03-23', '2017-03-23'),
(7679, 1, 11, b'1', b'0', b'1', b'1', b'1', '1', '2017-03-23', '2017-03-23'),
(7680, 1, 12, b'1', b'0', b'1', b'1', b'1', '1', '2017-03-23', '2017-03-23'),
(7681, 1, 13, b'1', b'0', b'1', b'1', b'1', '1', '2017-03-23', '2017-03-23'),
(7682, 1, 14, b'1', b'0', b'1', b'1', b'1', '1', '2017-03-23', '2017-03-23'),
(7683, 1, 25, b'1', b'0', b'1', b'1', b'1', '1', '2017-03-23', '2017-03-23'),
(7684, 1, 26, b'1', b'0', b'1', b'1', b'1', '1', '2017-03-23', '2017-03-23'),
(7685, 1, 28, b'1', b'0', b'1', b'1', b'1', '1', '2017-03-23', '2017-03-23'),
(7686, 1, 45, b'1', b'0', b'1', b'1', b'1', '1', '2017-03-23', '2017-03-23'),
(7687, 1, 54, b'1', b'0', b'1', b'1', b'1', '1', '2017-03-23', '2017-03-23'),
(7688, 1, 55, b'1', b'0', b'1', b'1', b'1', '1', '2017-03-23', '2017-03-23'),
(7689, 1, 56, b'1', b'0', b'1', b'1', b'1', '1', '2017-03-23', '2017-03-23'),
(7690, 1, 57, b'1', b'0', b'1', b'1', b'1', '1', '2017-03-23', '2017-03-23'),
(7691, 1, 58, b'1', b'0', b'1', b'1', b'1', '1', '2017-03-23', '2017-03-23'),
(7692, 1, 59, b'1', b'0', b'1', b'1', b'1', '1', '2017-03-23', '2017-03-23'),
(7693, 1, 81, b'1', b'0', b'1', b'1', b'1', '1', '2017-03-23', '2017-03-23'),
(7694, 1, 84, b'1', b'0', b'1', b'1', b'1', '1', '2017-03-23', '2017-03-23'),
(7695, 1, 34, b'1', b'0', b'1', b'1', b'1', '1', '2017-03-23', '2017-03-23'),
(7696, 1, 24, b'1', b'0', b'1', b'1', b'1', '1', '2017-03-23', '2017-03-23'),
(7697, 1, 36, b'0', b'0', b'0', b'0', b'0', '1', '2017-03-23', '2017-03-23'),
(7698, 1, 37, b'0', b'0', b'0', b'0', b'0', '1', '2017-03-23', '2017-03-23'),
(7699, 1, 75, b'1', b'0', b'0', b'0', b'0', '1', '2017-03-23', '2017-03-23'),
(7700, 1, 76, b'1', b'0', b'0', b'0', b'0', '1', '2017-03-23', '2017-03-23'),
(7701, 1, 19, b'1', b'0', b'1', b'1', b'1', '1', '2017-03-23', '2017-03-23'),
(7702, 1, 27, b'1', b'0', b'1', b'1', b'1', '1', '2017-03-23', '2017-03-23'),
(7703, 1, 18, b'1', b'0', b'1', b'1', b'1', '1', '2017-03-23', '2017-03-23'),
(7704, 1, 33, b'1', b'0', b'0', b'0', b'0', '1', '2017-03-23', '2017-03-23'),
(7705, 1, 22, b'1', b'0', b'1', b'1', b'1', '1', '2017-03-23', '2017-03-23'),
(7706, 1, 60, b'1', b'0', b'1', b'1', b'1', '1', '2017-03-23', '2017-03-23'),
(7707, 1, 61, b'1', b'0', b'0', b'0', b'0', '1', '2017-03-23', '2017-03-23'),
(7708, 1, 62, b'1', b'0', b'1', b'1', b'1', '1', '2017-03-23', '2017-03-23'),
(7709, 1, 63, b'1', b'0', b'1', b'1', b'1', '1', '2017-03-23', '2017-03-23'),
(7710, 1, 65, b'1', b'0', b'0', b'0', b'0', '1', '2017-03-23', '2017-03-23'),
(7711, 1, 64, b'1', b'0', b'1', b'1', b'1', '1', '2017-03-23', '2017-03-23'),
(7712, 1, 66, b'1', b'0', b'1', b'1', b'1', '1', '2017-03-23', '2017-03-23'),
(7713, 1, 68, b'1', b'0', b'0', b'0', b'0', '1', '2017-03-23', '2017-03-23'),
(7714, 1, 67, b'1', b'0', b'1', b'1', b'1', '1', '2017-03-23', '2017-03-23'),
(7715, 1, 69, b'1', b'0', b'1', b'1', b'1', '1', '2017-03-23', '2017-03-23'),
(7716, 1, 70, b'1', b'0', b'1', b'1', b'1', '1', '2017-03-23', '2017-03-23'),
(7717, 1, 71, b'1', b'0', b'1', b'1', b'1', '1', '2017-03-23', '2017-03-23'),
(7718, 1, 72, b'1', b'0', b'1', b'1', b'1', '1', '2017-03-23', '2017-03-23'),
(7719, 1, 73, b'1', b'0', b'1', b'1', b'1', '1', '2017-03-23', '2017-03-23'),
(7720, 1, 74, b'1', b'0', b'1', b'1', b'1', '1', '2017-03-23', '2017-03-23'),
(7721, 1, 77, b'1', b'0', b'1', b'1', b'1', '1', '2017-03-23', '2017-03-23'),
(7722, 1, 78, b'1', b'0', b'1', b'1', b'1', '1', '2017-03-23', '2017-03-23'),
(7723, 1, 79, b'1', b'0', b'1', b'1', b'1', '1', '2017-03-23', '2017-03-23'),
(7724, 1, 29, b'1', b'0', b'1', b'1', b'1', '1', '2017-03-23', '2017-03-23'),
(7725, 1, 38, b'1', b'0', b'1', b'1', b'1', '1', '2017-03-23', '2017-03-23'),
(7726, 1, 39, b'1', b'0', b'1', b'1', b'1', '1', '2017-03-23', '2017-03-23'),
(7727, 1, 40, b'1', b'0', b'1', b'1', b'1', '1', '2017-03-23', '2017-03-23'),
(7728, 1, 41, b'1', b'0', b'1', b'1', b'1', '1', '2017-03-23', '2017-03-23'),
(7729, 1, 42, b'1', b'0', b'1', b'1', b'1', '1', '2017-03-23', '2017-03-23'),
(7730, 1, 80, b'1', b'0', b'1', b'1', b'1', '1', '2017-03-23', '2017-03-23'),
(7731, 1, 82, b'1', b'0', b'1', b'1', b'1', '1', '2017-03-23', '2017-03-23'),
(7732, 1, 83, b'1', b'0', b'1', b'1', b'1', '1', '2017-03-23', '2017-03-23'),
(7733, 1, 85, b'1', b'0', b'1', b'1', b'1', '1', '2017-03-23', '2017-03-23'),
(8748, 20, 1, b'0', b'0', b'0', b'0', b'0', '1', '2017-04-07', '2017-04-07'),
(8749, 20, 2, b'0', b'0', b'0', b'0', b'0', '1', '2017-04-07', '2017-04-07'),
(8750, 20, 3, b'0', b'0', b'0', b'0', b'0', '1', '2017-04-07', '2017-04-07'),
(8751, 20, 30, b'1', b'0', b'0', b'0', b'0', '1', '2017-04-07', '2017-04-07'),
(8752, 20, 35, b'0', b'0', b'0', b'0', b'0', '1', '2017-04-07', '2017-04-07'),
(8753, 20, 50, b'0', b'0', b'0', b'0', b'0', '1', '2017-04-07', '2017-04-07'),
(8754, 20, 51, b'0', b'0', b'0', b'0', b'0', '1', '2017-04-07', '2017-04-07'),
(8755, 20, 52, b'0', b'0', b'0', b'0', b'0', '1', '2017-04-07', '2017-04-07'),
(8756, 20, 53, b'0', b'0', b'0', b'0', b'0', '1', '2017-04-07', '2017-04-07'),
(8757, 20, 20, b'0', b'0', b'0', b'0', b'0', '1', '2017-04-07', '2017-04-07');
INSERT INTO `menu_role` (`ID`, `ROLE_ID`, `MENU_ID`, `IS_ACTIVE`, `IS_REQUIRED_ACTION`, `IS_CREATE`, `IS_EDIT`, `IS_DELETE`, `UPDATE_BY`, `CREATE_DATE`, `UPDATE_DATE`) VALUES
(8758, 20, 23, b'0', b'0', b'0', b'0', b'0', '1', '2017-04-07', '2017-04-07'),
(8759, 20, 21, b'0', b'0', b'0', b'0', b'0', '1', '2017-04-07', '2017-04-07'),
(8760, 20, 31, b'0', b'0', b'0', b'0', b'0', '1', '2017-04-07', '2017-04-07'),
(8761, 20, 32, b'0', b'0', b'0', b'0', b'0', '1', '2017-04-07', '2017-04-07'),
(8762, 20, 15, b'0', b'0', b'0', b'0', b'0', '1', '2017-04-07', '2017-04-07'),
(8763, 20, 16, b'0', b'0', b'0', b'0', b'0', '1', '2017-04-07', '2017-04-07'),
(8764, 20, 4, b'0', b'0', b'0', b'0', b'0', '1', '2017-04-07', '2017-04-07'),
(8765, 20, 5, b'0', b'0', b'0', b'0', b'0', '1', '2017-04-07', '2017-04-07'),
(8766, 20, 6, b'0', b'0', b'0', b'0', b'0', '1', '2017-04-07', '2017-04-07'),
(8767, 20, 7, b'0', b'0', b'0', b'0', b'0', '1', '2017-04-07', '2017-04-07'),
(8768, 20, 8, b'0', b'0', b'0', b'0', b'0', '1', '2017-04-07', '2017-04-07'),
(8769, 20, 9, b'0', b'0', b'0', b'0', b'0', '1', '2017-04-07', '2017-04-07'),
(8770, 20, 10, b'0', b'0', b'0', b'0', b'0', '1', '2017-04-07', '2017-04-07'),
(8771, 20, 11, b'0', b'0', b'0', b'0', b'0', '1', '2017-04-07', '2017-04-07'),
(8772, 20, 12, b'0', b'0', b'0', b'0', b'0', '1', '2017-04-07', '2017-04-07'),
(8773, 20, 13, b'0', b'0', b'0', b'0', b'0', '1', '2017-04-07', '2017-04-07'),
(8774, 20, 14, b'0', b'0', b'0', b'0', b'0', '1', '2017-04-07', '2017-04-07'),
(8775, 20, 25, b'0', b'0', b'0', b'0', b'0', '1', '2017-04-07', '2017-04-07'),
(8776, 20, 26, b'0', b'0', b'0', b'0', b'0', '1', '2017-04-07', '2017-04-07'),
(8777, 20, 28, b'0', b'0', b'0', b'0', b'0', '1', '2017-04-07', '2017-04-07'),
(8778, 20, 45, b'0', b'0', b'0', b'0', b'0', '1', '2017-04-07', '2017-04-07'),
(8779, 20, 54, b'0', b'0', b'0', b'0', b'0', '1', '2017-04-07', '2017-04-07'),
(8780, 20, 55, b'0', b'0', b'0', b'0', b'0', '1', '2017-04-07', '2017-04-07'),
(8781, 20, 56, b'0', b'0', b'0', b'0', b'0', '1', '2017-04-07', '2017-04-07'),
(8782, 20, 57, b'0', b'0', b'0', b'0', b'0', '1', '2017-04-07', '2017-04-07'),
(8783, 20, 58, b'0', b'0', b'0', b'0', b'0', '1', '2017-04-07', '2017-04-07'),
(8784, 20, 59, b'0', b'0', b'0', b'0', b'0', '1', '2017-04-07', '2017-04-07'),
(8785, 20, 81, b'0', b'0', b'0', b'0', b'0', '1', '2017-04-07', '2017-04-07'),
(8786, 20, 84, b'0', b'0', b'0', b'0', b'0', '1', '2017-04-07', '2017-04-07'),
(8787, 20, 34, b'0', b'0', b'0', b'0', b'0', '1', '2017-04-07', '2017-04-07'),
(8788, 20, 24, b'0', b'0', b'0', b'0', b'0', '1', '2017-04-07', '2017-04-07'),
(8789, 20, 36, b'0', b'0', b'0', b'0', b'0', '1', '2017-04-07', '2017-04-07'),
(8790, 20, 37, b'0', b'0', b'0', b'0', b'0', '1', '2017-04-07', '2017-04-07'),
(8791, 20, 75, b'1', b'0', b'0', b'0', b'0', '1', '2017-04-07', '2017-04-07'),
(8792, 20, 76, b'1', b'0', b'0', b'0', b'0', '1', '2017-04-07', '2017-04-07'),
(8793, 20, 19, b'0', b'0', b'0', b'0', b'0', '1', '2017-04-07', '2017-04-07'),
(8794, 20, 27, b'0', b'0', b'0', b'0', b'0', '1', '2017-04-07', '2017-04-07'),
(8795, 20, 18, b'0', b'0', b'0', b'0', b'0', '1', '2017-04-07', '2017-04-07'),
(8796, 20, 33, b'0', b'0', b'0', b'0', b'0', '1', '2017-04-07', '2017-04-07'),
(8797, 20, 22, b'0', b'0', b'0', b'0', b'0', '1', '2017-04-07', '2017-04-07'),
(8798, 20, 60, b'0', b'0', b'0', b'0', b'0', '1', '2017-04-07', '2017-04-07'),
(8799, 20, 61, b'0', b'0', b'0', b'0', b'0', '1', '2017-04-07', '2017-04-07'),
(8800, 20, 62, b'0', b'0', b'0', b'0', b'0', '1', '2017-04-07', '2017-04-07'),
(8801, 20, 63, b'0', b'0', b'0', b'0', b'0', '1', '2017-04-07', '2017-04-07'),
(8802, 20, 65, b'0', b'0', b'0', b'0', b'0', '1', '2017-04-07', '2017-04-07'),
(8803, 20, 64, b'0', b'0', b'0', b'0', b'0', '1', '2017-04-07', '2017-04-07'),
(8804, 20, 66, b'0', b'0', b'0', b'0', b'0', '1', '2017-04-07', '2017-04-07'),
(8805, 20, 68, b'0', b'0', b'0', b'0', b'0', '1', '2017-04-07', '2017-04-07'),
(8806, 20, 67, b'0', b'0', b'0', b'0', b'0', '1', '2017-04-07', '2017-04-07'),
(8807, 20, 69, b'0', b'0', b'0', b'0', b'0', '1', '2017-04-07', '2017-04-07'),
(8808, 20, 70, b'0', b'0', b'0', b'0', b'0', '1', '2017-04-07', '2017-04-07'),
(8809, 20, 71, b'0', b'0', b'0', b'0', b'0', '1', '2017-04-07', '2017-04-07'),
(8810, 20, 72, b'0', b'0', b'0', b'0', b'0', '1', '2017-04-07', '2017-04-07'),
(8811, 20, 73, b'0', b'0', b'0', b'0', b'0', '1', '2017-04-07', '2017-04-07'),
(8812, 20, 74, b'0', b'0', b'0', b'0', b'0', '1', '2017-04-07', '2017-04-07'),
(8813, 20, 77, b'1', b'0', b'1', b'1', b'1', '1', '2017-04-07', '2017-04-07'),
(8814, 20, 78, b'1', b'0', b'1', b'1', b'1', '1', '2017-04-07', '2017-04-07'),
(8815, 20, 79, b'1', b'0', b'1', b'1', b'1', '1', '2017-04-07', '2017-04-07'),
(8816, 20, 29, b'1', b'0', b'1', b'1', b'1', '1', '2017-04-07', '2017-04-07'),
(8817, 20, 38, b'1', b'0', b'1', b'1', b'1', '1', '2017-04-07', '2017-04-07'),
(8818, 20, 39, b'1', b'0', b'1', b'1', b'1', '1', '2017-04-07', '2017-04-07'),
(8819, 20, 40, b'1', b'0', b'1', b'1', b'1', '1', '2017-04-07', '2017-04-07'),
(8820, 20, 41, b'1', b'0', b'1', b'1', b'1', '1', '2017-04-07', '2017-04-07'),
(8821, 20, 42, b'1', b'0', b'1', b'1', b'1', '1', '2017-04-07', '2017-04-07'),
(8822, 20, 80, b'1', b'0', b'1', b'1', b'1', '1', '2017-04-07', '2017-04-07'),
(8823, 20, 82, b'1', b'0', b'1', b'1', b'1', '1', '2017-04-07', '2017-04-07'),
(8824, 20, 83, b'1', b'0', b'1', b'1', b'1', '1', '2017-04-07', '2017-04-07'),
(8825, 20, 85, b'1', b'0', b'1', b'1', b'1', '1', '2017-04-07', '2017-04-07'),
(9372, 10, 1, b'1', b'0', b'0', b'0', b'0', '1', '2017-04-08', '2017-04-08'),
(9373, 10, 2, b'0', b'0', b'0', b'0', b'0', '1', '2017-04-08', '2017-04-08'),
(9374, 10, 3, b'0', b'0', b'0', b'0', b'0', '1', '2017-04-08', '2017-04-08'),
(9375, 10, 30, b'1', b'0', b'0', b'0', b'0', '1', '2017-04-08', '2017-04-08'),
(9376, 10, 35, b'0', b'0', b'0', b'0', b'0', '1', '2017-04-08', '2017-04-08'),
(9377, 10, 50, b'1', b'0', b'0', b'0', b'0', '1', '2017-04-08', '2017-04-08'),
(9378, 10, 51, b'1', b'0', b'0', b'0', b'0', '1', '2017-04-08', '2017-04-08'),
(9379, 10, 52, b'1', b'0', b'0', b'0', b'0', '1', '2017-04-08', '2017-04-08'),
(9380, 10, 53, b'1', b'0', b'0', b'0', b'0', '1', '2017-04-08', '2017-04-08'),
(9381, 10, 20, b'1', b'0', b'1', b'1', b'1', '1', '2017-04-08', '2017-04-08'),
(9382, 10, 23, b'1', b'0', b'1', b'1', b'1', '1', '2017-04-08', '2017-04-08'),
(9383, 10, 21, b'1', b'0', b'0', b'0', b'0', '1', '2017-04-08', '2017-04-08'),
(9384, 10, 31, b'1', b'0', b'1', b'1', b'1', '1', '2017-04-08', '2017-04-08'),
(9385, 10, 32, b'0', b'0', b'0', b'0', b'0', '1', '2017-04-08', '2017-04-08'),
(9386, 10, 15, b'0', b'0', b'0', b'0', b'0', '1', '2017-04-08', '2017-04-08'),
(9387, 10, 16, b'0', b'0', b'0', b'0', b'0', '1', '2017-04-08', '2017-04-08'),
(9388, 10, 4, b'0', b'0', b'0', b'0', b'0', '1', '2017-04-08', '2017-04-08'),
(9389, 10, 5, b'0', b'0', b'0', b'0', b'0', '1', '2017-04-08', '2017-04-08'),
(9390, 10, 6, b'0', b'0', b'0', b'0', b'0', '1', '2017-04-08', '2017-04-08'),
(9391, 10, 7, b'0', b'0', b'0', b'0', b'0', '1', '2017-04-08', '2017-04-08'),
(9392, 10, 8, b'0', b'0', b'0', b'0', b'0', '1', '2017-04-08', '2017-04-08'),
(9393, 10, 9, b'0', b'0', b'0', b'0', b'0', '1', '2017-04-08', '2017-04-08'),
(9394, 10, 10, b'0', b'0', b'0', b'0', b'0', '1', '2017-04-08', '2017-04-08'),
(9395, 10, 11, b'0', b'0', b'0', b'0', b'0', '1', '2017-04-08', '2017-04-08'),
(9396, 10, 12, b'0', b'0', b'0', b'0', b'0', '1', '2017-04-08', '2017-04-08'),
(9397, 10, 13, b'0', b'0', b'0', b'0', b'0', '1', '2017-04-08', '2017-04-08'),
(9398, 10, 14, b'0', b'0', b'0', b'0', b'0', '1', '2017-04-08', '2017-04-08'),
(9399, 10, 25, b'0', b'0', b'0', b'0', b'0', '1', '2017-04-08', '2017-04-08'),
(9400, 10, 26, b'0', b'0', b'0', b'0', b'0', '1', '2017-04-08', '2017-04-08'),
(9401, 10, 28, b'0', b'0', b'0', b'0', b'0', '1', '2017-04-08', '2017-04-08'),
(9402, 10, 45, b'0', b'0', b'0', b'0', b'0', '1', '2017-04-08', '2017-04-08'),
(9403, 10, 54, b'0', b'0', b'0', b'0', b'0', '1', '2017-04-08', '2017-04-08'),
(9404, 10, 55, b'0', b'0', b'0', b'0', b'0', '1', '2017-04-08', '2017-04-08'),
(9405, 10, 56, b'0', b'0', b'0', b'0', b'0', '1', '2017-04-08', '2017-04-08'),
(9406, 10, 57, b'0', b'0', b'0', b'0', b'0', '1', '2017-04-08', '2017-04-08'),
(9407, 10, 58, b'0', b'0', b'0', b'0', b'0', '1', '2017-04-08', '2017-04-08'),
(9408, 10, 59, b'0', b'0', b'0', b'0', b'0', '1', '2017-04-08', '2017-04-08'),
(9409, 10, 81, b'0', b'0', b'0', b'0', b'0', '1', '2017-04-08', '2017-04-08'),
(9410, 10, 84, b'0', b'0', b'0', b'0', b'0', '1', '2017-04-08', '2017-04-08'),
(9411, 10, 34, b'1', b'0', b'1', b'1', b'1', '1', '2017-04-08', '2017-04-08'),
(9412, 10, 24, b'1', b'0', b'1', b'1', b'1', '1', '2017-04-08', '2017-04-08'),
(9413, 10, 36, b'0', b'0', b'0', b'0', b'0', '1', '2017-04-08', '2017-04-08'),
(9414, 10, 37, b'0', b'0', b'0', b'0', b'0', '1', '2017-04-08', '2017-04-08'),
(9415, 10, 75, b'1', b'0', b'0', b'0', b'0', '1', '2017-04-08', '2017-04-08'),
(9416, 10, 76, b'1', b'0', b'0', b'0', b'0', '1', '2017-04-08', '2017-04-08'),
(9417, 10, 19, b'1', b'0', b'1', b'1', b'1', '1', '2017-04-08', '2017-04-08'),
(9418, 10, 27, b'1', b'0', b'1', b'1', b'1', '1', '2017-04-08', '2017-04-08'),
(9419, 10, 18, b'1', b'0', b'1', b'1', b'1', '1', '2017-04-08', '2017-04-08'),
(9420, 10, 33, b'1', b'0', b'0', b'0', b'0', '1', '2017-04-08', '2017-04-08'),
(9421, 10, 22, b'1', b'0', b'1', b'1', b'1', '1', '2017-04-08', '2017-04-08'),
(9422, 10, 60, b'1', b'0', b'1', b'1', b'1', '1', '2017-04-08', '2017-04-08'),
(9423, 10, 61, b'1', b'0', b'0', b'0', b'0', '1', '2017-04-08', '2017-04-08'),
(9424, 10, 62, b'1', b'0', b'1', b'1', b'1', '1', '2017-04-08', '2017-04-08'),
(9425, 10, 63, b'1', b'0', b'1', b'1', b'1', '1', '2017-04-08', '2017-04-08'),
(9426, 10, 65, b'1', b'0', b'0', b'0', b'0', '1', '2017-04-08', '2017-04-08'),
(9427, 10, 64, b'1', b'0', b'1', b'1', b'1', '1', '2017-04-08', '2017-04-08'),
(9428, 10, 66, b'1', b'0', b'1', b'1', b'1', '1', '2017-04-08', '2017-04-08'),
(9429, 10, 68, b'1', b'0', b'0', b'0', b'0', '1', '2017-04-08', '2017-04-08'),
(9430, 10, 67, b'1', b'0', b'1', b'1', b'1', '1', '2017-04-08', '2017-04-08'),
(9431, 10, 69, b'1', b'0', b'1', b'1', b'1', '1', '2017-04-08', '2017-04-08'),
(9432, 10, 70, b'1', b'0', b'1', b'1', b'1', '1', '2017-04-08', '2017-04-08'),
(9433, 10, 71, b'1', b'0', b'1', b'1', b'1', '1', '2017-04-08', '2017-04-08'),
(9434, 10, 72, b'1', b'0', b'1', b'1', b'1', '1', '2017-04-08', '2017-04-08'),
(9435, 10, 73, b'1', b'0', b'1', b'1', b'1', '1', '2017-04-08', '2017-04-08'),
(9436, 10, 74, b'1', b'0', b'1', b'1', b'1', '1', '2017-04-08', '2017-04-08'),
(9437, 10, 77, b'1', b'0', b'1', b'1', b'1', '1', '2017-04-08', '2017-04-08'),
(9438, 10, 78, b'1', b'0', b'1', b'1', b'1', '1', '2017-04-08', '2017-04-08'),
(9439, 10, 79, b'1', b'0', b'1', b'1', b'1', '1', '2017-04-08', '2017-04-08'),
(9440, 10, 29, b'1', b'0', b'1', b'1', b'1', '1', '2017-04-08', '2017-04-08'),
(9441, 10, 38, b'1', b'0', b'1', b'1', b'1', '1', '2017-04-08', '2017-04-08'),
(9442, 10, 39, b'1', b'0', b'1', b'1', b'1', '1', '2017-04-08', '2017-04-08'),
(9443, 10, 40, b'1', b'0', b'1', b'1', b'1', '1', '2017-04-08', '2017-04-08'),
(9444, 10, 41, b'1', b'0', b'1', b'1', b'1', '1', '2017-04-08', '2017-04-08'),
(9445, 10, 42, b'1', b'0', b'1', b'1', b'1', '1', '2017-04-08', '2017-04-08'),
(9446, 10, 80, b'1', b'0', b'1', b'1', b'1', '1', '2017-04-08', '2017-04-08'),
(9447, 10, 82, b'1', b'0', b'1', b'1', b'1', '1', '2017-04-08', '2017-04-08'),
(9448, 10, 83, b'1', b'0', b'1', b'1', b'1', '1', '2017-04-08', '2017-04-08'),
(9449, 10, 85, b'1', b'0', b'1', b'1', b'1', '1', '2017-04-08', '2017-04-08'),
(9606, 9, 1, b'1', b'0', b'0', b'0', b'0', '1', '2017-04-11', '2017-04-11'),
(9607, 9, 2, b'0', b'0', b'0', b'0', b'0', '1', '2017-04-11', '2017-04-11'),
(9608, 9, 3, b'0', b'0', b'0', b'0', b'0', '1', '2017-04-11', '2017-04-11'),
(9609, 9, 30, b'0', b'0', b'0', b'0', b'0', '1', '2017-04-11', '2017-04-11'),
(9610, 9, 35, b'0', b'0', b'0', b'0', b'0', '1', '2017-04-11', '2017-04-11'),
(9611, 9, 50, b'1', b'0', b'0', b'0', b'0', '1', '2017-04-11', '2017-04-11'),
(9612, 9, 51, b'0', b'0', b'0', b'0', b'0', '1', '2017-04-11', '2017-04-11'),
(9613, 9, 52, b'0', b'0', b'0', b'0', b'0', '1', '2017-04-11', '2017-04-11'),
(9614, 9, 53, b'0', b'0', b'0', b'0', b'0', '1', '2017-04-11', '2017-04-11'),
(9615, 9, 20, b'1', b'0', b'1', b'1', b'1', '1', '2017-04-11', '2017-04-11'),
(9616, 9, 23, b'1', b'0', b'1', b'1', b'1', '1', '2017-04-11', '2017-04-11'),
(9617, 9, 21, b'1', b'0', b'0', b'0', b'0', '1', '2017-04-11', '2017-04-11'),
(9618, 9, 31, b'1', b'0', b'1', b'1', b'1', '1', '2017-04-11', '2017-04-11'),
(9619, 9, 32, b'0', b'0', b'0', b'0', b'0', '1', '2017-04-11', '2017-04-11'),
(9620, 9, 15, b'0', b'0', b'0', b'0', b'0', '1', '2017-04-11', '2017-04-11'),
(9621, 9, 16, b'0', b'0', b'0', b'0', b'0', '1', '2017-04-11', '2017-04-11'),
(9622, 9, 4, b'0', b'0', b'0', b'0', b'0', '1', '2017-04-11', '2017-04-11'),
(9623, 9, 5, b'0', b'0', b'0', b'0', b'0', '1', '2017-04-11', '2017-04-11'),
(9624, 9, 6, b'0', b'0', b'0', b'0', b'0', '1', '2017-04-11', '2017-04-11'),
(9625, 9, 7, b'0', b'0', b'0', b'0', b'0', '1', '2017-04-11', '2017-04-11'),
(9626, 9, 8, b'0', b'0', b'0', b'0', b'0', '1', '2017-04-11', '2017-04-11'),
(9627, 9, 9, b'0', b'0', b'0', b'0', b'0', '1', '2017-04-11', '2017-04-11'),
(9628, 9, 10, b'0', b'0', b'0', b'0', b'0', '1', '2017-04-11', '2017-04-11'),
(9629, 9, 11, b'0', b'0', b'0', b'0', b'0', '1', '2017-04-11', '2017-04-11'),
(9630, 9, 12, b'0', b'0', b'0', b'0', b'0', '1', '2017-04-11', '2017-04-11'),
(9631, 9, 13, b'0', b'0', b'0', b'0', b'0', '1', '2017-04-11', '2017-04-11'),
(9632, 9, 14, b'0', b'0', b'0', b'0', b'0', '1', '2017-04-11', '2017-04-11'),
(9633, 9, 25, b'0', b'0', b'0', b'0', b'0', '1', '2017-04-11', '2017-04-11'),
(9634, 9, 26, b'0', b'0', b'0', b'0', b'0', '1', '2017-04-11', '2017-04-11'),
(9635, 9, 28, b'0', b'0', b'0', b'0', b'0', '1', '2017-04-11', '2017-04-11'),
(9636, 9, 45, b'0', b'0', b'0', b'0', b'0', '1', '2017-04-11', '2017-04-11'),
(9637, 9, 54, b'0', b'0', b'0', b'0', b'0', '1', '2017-04-11', '2017-04-11'),
(9638, 9, 55, b'0', b'0', b'0', b'0', b'0', '1', '2017-04-11', '2017-04-11'),
(9639, 9, 56, b'0', b'0', b'0', b'0', b'0', '1', '2017-04-11', '2017-04-11'),
(9640, 9, 57, b'0', b'0', b'0', b'0', b'0', '1', '2017-04-11', '2017-04-11'),
(9641, 9, 58, b'0', b'0', b'0', b'0', b'0', '1', '2017-04-11', '2017-04-11'),
(9642, 9, 59, b'0', b'0', b'0', b'0', b'0', '1', '2017-04-11', '2017-04-11'),
(9643, 9, 81, b'0', b'0', b'0', b'0', b'0', '1', '2017-04-11', '2017-04-11'),
(9644, 9, 84, b'0', b'0', b'0', b'0', b'0', '1', '2017-04-11', '2017-04-11'),
(9645, 9, 34, b'1', b'0', b'1', b'1', b'1', '1', '2017-04-11', '2017-04-11'),
(9646, 9, 24, b'1', b'0', b'1', b'1', b'1', '1', '2017-04-11', '2017-04-11'),
(9647, 9, 36, b'0', b'0', b'0', b'0', b'0', '1', '2017-04-11', '2017-04-11'),
(9648, 9, 37, b'0', b'0', b'0', b'0', b'0', '1', '2017-04-11', '2017-04-11'),
(9649, 9, 75, b'1', b'0', b'0', b'0', b'0', '1', '2017-04-11', '2017-04-11'),
(9650, 9, 76, b'1', b'0', b'0', b'0', b'0', '1', '2017-04-11', '2017-04-11'),
(9651, 9, 19, b'1', b'0', b'1', b'1', b'1', '1', '2017-04-11', '2017-04-11'),
(9652, 9, 27, b'1', b'0', b'1', b'1', b'1', '1', '2017-04-11', '2017-04-11'),
(9653, 9, 18, b'1', b'0', b'1', b'1', b'1', '1', '2017-04-11', '2017-04-11'),
(9654, 9, 33, b'1', b'0', b'0', b'0', b'0', '1', '2017-04-11', '2017-04-11'),
(9655, 9, 22, b'1', b'0', b'1', b'1', b'1', '1', '2017-04-11', '2017-04-11'),
(9656, 9, 60, b'0', b'0', b'0', b'0', b'0', '1', '2017-04-11', '2017-04-11'),
(9657, 9, 61, b'0', b'0', b'0', b'0', b'0', '1', '2017-04-11', '2017-04-11'),
(9658, 9, 62, b'0', b'0', b'0', b'0', b'0', '1', '2017-04-11', '2017-04-11'),
(9659, 9, 63, b'0', b'0', b'0', b'0', b'0', '1', '2017-04-11', '2017-04-11'),
(9660, 9, 65, b'0', b'0', b'0', b'0', b'0', '1', '2017-04-11', '2017-04-11'),
(9661, 9, 64, b'0', b'0', b'0', b'0', b'0', '1', '2017-04-11', '2017-04-11'),
(9662, 9, 66, b'0', b'0', b'0', b'0', b'0', '1', '2017-04-11', '2017-04-11'),
(9663, 9, 68, b'0', b'0', b'0', b'0', b'0', '1', '2017-04-11', '2017-04-11'),
(9664, 9, 67, b'0', b'0', b'0', b'0', b'0', '1', '2017-04-11', '2017-04-11'),
(9665, 9, 69, b'0', b'0', b'0', b'0', b'0', '1', '2017-04-11', '2017-04-11'),
(9666, 9, 70, b'0', b'0', b'0', b'0', b'0', '1', '2017-04-11', '2017-04-11'),
(9667, 9, 71, b'0', b'0', b'0', b'0', b'0', '1', '2017-04-11', '2017-04-11'),
(9668, 9, 72, b'0', b'0', b'0', b'0', b'0', '1', '2017-04-11', '2017-04-11'),
(9669, 9, 73, b'0', b'0', b'0', b'0', b'0', '1', '2017-04-11', '2017-04-11'),
(9670, 9, 74, b'0', b'0', b'0', b'0', b'0', '1', '2017-04-11', '2017-04-11'),
(9671, 9, 77, b'1', b'0', b'1', b'1', b'1', '1', '2017-04-11', '2017-04-11'),
(9672, 9, 78, b'1', b'0', b'1', b'1', b'1', '1', '2017-04-11', '2017-04-11'),
(9673, 9, 79, b'1', b'0', b'1', b'1', b'1', '1', '2017-04-11', '2017-04-11'),
(9674, 9, 29, b'0', b'0', b'0', b'0', b'0', '1', '2017-04-11', '2017-04-11'),
(9675, 9, 38, b'0', b'0', b'0', b'0', b'0', '1', '2017-04-11', '2017-04-11'),
(9676, 9, 39, b'0', b'0', b'0', b'0', b'0', '1', '2017-04-11', '2017-04-11'),
(9677, 9, 40, b'0', b'0', b'0', b'0', b'0', '1', '2017-04-11', '2017-04-11'),
(9678, 9, 41, b'0', b'0', b'0', b'0', b'0', '1', '2017-04-11', '2017-04-11'),
(9679, 9, 42, b'0', b'0', b'0', b'0', b'0', '1', '2017-04-11', '2017-04-11'),
(9680, 9, 80, b'1', b'0', b'0', b'0', b'0', '1', '2017-04-11', '2017-04-11'),
(9681, 9, 82, b'1', b'0', b'0', b'0', b'0', '1', '2017-04-11', '2017-04-11'),
(9682, 9, 83, b'1', b'0', b'0', b'0', b'0', '1', '2017-04-11', '2017-04-11'),
(9683, 9, 85, b'0', b'0', b'0', b'0', b'0', '1', '2017-04-11', '2017-04-11'),
(9999, 22, 1, b'1', b'0', b'0', b'0', b'0', '1', '2017-05-16', '2017-05-16'),
(10000, 22, 2, b'0', b'0', b'0', b'0', b'0', '1', '2017-05-16', '2017-05-16'),
(10001, 22, 3, b'0', b'0', b'0', b'0', b'0', '1', '2017-05-16', '2017-05-16'),
(10002, 22, 30, b'1', b'0', b'0', b'0', b'0', '1', '2017-05-16', '2017-05-16'),
(10003, 22, 35, b'0', b'0', b'0', b'0', b'0', '1', '2017-05-16', '2017-05-16'),
(10004, 22, 50, b'1', b'0', b'0', b'0', b'0', '1', '2017-05-16', '2017-05-16'),
(10005, 22, 51, b'1', b'0', b'0', b'0', b'0', '1', '2017-05-16', '2017-05-16'),
(10006, 22, 52, b'1', b'0', b'0', b'0', b'0', '1', '2017-05-16', '2017-05-16'),
(10007, 22, 53, b'1', b'0', b'0', b'0', b'0', '1', '2017-05-16', '2017-05-16'),
(10008, 22, 20, b'1', b'0', b'1', b'1', b'1', '1', '2017-05-16', '2017-05-16'),
(10009, 22, 23, b'1', b'0', b'1', b'1', b'1', '1', '2017-05-16', '2017-05-16'),
(10010, 22, 21, b'1', b'0', b'0', b'0', b'0', '1', '2017-05-16', '2017-05-16'),
(10011, 22, 31, b'1', b'0', b'1', b'1', b'1', '1', '2017-05-16', '2017-05-16'),
(10012, 22, 32, b'1', b'0', b'1', b'1', b'1', '1', '2017-05-16', '2017-05-16'),
(10013, 22, 15, b'0', b'0', b'0', b'0', b'0', '1', '2017-05-16', '2017-05-16'),
(10014, 22, 16, b'0', b'0', b'0', b'0', b'0', '1', '2017-05-16', '2017-05-16'),
(10015, 22, 4, b'0', b'0', b'0', b'0', b'0', '1', '2017-05-16', '2017-05-16'),
(10016, 22, 5, b'0', b'0', b'0', b'0', b'0', '1', '2017-05-16', '2017-05-16'),
(10017, 22, 6, b'0', b'0', b'0', b'0', b'0', '1', '2017-05-16', '2017-05-16'),
(10018, 22, 7, b'0', b'0', b'0', b'0', b'0', '1', '2017-05-16', '2017-05-16'),
(10019, 22, 8, b'0', b'0', b'0', b'0', b'0', '1', '2017-05-16', '2017-05-16'),
(10020, 22, 9, b'0', b'0', b'0', b'0', b'0', '1', '2017-05-16', '2017-05-16'),
(10021, 22, 10, b'0', b'0', b'0', b'0', b'0', '1', '2017-05-16', '2017-05-16'),
(10022, 22, 11, b'0', b'0', b'0', b'0', b'0', '1', '2017-05-16', '2017-05-16'),
(10023, 22, 12, b'0', b'0', b'0', b'0', b'0', '1', '2017-05-16', '2017-05-16'),
(10024, 22, 13, b'0', b'0', b'0', b'0', b'0', '1', '2017-05-16', '2017-05-16'),
(10025, 22, 14, b'0', b'0', b'0', b'0', b'0', '1', '2017-05-16', '2017-05-16'),
(10026, 22, 25, b'0', b'0', b'0', b'0', b'0', '1', '2017-05-16', '2017-05-16'),
(10027, 22, 26, b'0', b'0', b'0', b'0', b'0', '1', '2017-05-16', '2017-05-16'),
(10028, 22, 28, b'0', b'0', b'0', b'0', b'0', '1', '2017-05-16', '2017-05-16'),
(10029, 22, 45, b'0', b'0', b'0', b'0', b'0', '1', '2017-05-16', '2017-05-16'),
(10030, 22, 54, b'0', b'0', b'0', b'0', b'0', '1', '2017-05-16', '2017-05-16'),
(10031, 22, 55, b'0', b'0', b'0', b'0', b'0', '1', '2017-05-16', '2017-05-16'),
(10032, 22, 56, b'0', b'0', b'0', b'0', b'0', '1', '2017-05-16', '2017-05-16'),
(10033, 22, 57, b'0', b'0', b'0', b'0', b'0', '1', '2017-05-16', '2017-05-16'),
(10034, 22, 58, b'0', b'0', b'0', b'0', b'0', '1', '2017-05-16', '2017-05-16'),
(10035, 22, 59, b'0', b'0', b'0', b'0', b'0', '1', '2017-05-16', '2017-05-16'),
(10036, 22, 81, b'0', b'0', b'0', b'0', b'0', '1', '2017-05-16', '2017-05-16'),
(10037, 22, 84, b'0', b'0', b'0', b'0', b'0', '1', '2017-05-16', '2017-05-16'),
(10038, 22, 34, b'1', b'0', b'1', b'1', b'1', '1', '2017-05-16', '2017-05-16'),
(10039, 22, 24, b'1', b'0', b'1', b'1', b'1', '1', '2017-05-16', '2017-05-16'),
(10040, 22, 36, b'0', b'0', b'0', b'0', b'0', '1', '2017-05-16', '2017-05-16'),
(10041, 22, 37, b'0', b'0', b'0', b'0', b'0', '1', '2017-05-16', '2017-05-16'),
(10042, 22, 75, b'1', b'0', b'0', b'0', b'0', '1', '2017-05-16', '2017-05-16'),
(10043, 22, 76, b'1', b'0', b'0', b'0', b'0', '1', '2017-05-16', '2017-05-16'),
(10044, 22, 19, b'1', b'0', b'1', b'1', b'1', '1', '2017-05-16', '2017-05-16'),
(10045, 22, 27, b'1', b'0', b'1', b'1', b'1', '1', '2017-05-16', '2017-05-16'),
(10046, 22, 18, b'1', b'0', b'1', b'1', b'1', '1', '2017-05-16', '2017-05-16'),
(10047, 22, 33, b'1', b'0', b'0', b'0', b'0', '1', '2017-05-16', '2017-05-16'),
(10048, 22, 22, b'1', b'0', b'1', b'1', b'1', '1', '2017-05-16', '2017-05-16'),
(10049, 22, 60, b'1', b'0', b'1', b'1', b'1', '1', '2017-05-16', '2017-05-16'),
(10050, 22, 61, b'1', b'0', b'0', b'0', b'0', '1', '2017-05-16', '2017-05-16'),
(10051, 22, 62, b'1', b'0', b'1', b'1', b'1', '1', '2017-05-16', '2017-05-16'),
(10052, 22, 63, b'1', b'0', b'1', b'1', b'1', '1', '2017-05-16', '2017-05-16'),
(10053, 22, 65, b'1', b'0', b'0', b'0', b'0', '1', '2017-05-16', '2017-05-16'),
(10054, 22, 64, b'1', b'0', b'1', b'1', b'1', '1', '2017-05-16', '2017-05-16'),
(10055, 22, 66, b'1', b'0', b'1', b'1', b'1', '1', '2017-05-16', '2017-05-16'),
(10056, 22, 68, b'1', b'0', b'0', b'0', b'0', '1', '2017-05-16', '2017-05-16'),
(10057, 22, 67, b'1', b'0', b'1', b'1', b'1', '1', '2017-05-16', '2017-05-16'),
(10058, 22, 69, b'1', b'0', b'1', b'1', b'1', '1', '2017-05-16', '2017-05-16'),
(10059, 22, 70, b'1', b'0', b'1', b'1', b'1', '1', '2017-05-16', '2017-05-16'),
(10060, 22, 71, b'1', b'0', b'1', b'1', b'1', '1', '2017-05-16', '2017-05-16'),
(10061, 22, 72, b'1', b'0', b'1', b'1', b'1', '1', '2017-05-16', '2017-05-16'),
(10062, 22, 73, b'1', b'0', b'1', b'1', b'1', '1', '2017-05-16', '2017-05-16'),
(10063, 22, 74, b'1', b'0', b'1', b'1', b'1', '1', '2017-05-16', '2017-05-16'),
(10064, 22, 77, b'1', b'0', b'1', b'1', b'1', '1', '2017-05-16', '2017-05-16'),
(10065, 22, 78, b'1', b'0', b'1', b'1', b'1', '1', '2017-05-16', '2017-05-16'),
(10066, 22, 79, b'0', b'0', b'0', b'0', b'0', '1', '2017-05-16', '2017-05-16'),
(10067, 22, 86, b'0', b'0', b'0', b'0', b'0', '1', '2017-05-16', '2017-05-16'),
(10068, 22, 29, b'1', b'0', b'1', b'1', b'1', '1', '2017-05-16', '2017-05-16'),
(10069, 22, 38, b'1', b'0', b'1', b'1', b'1', '1', '2017-05-16', '2017-05-16'),
(10070, 22, 39, b'1', b'0', b'1', b'1', b'1', '1', '2017-05-16', '2017-05-16'),
(10071, 22, 40, b'1', b'0', b'1', b'1', b'1', '1', '2017-05-16', '2017-05-16'),
(10072, 22, 41, b'1', b'0', b'1', b'1', b'1', '1', '2017-05-16', '2017-05-16'),
(10073, 22, 42, b'1', b'0', b'1', b'1', b'1', '1', '2017-05-16', '2017-05-16'),
(10074, 22, 80, b'1', b'0', b'1', b'1', b'1', '1', '2017-05-16', '2017-05-16'),
(10075, 22, 82, b'1', b'0', b'1', b'1', b'1', '1', '2017-05-16', '2017-05-16'),
(10076, 22, 83, b'1', b'0', b'1', b'1', b'1', '1', '2017-05-16', '2017-05-16'),
(10077, 22, 85, b'1', b'0', b'1', b'1', b'1', '1', '2017-05-16', '2017-05-16'),
(10078, 23, 1, b'1', b'0', b'0', b'0', b'0', '1', '2017-05-16', '2017-05-16'),
(10079, 23, 2, b'0', b'0', b'0', b'0', b'0', '1', '2017-05-16', '2017-05-16'),
(10080, 23, 3, b'0', b'0', b'0', b'0', b'0', '1', '2017-05-16', '2017-05-16'),
(10081, 23, 30, b'1', b'0', b'0', b'0', b'0', '1', '2017-05-16', '2017-05-16'),
(10082, 23, 35, b'0', b'0', b'0', b'0', b'0', '1', '2017-05-16', '2017-05-16'),
(10083, 23, 50, b'1', b'0', b'0', b'0', b'0', '1', '2017-05-16', '2017-05-16'),
(10084, 23, 51, b'1', b'0', b'0', b'0', b'0', '1', '2017-05-16', '2017-05-16'),
(10085, 23, 52, b'1', b'0', b'0', b'0', b'0', '1', '2017-05-16', '2017-05-16'),
(10086, 23, 53, b'1', b'0', b'0', b'0', b'0', '1', '2017-05-16', '2017-05-16'),
(10087, 23, 20, b'1', b'0', b'1', b'1', b'1', '1', '2017-05-16', '2017-05-16'),
(10088, 23, 23, b'1', b'0', b'1', b'1', b'1', '1', '2017-05-16', '2017-05-16'),
(10089, 23, 21, b'1', b'0', b'0', b'0', b'0', '1', '2017-05-16', '2017-05-16'),
(10090, 23, 31, b'1', b'0', b'1', b'1', b'1', '1', '2017-05-16', '2017-05-16'),
(10091, 23, 32, b'1', b'0', b'1', b'1', b'1', '1', '2017-05-16', '2017-05-16'),
(10092, 23, 15, b'0', b'0', b'0', b'0', b'0', '1', '2017-05-16', '2017-05-16'),
(10093, 23, 16, b'0', b'0', b'0', b'0', b'0', '1', '2017-05-16', '2017-05-16'),
(10094, 23, 4, b'0', b'0', b'0', b'0', b'0', '1', '2017-05-16', '2017-05-16'),
(10095, 23, 5, b'0', b'0', b'0', b'0', b'0', '1', '2017-05-16', '2017-05-16'),
(10096, 23, 6, b'0', b'0', b'0', b'0', b'0', '1', '2017-05-16', '2017-05-16'),
(10097, 23, 7, b'0', b'0', b'0', b'0', b'0', '1', '2017-05-16', '2017-05-16'),
(10098, 23, 8, b'0', b'0', b'0', b'0', b'0', '1', '2017-05-16', '2017-05-16'),
(10099, 23, 9, b'0', b'0', b'0', b'0', b'0', '1', '2017-05-16', '2017-05-16'),
(10100, 23, 10, b'0', b'0', b'0', b'0', b'0', '1', '2017-05-16', '2017-05-16'),
(10101, 23, 11, b'0', b'0', b'0', b'0', b'0', '1', '2017-05-16', '2017-05-16'),
(10102, 23, 12, b'0', b'0', b'0', b'0', b'0', '1', '2017-05-16', '2017-05-16'),
(10103, 23, 13, b'0', b'0', b'0', b'0', b'0', '1', '2017-05-16', '2017-05-16'),
(10104, 23, 14, b'0', b'0', b'0', b'0', b'0', '1', '2017-05-16', '2017-05-16'),
(10105, 23, 25, b'0', b'0', b'0', b'0', b'0', '1', '2017-05-16', '2017-05-16'),
(10106, 23, 26, b'0', b'0', b'0', b'0', b'0', '1', '2017-05-16', '2017-05-16'),
(10107, 23, 28, b'0', b'0', b'0', b'0', b'0', '1', '2017-05-16', '2017-05-16'),
(10108, 23, 45, b'0', b'0', b'0', b'0', b'0', '1', '2017-05-16', '2017-05-16'),
(10109, 23, 54, b'0', b'0', b'0', b'0', b'0', '1', '2017-05-16', '2017-05-16'),
(10110, 23, 55, b'0', b'0', b'0', b'0', b'0', '1', '2017-05-16', '2017-05-16'),
(10111, 23, 56, b'0', b'0', b'0', b'0', b'0', '1', '2017-05-16', '2017-05-16'),
(10112, 23, 57, b'0', b'0', b'0', b'0', b'0', '1', '2017-05-16', '2017-05-16'),
(10113, 23, 58, b'0', b'0', b'0', b'0', b'0', '1', '2017-05-16', '2017-05-16'),
(10114, 23, 59, b'0', b'0', b'0', b'0', b'0', '1', '2017-05-16', '2017-05-16'),
(10115, 23, 81, b'0', b'0', b'0', b'0', b'0', '1', '2017-05-16', '2017-05-16'),
(10116, 23, 84, b'0', b'0', b'0', b'0', b'0', '1', '2017-05-16', '2017-05-16'),
(10117, 23, 34, b'1', b'0', b'1', b'1', b'1', '1', '2017-05-16', '2017-05-16'),
(10118, 23, 24, b'1', b'0', b'1', b'1', b'1', '1', '2017-05-16', '2017-05-16'),
(10119, 23, 36, b'0', b'0', b'0', b'0', b'0', '1', '2017-05-16', '2017-05-16'),
(10120, 23, 37, b'0', b'0', b'0', b'0', b'0', '1', '2017-05-16', '2017-05-16'),
(10121, 23, 75, b'1', b'0', b'0', b'0', b'0', '1', '2017-05-16', '2017-05-16'),
(10122, 23, 76, b'1', b'0', b'0', b'0', b'0', '1', '2017-05-16', '2017-05-16'),
(10123, 23, 19, b'1', b'0', b'1', b'1', b'1', '1', '2017-05-16', '2017-05-16'),
(10124, 23, 27, b'1', b'0', b'1', b'1', b'1', '1', '2017-05-16', '2017-05-16'),
(10125, 23, 18, b'1', b'0', b'1', b'1', b'1', '1', '2017-05-16', '2017-05-16'),
(10126, 23, 33, b'1', b'0', b'0', b'0', b'0', '1', '2017-05-16', '2017-05-16'),
(10127, 23, 22, b'1', b'0', b'1', b'1', b'1', '1', '2017-05-16', '2017-05-16'),
(10128, 23, 60, b'1', b'0', b'1', b'1', b'1', '1', '2017-05-16', '2017-05-16'),
(10129, 23, 61, b'1', b'0', b'0', b'0', b'0', '1', '2017-05-16', '2017-05-16'),
(10130, 23, 62, b'1', b'0', b'1', b'1', b'1', '1', '2017-05-16', '2017-05-16'),
(10131, 23, 63, b'1', b'0', b'1', b'1', b'1', '1', '2017-05-16', '2017-05-16'),
(10132, 23, 65, b'1', b'0', b'0', b'0', b'0', '1', '2017-05-16', '2017-05-16'),
(10133, 23, 64, b'1', b'0', b'1', b'1', b'1', '1', '2017-05-16', '2017-05-16'),
(10134, 23, 66, b'1', b'0', b'1', b'1', b'1', '1', '2017-05-16', '2017-05-16'),
(10135, 23, 68, b'1', b'0', b'0', b'0', b'0', '1', '2017-05-16', '2017-05-16'),
(10136, 23, 67, b'1', b'0', b'1', b'1', b'1', '1', '2017-05-16', '2017-05-16'),
(10137, 23, 69, b'1', b'0', b'1', b'1', b'1', '1', '2017-05-16', '2017-05-16'),
(10138, 23, 70, b'1', b'0', b'1', b'1', b'1', '1', '2017-05-16', '2017-05-16'),
(10139, 23, 71, b'1', b'0', b'1', b'1', b'1', '1', '2017-05-16', '2017-05-16'),
(10140, 23, 72, b'1', b'0', b'1', b'1', b'1', '1', '2017-05-16', '2017-05-16'),
(10141, 23, 73, b'1', b'0', b'1', b'1', b'1', '1', '2017-05-16', '2017-05-16'),
(10142, 23, 74, b'1', b'0', b'1', b'1', b'1', '1', '2017-05-16', '2017-05-16'),
(10143, 23, 77, b'1', b'0', b'1', b'1', b'1', '1', '2017-05-16', '2017-05-16'),
(10144, 23, 78, b'1', b'0', b'1', b'1', b'1', '1', '2017-05-16', '2017-05-16'),
(10145, 23, 79, b'0', b'0', b'0', b'0', b'0', '1', '2017-05-16', '2017-05-16'),
(10146, 23, 86, b'0', b'0', b'0', b'0', b'0', '1', '2017-05-16', '2017-05-16'),
(10147, 23, 29, b'1', b'0', b'1', b'1', b'1', '1', '2017-05-16', '2017-05-16'),
(10148, 23, 38, b'1', b'0', b'1', b'1', b'1', '1', '2017-05-16', '2017-05-16'),
(10149, 23, 39, b'1', b'0', b'1', b'1', b'1', '1', '2017-05-16', '2017-05-16'),
(10150, 23, 40, b'1', b'0', b'1', b'1', b'1', '1', '2017-05-16', '2017-05-16'),
(10151, 23, 41, b'1', b'0', b'1', b'1', b'1', '1', '2017-05-16', '2017-05-16'),
(10152, 23, 42, b'1', b'0', b'1', b'1', b'1', '1', '2017-05-16', '2017-05-16'),
(10153, 23, 80, b'1', b'0', b'1', b'1', b'1', '1', '2017-05-16', '2017-05-16'),
(10154, 23, 82, b'1', b'0', b'1', b'1', b'1', '1', '2017-05-16', '2017-05-16'),
(10155, 23, 83, b'1', b'0', b'1', b'1', b'1', '1', '2017-05-16', '2017-05-16'),
(10156, 23, 85, b'1', b'0', b'1', b'1', b'1', '1', '2017-05-16', '2017-05-16'),
(10157, 24, 1, b'1', b'0', b'0', b'0', b'0', '1', '2017-05-16', '2017-05-16'),
(10158, 24, 2, b'0', b'0', b'0', b'0', b'0', '1', '2017-05-16', '2017-05-16'),
(10159, 24, 3, b'0', b'0', b'0', b'0', b'0', '1', '2017-05-16', '2017-05-16'),
(10160, 24, 30, b'1', b'0', b'0', b'0', b'0', '1', '2017-05-16', '2017-05-16'),
(10161, 24, 35, b'0', b'0', b'0', b'0', b'0', '1', '2017-05-16', '2017-05-16'),
(10162, 24, 50, b'1', b'0', b'0', b'0', b'0', '1', '2017-05-16', '2017-05-16'),
(10163, 24, 51, b'1', b'0', b'0', b'0', b'0', '1', '2017-05-16', '2017-05-16'),
(10164, 24, 52, b'1', b'0', b'0', b'0', b'0', '1', '2017-05-16', '2017-05-16'),
(10165, 24, 53, b'1', b'0', b'0', b'0', b'0', '1', '2017-05-16', '2017-05-16'),
(10166, 24, 20, b'1', b'0', b'0', b'0', b'0', '1', '2017-05-16', '2017-05-16'),
(10167, 24, 23, b'1', b'0', b'0', b'0', b'0', '1', '2017-05-16', '2017-05-16'),
(10168, 24, 21, b'1', b'0', b'0', b'0', b'0', '1', '2017-05-16', '2017-05-16'),
(10169, 24, 31, b'1', b'0', b'0', b'0', b'0', '1', '2017-05-16', '2017-05-16'),
(10170, 24, 32, b'0', b'0', b'0', b'0', b'0', '1', '2017-05-16', '2017-05-16'),
(10171, 24, 15, b'0', b'0', b'0', b'0', b'0', '1', '2017-05-16', '2017-05-16'),
(10172, 24, 16, b'0', b'0', b'0', b'0', b'0', '1', '2017-05-16', '2017-05-16'),
(10173, 24, 4, b'0', b'0', b'0', b'0', b'0', '1', '2017-05-16', '2017-05-16'),
(10174, 24, 5, b'0', b'0', b'0', b'0', b'0', '1', '2017-05-16', '2017-05-16'),
(10175, 24, 6, b'0', b'0', b'0', b'0', b'0', '1', '2017-05-16', '2017-05-16'),
(10176, 24, 7, b'0', b'0', b'0', b'0', b'0', '1', '2017-05-16', '2017-05-16'),
(10177, 24, 8, b'0', b'0', b'0', b'0', b'0', '1', '2017-05-16', '2017-05-16'),
(10178, 24, 9, b'0', b'0', b'0', b'0', b'0', '1', '2017-05-16', '2017-05-16'),
(10179, 24, 10, b'0', b'0', b'0', b'0', b'0', '1', '2017-05-16', '2017-05-16'),
(10180, 24, 11, b'0', b'0', b'0', b'0', b'0', '1', '2017-05-16', '2017-05-16'),
(10181, 24, 12, b'0', b'0', b'0', b'0', b'0', '1', '2017-05-16', '2017-05-16'),
(10182, 24, 13, b'0', b'0', b'0', b'0', b'0', '1', '2017-05-16', '2017-05-16'),
(10183, 24, 14, b'0', b'0', b'0', b'0', b'0', '1', '2017-05-16', '2017-05-16'),
(10184, 24, 25, b'0', b'0', b'0', b'0', b'0', '1', '2017-05-16', '2017-05-16'),
(10185, 24, 26, b'0', b'0', b'0', b'0', b'0', '1', '2017-05-16', '2017-05-16'),
(10186, 24, 28, b'0', b'0', b'0', b'0', b'0', '1', '2017-05-16', '2017-05-16'),
(10187, 24, 45, b'0', b'0', b'0', b'0', b'0', '1', '2017-05-16', '2017-05-16'),
(10188, 24, 54, b'0', b'0', b'0', b'0', b'0', '1', '2017-05-16', '2017-05-16'),
(10189, 24, 55, b'0', b'0', b'0', b'0', b'0', '1', '2017-05-16', '2017-05-16'),
(10190, 24, 56, b'0', b'0', b'0', b'0', b'0', '1', '2017-05-16', '2017-05-16'),
(10191, 24, 57, b'0', b'0', b'0', b'0', b'0', '1', '2017-05-16', '2017-05-16'),
(10192, 24, 58, b'0', b'0', b'0', b'0', b'0', '1', '2017-05-16', '2017-05-16'),
(10193, 24, 59, b'0', b'0', b'0', b'0', b'0', '1', '2017-05-16', '2017-05-16'),
(10194, 24, 81, b'0', b'0', b'0', b'0', b'0', '1', '2017-05-16', '2017-05-16'),
(10195, 24, 84, b'0', b'0', b'0', b'0', b'0', '1', '2017-05-16', '2017-05-16'),
(10196, 24, 34, b'1', b'0', b'0', b'0', b'0', '1', '2017-05-16', '2017-05-16'),
(10197, 24, 24, b'1', b'0', b'0', b'0', b'0', '1', '2017-05-16', '2017-05-16'),
(10198, 24, 36, b'0', b'0', b'0', b'0', b'0', '1', '2017-05-16', '2017-05-16'),
(10199, 24, 37, b'0', b'0', b'0', b'0', b'0', '1', '2017-05-16', '2017-05-16'),
(10200, 24, 75, b'1', b'0', b'0', b'0', b'0', '1', '2017-05-16', '2017-05-16'),
(10201, 24, 76, b'1', b'0', b'0', b'0', b'0', '1', '2017-05-16', '2017-05-16'),
(10202, 24, 19, b'1', b'0', b'0', b'0', b'0', '1', '2017-05-16', '2017-05-16'),
(10203, 24, 27, b'1', b'0', b'0', b'0', b'0', '1', '2017-05-16', '2017-05-16'),
(10204, 24, 18, b'1', b'0', b'0', b'0', b'0', '1', '2017-05-16', '2017-05-16'),
(10205, 24, 33, b'1', b'0', b'0', b'0', b'0', '1', '2017-05-16', '2017-05-16'),
(10206, 24, 22, b'1', b'0', b'0', b'0', b'0', '1', '2017-05-16', '2017-05-16'),
(10207, 24, 60, b'1', b'0', b'0', b'0', b'0', '1', '2017-05-16', '2017-05-16'),
(10208, 24, 61, b'1', b'0', b'0', b'0', b'0', '1', '2017-05-16', '2017-05-16'),
(10209, 24, 62, b'1', b'0', b'0', b'0', b'0', '1', '2017-05-16', '2017-05-16'),
(10210, 24, 63, b'1', b'0', b'0', b'0', b'0', '1', '2017-05-16', '2017-05-16'),
(10211, 24, 65, b'1', b'0', b'0', b'0', b'0', '1', '2017-05-16', '2017-05-16'),
(10212, 24, 64, b'1', b'0', b'0', b'0', b'0', '1', '2017-05-16', '2017-05-16'),
(10213, 24, 66, b'1', b'0', b'0', b'0', b'0', '1', '2017-05-16', '2017-05-16'),
(10214, 24, 68, b'1', b'0', b'0', b'0', b'0', '1', '2017-05-16', '2017-05-16'),
(10215, 24, 67, b'1', b'0', b'0', b'0', b'0', '1', '2017-05-16', '2017-05-16'),
(10216, 24, 69, b'1', b'0', b'0', b'0', b'0', '1', '2017-05-16', '2017-05-16'),
(10217, 24, 70, b'1', b'0', b'0', b'0', b'0', '1', '2017-05-16', '2017-05-16'),
(10218, 24, 71, b'1', b'0', b'0', b'0', b'0', '1', '2017-05-16', '2017-05-16'),
(10219, 24, 72, b'1', b'0', b'0', b'0', b'0', '1', '2017-05-16', '2017-05-16'),
(10220, 24, 73, b'1', b'0', b'0', b'0', b'0', '1', '2017-05-16', '2017-05-16'),
(10221, 24, 74, b'1', b'0', b'0', b'0', b'0', '1', '2017-05-16', '2017-05-16'),
(10222, 24, 77, b'1', b'0', b'1', b'1', b'1', '1', '2017-05-16', '2017-05-16'),
(10223, 24, 78, b'1', b'0', b'1', b'1', b'1', '1', '2017-05-16', '2017-05-16'),
(10224, 24, 79, b'0', b'0', b'0', b'0', b'0', '1', '2017-05-16', '2017-05-16'),
(10225, 24, 86, b'0', b'0', b'0', b'0', b'0', '1', '2017-05-16', '2017-05-16'),
(10226, 24, 29, b'1', b'0', b'1', b'1', b'1', '1', '2017-05-16', '2017-05-16'),
(10227, 24, 38, b'1', b'0', b'1', b'1', b'1', '1', '2017-05-16', '2017-05-16'),
(10228, 24, 39, b'1', b'0', b'1', b'1', b'1', '1', '2017-05-16', '2017-05-16'),
(10229, 24, 40, b'1', b'0', b'1', b'1', b'1', '1', '2017-05-16', '2017-05-16'),
(10230, 24, 41, b'1', b'0', b'1', b'1', b'1', '1', '2017-05-16', '2017-05-16'),
(10231, 24, 42, b'1', b'0', b'1', b'1', b'1', '1', '2017-05-16', '2017-05-16'),
(10232, 24, 80, b'1', b'0', b'1', b'1', b'1', '1', '2017-05-16', '2017-05-16'),
(10233, 24, 82, b'1', b'0', b'1', b'1', b'1', '1', '2017-05-16', '2017-05-16'),
(10234, 24, 83, b'1', b'0', b'1', b'1', b'1', '1', '2017-05-16', '2017-05-16'),
(10235, 24, 85, b'1', b'0', b'1', b'1', b'1', '1', '2017-05-16', '2017-05-16'),
(10789, 25, 1, b'1', b'0', b'0', b'0', b'0', '1', '2017-05-20', '2017-05-20'),
(10790, 25, 2, b'0', b'0', b'0', b'0', b'0', '1', '2017-05-20', '2017-05-20'),
(10791, 25, 3, b'0', b'0', b'0', b'0', b'0', '1', '2017-05-20', '2017-05-20'),
(10792, 25, 30, b'1', b'0', b'0', b'0', b'0', '1', '2017-05-20', '2017-05-20'),
(10793, 25, 35, b'0', b'0', b'0', b'0', b'0', '1', '2017-05-20', '2017-05-20'),
(10794, 25, 50, b'1', b'0', b'0', b'0', b'0', '1', '2017-05-20', '2017-05-20'),
(10795, 25, 51, b'0', b'0', b'0', b'0', b'0', '1', '2017-05-20', '2017-05-20'),
(10796, 25, 52, b'0', b'0', b'0', b'0', b'0', '1', '2017-05-20', '2017-05-20'),
(10797, 25, 53, b'0', b'0', b'0', b'0', b'0', '1', '2017-05-20', '2017-05-20'),
(10798, 25, 20, b'1', b'0', b'1', b'1', b'1', '1', '2017-05-20', '2017-05-20'),
(10799, 25, 23, b'1', b'0', b'1', b'1', b'1', '1', '2017-05-20', '2017-05-20'),
(10800, 25, 21, b'1', b'0', b'0', b'0', b'0', '1', '2017-05-20', '2017-05-20'),
(10801, 25, 31, b'1', b'0', b'1', b'1', b'1', '1', '2017-05-20', '2017-05-20'),
(10802, 25, 32, b'0', b'0', b'0', b'0', b'0', '1', '2017-05-20', '2017-05-20'),
(10803, 25, 15, b'0', b'0', b'0', b'0', b'0', '1', '2017-05-20', '2017-05-20'),
(10804, 25, 16, b'0', b'0', b'0', b'0', b'0', '1', '2017-05-20', '2017-05-20'),
(10805, 25, 4, b'0', b'0', b'0', b'0', b'0', '1', '2017-05-20', '2017-05-20'),
(10806, 25, 5, b'0', b'0', b'0', b'0', b'0', '1', '2017-05-20', '2017-05-20'),
(10807, 25, 6, b'0', b'0', b'0', b'0', b'0', '1', '2017-05-20', '2017-05-20'),
(10808, 25, 7, b'0', b'0', b'0', b'0', b'0', '1', '2017-05-20', '2017-05-20'),
(10809, 25, 8, b'0', b'0', b'0', b'0', b'0', '1', '2017-05-20', '2017-05-20'),
(10810, 25, 9, b'0', b'0', b'0', b'0', b'0', '1', '2017-05-20', '2017-05-20'),
(10811, 25, 10, b'0', b'0', b'0', b'0', b'0', '1', '2017-05-20', '2017-05-20'),
(10812, 25, 11, b'0', b'0', b'0', b'0', b'0', '1', '2017-05-20', '2017-05-20'),
(10813, 25, 12, b'0', b'0', b'0', b'0', b'0', '1', '2017-05-20', '2017-05-20'),
(10814, 25, 13, b'0', b'0', b'0', b'0', b'0', '1', '2017-05-20', '2017-05-20'),
(10815, 25, 14, b'0', b'0', b'0', b'0', b'0', '1', '2017-05-20', '2017-05-20'),
(10816, 25, 25, b'0', b'0', b'0', b'0', b'0', '1', '2017-05-20', '2017-05-20'),
(10817, 25, 26, b'0', b'0', b'0', b'0', b'0', '1', '2017-05-20', '2017-05-20'),
(10818, 25, 28, b'0', b'0', b'0', b'0', b'0', '1', '2017-05-20', '2017-05-20'),
(10819, 25, 45, b'0', b'0', b'0', b'0', b'0', '1', '2017-05-20', '2017-05-20'),
(10820, 25, 54, b'0', b'0', b'0', b'0', b'0', '1', '2017-05-20', '2017-05-20'),
(10821, 25, 55, b'0', b'0', b'0', b'0', b'0', '1', '2017-05-20', '2017-05-20'),
(10822, 25, 56, b'0', b'0', b'0', b'0', b'0', '1', '2017-05-20', '2017-05-20'),
(10823, 25, 57, b'0', b'0', b'0', b'0', b'0', '1', '2017-05-20', '2017-05-20'),
(10824, 25, 58, b'0', b'0', b'0', b'0', b'0', '1', '2017-05-20', '2017-05-20'),
(10825, 25, 59, b'0', b'0', b'0', b'0', b'0', '1', '2017-05-20', '2017-05-20'),
(10826, 25, 81, b'0', b'0', b'0', b'0', b'0', '1', '2017-05-20', '2017-05-20'),
(10827, 25, 84, b'0', b'0', b'0', b'0', b'0', '1', '2017-05-20', '2017-05-20'),
(10828, 25, 34, b'1', b'0', b'1', b'1', b'1', '1', '2017-05-20', '2017-05-20'),
(10829, 25, 24, b'1', b'0', b'1', b'1', b'1', '1', '2017-05-20', '2017-05-20'),
(10830, 25, 36, b'0', b'0', b'0', b'0', b'0', '1', '2017-05-20', '2017-05-20'),
(10831, 25, 37, b'0', b'0', b'0', b'0', b'0', '1', '2017-05-20', '2017-05-20'),
(10832, 25, 75, b'1', b'0', b'0', b'0', b'0', '1', '2017-05-20', '2017-05-20'),
(10833, 25, 76, b'1', b'0', b'0', b'0', b'0', '1', '2017-05-20', '2017-05-20'),
(10834, 25, 19, b'1', b'0', b'1', b'1', b'1', '1', '2017-05-20', '2017-05-20'),
(10835, 25, 27, b'1', b'0', b'1', b'1', b'1', '1', '2017-05-20', '2017-05-20'),
(10836, 25, 18, b'1', b'0', b'1', b'1', b'1', '1', '2017-05-20', '2017-05-20'),
(10837, 25, 33, b'1', b'0', b'0', b'0', b'0', '1', '2017-05-20', '2017-05-20'),
(10838, 25, 22, b'1', b'0', b'1', b'1', b'1', '1', '2017-05-20', '2017-05-20'),
(10839, 25, 60, b'0', b'0', b'0', b'0', b'0', '1', '2017-05-20', '2017-05-20'),
(10840, 25, 61, b'0', b'0', b'0', b'0', b'0', '1', '2017-05-20', '2017-05-20'),
(10841, 25, 62, b'0', b'0', b'0', b'0', b'0', '1', '2017-05-20', '2017-05-20'),
(10842, 25, 63, b'0', b'0', b'0', b'0', b'0', '1', '2017-05-20', '2017-05-20'),
(10843, 25, 65, b'0', b'0', b'0', b'0', b'0', '1', '2017-05-20', '2017-05-20'),
(10844, 25, 64, b'0', b'0', b'0', b'0', b'0', '1', '2017-05-20', '2017-05-20'),
(10845, 25, 66, b'0', b'0', b'0', b'0', b'0', '1', '2017-05-20', '2017-05-20'),
(10846, 25, 68, b'0', b'0', b'0', b'0', b'0', '1', '2017-05-20', '2017-05-20'),
(10847, 25, 67, b'0', b'0', b'0', b'0', b'0', '1', '2017-05-20', '2017-05-20'),
(10848, 25, 69, b'0', b'0', b'0', b'0', b'0', '1', '2017-05-20', '2017-05-20'),
(10849, 25, 70, b'0', b'0', b'0', b'0', b'0', '1', '2017-05-20', '2017-05-20'),
(10850, 25, 71, b'0', b'0', b'0', b'0', b'0', '1', '2017-05-20', '2017-05-20'),
(10851, 25, 72, b'0', b'0', b'0', b'0', b'0', '1', '2017-05-20', '2017-05-20'),
(10852, 25, 73, b'0', b'0', b'0', b'0', b'0', '1', '2017-05-20', '2017-05-20'),
(10853, 25, 74, b'0', b'0', b'0', b'0', b'0', '1', '2017-05-20', '2017-05-20'),
(10854, 25, 77, b'1', b'0', b'0', b'0', b'0', '1', '2017-05-20', '2017-05-20'),
(10855, 25, 78, b'1', b'0', b'0', b'0', b'0', '1', '2017-05-20', '2017-05-20'),
(10856, 25, 79, b'0', b'0', b'0', b'0', b'0', '1', '2017-05-20', '2017-05-20'),
(10857, 25, 86, b'0', b'0', b'0', b'0', b'0', '1', '2017-05-20', '2017-05-20'),
(10858, 25, 29, b'1', b'0', b'0', b'0', b'0', '1', '2017-05-20', '2017-05-20'),
(10859, 25, 38, b'1', b'0', b'0', b'0', b'0', '1', '2017-05-20', '2017-05-20'),
(10860, 25, 39, b'1', b'0', b'0', b'0', b'0', '1', '2017-05-20', '2017-05-20'),
(10861, 25, 40, b'1', b'0', b'0', b'0', b'0', '1', '2017-05-20', '2017-05-20'),
(10862, 25, 41, b'1', b'0', b'0', b'0', b'0', '1', '2017-05-20', '2017-05-20'),
(10863, 25, 42, b'1', b'0', b'0', b'0', b'0', '1', '2017-05-20', '2017-05-20'),
(10864, 25, 80, b'1', b'0', b'0', b'0', b'0', '1', '2017-05-20', '2017-05-20'),
(10865, 25, 82, b'1', b'0', b'0', b'0', b'0', '1', '2017-05-20', '2017-05-20'),
(10866, 25, 83, b'1', b'0', b'0', b'0', b'0', '1', '2017-05-20', '2017-05-20'),
(10867, 25, 85, b'1', b'0', b'0', b'0', b'0', '1', '2017-05-20', '2017-05-20'),
(11184, 27, 1, b'1', b'0', b'0', b'0', b'0', '1', '2017-05-21', '2017-05-21'),
(11185, 27, 2, b'0', b'0', b'0', b'0', b'0', '1', '2017-05-21', '2017-05-21'),
(11186, 27, 3, b'0', b'0', b'0', b'0', b'0', '1', '2017-05-21', '2017-05-21'),
(11187, 27, 30, b'1', b'0', b'0', b'0', b'0', '1', '2017-05-21', '2017-05-21'),
(11188, 27, 35, b'0', b'0', b'0', b'0', b'0', '1', '2017-05-21', '2017-05-21'),
(11189, 27, 50, b'1', b'0', b'0', b'0', b'0', '1', '2017-05-21', '2017-05-21'),
(11190, 27, 51, b'0', b'0', b'0', b'0', b'0', '1', '2017-05-21', '2017-05-21'),
(11191, 27, 52, b'0', b'0', b'0', b'0', b'0', '1', '2017-05-21', '2017-05-21'),
(11192, 27, 53, b'0', b'0', b'0', b'0', b'0', '1', '2017-05-21', '2017-05-21'),
(11193, 27, 20, b'1', b'0', b'1', b'0', b'0', '1', '2017-05-21', '2017-05-21'),
(11194, 27, 23, b'1', b'0', b'1', b'0', b'0', '1', '2017-05-21', '2017-05-21'),
(11195, 27, 21, b'1', b'0', b'0', b'0', b'0', '1', '2017-05-21', '2017-05-21'),
(11196, 27, 31, b'1', b'0', b'1', b'0', b'0', '1', '2017-05-21', '2017-05-21'),
(11197, 27, 32, b'0', b'0', b'0', b'0', b'0', '1', '2017-05-21', '2017-05-21'),
(11198, 27, 15, b'0', b'0', b'0', b'0', b'0', '1', '2017-05-21', '2017-05-21'),
(11199, 27, 16, b'0', b'0', b'0', b'0', b'0', '1', '2017-05-21', '2017-05-21'),
(11200, 27, 4, b'0', b'0', b'0', b'0', b'0', '1', '2017-05-21', '2017-05-21'),
(11201, 27, 5, b'0', b'0', b'0', b'0', b'0', '1', '2017-05-21', '2017-05-21'),
(11202, 27, 6, b'0', b'0', b'0', b'0', b'0', '1', '2017-05-21', '2017-05-21'),
(11203, 27, 7, b'0', b'0', b'0', b'0', b'0', '1', '2017-05-21', '2017-05-21'),
(11204, 27, 8, b'0', b'0', b'0', b'0', b'0', '1', '2017-05-21', '2017-05-21'),
(11205, 27, 9, b'0', b'0', b'0', b'0', b'0', '1', '2017-05-21', '2017-05-21'),
(11206, 27, 10, b'0', b'0', b'0', b'0', b'0', '1', '2017-05-21', '2017-05-21'),
(11207, 27, 11, b'0', b'0', b'0', b'0', b'0', '1', '2017-05-21', '2017-05-21'),
(11208, 27, 12, b'0', b'0', b'0', b'0', b'0', '1', '2017-05-21', '2017-05-21'),
(11209, 27, 13, b'0', b'0', b'0', b'0', b'0', '1', '2017-05-21', '2017-05-21'),
(11210, 27, 14, b'0', b'0', b'0', b'0', b'0', '1', '2017-05-21', '2017-05-21'),
(11211, 27, 25, b'0', b'0', b'0', b'0', b'0', '1', '2017-05-21', '2017-05-21'),
(11212, 27, 26, b'0', b'0', b'0', b'0', b'0', '1', '2017-05-21', '2017-05-21'),
(11213, 27, 28, b'0', b'0', b'0', b'0', b'0', '1', '2017-05-21', '2017-05-21'),
(11214, 27, 45, b'0', b'0', b'0', b'0', b'0', '1', '2017-05-21', '2017-05-21'),
(11215, 27, 54, b'0', b'0', b'0', b'0', b'0', '1', '2017-05-21', '2017-05-21'),
(11216, 27, 55, b'0', b'0', b'0', b'0', b'0', '1', '2017-05-21', '2017-05-21'),
(11217, 27, 56, b'0', b'0', b'0', b'0', b'0', '1', '2017-05-21', '2017-05-21'),
(11218, 27, 57, b'0', b'0', b'0', b'0', b'0', '1', '2017-05-21', '2017-05-21'),
(11219, 27, 58, b'0', b'0', b'0', b'0', b'0', '1', '2017-05-21', '2017-05-21'),
(11220, 27, 59, b'0', b'0', b'0', b'0', b'0', '1', '2017-05-21', '2017-05-21'),
(11221, 27, 81, b'0', b'0', b'0', b'0', b'0', '1', '2017-05-21', '2017-05-21'),
(11222, 27, 84, b'0', b'0', b'0', b'0', b'0', '1', '2017-05-21', '2017-05-21'),
(11223, 27, 34, b'1', b'0', b'1', b'0', b'0', '1', '2017-05-21', '2017-05-21'),
(11224, 27, 24, b'1', b'0', b'1', b'0', b'0', '1', '2017-05-21', '2017-05-21'),
(11225, 27, 36, b'0', b'0', b'0', b'0', b'0', '1', '2017-05-21', '2017-05-21'),
(11226, 27, 37, b'0', b'0', b'0', b'0', b'0', '1', '2017-05-21', '2017-05-21'),
(11227, 27, 75, b'1', b'0', b'0', b'0', b'0', '1', '2017-05-21', '2017-05-21'),
(11228, 27, 76, b'1', b'0', b'0', b'0', b'0', '1', '2017-05-21', '2017-05-21'),
(11229, 27, 19, b'1', b'0', b'1', b'0', b'0', '1', '2017-05-21', '2017-05-21'),
(11230, 27, 27, b'1', b'0', b'1', b'0', b'0', '1', '2017-05-21', '2017-05-21'),
(11231, 27, 18, b'1', b'0', b'1', b'0', b'0', '1', '2017-05-21', '2017-05-21'),
(11232, 27, 33, b'1', b'0', b'0', b'0', b'0', '1', '2017-05-21', '2017-05-21'),
(11233, 27, 22, b'1', b'0', b'1', b'0', b'0', '1', '2017-05-21', '2017-05-21'),
(11234, 27, 60, b'0', b'0', b'0', b'0', b'0', '1', '2017-05-21', '2017-05-21'),
(11235, 27, 61, b'0', b'0', b'0', b'0', b'0', '1', '2017-05-21', '2017-05-21'),
(11236, 27, 62, b'0', b'0', b'0', b'0', b'0', '1', '2017-05-21', '2017-05-21'),
(11237, 27, 63, b'0', b'0', b'0', b'0', b'0', '1', '2017-05-21', '2017-05-21'),
(11238, 27, 65, b'0', b'0', b'0', b'0', b'0', '1', '2017-05-21', '2017-05-21'),
(11239, 27, 64, b'0', b'0', b'0', b'0', b'0', '1', '2017-05-21', '2017-05-21'),
(11240, 27, 66, b'0', b'0', b'0', b'0', b'0', '1', '2017-05-21', '2017-05-21'),
(11241, 27, 68, b'0', b'0', b'0', b'0', b'0', '1', '2017-05-21', '2017-05-21'),
(11242, 27, 67, b'0', b'0', b'0', b'0', b'0', '1', '2017-05-21', '2017-05-21'),
(11243, 27, 69, b'0', b'0', b'0', b'0', b'0', '1', '2017-05-21', '2017-05-21'),
(11244, 27, 70, b'0', b'0', b'0', b'0', b'0', '1', '2017-05-21', '2017-05-21'),
(11245, 27, 71, b'0', b'0', b'0', b'0', b'0', '1', '2017-05-21', '2017-05-21'),
(11246, 27, 72, b'0', b'0', b'0', b'0', b'0', '1', '2017-05-21', '2017-05-21'),
(11247, 27, 73, b'0', b'0', b'0', b'0', b'0', '1', '2017-05-21', '2017-05-21'),
(11248, 27, 74, b'0', b'0', b'0', b'0', b'0', '1', '2017-05-21', '2017-05-21'),
(11249, 27, 77, b'1', b'0', b'0', b'0', b'0', '1', '2017-05-21', '2017-05-21'),
(11250, 27, 78, b'1', b'0', b'0', b'0', b'0', '1', '2017-05-21', '2017-05-21'),
(11251, 27, 79, b'0', b'0', b'0', b'0', b'0', '1', '2017-05-21', '2017-05-21'),
(11252, 27, 86, b'0', b'0', b'0', b'0', b'0', '1', '2017-05-21', '2017-05-21'),
(11253, 27, 29, b'1', b'0', b'0', b'0', b'0', '1', '2017-05-21', '2017-05-21'),
(11254, 27, 38, b'1', b'0', b'0', b'0', b'0', '1', '2017-05-21', '2017-05-21'),
(11255, 27, 39, b'1', b'0', b'0', b'0', b'0', '1', '2017-05-21', '2017-05-21'),
(11256, 27, 40, b'1', b'0', b'0', b'0', b'0', '1', '2017-05-21', '2017-05-21'),
(11257, 27, 41, b'1', b'0', b'0', b'0', b'0', '1', '2017-05-21', '2017-05-21'),
(11258, 27, 42, b'1', b'0', b'0', b'0', b'0', '1', '2017-05-21', '2017-05-21'),
(11259, 27, 80, b'1', b'0', b'0', b'0', b'0', '1', '2017-05-21', '2017-05-21'),
(11260, 27, 82, b'1', b'0', b'0', b'0', b'0', '1', '2017-05-21', '2017-05-21'),
(11261, 27, 83, b'1', b'0', b'0', b'0', b'0', '1', '2017-05-21', '2017-05-21'),
(11262, 27, 85, b'1', b'0', b'0', b'0', b'0', '1', '2017-05-21', '2017-05-21'),
(11263, 26, 1, b'1', b'0', b'0', b'0', b'0', '1', '2017-05-21', '2017-05-21'),
(11264, 26, 2, b'0', b'0', b'0', b'0', b'0', '1', '2017-05-21', '2017-05-21'),
(11265, 26, 3, b'0', b'0', b'0', b'0', b'0', '1', '2017-05-21', '2017-05-21'),
(11266, 26, 30, b'1', b'0', b'0', b'0', b'0', '1', '2017-05-21', '2017-05-21'),
(11267, 26, 35, b'0', b'0', b'0', b'0', b'0', '1', '2017-05-21', '2017-05-21'),
(11268, 26, 50, b'1', b'0', b'0', b'0', b'0', '1', '2017-05-21', '2017-05-21'),
(11269, 26, 51, b'0', b'0', b'0', b'0', b'0', '1', '2017-05-21', '2017-05-21'),
(11270, 26, 52, b'0', b'0', b'0', b'0', b'0', '1', '2017-05-21', '2017-05-21'),
(11271, 26, 53, b'0', b'0', b'0', b'0', b'0', '1', '2017-05-21', '2017-05-21'),
(11272, 26, 20, b'1', b'0', b'1', b'1', b'0', '1', '2017-05-21', '2017-05-21'),
(11273, 26, 23, b'1', b'0', b'1', b'1', b'0', '1', '2017-05-21', '2017-05-21'),
(11274, 26, 21, b'1', b'0', b'0', b'0', b'0', '1', '2017-05-21', '2017-05-21'),
(11275, 26, 31, b'1', b'0', b'1', b'1', b'0', '1', '2017-05-21', '2017-05-21'),
(11276, 26, 32, b'0', b'0', b'0', b'0', b'0', '1', '2017-05-21', '2017-05-21'),
(11277, 26, 15, b'0', b'0', b'0', b'0', b'0', '1', '2017-05-21', '2017-05-21'),
(11278, 26, 16, b'0', b'0', b'0', b'0', b'0', '1', '2017-05-21', '2017-05-21'),
(11279, 26, 4, b'0', b'0', b'0', b'0', b'0', '1', '2017-05-21', '2017-05-21'),
(11280, 26, 5, b'0', b'0', b'0', b'0', b'0', '1', '2017-05-21', '2017-05-21'),
(11281, 26, 6, b'0', b'0', b'0', b'0', b'0', '1', '2017-05-21', '2017-05-21'),
(11282, 26, 7, b'0', b'0', b'0', b'0', b'0', '1', '2017-05-21', '2017-05-21'),
(11283, 26, 8, b'0', b'0', b'0', b'0', b'0', '1', '2017-05-21', '2017-05-21'),
(11284, 26, 9, b'0', b'0', b'0', b'0', b'0', '1', '2017-05-21', '2017-05-21'),
(11285, 26, 10, b'0', b'0', b'0', b'0', b'0', '1', '2017-05-21', '2017-05-21'),
(11286, 26, 11, b'0', b'0', b'0', b'0', b'0', '1', '2017-05-21', '2017-05-21');
INSERT INTO `menu_role` (`ID`, `ROLE_ID`, `MENU_ID`, `IS_ACTIVE`, `IS_REQUIRED_ACTION`, `IS_CREATE`, `IS_EDIT`, `IS_DELETE`, `UPDATE_BY`, `CREATE_DATE`, `UPDATE_DATE`) VALUES
(11287, 26, 12, b'0', b'0', b'0', b'0', b'0', '1', '2017-05-21', '2017-05-21'),
(11288, 26, 13, b'0', b'0', b'0', b'0', b'0', '1', '2017-05-21', '2017-05-21'),
(11289, 26, 14, b'0', b'0', b'0', b'0', b'0', '1', '2017-05-21', '2017-05-21'),
(11290, 26, 25, b'0', b'0', b'0', b'0', b'0', '1', '2017-05-21', '2017-05-21'),
(11291, 26, 26, b'0', b'0', b'0', b'0', b'0', '1', '2017-05-21', '2017-05-21'),
(11292, 26, 28, b'0', b'0', b'0', b'0', b'0', '1', '2017-05-21', '2017-05-21'),
(11293, 26, 45, b'0', b'0', b'0', b'0', b'0', '1', '2017-05-21', '2017-05-21'),
(11294, 26, 54, b'0', b'0', b'0', b'0', b'0', '1', '2017-05-21', '2017-05-21'),
(11295, 26, 55, b'0', b'0', b'0', b'0', b'0', '1', '2017-05-21', '2017-05-21'),
(11296, 26, 56, b'0', b'0', b'0', b'0', b'0', '1', '2017-05-21', '2017-05-21'),
(11297, 26, 57, b'0', b'0', b'0', b'0', b'0', '1', '2017-05-21', '2017-05-21'),
(11298, 26, 58, b'0', b'0', b'0', b'0', b'0', '1', '2017-05-21', '2017-05-21'),
(11299, 26, 59, b'0', b'0', b'0', b'0', b'0', '1', '2017-05-21', '2017-05-21'),
(11300, 26, 81, b'0', b'0', b'0', b'0', b'0', '1', '2017-05-21', '2017-05-21'),
(11301, 26, 84, b'0', b'0', b'0', b'0', b'0', '1', '2017-05-21', '2017-05-21'),
(11302, 26, 34, b'1', b'0', b'1', b'1', b'0', '1', '2017-05-21', '2017-05-21'),
(11303, 26, 24, b'1', b'0', b'1', b'1', b'0', '1', '2017-05-21', '2017-05-21'),
(11304, 26, 36, b'0', b'0', b'0', b'0', b'0', '1', '2017-05-21', '2017-05-21'),
(11305, 26, 37, b'0', b'0', b'0', b'0', b'0', '1', '2017-05-21', '2017-05-21'),
(11306, 26, 75, b'1', b'0', b'0', b'0', b'0', '1', '2017-05-21', '2017-05-21'),
(11307, 26, 76, b'1', b'0', b'0', b'0', b'0', '1', '2017-05-21', '2017-05-21'),
(11308, 26, 19, b'1', b'0', b'1', b'1', b'0', '1', '2017-05-21', '2017-05-21'),
(11309, 26, 27, b'1', b'0', b'1', b'1', b'0', '1', '2017-05-21', '2017-05-21'),
(11310, 26, 18, b'1', b'0', b'1', b'1', b'0', '1', '2017-05-21', '2017-05-21'),
(11311, 26, 33, b'1', b'0', b'0', b'0', b'0', '1', '2017-05-21', '2017-05-21'),
(11312, 26, 22, b'1', b'0', b'1', b'1', b'0', '1', '2017-05-21', '2017-05-21'),
(11313, 26, 60, b'0', b'0', b'0', b'0', b'0', '1', '2017-05-21', '2017-05-21'),
(11314, 26, 61, b'0', b'0', b'0', b'0', b'0', '1', '2017-05-21', '2017-05-21'),
(11315, 26, 62, b'0', b'0', b'0', b'0', b'0', '1', '2017-05-21', '2017-05-21'),
(11316, 26, 63, b'0', b'0', b'0', b'0', b'0', '1', '2017-05-21', '2017-05-21'),
(11317, 26, 65, b'0', b'0', b'0', b'0', b'0', '1', '2017-05-21', '2017-05-21'),
(11318, 26, 64, b'0', b'0', b'0', b'0', b'0', '1', '2017-05-21', '2017-05-21'),
(11319, 26, 66, b'0', b'0', b'0', b'0', b'0', '1', '2017-05-21', '2017-05-21'),
(11320, 26, 68, b'0', b'0', b'0', b'0', b'0', '1', '2017-05-21', '2017-05-21'),
(11321, 26, 67, b'0', b'0', b'0', b'0', b'0', '1', '2017-05-21', '2017-05-21'),
(11322, 26, 69, b'0', b'0', b'0', b'0', b'0', '1', '2017-05-21', '2017-05-21'),
(11323, 26, 70, b'0', b'0', b'0', b'0', b'0', '1', '2017-05-21', '2017-05-21'),
(11324, 26, 71, b'0', b'0', b'0', b'0', b'0', '1', '2017-05-21', '2017-05-21'),
(11325, 26, 72, b'0', b'0', b'0', b'0', b'0', '1', '2017-05-21', '2017-05-21'),
(11326, 26, 73, b'0', b'0', b'0', b'0', b'0', '1', '2017-05-21', '2017-05-21'),
(11327, 26, 74, b'0', b'0', b'0', b'0', b'0', '1', '2017-05-21', '2017-05-21'),
(11328, 26, 77, b'1', b'0', b'0', b'0', b'0', '1', '2017-05-21', '2017-05-21'),
(11329, 26, 78, b'1', b'0', b'0', b'0', b'0', '1', '2017-05-21', '2017-05-21'),
(11330, 26, 79, b'0', b'0', b'0', b'0', b'0', '1', '2017-05-21', '2017-05-21'),
(11331, 26, 86, b'0', b'0', b'0', b'0', b'0', '1', '2017-05-21', '2017-05-21'),
(11332, 26, 29, b'1', b'0', b'0', b'0', b'0', '1', '2017-05-21', '2017-05-21'),
(11333, 26, 38, b'1', b'0', b'0', b'0', b'0', '1', '2017-05-21', '2017-05-21'),
(11334, 26, 39, b'1', b'0', b'0', b'0', b'0', '1', '2017-05-21', '2017-05-21'),
(11335, 26, 40, b'1', b'0', b'0', b'0', b'0', '1', '2017-05-21', '2017-05-21'),
(11336, 26, 41, b'1', b'0', b'0', b'0', b'0', '1', '2017-05-21', '2017-05-21'),
(11337, 26, 42, b'1', b'0', b'0', b'0', b'0', '1', '2017-05-21', '2017-05-21'),
(11338, 26, 80, b'1', b'0', b'0', b'0', b'0', '1', '2017-05-21', '2017-05-21'),
(11339, 26, 82, b'1', b'0', b'0', b'0', b'0', '1', '2017-05-21', '2017-05-21'),
(11340, 26, 83, b'1', b'0', b'0', b'0', b'0', '1', '2017-05-21', '2017-05-21'),
(11341, 26, 85, b'1', b'0', b'0', b'0', b'0', '1', '2017-05-21', '2017-05-21');

-- --------------------------------------------------------

--
-- Table structure for table `tb_answers`
--

CREATE TABLE IF NOT EXISTS `tb_answers` (
  `id` int(11) NOT NULL,
  `question_id` varchar(45) DEFAULT NULL,
  `value` varchar(200) DEFAULT NULL,
  `type` int(11) DEFAULT NULL COMMENT '1 = checkbox,2 = text,3 = table\n',
  `department_id` int(11) DEFAULT NULL,
  `create_date` date DEFAULT NULL,
  `create_by` varchar(45) DEFAULT NULL,
  `update_date` date DEFAULT NULL,
  `update_by` varchar(45) DEFAULT NULL
) ENGINE=InnoDB AUTO_INCREMENT=2558 DEFAULT CHARSET=utf8;

--
-- Dumping data for table `tb_answers`
--

INSERT INTO `tb_answers` (`id`, `question_id`, `value`, `type`, `department_id`, `create_date`, `create_by`, `update_date`, `update_by`) VALUES
(1045, '1', '1', 1, 10, '2016-12-06', '1', '2016-12-06', '1'),
(1046, '2', '1', 1, 10, '2016-12-06', '1', '2016-12-06', '1'),
(1047, '4', '0', 1, 10, '2016-12-06', '1', '2016-12-06', '1'),
(1048, '4', 'ไม่มี', 2, 10, '2016-12-06', '1', '2016-12-06', '1'),
(1049, '1', '/uploads/Blank Letter Head - EL (1).doc', 4, 10, '2016-12-06', '1', '2016-12-06', '1'),
(1050, '2', '/uploads//radbase/uploads//radbase/uploads//radbase/uploads//radbase/uploads/Feedback-FX-history.xlsx', 4, 10, '2016-12-06', '1', '2016-12-06', '1'),
(1095, '1', '1', 1, 13, '2016-12-06', '1', '2016-12-06', '1'),
(1096, '2', '1', 1, 13, '2016-12-06', '1', '2016-12-06', '1'),
(1097, '3', '1', 1, 13, '2016-12-06', '1', '2016-12-06', '1'),
(1098, '3.1.1', '1', 1, 13, '2016-12-06', '1', '2016-12-06', '1'),
(1099, '3.1.4', '1', 1, 13, '2016-12-06', '1', '2016-12-06', '1'),
(1100, '3.1.6', '1', 1, 13, '2016-12-06', '1', '2016-12-06', '1'),
(1101, '4', '1', 1, 13, '2016-12-06', '1', '2016-12-06', '1'),
(1102, '4.1.1', '1', 1, 13, '2016-12-06', '1', '2016-12-06', '1'),
(1103, '4.1.2', '1', 1, 13, '2016-12-06', '1', '2016-12-06', '1'),
(1104, '4.1.3', '1', 1, 13, '2016-12-06', '1', '2016-12-06', '1'),
(1105, '4.1.4', '1', 1, 13, '2016-12-06', '1', '2016-12-06', '1'),
(1106, '5', '0', 1, 13, '2016-12-06', '1', '2016-12-06', '1'),
(1107, '6', '1', 1, 13, '2016-12-06', '1', '2016-12-06', '1'),
(1108, '7', '1', 1, 13, '2016-12-06', '1', '2016-12-06', '1'),
(1109, '7.1.1', '1', 1, 13, '2016-12-06', '1', '2016-12-06', '1'),
(1110, '7.1.2', '1', 1, 13, '2016-12-06', '1', '2016-12-06', '1'),
(1111, '8', '0', 1, 13, '2016-12-06', '1', '2016-12-06', '1'),
(1112, '9', '0', 1, 13, '2016-12-06', '1', '2016-12-06', '1'),
(1113, '10', '0', 1, 13, '2016-12-06', '1', '2016-12-06', '1'),
(1114, '11', '0', 1, 13, '2016-12-06', '1', '2016-12-06', '1'),
(1115, '12', '0', 1, 13, '2016-12-06', '1', '2016-12-06', '1'),
(1116, '13', '1', 1, 13, '2016-12-06', '1', '2016-12-06', '1'),
(1117, '13.1', '1', 1, 13, '2016-12-06', '1', '2016-12-06', '1'),
(1118, '13.2', '1', 1, 13, '2016-12-06', '1', '2016-12-06', '1'),
(1119, '14', '0', 1, 13, '2016-12-06', '1', '2016-12-06', '1'),
(1120, '15', '1', 1, 13, '2016-12-06', '1', '2016-12-06', '1'),
(1121, '1', 'testxxxx', 2, 13, '2016-12-06', '1', '2016-12-06', '1'),
(1122, '2', '                                           ข้อ 2 ไม่มี', 2, 13, '2016-12-06', '1', '2016-12-06', '1'),
(1123, '3.1.6', '                                     อื่น ๆ ระบุของข้อ 3', 2, 13, '2016-12-06', '1', '2016-12-06', '1'),
(1124, '3', 'ข้อ 3 ไม่มีแผน', 2, 13, '2016-12-06', '1', '2016-12-06', '1'),
(1125, '4.1.4', 'อื่น ๆ ตอบมี ข้อ 4', 2, 13, '2016-12-06', '1', '2016-12-06', '1'),
(1126, '4', 'ไม่มีข้อ 4', 2, 13, '2016-12-06', '1', '2016-12-06', '1'),
(1127, '5', 'ตอบข้อ 5 ไม่มี', 2, 13, '2016-12-06', '1', '2016-12-06', '1'),
(1128, '6', 'ตอบข้อ 6 ไม่มี', 2, 13, '2016-12-06', '1', '2016-12-06', '1'),
(1129, '7.1.2', 'อื่น ๆ ตอบมี ข้อ 7', 2, 13, '2016-12-06', '1', '2016-12-06', '1'),
(1130, '7.2', 'ไม่มีตอบข้อ 7', 2, 13, '2016-12-06', '1', '2016-12-06', '1'),
(1131, '8.2', 'ไม่มีตอบข้อ 8', 2, 13, '2016-12-06', '1', '2016-12-06', '1'),
(1132, '10.1', 'มีข้อ 10 ', 2, 13, '2016-12-06', '1', '2016-12-06', '1'),
(1133, '13.2', 'ข้อ 13 มี ตอบ อื่น ๆ ', 2, 13, '2016-12-06', '1', '2016-12-06', '1'),
(1134, '15', '2559', 2, 13, '2016-12-06', '1', '2016-12-06', '1'),
(1135, '4.1.1', '/uploads/report_007 (1).xls', 4, 13, '2016-12-06', '1', '2016-12-06', '1'),
(1136, '4.1.2', '/uploads/rptViewer.xls', 4, 13, '2016-12-06', '1', '2016-12-06', '1'),
(1137, '4.1.3', '/uploads/radbasewww.sql', 4, 13, '2016-12-06', '1', '2016-12-06', '1'),
(1138, '6', '/uploads/rptViewer.xls', 4, 13, '2016-12-06', '1', '2016-12-06', '1'),
(1139, '7.1.1', '/uploads/แก้ไขระบบฐานข้อมูลด้านรังสี Staff 02-12-59.pdf', 4, 13, '2016-12-06', '1', '2016-12-06', '1'),
(1140, '7.1.2', '/uploads/Error.log', 4, 13, '2016-12-06', '1', '2016-12-06', '1'),
(1141, '9', '/uploads/FX-KB AS 30-09-2016.pdf', 4, 13, '2016-12-06', '1', '2016-12-06', '1'),
(1142, '1', '/uploads//radbase/uploads/แก้ไขระบบฐานข้อมูลด้านรังสี Staff 02-12-59.pdf', 4, 13, '2016-12-06', '1', '2016-12-06', '1'),
(1143, '2', '/uploads//radbase/uploads/rptViewer.xls', 4, 13, '2016-12-06', '1', '2016-12-06', '1'),
(1144, '15.1', '/uploads//radbase/uploads//radbase/uploads/FX-KB AS 30-09-2016.pdf', 4, 13, '2016-12-06', '1', '2016-12-06', '1'),
(1145, '15.2', '/uploads//radbase/uploads//radbase/uploads/report_007.xls', 4, 13, '2016-12-06', '1', '2016-12-06', '1'),
(2493, '1.1', '1', 1, 15, '2017-01-12', '1', '2017-01-12', '1'),
(2494, '1.2', '1', 1, 15, '2017-01-12', '1', '2017-01-12', '1'),
(2495, '2', '1', 1, 15, '2017-01-12', '1', '2017-01-12', '1'),
(2496, '3.1.1', '1', 1, 15, '2017-01-12', '1', '2017-01-12', '1'),
(2497, '3.1.3', '1', 1, 15, '2017-01-12', '1', '2017-01-12', '1'),
(2498, '3.1.5', '1', 1, 15, '2017-01-12', '1', '2017-01-12', '1'),
(2499, '3.1.6', '1', 1, 15, '2017-01-12', '1', '2017-01-12', '1'),
(2500, '3', '0', 1, 15, '2017-01-12', '1', '2017-01-12', '1'),
(2501, '4.1.1', '1', 1, 15, '2017-01-12', '1', '2017-01-12', '1'),
(2502, '4.1.2', '1', 1, 15, '2017-01-12', '1', '2017-01-12', '1'),
(2503, '4.1.3', '1', 1, 15, '2017-01-12', '1', '2017-01-12', '1'),
(2504, '4.1.4', '1', 1, 15, '2017-01-12', '1', '2017-01-12', '1'),
(2505, '4', '0', 1, 15, '2017-01-12', '1', '2017-01-12', '1'),
(2506, '5.1', '1', 1, 15, '2017-01-12', '1', '2017-01-12', '1'),
(2507, '5.2', '1', 1, 15, '2017-01-12', '1', '2017-01-12', '1'),
(2508, '5.3', '1', 1, 15, '2017-01-12', '1', '2017-01-12', '1'),
(2509, '6.1', '1', 1, 15, '2017-01-12', '1', '2017-01-12', '1'),
(2510, '6.2', '1', 1, 15, '2017-01-12', '1', '2017-01-12', '1'),
(2511, '7.1.1', '1', 1, 15, '2017-01-12', '1', '2017-01-12', '1'),
(2512, '7.1.2', '1', 1, 15, '2017-01-12', '1', '2017-01-12', '1'),
(2513, '7.1.3', '1', 1, 15, '2017-01-12', '1', '2017-01-12', '1'),
(2514, '7', '0', 1, 15, '2017-01-12', '1', '2017-01-12', '1'),
(2515, '8', '0', 1, 15, '2017-01-12', '1', '2017-01-12', '1'),
(2516, '9.1.1', '1', 1, 15, '2017-01-12', '1', '2017-01-12', '1'),
(2517, '9.1.2', '1', 1, 15, '2017-01-12', '1', '2017-01-12', '1'),
(2518, '9.1.3', '1', 1, 15, '2017-01-12', '1', '2017-01-12', '1'),
(2519, '9', '0', 1, 15, '2017-01-12', '1', '2017-01-12', '1'),
(2520, '10', '0', 1, 15, '2017-01-12', '1', '2017-01-12', '1'),
(2521, '11', '0', 1, 15, '2017-01-12', '1', '2017-01-12', '1'),
(2522, '12', '0', 1, 15, '2017-01-12', '1', '2017-01-12', '1'),
(2523, '13', '1', 1, 15, '2017-01-12', '1', '2017-01-12', '1'),
(2524, '13.1', '1', 1, 15, '2017-01-12', '1', '2017-01-12', '1'),
(2525, '13.2', '1', 1, 15, '2017-01-12', '1', '2017-01-12', '1'),
(2526, '14.1', '0', 1, 15, '2017-01-12', '1', '2017-01-12', '1'),
(2527, '14.2', '0', 1, 15, '2017-01-12', '1', '2017-01-12', '1'),
(2528, '1.1', 'xxxx', 2, 15, '2017-01-12', '1', '2017-01-12', '1'),
(2529, '1.2', 'yyyy', 2, 15, '2017-01-12', '1', '2017-01-12', '1'),
(2530, '2', '                                 eee', 2, 15, '2017-01-12', '1', '2017-01-12', '1'),
(2531, '3.1.6', '                               1111', 2, 15, '2017-01-12', '1', '2017-01-12', '1'),
(2532, '3', 'ssssss', 2, 15, '2017-01-12', '1', '2017-01-12', '1'),
(2533, '4.1.4', '12121211221', 2, 15, '2017-01-12', '1', '2017-01-12', '1'),
(2534, '4', '999', 2, 15, '2017-01-12', '1', '2017-01-12', '1'),
(2535, '5.3', '8uuu', 2, 15, '2017-01-12', '1', '2017-01-12', '1'),
(2536, '6.1', '999', 2, 15, '2017-01-12', '1', '2017-01-12', '1'),
(2537, '6.2', '888', 2, 15, '2017-01-12', '1', '2017-01-12', '1'),
(2538, '7.1.2', '1', 2, 15, '2017-01-12', '1', '2017-01-12', '1'),
(2539, '7.1.3', '2', 2, 15, '2017-01-12', '1', '2017-01-12', '1'),
(2540, '7.2', '3', 2, 15, '2017-01-12', '1', '2017-01-12', '1'),
(2541, '8.2', '111', 2, 15, '2017-01-12', '1', '2017-01-12', '1'),
(2542, '10.1', '1', 2, 15, '2017-01-12', '1', '2017-01-12', '1'),
(2543, '12', '11111', 2, 15, '2017-01-12', '1', '2017-01-12', '1'),
(2544, '1.1', '/uploads/Feedback-Batch-ATD-BALANCE_HIST-2.xlsx', 4, 15, '2017-01-12', '1', '2017-01-12', '1'),
(2545, '1.2', '/uploads/Feedback-BD-F-FX.xlsx', 4, 15, '2017-01-12', '1', '2017-01-12', '1'),
(2546, '2', '/uploads/Welcome to Bangkok Bank''s Online Payment System _iPay_.pdf', 4, 15, '2017-01-12', '1', '2017-01-12', '1'),
(2547, '4.1.1', '/uploads/ITM-TimeSheet-Pawit-201601.xlsx', 4, 15, '2017-01-12', '1', '2017-01-12', '1'),
(2548, '4.1.2', '/uploads/ITM-TimeSheet-Pawit-201602.xlsx', 4, 15, '2017-01-12', '1', '2017-01-12', '1'),
(2549, '4.1.3', '/uploads/ITM-TimeSheet-Pawit-201603.xlsx', 4, 15, '2017-01-12', '1', '2017-01-12', '1'),
(2550, '6.1', '/uploads/ITM-TimeSheet-Pawit-201605 - Copy.xlsx', 4, 15, '2017-01-12', '1', '2017-01-12', '1'),
(2551, '6.2', '/uploads/PMS Form 2015_Pawit.xls', 4, 15, '2017-01-12', '1', '2017-01-12', '1'),
(2552, '9.1.1', '/uploads/Bank-App-Form-PC-SCBT.xlsx', 4, 15, '2017-01-12', '1', '2017-01-12', '1'),
(2553, '9.1.2', '/uploads/Bank-App-Form-PN-TMB.xlsx', 4, 15, '2017-01-12', '1', '2017-01-12', '1'),
(2554, '9.1.3', '/uploads/Feedback-Batch-ATD-BALANCE_HIST-2.xlsx', 4, 15, '2017-01-12', '1', '2017-01-12', '1'),
(2555, '13.1', '/uploads/Feedback- LC-OS-report.xlsx', 4, 15, '2017-01-12', '1', '2017-01-12', '1'),
(2556, '14.1', '/uploads/Bank-App-Form-TR-TMB.xlsx', 4, 15, '2017-01-12', '1', '2017-01-12', '1'),
(2557, '14.2', '/uploads/Feedback-BD-F-FX.xlsx', 4, 15, '2017-01-12', '1', '2017-01-12', '1');

-- --------------------------------------------------------

--
-- Table structure for table `tb_form1`
--

CREATE TABLE IF NOT EXISTS `tb_form1` (
  `id` int(11) NOT NULL,
  `code_usage_id` int(11) DEFAULT NULL,
  `rad_machine_id` int(11) DEFAULT NULL,
  `rad_machine_other` varchar(100) DEFAULT NULL,
  `model` varchar(45) DEFAULT NULL,
  `serial_number` varchar(45) DEFAULT NULL,
  `power` int(11) DEFAULT NULL,
  `power_unit_id` int(11) DEFAULT NULL,
  `power2` int(11) DEFAULT NULL,
  `power_unit_id2` int(11) DEFAULT NULL,
  `maufacturer_id` int(11) DEFAULT NULL,
  `maufacturer_other` varchar(100) DEFAULT NULL,
  `dealer_id` int(11) DEFAULT NULL,
  `dealer_other` varchar(100) DEFAULT NULL,
  `use_type_id` int(11) DEFAULT NULL,
  `utilization_id` int(11) DEFAULT NULL,
  `utilization_other` varchar(100) DEFAULT NULL,
  `license_no` varchar(45) DEFAULT NULL,
  `license_expire_date` date DEFAULT NULL,
  `machine_owner` varchar(100) DEFAULT NULL,
  `machine_owner_phone` varchar(45) DEFAULT NULL,
  `machine_owner_email` varchar(45) DEFAULT NULL,
  `usage_status_id` int(11) DEFAULT NULL,
  `room_id` int(11) DEFAULT NULL,
  `delivery_date_year` int(11) DEFAULT NULL,
  `delivery_date_month` int(11) DEFAULT NULL,
  `delivery_date_day` int(11) DEFAULT NULL,
  `inspection_agency_id` varchar(10) DEFAULT NULL,
  `inspection_agency_other` varchar(100) DEFAULT NULL,
  `quality_check_date` varchar(50) DEFAULT NULL,
  `owner_department_id` int(11) DEFAULT NULL,
  `update_from_id` int(11) DEFAULT '0',
  `revision` int(11) DEFAULT NULL,
  `create_by` int(11) DEFAULT NULL,
  `update_by` int(11) DEFAULT NULL,
  `create_date` date DEFAULT NULL,
  `update_date` datetime DEFAULT NULL,
  `status` varchar(1) DEFAULT 'T',
  `file_path` varchar(200) DEFAULT NULL,
  `usage_status_remark` varchar(200) DEFAULT NULL,
  `usage_status_to_department_id` int(11) DEFAULT NULL,
  `room_plan` varchar(100) DEFAULT NULL,
  `approve_status` varchar(20) DEFAULT NULL
) ENGINE=InnoDB AUTO_INCREMENT=252 DEFAULT CHARSET=utf8;

--
-- Dumping data for table `tb_form1`
--

INSERT INTO `tb_form1` (`id`, `code_usage_id`, `rad_machine_id`, `rad_machine_other`, `model`, `serial_number`, `power`, `power_unit_id`, `power2`, `power_unit_id2`, `maufacturer_id`, `maufacturer_other`, `dealer_id`, `dealer_other`, `use_type_id`, `utilization_id`, `utilization_other`, `license_no`, `license_expire_date`, `machine_owner`, `machine_owner_phone`, `machine_owner_email`, `usage_status_id`, `room_id`, `delivery_date_year`, `delivery_date_month`, `delivery_date_day`, `inspection_agency_id`, `inspection_agency_other`, `quality_check_date`, `owner_department_id`, `update_from_id`, `revision`, `create_by`, `update_by`, `create_date`, `update_date`, `status`, `file_path`, `usage_status_remark`, `usage_status_to_department_id`, `room_plan`, `approve_status`) VALUES
(175, 31, 23, '', 'Lunar658', 'USA2560', 140, 1, 440, 4, 20, '', 9, '', 1, 4, '', '4XM0460/60F', '2021-06-30', 'ธนัญญา ศูนย์คุ้ม', '02-441-9522', 'thananya.soo@mahidol.ac.th', 1, 4, 2560, 5, 23, '1', NULL, '2017-05-23', 13, 0, 1, 236, 236, '2017-05-23', '2017-05-23 02:26:06', 'T', '/uploads/1495506367.png', NULL, NULL, '/uploads/1495506367.pdf', 'EXECUTIVE_APPROVE'),
(176, 29, 7, '', 'Lunar658', 'USA2560', 140, 1, 440, 4, 19, '', 4, '', 1, 5, '', '', '0000-00-00', 'ปวิช แซ่อึ้ง', '0850788702', 'pawit1357', 1, 4, 2560, 5, 23, '1,2', NULL, '2017-05-23,2017-05-23', 1, 0, 1, 270, 270, '2017-05-23', '2017-05-23 02:26:24', 'T', '/uploads/1495506385.png', NULL, NULL, '/uploads/1495506385.pdf', 'EXECUTIVE_APPROVE'),
(178, 31, 23, '', 'Lunar658', 'USA2560', 140, 1, 440, 4, 20, '', 9, '', 1, 4, '', '4XM0460/60F', '2021-06-30', 'นางสาวศุภวรรณ จิวะพงศ์', '0844490006', 'misssupawan@gmail.com', 1, 4, 2560, 5, 23, '1', NULL, '2017-05-23', 3, 0, 1, 208, 208, '2017-05-23', '2017-05-23 02:26:31', 'T', '/uploads/1495506392.png', NULL, NULL, '/uploads/1495506392.pdf', 'EXECUTIVE_APPROVE'),
(180, 31, 23, '', 'Lunar658', 'USA2560', 140, 1, 440, 4, 20, '', 9, '', 1, 4, '', '4XM0460/60F', '2021-06-30', 'pruksa julapanthong', '0869809655', 'pruksa_j@hotmail.com', 1, 4, 2560, 5, 23, NULL, NULL, NULL, 1, 180, 1, 270, 270, '2017-05-23', '2017-05-23 02:27:09', 'F', NULL, NULL, NULL, NULL, 'EXECUTIVE_APPROVE'),
(181, 31, NULL, '', 'Lunar658', 'USA2560', 140, 1, 440, 4, 20, '', 9, '', 1, 4, '', '4XM0460/60F', '2021-06-30', 'นฤมล แจ่มศรี', '0896010342', 'ninamol_ni@hotmail.com', 1, 11, 2560, 5, 23, '1', NULL, '2017-05-23', 1, 0, 1, 197, 197, '2017-05-23', '2017-05-23 02:27:19', 'T', NULL, NULL, NULL, NULL, 'EXECUTIVE_APPROVE'),
(182, 31, 23, '', 'Lunar658', 'USA2560', 140, 1, 440, 4, 20, '', 9, '', 1, 4, '', '4XM0460/60F', '2021-06-30', 'น.ส.ชมพูนช หาญนันทวิวัฒน์', '02-419-2180', 'chompunoot.h@siphhospital.com', 1, 4, 2560, 5, 23, '1', NULL, '2017-05-23', 1, 0, 1, 274, 274, '2017-05-23', '2017-05-23 02:27:23', 'T', '/uploads/1495506443.png', NULL, NULL, '/uploads/1495506443.pdf', 'EXECUTIVE_APPROVE'),
(183, 31, 23, '', 'Lunar658', 'USA2560', 140, 1, 440, 4, 20, '', 9, '', 1, 4, '', '4XM0460/60F', '2021-06-30', 'น.ส.ชมพูนช หาญนันทวิวัฒน์', '02-419-2180', 'chompunoot.h@siphhospital.com', 1, 4, 2560, 5, 23, '1', NULL, '2017-05-23', 1, 0, 1, 274, 274, '2017-05-23', '2017-05-23 02:27:23', 'T', '/uploads/1495506443.png', NULL, NULL, '/uploads/1495506443.pdf', 'EXECUTIVE_APPROVE'),
(184, 31, 23, '', 'Lunar658', 'USA2560', 140, 1, 440, 4, 20, '', 9, '', 1, 4, '', '4XM0460/60F', '2021-06-30', 'อนุจิตต์ คงผอม', '0841691950', 'anujit.kon@mahidol.ac.th', 1, 4, 2560, 5, 23, '1', NULL, '2017-05-23', 12, 184, 1, 235, 235, '2017-05-23', '2017-05-23 02:27:33', 'F', NULL, NULL, NULL, NULL, 'EXECUTIVE_APPROVE'),
(185, 31, 23, '', 'Lunar658', 'USA2560', 140, 1, 440, 4, 20, '', 9, '', 1, 4, '', '4XM0460/60F', '2021-06-30', 'พิทักษ์ คำแหงพล', '022015110', 'pitak.kha@mahidol.ac.th', 1, 4, 2560, 5, 23, '1', NULL, '2017-05-23', 6, 185, 1, 216, 216, '2017-05-23', '2017-05-23 02:27:37', 'F', '/uploads/1495506458.png', NULL, NULL, '/uploads/1495506458.pdf', 'EXECUTIVE_APPROVE'),
(186, 31, 23, '', 'Lunar658', 'USA2560', 140, 1, 440, 4, 20, '', 9, '', 1, 4, '', '4XM0460/60F', '2021-06-30', 'นายณัฐพร ธีระรังสิกุล', '0867077790', 'nhtthaphon.thi', 1, 4, 2560, 5, 23, '1', NULL, '2017-05-23', 3, 186, 1, 210, 210, '2017-05-23', '2017-05-23 02:27:41', 'F', '/uploads/1495506461.png', NULL, NULL, '/uploads/1495506461.pdf', 'EXECUTIVE_APPROVE'),
(187, 31, NULL, '', 'Lunar658', 'USA2560', 140, 1, 440, 4, 20, '', 9, '', 1, 4, '', '4XM0460/60F', '2021-06-30', 'นฤมล แจ่มศรี', '0896010342', 'ninamol_ni@hotmail.com', 1, 11, 2560, 5, 23, '1', NULL, '2017-05-23', 1, 0, 1, 197, 197, '2017-05-23', '2017-05-23 02:27:42', 'T', NULL, NULL, NULL, NULL, 'EXECUTIVE_APPROVE'),
(188, 31, 23, '', 'lunar658', 'usa2560', 140, 1, 440, 1, 20, '', 9, '', 1, 4, '', '4xm0460/60f', '2021-06-30', 'ชัชวาล', '0819811404', 'chatchawan.san@mahidol.ac.th', 1, 4, 2560, 5, 23, '1', NULL, '2017-05-23', 6, 188, 1, 217, 217, '2017-05-23', '2017-05-23 02:27:55', 'F', '/uploads/1495506476.png', NULL, NULL, '/uploads/1495506476.pdf', 'EXECUTIVE_APPROVE'),
(189, 31, 23, '', 'Lunar658', 'USA2560', 140, 1, 440, 6, 20, '', 9, '', 1, 4, '', '4XM0460/60F', '2021-06-30', '', '', '', 1, 4, 2560, 5, 23, '1', NULL, '2017-05-23', 6, 189, 1, 218, 218, '2017-05-23', '2017-05-23 02:27:59', 'F', '/uploads/1495506479.png', NULL, NULL, '/uploads/1495506479.pdf', 'EXECUTIVE_APPROVE'),
(190, 31, 23, '', 'lunar658', 'usa2560', 140, 1, 440, 4, 20, '', 9, '', 1, 4, '', '4xm0460/60f', '2021-06-30', 'ฝนทิพย์ รัตนกาล', '0890309868', 'fontip.rat@mahidol.ac.th', 1, 4, 2560, 5, 23, '1', NULL, '2017-05-23', 9, 0, 1, 228, 228, '2017-05-23', '2017-05-23 02:28:07', 'T', NULL, NULL, NULL, NULL, 'EXECUTIVE_APPROVE'),
(191, 31, 23, '', 'Lunar658', 'USA2560', 140, 1, 440, 4, 20, '', 9, '', 1, 4, '', '4XM0460/60F', '2021-06-30', 'สมหญิง สว่างสุวรรณ', '0811726938', 'somying.nin@mahidol.ac.th', 1, 4, 2560, 5, 23, '1', NULL, '2017-05-23', 3, 0, 1, 211, 211, '2017-05-23', '2017-05-23 02:28:28', 'T', '/uploads/1495506509.png', NULL, NULL, '/uploads/1495506509.pdf', 'EXECUTIVE_APPROVE'),
(192, 31, 23, '', 'Lunar658', 'USA2560', 140, 1, 440, 4, 20, '', 9, '', 1, 4, '', '4MX0460/60F', '2021-06-30', 'ธนธร จงเจริญกมล', '024414375 ต่อ 2837', 'mttcgrt@gmail.com', 1, 4, 2560, 5, 23, '1', NULL, '2017-05-23', 5, 0, 1, 214, 214, '2017-05-23', '2017-05-23 02:28:29', 'T', '/uploads/1495506509.png', NULL, NULL, '/uploads/1495506509.pdf', 'EXECUTIVE_APPROVE'),
(193, 31, 23, '', 'Lunar658', 'USA2560', 140, 1, 440, 4, 20, '', 9, '', 1, 4, '', '4XM0460/60F', '2021-06-30', 'วิษนุกร อุ้มทรัพย์', '024192116', 'witsanukorn_si@mahidol.ac.th', 1, 4, 2560, 5, 23, '1', NULL, '2017-05-23', 1, 0, 1, 272, 272, '2017-05-23', '2017-05-23 02:28:35', 'T', '/uploads/1495506516.png', NULL, NULL, '/uploads/1495506516.pdf', 'EXECUTIVE_APPROVE'),
(194, 31, 23, '', 'Lunar658', 'USA2560', 140, 1, 440, 4, 20, '', 9, '', 1, 4, '', '4XMO460/60F', '2021-06-30', 'พัชรี', 'ช่วยเมือง', 'phatcharee.chu@mahidol.ac.th', 1, 4, 2560, 5, 23, '1', NULL, '2017-05-23', 7, 0, 1, 224, 224, '2017-05-23', '2017-05-23 02:28:37', 'T', '/uploads/1495506517.png', NULL, NULL, '/uploads/1495506517.pdf', 'EXECUTIVE_APPROVE'),
(195, 31, 23, '', 'lunar658', 'usa2560', 140, 1, 440, 4, 20, '', 9, '', 1, 4, '', '4xm0460/60f', '2021-06-30', 'ไพรัตน์ มุณี', '0847118483', 'prmu208@gmail.com', 1, 4, 2560, 5, 23, '1', NULL, '2017-05-23', 1, 195, 1, 195, 195, '2017-05-23', '2017-05-23 02:28:40', 'F', '/uploads/1495506521.png', NULL, NULL, NULL, 'EXECUTIVE_APPROVE'),
(196, 31, 23, '', 'Lunar658', 'USA2560', 140, 1, 440, 6, 20, '', 9, '', 1, 4, '', '4XM0460/60F', '2021-06-30', 'นางสาววนัสนันท์  สายแก้ว', '094-2622528', 'wanassanan.sai@mahidol.ac.th', 1, 4, 2560, 5, 23, '1', NULL, '2017-05-23', 9, 0, 1, 229, 229, '2017-05-23', '2017-05-23 02:28:48', 'T', '/uploads/1495506529.png', NULL, NULL, '/uploads/1495506529.pdf', 'EXECUTIVE_APPROVE'),
(197, 31, 23, '', 'Lunar658', 'USA2560', 140, 1, 440, 4, 20, '', 9, '', 1, 4, '', '4XM0460/60F', '2021-06-30', 'wasana saengamnart', '0871512885', 'wasana.san@mahidol.ac.th', 1, 4, 2560, 5, 23, '1', NULL, '2017-05-23', 6, 0, 1, 221, 221, '2017-05-23', '2017-05-23 02:29:38', 'T', '/uploads/1495506578.png', NULL, NULL, '/uploads/1495506578.pdf', 'EXECUTIVE_APPROVE'),
(198, 31, NULL, '', 'Lunar658', 'USA2560', 140, 1, 440, 4, 20, '', 9, '', 1, 4, '', '4XM0460/60F', '2021-06-30', 'นฤมล แจ่มศรี', '0896010342', 'ninamol_ni@hotmail.com', 1, 11, 2560, 5, 23, '1', NULL, '2017-05-23', 1, 198, 1, 197, 197, '2017-05-23', '2017-05-23 02:29:47', 'F', NULL, NULL, NULL, NULL, 'EXECUTIVE_APPROVE'),
(199, 31, 23, '', 'Lunar658', 'USA2560', 140, 1, 440, 4, 20, '', 9, '', 1, 4, '', '4XM0460/60F', '2021-06-30', 'นายพรภิรมย์  เหล่าจันอัน', '024197814', 'pornpirom78@hotmail.com', 1, 4, 2560, 5, 23, '1', NULL, '2017-05-23', 1, 0, 1, 190, 190, '2017-05-23', '2017-05-23 02:29:56', 'T', '/uploads/1495506596.png', NULL, NULL, '/uploads/1495506596.pdf', 'EXECUTIVE_APPROVE'),
(200, 31, 23, '', 'Lunar658', 'USA2560', 140, 1, 440, 4, 20, '', 9, '', 1, 4, '', '4XM0460/60F', '2021-06-30', 'ณัฐชัย ภาณุโสภณ', '0850444329', 'nattachai.pan@mahidol.ac.th', 1, 4, 2560, 5, 23, '1', NULL, '-483-05-23', 7, 0, 1, 223, 223, '2017-05-23', '2017-05-23 02:30:03', 'D', '/uploads/1495506604.png', NULL, NULL, '/uploads/1495506604.pdf', 'EXECUTIVE_APPROVE'),
(201, 31, 23, '', 'Lunar658', 'USA2560', 140, 1, 440, 4, 20, '', 9, '', 1, 4, '', '4XM0460/60F', '2021-06-30', 'สมหญิง สว่างสุวรรณ', '0811726938', 'somying.nin@mahidol.ac.th', 1, 4, 2560, 5, 23, '1', NULL, '2017-05-23', 3, 0, 1, 211, 211, '2017-05-23', '2017-05-23 02:30:07', 'D', '/uploads/1495506608.png', NULL, NULL, '/uploads/1495506608.pdf', 'EXECUTIVE_APPROVE'),
(202, 31, 23, '', 'Lunar658', 'usa2560', 140, 1, 440, 4, 20, '', 9, '', 1, 4, '', '4xm0460/60f', '2021-06-30', 'ชุตินธร มูลทองน้อย', '0869901770', 'chutintorn.moo@mahidol.ac.th', 1, 4, 2560, 5, 23, '1', NULL, '2017-05-23', 4, 0, 1, 212, 212, '2017-05-23', '2017-05-23 02:30:22', 'T', NULL, NULL, NULL, NULL, 'EXECUTIVE_APPROVE'),
(203, 31, 23, '', 'Lunar2560', 'USA2560', 140, 1, 440, 4, 20, '', 9, '', 1, 4, '', '4Xm0460/60F', '2021-06-30', 'phanee phansiri', '092-5456323', 'phph.pk@gmail.com', 1, 4, 2560, 5, 23, NULL, NULL, NULL, 9, 0, 1, 227, 227, '2017-05-23', '2017-05-23 02:30:25', 'T', NULL, NULL, NULL, NULL, 'EXECUTIVE_APPROVE'),
(204, 31, 23, '', 'Lunar658', 'USA2560', 140, 1, 440, 4, 20, '', 9, '', 1, 4, '', '4XM0460/60F', '2021-06-30', '', '', '', 1, 4, 2560, 5, 23, '1', NULL, '2017-05-23', 1, 0, 1, 193, 193, '2017-05-23', '2017-05-23 02:30:42', 'T', '/uploads/1495506643.png', NULL, NULL, NULL, 'EXECUTIVE_APPROVE'),
(205, 31, 23, '', 'Lunar658', 'USA2560', 140, 1, 440, 4, 38, '', 9, '', 1, 4, '', '4XMO460/60F', '2021-06-30', 'Kanitta Kamplong', '024197814', 'Kanitta@hotmail.com', 1, 4, 2560, 5, 23, '1', NULL, '2017-05-23', 1, 0, 1, 191, 191, '2017-05-23', '2017-05-23 02:30:48', 'T', '/uploads/1495506648.png', NULL, NULL, '/uploads/1495506648.pdf', 'EXECUTIVE_APPROVE'),
(206, 31, 23, '', 'lunar658', 'usa2560', 140, 1, 440, 1, 20, '', 9, '', 1, 4, '', '4xm0460/60f', '2021-06-30', 'ชัชวาล', '0819811404', 'chatchawan.san@mahidol.ac.th', 1, 4, 2560, 5, 23, '1', NULL, '2017-05-23', 6, 188, 2, 217, 217, '2017-05-23', '2017-05-23 02:30:54', 'T', '/uploads/1495506476.png', NULL, NULL, '/uploads/1495506476.pdf', 'EXECUTIVE_APPROVE'),
(207, 31, 23, '', 'Lunar658', 'USA2560', 140, 4, 0, 0, 20, '', 9, '', 1, 4, '', '4XM0460/60F', '2021-06-30', 'นางรุ่งลาวรรณ เชวงเกียรติกุล', '0841205077', 'runglawan.cha@mahidol.ac.th', 1, 4, 2560, 5, 23, '1', NULL, '2017-05-23', 6, 0, 1, 219, 219, '2017-05-23', '2017-05-23 02:31:02', 'T', '/uploads/1495506663.png', NULL, NULL, '/uploads/1495506663.pdf', 'EXECUTIVE_APPROVE'),
(208, 31, 23, '', 'Lunar658', 'USA2560', 140, 1, 440, 4, 20, '', 9, '', 1, 4, '', '4XM0460/60F', '2021-06-30', 'เจนจิรา สระทองยุ้ง', '0852233158', 'janjira.sra@mahidol.ac.th', 1, 4, 2560, 5, 23, '1', NULL, '2017-05-23', 14, 0, 1, 237, 237, '2017-05-23', '2017-05-23 02:31:08', 'T', NULL, NULL, NULL, NULL, 'EXECUTIVE_APPROVE'),
(209, 31, 23, '', 'Lunar658', 'USA2560', 140, 1, 440, 4, 20, '', 9, '', 1, 4, '', '4XM0460/60F', '2021-06-30', 'จุรีพร อัศวรัตนภักดี', '024196220', '่jureeporn.asa@mahidol.ac.th', 1, 4, 2560, 5, 23, '1', NULL, '2017-05-23', 1, 209, 1, 192, 192, '2017-05-23', '2017-05-23 02:31:12', 'F', '/uploads/1495506673.png', NULL, NULL, '/uploads/1495506673.pdf', 'EXECUTIVE_APPROVE'),
(210, 31, 19, '', 'Lunar658', 'USA2560', 140, 1, 440, 4, 20, '', 9, '', 1, 4, '', '4XM0460/60F', '2021-06-30', 'นฤมล แจ่มศรี', '0896010342', 'ninamol_ni@hotmail.com', 1, 11, 2560, 5, 23, '1', NULL, '2017-05-23', 1, 198, 2, 197, 197, '2017-05-23', '2017-05-23 02:31:15', 'T', NULL, NULL, NULL, NULL, 'EXECUTIVE_APPROVE'),
(211, 31, 23, '', 'Lunar658', 'USA2560', 140, 1, 440, 4, 20, '', 9, '', 1, 4, '', '4XMO460/60F', '2021-06-30', 'นวลเพ็ญ ดำรงกิจอุดม', '0850985173', 'ืnuanpend@yahoo.com', 1, 4, 2560, 5, 23, '1', NULL, '2017-05-23', 5, 0, 1, 213, 213, '2017-05-23', '2017-05-23 02:31:16', 'T', '/uploads/1495506676.png', NULL, NULL, '/uploads/1495506676.pdf', 'EXECUTIVE_APPROVE'),
(212, 31, 23, '', 'lunar6589', 'usa2560', 140, 1, 440, 4, 20, '', 9, '', 1, 4, '', '4xm0460/60f', '2021-06-30', 'ไพรัตน์ มุณี', '0847118483', 'prmu208@gmail.com', 1, 4, 2560, 5, 23, '1', NULL, '2017-05-23', 1, 195, 2, 195, 195, '2017-05-23', '2017-05-23 02:31:16', 'T', '/uploads/1495506521.png', NULL, NULL, NULL, 'EXECUTIVE_APPROVE'),
(213, 31, 23, '', 'Lunar658', 'USA2560', 140, 1, 440, 4, 20, '', 9, '', 1, 4, '', '4XM0460/60F', '2021-06-30', 'ณัฐชัย ภาณุโสภณ', '0850444329', 'nattachai.pan@mahidol.ac.th', 1, 4, 2560, 5, 23, '1', NULL, '-483-05-23', 7, 213, 1, 223, 223, '2017-05-23', '2017-05-23 02:31:30', 'F', '/uploads/1495506690.png', NULL, NULL, '/uploads/1495506690.pdf', 'EXECUTIVE_APPROVE'),
(214, 31, 23, '', 'Lunar658', 'USA2560', 140, 1, 440, 4, 20, '', 9, '', 1, 4, '', '4XM0460/60F', '2021-06-30', 'จุรีพร อัศวรัตนภักดี', '024196220', '่jureeporn.asa@mahidol.ac.th', 1, 4, 2560, 5, 23, '1', NULL, '2017-05-23', 1, 209, 2, 197, 197, '2017-05-23', '2017-05-23 02:31:33', 'T', '/uploads/1495506673.png', NULL, NULL, '/uploads/1495506673.pdf', 'EXECUTIVE_APPROVE'),
(216, 31, 23, '', 'Lunar658', 'USA2560', 140, 1, 440, 4, 20, '', 9, '', 1, 4, '', '4XM0460/60F', '2021-06-30', 'ชนิดา วุฒิประเสริฐพงศ์', '0815939321', 'heartkorat@hotmail.com', 1, 4, 2560, 5, 23, '1', NULL, '2017-05-23', 2, 216, 1, 201, 201, '2017-05-23', '2017-05-23 02:31:39', 'F', NULL, NULL, NULL, NULL, 'EXECUTIVE_APPROVE'),
(217, 31, 23, '', 'Lunar658', 'USA2560', 140, 1, 440, 4, 20, '', 9, '', 1, 4, '', '4XM0460/60F', '2021-06-30', 'วีรชาติ ศรีจันทร์', '085-0203830', 'weerachat.sri@mahidol.ac.th', 1, 4, 2560, 5, 23, NULL, NULL, NULL, 11, 217, 1, 232, 232, '2017-05-23', '2017-05-23 02:31:46', 'F', '/uploads/1495506707.png', NULL, NULL, '/uploads/1495506707.pdf', 'EXECUTIVE_APPROVE'),
(218, 31, 23, '', 'Lunar658', 'USA2560', 140, 1, 440, 4, 20, '', 9, '', 1, 4, '', '4XM0460/60F', '2021-06-30', 'นายวิโรจน์ ช่างม่วง', '0897979759', 'thchangmuangw@gmail.com', 1, NULL, 2560, 5, 23, '1', NULL, '2017-05-23', 2, 0, 1, 206, 206, '2017-05-23', '2017-05-23 02:32:02', 'T', NULL, NULL, NULL, NULL, 'EXECUTIVE_APPROVE'),
(219, 31, 23, '', 'Lunar658', 'USA2560', 140, 1, 440, 4, 20, '', 9, '', 1, 4, '', '4XM0460/60F', '2021-06-30', 'ณัฐชัย ภาณุโสภณ', '0850444329', 'nattachai.pan@mahidol.ac.th', 1, 4, 2560, 5, 23, '1', NULL, '-483-05-23', 7, 213, 2, 223, 223, '2017-05-23', '2017-05-23 02:32:20', 'F', '/uploads/1495506690.png', NULL, NULL, '/uploads/1495506741.pdf', 'EXECUTIVE_APPROVE'),
(220, 31, 23, '', 'Lunar658', 'USA2560', 140, 1, 440, 4, 20, '', 9, '', 1, 4, '', '4XM0460/60f', '2021-06-30', 'นายสุวัฒน์ วัฒนอาภรณ์ชัย', '0851341483', 'SUWAT_SI@mahidol.ac.th', 1, 4, 2560, 5, 23, '1', NULL, '2017-05-23', 1, 0, 1, 196, 196, '2017-05-23', '2017-05-23 02:32:28', 'T', '/uploads/1495506749.png', NULL, NULL, '/uploads/1495506749.pdf', 'USER_APPROVE'),
(221, 31, 23, '', 'Lunar658', 'USA2560', 140, 1, 440, 4, 20, '', 9, '', 1, 4, '', '4XM0460/60F', '2021-06-30', 'เกียรติศักดิ์  พรมภักดิ์', '0878510878', 'kiattisak.pro@mahidol.ac.th', 1, 4, 2560, 5, 23, '1', NULL, '2017-05-23', 8, 0, 1, 225, 225, '2017-05-23', '2017-05-23 02:32:36', 'T', NULL, NULL, NULL, NULL, 'EXECUTIVE_APPROVE'),
(222, 31, 23, '', 'Lunar658', 'USA2560', 140, 1, 440, 4, 20, '', 9, '', 1, 4, '', '4XM0460/60F', '2021-06-30', 'ณัฐชัย ภาณุโสภณ', '0850444329', 'nattachai.pan@mahidol.ac.th', 1, 4, 2560, 5, 23, '1', NULL, '-483-05-23', 7, 213, 3, 223, 223, '2017-05-23', '2017-05-23 02:33:03', 'F', '/uploads/1495506690.png', NULL, NULL, '/uploads/1495506783.pdf', 'EXECUTIVE_APPROVE'),
(223, 31, 23, '', 'Lunar658', 'USA2560', 140, 1, 440, 4, 20, '', 9, '', 1, 4, '', '4XM0460/60F', '2021-06-30', 'พิทักษ์ คำแหงพล', '022015110', 'pitak.kha@mahidol.ac.th', 1, 4, 2560, 5, 23, '1', NULL, '2017-05-23', 6, 185, 2, 216, 216, '2017-05-23', '2017-05-23 02:33:06', 'T', '/uploads/1495506458.png', NULL, NULL, '/uploads/1495506458.pdf', 'EXECUTIVE_APPROVE'),
(224, 31, 23, '', 'Lunar658', 'USA2560', 140, 1, 440, 4, 20, '', 9, '', 1, 4, '', '4XM0460/60F', '2021-06-30', 'นายเอกจักร์ จันทร์ดอน', '090-9895117', 'ekkachak.cha@mahidol.ac.th', 1, 4, 2560, 5, 23, '1', NULL, '2017-05-23', 14, 0, 1, 238, 238, '2017-05-23', '2017-05-23 02:33:17', 'T', NULL, NULL, NULL, '/uploads/1495506797.pdf', 'EXECUTIVE_APPROVE'),
(225, 31, 23, '', 'Lunar658', 'USA2560', 140, 1, 440, 4, 20, '', 9, '', 1, 4, '', '4XM0460/60F', '2021-06-30', 'KC', '022012481', 'krisanat.ch@gmail.com', 1, 11, 2560, 5, 23, '1', NULL, '2017-05-23', 2, 0, 1, 207, 207, '2017-05-23', '2017-05-23 02:33:19', 'T', '/uploads/1495506800.png', NULL, NULL, '/uploads/1495506800.pdf', 'EXECUTIVE_APPROVE'),
(226, 31, 23, '', 'Lunar658', 'USA2560', 140, 1, 440, 4, 20, '', 9, '', 1, 4, '', '4XM0460/60F', '2021-06-30', 'น.สนิรชา พันธุรัตน์', '0835996282', 'ืnirachaph.1975@gmail.com', 1, 4, 2560, 5, 23, '1', NULL, '2017-05-23', 2, 0, 1, 205, 205, '2017-05-23', '2017-05-23 02:33:44', 'T', NULL, NULL, NULL, NULL, 'EXECUTIVE_APPROVE'),
(227, 31, 23, '', 'Lunar658', 'USA2560', 140, 1, 220, 4, 20, '', 9, '', 1, 4, '', '4XM0460/60F', '2021-06-03', 'ธวัช สิริวิลาสลักษณ์', '0914068787', 'dekwatt@hotmail.com', 1, NULL, 2560, 5, 23, '1', NULL, '2017-05-23', 2, 0, 1, 203, 203, '2017-05-23', '2017-05-23 02:33:46', 'T', NULL, NULL, NULL, NULL, 'EXECUTIVE_APPROVE'),
(228, 31, 23, '', 'Lunar658', 'USA2560', 140, 1, 440, 4, 20, '', 9, '', 1, 4, '', '4XM0460/60F', '2021-06-30', 'nawarat phoungsayjai', '0896245935', 'leknawarat820@gmail.com', 1, NULL, 2560, 5, 23, '1', NULL, '2017-05-23', 2, 0, 1, 204, 204, '2017-05-23', '2017-05-23 02:34:02', 'T', NULL, NULL, NULL, NULL, 'EXECUTIVE_APPROVE'),
(229, 31, 23, '', 'Lunar658', 'USA2560', 140, 1, 440, 4, 20, '', 9, '', 1, 4, '', '4XM0460/60F', '2021-06-30', 'นายวิโรจน์ ช่างม่วง', '0897979759', 'thchangmuangw@gmail.com', 1, NULL, 2560, 5, 23, '1', NULL, '2017-05-23', 2, 0, 1, 206, 206, '2017-05-23', '2017-05-23 02:34:12', 'T', NULL, NULL, NULL, NULL, 'EXECUTIVE_APPROVE'),
(230, 31, 23, '', 'Lunar658', 'USA2560', 140, 1, 440, 4, 20, '', 9, '', 1, 4, '', '4XM0460/60F', '2021-06-30', 'ชนิดา วุฒิประเสริฐพงศ์', '0815939321', 'heartkorat@hotmail.com', 1, 4, 2560, 5, 23, '1', NULL, '2017-05-23', 2, 216, 2, 201, 201, '2017-05-23', '2017-05-23 02:35:30', 'T', '/uploads/1495506931.png', NULL, NULL, '/uploads/1495506931.pdf', 'EXECUTIVE_APPROVE'),
(231, 31, 23, '', 'Lunar658', 'USA2560', 140, 1, 440, 4, 20, '', 9, '', 1, 4, '', '', '2017-01-01', 'พวงเพ็ญ ตั้งบุญดวงจิตร', '0869040315', 'puangpen.tan@mahidol.ac.th', 1, 9, 2560, 5, 23, '1', NULL, '2017-01-01', 2, 0, 1, 200, 200, '2017-05-23', '2017-05-23 02:35:38', 'T', '/uploads/1495506938.png', NULL, 10, '/uploads/1495506938.pdf', 'EXECUTIVE_APPROVE'),
(232, 31, 23, '', 'Lunar658', 'USA2560', 140, 1, 440, 4, 20, '', 9, '', 1, 4, '', '4XM0460/60F', '1900-06-30', 'ปวีณา ยามานนท์ ', '0818372734', 'paveena.cho@mahidol.ac.th', 1, 4, 2560, 5, 23, '1', NULL, '2017-05-23', 6, 0, 1, 222, 222, '2017-05-23', '2017-05-23 02:35:59', 'T', NULL, NULL, NULL, NULL, 'EXECUTIVE_APPROVE'),
(233, 31, 23, '', 'Lunar658', 'USA2560', 140, 1, 440, 4, 20, '', 9, '', 1, 4, '', '4XM0460/60F', '2021-06-30', 'นายวิโรจน์ ช่างม่วง', '0897979759', 'thchangmuangw@gmail.com', 1, NULL, 2560, 5, 23, '1', NULL, '2017-05-23', 2, 0, 1, 206, 206, '2017-05-23', '2017-05-23 02:36:02', 'T', NULL, NULL, NULL, NULL, 'EXECUTIVE_APPROVE'),
(234, 31, 23, '', 'Lunar658', 'USA2560', 140, 1, 440, 4, 20, '', 9, '', 1, 4, '', '4XM0460/60F', '2021-06-30', 'นายวิโรจน์ ช่างม่วง', '0897979759', 'thchangmuangw@gmail.com', 1, NULL, 2560, 5, 23, '1', NULL, '2017-05-23', 2, 0, 1, 206, 206, '2017-05-23', '2017-05-23 02:37:58', 'T', NULL, NULL, NULL, NULL, 'EXECUTIVE_APPROVE'),
(235, 31, 23, '', 'Lunar658', 'USA2560', 140, 1, 440, 4, 20, '', 9, '', 1, 4, '', '4XM0460/60F', '2021-06-30', 'จิตรา ลิ้มทองกุล', '086 787 9804', 'jitra.kas@mahidol.ac.th', 1, 4, 2560, 5, 23, NULL, NULL, NULL, 6, 235, 1, 220, 220, '2017-05-23', '2017-05-23 02:38:56', 'F', NULL, NULL, NULL, NULL, 'EXECUTIVE_APPROVE'),
(236, 31, 23, '', 'Lunar658', 'USA2560', 140, 1, 440, 6, 20, '', 9, '', 1, 4, '', '4XM0460/60F', '2021-06-30', '', '', '', 1, 4, 2560, 5, 23, '1', NULL, '2017-05-23', 6, 189, 2, 220, 220, '2017-05-23', '2017-05-23 02:40:58', 'F', '/uploads/1495506479.png', NULL, NULL, '/uploads/1495506479.pdf', 'EXECUTIVE_APPROVE'),
(237, 31, 19, '', 'truebeam stx', '4321', NULL, 2, NULL, 2, 38, '', 9, '', 1, 4, '', '2222', '2018-05-22', 'นพดล', '0896957905', 'ืnop_bisaliz@bisalignment.co.th', 1, 4, 2560, 5, 23, '1,4', NULL, '2017-05-23,2017-05-23', -1, 237, 1, 72, 72, '2017-05-23', '2017-05-23 02:41:27', 'F', NULL, NULL, NULL, '/uploads/1495507288.py', 'EXECUTIVE_APPROVE'),
(238, 31, 23, '', 'Lunar658', 'USA2560', 140, 1, 440, 4, 20, '', 9, '', 1, 4, '', '4XM0460/60F', '2021-06-30', 'อนุจิตต์ คงผอม', '0841691950', 'anujit.kon@mahidol.ac.th', 1, 4, 2560, 5, 23, '1', NULL, '2017-05-23', 12, 184, 2, 235, 235, '2017-05-23', '2017-05-23 02:43:24', 'T', NULL, NULL, NULL, NULL, 'EXECUTIVE_APPROVE'),
(239, 31, 23, '', 'Lunar658', 'USA2560', 140, 1, 440, 4, 20, '', 9, '', 1, 4, '', '4XM0460/60F', '2021-06-30', 'วีรชาติ ศรีจันทร์', '085-0203830', 'weerachat.sri@mahidol.ac.th', 1, 4, 2560, 5, 23, NULL, NULL, NULL, 11, 217, 2, 232, 232, '2017-05-23', '2017-05-23 02:43:33', 'T', '/uploads/1495506707.png', NULL, NULL, '/uploads/1495506707.pdf', 'EXECUTIVE_APPROVE'),
(240, 31, 23, '', 'Lunar658', 'USA2560', 140, 1, 440, 4, 20, '', 9, '', 1, 4, '', '4XM0460/60F', '2021-06-30', 'น.ส นิรชา พันธุรัตน์', '022011251-2', 'nirachaph.1975@gmail.com', 1, 4, 2560, 5, 23, '1', NULL, '2017-05-23', 2, 0, 1, 205, 205, '2017-05-23', '2017-05-23 02:44:11', 'T', NULL, NULL, NULL, NULL, 'EXECUTIVE_APPROVE'),
(241, 31, 23, '', 'Lunar658', 'USA2560', 140, 1, 440, 4, 20, '', 9, '', 1, 4, '', '4XM0460/60F', '2021-06-30', 'นายณัฐพร ธีระรังสิกุล', '0867077790', 'nhtthaphon.thi', 1, 4, 2560, 5, 23, '1', NULL, '2017-05-23', 3, 186, 2, 210, 210, '2017-05-23', '2017-05-23 02:44:25', 'T', '/uploads/1495507466.png', NULL, NULL, '/uploads/1495506461.pdf', 'EXECUTIVE_APPROVE'),
(242, 31, 23, '', 'Lunar658', 'USA2560', 140, 1, 440, 4, 20, '', 9, '', 1, 4, '', '4XM0460/60F', '2021-06-30', 'จิตรา ลิ้มทองกุล', '086 787 9804', 'jitra.kas@mahidol.ac.th', 1, 4, 2560, 5, 23, NULL, NULL, NULL, 6, 235, 2, 220, 220, '2017-05-23', '2017-05-23 02:45:05', 'F', NULL, NULL, NULL, NULL, 'EXECUTIVE_APPROVE'),
(243, 31, 23, '', 'Lunar658', 'USA2560', 140, 1, 440, 4, 20, '', 9, '', 1, 4, '', '4XM0460/60F', '2021-06-30', 'pruksa julapanthong', '0869809655', 'pruksa_j@hotmail.com', 1, 4, 2560, 5, 23, NULL, NULL, NULL, 1, 180, 2, 271, 271, '2017-05-23', '2017-05-23 02:45:38', 'D', NULL, NULL, NULL, NULL, ''),
(244, 31, 23, '', 'Lunar658', 'USA2560', 140, 1, 440, 6, 20, '', 9, '', 1, 4, '', '4XM0460/60F', '2021-06-30', 'จิตรา ลิ้มทองกุล', '086 787 9804', '่jitra.kas@mahidol.ac.th', 1, 4, 2560, 5, 23, '1', NULL, '2017-05-23', 6, 189, 3, 220, 220, '2017-05-23', '2017-05-23 02:48:48', 'T', '/uploads/1495506479.png', NULL, NULL, '/uploads/1495506479.pdf', 'EXECUTIVE_APPROVE'),
(245, 31, 19, '', 'truebeam stx', '4321', 10, 2, 4, 2, 38, '', 9, '', 1, 4, '', '2222', '2018-05-22', 'นพดล', '0896957905', 'ืnop_bisaliz@bisalignment.co.th', 1, 4, 2560, 5, 23, '1,4', NULL, '2017-05-23,2017-05-23', -1, 237, 2, 72, 72, '2017-05-23', '2017-05-23 02:50:45', 'T', NULL, NULL, NULL, '/uploads/1495507288.py', 'EXECUTIVE_APPROVE'),
(246, 31, 23, '', 'Lunar658', 'USA2560', 140, 1, 440, 4, 20, '', 9, '', 1, 4, '', '4XM0460/60F', '2021-06-30', 'NAWARAT PHOUNGSAYJAI', '0896245935', 'leknawarat820@gmail.com', 1, 11, 2560, 5, 23, NULL, NULL, NULL, 2, 0, 1, 204, 204, '2017-05-23', '2017-05-23 02:53:48', 'T', NULL, NULL, NULL, NULL, 'EXECUTIVE_APPROVE'),
(247, 31, 23, '', 'Lunar658', 'USA2560', 140, 1, 440, 4, 20, '', 9, '', 1, 4, '', '4XM0460/60F', '2021-06-30', 'ณัฐชัย ภาณุโสภณ', '0850444329', 'nattachai.pan@mahidol.ac.th', 1, 4, 2560, 5, 23, '1', NULL, '0-483-05', 7, 213, 4, 224, 224, '2017-05-23', '2017-05-23 02:55:28', 'T', '/uploads/1495506690.png', NULL, NULL, '/uploads/1495506783.pdf', 'EXECUTIVE_APPROVE'),
(248, 31, 23, '', 'Lunar658', 'USA2560', 140, 1, 440, 4, 20, '', 9, '', 1, 4, '', '4XM0460/60F', '2021-06-30', 'นิรชา พันธุรัตน์', '2011251-2', 'nirachaph.1975@gmail.com', 1, 4, 2560, 5, 23, '1', NULL, '2017-05-23', 2, 0, 1, 205, 205, '2017-05-23', '2017-05-23 03:04:03', 'T', '/uploads/1495508643.zip', NULL, NULL, NULL, 'EXECUTIVE_APPROVE'),
(249, 31, 23, '', 'Lunar658', 'USA2560', 140, 1, 440, 4, 20, '', 9, '', 1, 4, '', '4XM0460/60F', '2021-06-30', 'จิตรา ลิ้มทองกุล', '086 787 9804', 'jitra.kas@mahidol.ac.th', 1, 4, 2560, 5, 23, '1', NULL, '2017-05-23', 6, 235, 3, 220, 220, '2017-05-23', '2017-05-23 03:10:52', 'T', NULL, NULL, NULL, NULL, 'EXECUTIVE_APPROVE'),
(250, 31, NULL, '', 'Lunar658', 'USA2560', 140, 1, 440, 4, 20, '', 9, '', 1, 4, '', '4XM0460/60F', '2021-06-30', 'ภาณี พันธุ์ศิริ', '0925456323', 'phph.pk@gmail.com', 1, 4, 2560, 5, 23, '1', NULL, '2017-05-23', 9, 0, 1, 227, 227, '2017-05-23', '2017-05-23 04:22:39', 'T', NULL, NULL, NULL, NULL, 'EXECUTIVE_APPROVE'),
(251, 34, 32, '', 'Lunar658', 'USA2560', 140, 1, 440, 4, 20, '', 4, '', 1, 5, '', '4XM0460/60F', '2021-06-30', 'สุพรรณี   สุยะหลาน', '0894994510', 'supannee_nok27@hotmail.com', 1, 10, 2560, 5, 23, '1', NULL, '2017-05-23', 12, 0, 1, 234, 234, '2017-05-23', '2017-05-23 04:38:14', 'T', '/uploads/1495514295.png', NULL, NULL, '/uploads/1495514295.pdf', NULL);

-- --------------------------------------------------------

--
-- Table structure for table `tb_form2`
--

CREATE TABLE IF NOT EXISTS `tb_form2` (
  `id` int(11) NOT NULL,
  `type` int(11) DEFAULT NULL,
  `code_usage_id` int(11) DEFAULT NULL,
  `code_usage_other` varchar(100) DEFAULT NULL,
  `bpm_radioactive_elements_id` int(11) DEFAULT NULL,
  `bpm_radioactive_elements_other` varchar(100) DEFAULT NULL,
  `bpm_model` varchar(20) DEFAULT NULL,
  `bpm_no` varchar(45) DEFAULT NULL,
  `manufacturer_id` int(11) DEFAULT NULL,
  `manufacturer_other` varchar(100) DEFAULT NULL,
  `dealer_id` int(11) DEFAULT NULL,
  `dealer_other` varchar(150) DEFAULT NULL,
  `bpm_phisical_id` int(11) DEFAULT NULL,
  `bpm_volume` varchar(45) DEFAULT NULL,
  `bpm_volume_unit_id` int(11) DEFAULT NULL,
  `bpm_as_of_date` date DEFAULT NULL,
  `bpm_number` varchar(100) DEFAULT NULL,
  `room_id` int(11) DEFAULT NULL,
  `usage_status_id` int(11) DEFAULT NULL,
  `license_no` varchar(20) DEFAULT NULL,
  `license_expire_date` date DEFAULT NULL,
  `supervisor_name` varchar(45) DEFAULT NULL,
  `supervisor_phone` varchar(45) DEFAULT NULL,
  `supervisor_email` varchar(45) DEFAULT NULL,
  `revision` int(11) DEFAULT NULL,
  `create_by` int(11) DEFAULT NULL,
  `create_date` date DEFAULT NULL,
  `update_by` int(11) DEFAULT NULL,
  `update_date` datetime DEFAULT NULL,
  `owner_department_id` int(11) DEFAULT NULL,
  `update_from_id` int(11) DEFAULT '0',
  `status` varchar(1) DEFAULT 'T',
  `usage_status_remark` varchar(45) DEFAULT NULL,
  `usage_status_to_department_id` int(11) DEFAULT NULL,
  `bpm_volume2` varchar(45) DEFAULT NULL,
  `bpm_volume_unit_id2` int(11) DEFAULT NULL,
  `material_status_id` int(11) NOT NULL,
  `approve_status` varchar(20) DEFAULT NULL
) ENGINE=InnoDB AUTO_INCREMENT=197 DEFAULT CHARSET=utf8;

--
-- Dumping data for table `tb_form2`
--

INSERT INTO `tb_form2` (`id`, `type`, `code_usage_id`, `code_usage_other`, `bpm_radioactive_elements_id`, `bpm_radioactive_elements_other`, `bpm_model`, `bpm_no`, `manufacturer_id`, `manufacturer_other`, `dealer_id`, `dealer_other`, `bpm_phisical_id`, `bpm_volume`, `bpm_volume_unit_id`, `bpm_as_of_date`, `bpm_number`, `room_id`, `usage_status_id`, `license_no`, `license_expire_date`, `supervisor_name`, `supervisor_phone`, `supervisor_email`, `revision`, `create_by`, `create_date`, `update_by`, `update_date`, `owner_department_id`, `update_from_id`, `status`, `usage_status_remark`, `usage_status_to_department_id`, `bpm_volume2`, `bpm_volume_unit_id2`, `material_status_id`, `approve_status`) VALUES
(138, 1, 2, '', 2, '', 'AXT596', '599MT', 38, '', 13, '', 1, '130', 1, '2017-05-23', '1', 10, NULL, '4M313/59F', '2019-08-30', '', '', '', 1, 218, '2017-05-23', 218, '2017-05-23 02:31:40', 6, 138, 'F', NULL, NULL, NULL, NULL, 1, 'EXECUTIVE_APPROVE'),
(139, 1, 2, '', 2, '', 'AXT596', '599MT', 38, '', 13, '', 1, '130', 1, '2017-05-23', '1', 10, NULL, '4M313/59F', '2019-08-30', 'ธนัญญา ศูนย์คุ้ม', '02-441-9522', 'thananya.soo@mahidol.ac.th', 1, 236, '2017-05-23', 236, '2017-05-23 02:31:58', 13, 0, 'T', NULL, NULL, NULL, NULL, 1, 'EXECUTIVE_APPROVE'),
(140, 1, 2, '', 2, '', 'AXT596', '599MT', 38, '', 13, '', 1, '130', 1, '2017-05-23', '1', 10, NULL, '4M313/59F', '2019-08-30', 'นางสาวศุภวรรณ จิวะพงศ์', '0844490006', 'misssupawan@gmail.com', 1, 208, '2017-05-23', 208, '2017-05-23 02:32:23', 3, 0, 'T', NULL, NULL, NULL, NULL, 1, 'EXECUTIVE_APPROVE'),
(141, 1, 2, '', 2, '', 'AXT596', '599 MT', 38, '', 13, '', 1, '130', 1, '2017-05-23', '1 กล่อง', 10, NULL, '4M313/59F', '2019-08-30', 'นวลเพ็ญ ดำรงกิจอุดม', '0850985173', 'nuanpend@yahoo.com', 1, 213, '2017-05-23', 213, '2017-05-23 02:37:43', 5, 0, 'T', NULL, NULL, NULL, NULL, 1, 'EXECUTIVE_APPROVE'),
(142, 1, 2, '', 2, '', 'AXT596', '599MT', 38, '', 13, '', 1, '130Bq', 0, '2017-05-23', '1 กล่อง', 10, NULL, '4M313/59F', '2019-08-30', 'นางสาววนัสนันท์ สายแก้ว', '0942622528', 'wanassanan.sai@mahidol.ac.th', 1, 229, '2017-05-23', 229, '2017-05-23 02:37:58', 9, 0, 'T', NULL, NULL, NULL, NULL, 1, 'EXECUTIVE_APPROVE'),
(143, 1, 2, '', 2, '', 'axt596', '599mt', 38, '', 13, '', 1, '130', 1, '2017-05-23', '1', 10, NULL, '4m313/59f', '2019-09-30', 'ฝนทิพย์ รัตนกาล', '0890309868', 'fontip.rat@mahidol.ac.th', 1, 228, '2017-05-23', 228, '2017-05-23 02:38:17', 9, 0, 'T', NULL, NULL, NULL, NULL, 1, 'EXECUTIVE_APPROVE'),
(144, 1, 3, '', 13, '', 'ru222', '234', 20, '', 2, '', 1, '2', 1, '2017-01-01', '2', 10, NULL, '', '2017-06-01', 'พวงเพ็ญ ตั้งบุญดวงจิตร', '', '', 1, 200, '2017-05-23', 200, '2017-05-23 02:39:54', 2, 144, 'F', NULL, NULL, NULL, NULL, 1, 'EXECUTIVE_APPROVE'),
(145, 1, 2, '', 2, '', 'AXT596', '599MT', 38, '', 13, '', 1, '130', 1, '2017-05-23', '1', 10, NULL, '4M313/59F', '2019-08-30', 'พิทักษ์ คำแหงพล', '022015110', 'pitak.kha@mahidol.ac.th', 1, 216, '2017-05-23', 216, '2017-05-23 02:43:19', 6, 0, 'T', NULL, NULL, NULL, NULL, 1, 'EXECUTIVE_APPROVE'),
(146, 1, 2, '', 2, '', 'AXT596', '599MT', 38, '', 13, '', 1, '130', 1, '2017-05-23', '1', 10, NULL, '4M313/59F', '2019-08-30', 'wasana saengamnart', '0871512885', 'wasana.sae@mahidol.ac.th', 1, 221, '2017-05-23', 221, '2017-05-23 02:43:51', 6, 146, 'F', NULL, NULL, NULL, NULL, 1, 'EXECUTIVE_APPROVE'),
(147, 1, 3, '', 13, '', 'ru222', '234', 20, '', 2, '', 1, '2', 1, '2017-01-01', '2', 10, NULL, '', '2017-06-01', 'พวงเพ็ญ ตั้งบุญดวงจิตร', '0869040315', 'puangpen.tan@mahidol.ac.th', 2, 200, '2017-05-23', 200, '2017-05-23 02:44:30', 2, 144, 'T', NULL, NULL, NULL, NULL, 1, 'EXECUTIVE_APPROVE'),
(148, 1, 2, '', 2, '', 'AXT 596', '599MT', 38, '', 9, '', 1, '130', 1, '2017-05-23', '1', 10, NULL, '4M313/59F', '2019-08-30', 'ธนธร จงเจริญกมล', '024414375 ต่อ 2837', 'mttcgrt@gmail.com', 1, 214, '2017-05-23', 214, '2017-05-23 02:46:46', 5, 0, 'T', NULL, NULL, NULL, NULL, 1, 'EXECUTIVE_APPROVE'),
(149, 1, 2, '', 2, '', 'AXT596', '599MT', 38, '', 13, '', 1, '130', 1, '2017-05-23', '1 กล่อง', 10, NULL, '4M313/59F', '2019-08-30', 'นวลเพ็ญ ดำรงกิจอุดม', '0850985173', 'nuanpend@yahoo.com', 1, 213, '2017-05-23', 213, '2017-05-23 02:47:05', 5, 0, 'T', NULL, NULL, NULL, NULL, 1, 'EXECUTIVE_APPROVE'),
(150, 1, 3, '', 4, '', 'xxx', '333', 29, '', 9, '', 1, '3', 6, '2018-01-01', '1', 9, NULL, '', '2017-01-02', 'พว', '', '', 1, 200, '2017-05-23', 200, '2017-05-23 02:47:15', 2, 150, 'F', NULL, NULL, NULL, NULL, 2, 'EXECUTIVE_APPROVE'),
(151, 1, 2, '', 2, '', 'AXT596', '599MT', 38, '', 13, '', 1, '130Bq', 1, '2017-05-23', '1 กล่อง', 11, NULL, '4M313/59F', '2019-08-30', 'นางรุ่งลาวรรณ เชวงเกียรติกุล', '0841205077', 'runglawan.cha@mahidol.ac.th', 1, 219, '2017-05-23', 219, '2017-05-23 02:47:28', 6, 0, 'T', NULL, NULL, NULL, NULL, 1, 'EXECUTIVE_APPROVE'),
(152, 1, 3, '', 4, '', 'xxx', '333', 29, '', 9, '', 1, '3', 6, '2018-01-01', '1', 9, NULL, '', '2017-01-02', 'พวงเพ็ญ ตั้งบุญดวงจิตร', '0869040315', 'puangpen.tan@mahidol.ac.th', 2, 200, '2017-05-23', 200, '2017-05-23 02:47:46', 2, 150, 'T', NULL, NULL, NULL, NULL, 2, 'EXECUTIVE_APPROVE'),
(153, 1, 23, '', 4, '', 'UO21254456', '1', 38, '', 18, '', 1, '370', 5, '2017-05-23', '1', 4, NULL, '', '0000-00-00', 'พัชรี', 'ช่วยเมือง', 'phatcharee.chu@mahidol.ac.th', 1, 224, '2017-05-23', 224, '2017-05-23 02:49:08', 7, 0, 'T', NULL, NULL, NULL, NULL, 1, 'EXECUTIVE_APPROVE'),
(154, 1, 2, '', 2, '', 'AXT596', '599MT', 38, '', 13, '', 1, '130', 1, '2017-05-23', '1', 10, NULL, '4M313/59F', '2019-08-30', 'นายพรภิรมย์  เหล่าจันอัน', '024197814', 'pornpiorm78@hotmail.com', 1, 190, '2017-05-23', 190, '2017-05-23 02:49:10', 1, 154, 'F', NULL, NULL, NULL, NULL, 1, 'EXECUTIVE_APPROVE'),
(155, 1, 2, '', 2, '', 'AXT596', '559MT', 38, '', 13, '', 1, '130', 1, '2017-05-23', '1', 4, NULL, '4M313/59F', '2019-08-30', 'วีรชาติ ศรีจันทร์', '085-0203830', 'weerachat.sri@mahidol.ac.th', 1, 232, '2017-05-23', 232, '2017-05-23 02:49:10', 11, 155, 'F', NULL, NULL, NULL, NULL, 1, 'EXECUTIVE_APPROVE'),
(156, 1, 2, '', 2, '', 'AXT596', '599MT', 38, '', 13, '', 1, '130', 1, '2017-05-23', '1 กล่อง', 10, NULL, '4M313/59F', '2019-08-30', 'สมหญิง สว่างสุวรรณ', '0811726938', 'somying.nin@mahidol.ac.th', 1, 211, '2017-05-23', 211, '2017-05-23 02:49:40', 3, 0, 'T', NULL, NULL, NULL, NULL, 1, 'EXECUTIVE_APPROVE'),
(157, 2, 2, '', 27, '', 'axt596', '599mt', 38, '', 13, '', 1, '140', 1, '2017-05-23', '1', 10, NULL, '4m313/59f', '2019-09-30', 'ฝนทิพย์ รัตนกาล', '0890309868', 'fontip.rat@mahidol.ac.th', 1, 228, '2017-05-23', 228, '2017-05-23 02:49:44', 9, 0, 'T', NULL, NULL, NULL, NULL, 1, 'EXECUTIVE_APPROVE'),
(158, 1, 2, '', 2, '', 'AXT596', '599MT', 38, '', 13, '', 1, '130', 1, '2017-05-23', '1', 10, NULL, '4M313/59F', '2019-05-30', 'เกียรติศักดิ์  พรมภักดิ์', '0878510878', 'kiattisak.pro@mahidol.ac.th', 1, 225, '2017-05-23', 225, '2017-05-23 02:49:45', 8, 0, 'T', NULL, NULL, NULL, NULL, 1, 'EXECUTIVE_APPROVE'),
(159, 1, 2, '', 2, '', 'AXT596', '559MT', 38, '', 13, '', 1, '130', 1, '2017-05-23', '1', 4, NULL, '4M313/59F', '2022-08-30', 'วีรชาติ ศรีจันทร์', '085-0203830', 'weerachat.sri@mahidol.ac.th', 2, 232, '2017-05-23', 232, '2017-05-23 02:49:54', 11, 155, 'T', NULL, NULL, NULL, NULL, 1, 'EXECUTIVE_APPROVE'),
(160, 1, 2, '', 2, '', '4XT596', '599MT', 38, '', 13, '', 1, '130', 1, '2017-05-23', '1 กล่อง', 10, NULL, '4M313/59F', '2019-08-30', 'ปทุมพร แก้วประชุม', '024197451', 'bo.teddybear@hotmail.com', 1, 198, '2017-05-23', 198, '2017-05-23 02:50:01', 1, 160, 'F', NULL, NULL, NULL, NULL, 1, 'EXECUTIVE_APPROVE'),
(161, 1, 2, '', 2, '', 'AXT596', '599MT', 38, '', 13, '', 1, '130', 1, '2017-05-23', '1', 10, NULL, '4M313/59F', '2019-05-30', 'paveena', '', '', 1, 222, '2017-05-23', 222, '2017-05-23 02:50:10', 6, 0, 'T', NULL, NULL, NULL, NULL, 1, 'EXECUTIVE_APPROVE'),
(162, 1, 2, '', 2, '', 'AXT596', '599MT', 38, '', 13, '', 1, '130', 1, '2017-05-23', '1', 10, NULL, '4M313/59F', '2019-08-30', '', '', '', 2, 221, '2017-05-23', 221, '2017-05-23 02:50:14', 6, 146, 'T', NULL, NULL, NULL, NULL, 1, 'EXECUTIVE_APPROVE'),
(163, 1, 29, '', 999, 'Ba-133', 'AXT596', '599MT', 999, 'Varian Medical Systems', 999, 'พรีเมียร์ บิสสิเนส อินเตอร์ จำกัด', 1, '130', 1, '0000-00-00', '1', 11, NULL, '4M313/59F', '0000-00-00', 'กุลธิดา  โพธิ์แดง', '0922575985', 'siriraj.212@hotmail.com', 1, 215, '2017-05-23', 215, '2017-05-23 02:50:42', 5, 0, 'T', NULL, NULL, NULL, NULL, 1, 'EXECUTIVE_APPROVE'),
(164, 1, 29, '', 999, 'Ba-133', 'AXT596', '599MT', 999, 'Varian Medical Systems', 999, 'พรีเมียร์ บิสสิเนส อินเตอร์ จำกัด', 1, '130', 1, '0000-00-00', '1', 11, NULL, '4M313/59F', '0000-00-00', 'กุลธิดา  โพธิ์แดง', '0922575985', 'siriraj.212@hotmail.com', 1, 215, '2017-05-23', 215, '2017-05-23 02:50:53', 5, 0, 'T', NULL, NULL, NULL, NULL, 1, 'EXECUTIVE_APPROVE'),
(165, 1, 29, '', 999, 'Ba-133', 'AXT596', '599MT', 999, 'Varian Medical Systems', 999, 'พรีเมียร์ บิสสิเนส อินเตอร์ จำกัด', 1, '130', 1, '0000-00-00', '1', 11, NULL, '4M313/59F', '0000-00-00', 'กุลธิดา  โพธิ์แดง', '0922575985', 'siriraj.212@hotmail.com', 1, 215, '2017-05-23', 215, '2017-05-23 02:51:07', 5, 0, 'T', NULL, NULL, NULL, NULL, 1, 'EXECUTIVE_APPROVE'),
(166, 1, 2, '', 2, '', '4XT596', '599MT', 38, '', 13, '', 1, '130', 1, '2017-05-23', '1 กล่อง', 10, NULL, '4M313/59F', '2019-08-30', 'ปทุมพร แก้วประชุม', '024197451', 'bo.teddybear@hotmail.com', 2, 197, '2017-05-23', 197, '2017-05-23 02:51:17', 1, 160, 'T', NULL, NULL, NULL, NULL, 1, 'EXECUTIVE_APPROVE'),
(167, 1, 2, '', 2, '', 'AXT596', '599MT', 38, '', 13, '', 1, '130', 1, '2017-05-23', '1', 4, NULL, '4M313/59F', '0000-00-00', 'นายณัฐพร ธีระรังสิกุล', '0867077790', 'nhtthaphon.thiQmahidol.ac.th', 1, 210, '2017-05-23', 210, '2017-05-23 02:51:38', 3, 0, 'T', NULL, NULL, NULL, NULL, 1, 'EXECUTIVE_APPROVE'),
(168, 1, 2, '', 2, '', 'AXT596', '599MT', 38, '', 13, '', 1, '130 ', 1, '2017-05-23', '1', 10, NULL, '4M313/59F', '1900-08-30', 'นายเอกจักร์ จันทร์ดอน', '090-9895117', 'ekkachak.cha@mahidol.ac.th', 1, 238, '2017-05-23', 238, '2017-05-23 02:52:06', 14, 0, 'T', NULL, NULL, NULL, NULL, 1, 'EXECUTIVE_APPROVE'),
(169, 1, 2, '', 2, '', 'AXT596', '599MT', 38, '', 13, '', 1, '130 ', 1, '2017-05-23', '1 กล่อง', 10, NULL, '4M313/59F', '2019-08-30', 'อนุจิตต์ คงผอม', '0841691950', 'anujit.kon@mahidol.ac.th', 1, 235, '2017-05-23', 235, '2017-05-23 02:52:07', 12, 0, 'T', NULL, NULL, NULL, NULL, 1, 'EXECUTIVE_APPROVE'),
(170, 1, 2, '', 2, '', 'AXT596', '599MT', 38, '', 13, '', 1, '130', 1, '2017-05-23', '1 กล่อง', 4, NULL, '4M313/59F', '2019-08-30', 'เจนจิรา สระทองยุ้ง', '0852233158', 'janjira.sra@mahidol.ac.th', 1, 237, '2017-05-23', 237, '2017-05-23 02:52:38', 14, 0, 'T', NULL, NULL, NULL, NULL, 1, 'EXECUTIVE_APPROVE'),
(171, 1, 4, '', 9, '', '599MT', '599MT', 38, '', 9, '', 1, '130', 1, '2017-05-23', '1', 10, NULL, '4M313/59F', '2017-05-30', 'Kanitta Kamplong', '024197814', 'Kanitta@hotmail.com', 1, 191, '2017-05-23', 191, '2017-05-23 02:53:20', 1, 0, 'T', NULL, NULL, NULL, NULL, 1, 'EXECUTIVE_APPROVE'),
(172, 1, 2, '', 2, '', 'AXT596', '599MT', 38, '', 13, '', 1, '131', 1, '2017-05-23', '1', 10, NULL, '4M313/59F', '2019-08-30', 'นายสุวัฒน์ วัฒนอาภรณ์ชัย', '0851341483', 'SUWAT_SI@mahidol.ac.th', 1, 196, '2017-05-23', 196, '2017-05-23 02:53:21', 1, 0, 'T', NULL, NULL, NULL, NULL, 1, 'EXECUTIVE_APPROVE'),
(173, 1, 2, '', 2, '', 'axt596', '599mt', 38, '', 13, '', 1, '130', 1, '2017-05-23', '1', 10, NULL, '4m313/59f', '2019-05-30', 'ไพรัตน์ มุณี', '0847118483', 'prmu208@gmail.com', 1, 195, '2017-05-23', 195, '2017-05-23 02:53:34', 1, 0, 'T', NULL, NULL, NULL, NULL, 1, 'EXECUTIVE_APPROVE'),
(174, 2, 3, '', 27, '', 'lk1222', '444', 33, '', 13, '', 2, '5', 1, '2017-01-01', '1', 10, NULL, 'rt36454', '2017-06-01', 'พวงเพ็ญ ตั้งบุญดวงจิตร', '0869040315', 'puangpen.tan@mahidol.ac.th', 1, 200, '2017-05-23', 200, '2017-05-23 02:54:11', 2, 0, 'T', NULL, NULL, NULL, NULL, 1, 'EXECUTIVE_APPROVE'),
(175, 1, 2, '', 2, '', 'AXT596', '599MT', 38, '', 13, '', 1, '130', 1, '2017-05-23', '1', 10, NULL, '4M313/59F', '1900-05-30', 'เกียรตืศักดิ์  พรมภักดิ์', '0878510878', 'kiattisak.pro@mahidol.ac.th', 1, 225, '2017-05-23', 225, '2017-05-23 02:54:22', 8, 0, 'D', NULL, NULL, NULL, NULL, 1, 'EXECUTIVE_APPROVE'),
(176, 2, 2, '', 27, '', 'axt596', '599mt', 38, '', 13, '', 1, '140', 1, '2017-05-23', '1', 10, NULL, '4m313/59f', '2019-08-30', 'ฝนทิพย์ รัตนกาล', '0890309868', 'fontip.rat@mahidol.ac.th', 1, 228, '2017-05-23', 228, '2017-05-23 02:54:56', 9, 0, 'T', NULL, NULL, NULL, NULL, 1, 'EXECUTIVE_APPROVE'),
(177, 1, 2, '', 2, '', 'AXT596', '599MT', 38, '', 13, '', 1, '130', 1, '2017-05-23', '1', 10, NULL, '4M313/59F', '2019-08-30', 'ชัชวาล', '', '', 2, 217, '2017-05-23', 217, '2017-05-23 02:56:35', 6, 138, 'T', NULL, NULL, NULL, NULL, 1, 'EXECUTIVE_APPROVE'),
(178, 1, 2, '', 2, '', 'AXT596', '599MT', 38, '', 13, '', 1, '130', 1, '2017-05-23', '1', 10, NULL, '4M313/59F', '2019-08-30', 'นายพรภิรมย์  เหล่าจันอัน', '024197814', 'pornpiorm78@hotmail.com', 2, 271, '2017-05-23', 271, '2017-05-23 02:57:41', 1, 154, 'T', NULL, NULL, NULL, NULL, 1, 'EXECUTIVE_APPROVE'),
(179, 2, 2, '', 47, '', 'AXT596', '599MT', 38, '', 13, '', 2, '131', 0, '2017-05-23', '1', 11, NULL, '', '0000-00-00', 'paveena', '', '', 1, 222, '2017-05-23', 222, '2017-05-23 03:00:47', 6, 0, 'T', NULL, NULL, NULL, NULL, 1, 'EXECUTIVE_APPROVE'),
(180, 2, 2, '', 27, '', 'AXT596', '599MT', 16, '', 2, '', 1, '130', 1, '2017-05-23', '1', 10, NULL, 'test', '2017-05-23', 'ชุตินธร มูลทองน้อย', '0869901770', 'chutintorn.moo@mahidol.ac.th', 1, 212, '2017-05-23', 212, '2017-05-23 03:29:36', 4, 0, 'T', NULL, NULL, NULL, NULL, 1, 'EXECUTIVE_APPROVE'),
(181, 1, 2, '', 2, '', 'AXT596', '599MT', 38, '', 13, '', 1, '130', 1, '2017-05-23', '1', 11, NULL, '4M313/59F', '2019-08-30', 'นฤมล แจ่มศรี', '0896010342', 'ninamol_ni@hotmail.com', 1, 197, '2017-05-23', 197, '2017-05-23 04:16:51', 1, 0, 'T', NULL, NULL, NULL, NULL, 1, 'EXECUTIVE_APPROVE'),
(182, 1, 2, '', 2, '', 'AXT596', '599MT', 38, '', 13, '', 1, '130', 1, '2017-05-23', '1 กล่อง', 10, NULL, '4M313/59F', '2017-05-23', 'ชมพูนุช', '', '', 1, 274, '2017-05-23', 274, '2017-05-23 04:18:23', 1, 182, 'F', NULL, NULL, NULL, NULL, 1, 'EXECUTIVE_APPROVE'),
(183, 1, 2, '', 2, '', 'AXT596', '599MT', 38, '', 13, '', 1, '130', 1, '2017-05-23', '1 กล่อง', 10, NULL, '4M313/59F', '2017-05-23', 'ชมพูนุช', '', '', 1, 274, '2017-05-23', 274, '2017-05-23 04:18:23', 1, 0, 'T', NULL, NULL, NULL, NULL, 1, 'EXECUTIVE_APPROVE'),
(184, 1, 2, '', 2, '', 'AXT596', '599MT', 38, '', 13, '', 1, '130', 1, '2017-05-23', '1', 10, NULL, '4M313/59F', '2017-05-23', 'ชมพูนุช', '', '', 2, 274, '2017-05-23', 274, '2017-05-23 04:19:48', 1, 182, 'T', NULL, NULL, NULL, NULL, 1, 'EXECUTIVE_APPROVE'),
(185, 1, 2, '', 2, '', 'AXT596', '599MT', 38, '', 13, '', 1, '130', 1, '2017-05-23', '1', 10, NULL, '4M313/59F', '2017-05-23', 'ชมพูนุช', '', '', 2, 274, '2017-05-23', 274, '2017-05-23 04:19:48', 1, 182, 'T', NULL, NULL, NULL, NULL, 1, 'EXECUTIVE_APPROVE'),
(186, 1, 2, '', 2, '', 'AXT596', '599MT', 38, '', 13, '', 1, '130', 1, '2017-05-23', '1', 10, NULL, '4M313/59F', '2019-08-30', 'จุรีพร อัศวรัตนภักดี', '024196220', '่ีjureeporn.asa@mahidol.ac.th', 1, 192, '2017-05-23', 192, '2017-05-23 04:19:54', 1, 0, 'T', NULL, NULL, NULL, NULL, 1, 'USER_APPROVE'),
(187, 1, 2, '', 2, '', 'AXT596', '599MT', 38, '', 13, '', 1, '1300', 1, '2017-05-23', '1', 11, NULL, '4M313/59F', '2019-08-30', 'wasana saengamnart', '', '', 1, 221, '2017-05-23', 221, '2017-05-23 04:25:25', 6, 0, 'T', NULL, NULL, NULL, NULL, 1, 'EXECUTIVE_APPROVE'),
(188, 1, 4, '', 9, '', 'varisource', '111', 38, '', 9, '', 1, '10', 6, '2017-05-23', '1', 11, NULL, '007', '2018-05-23', 'noppadol', '02-1234567', 'nop@gmail.com', 1, 72, '2017-05-23', 72, '2017-05-23 04:26:00', -1, 188, 'F', NULL, NULL, NULL, NULL, 1, 'EXECUTIVE_APPROVE'),
(189, 1, 2, '', 2, '', 'AXT596', '599MT', 38, '', 13, '', 1, '130', 1, '2017-05-23', '1', 10, NULL, '4M313/59F', '2019-08-30', 'ชนิดา  วุฒิประเสริฐพงศ์', '0815939321', '้heartkorat@hotmail.com', 1, 201, '2017-05-23', 201, '2017-05-23 04:26:50', 2, 0, 'T', NULL, NULL, NULL, NULL, 1, 'EXECUTIVE_APPROVE'),
(190, 1, 2, '', 2, '', 'AXT596', '599MT', 38, '', 13, '', 1, '130', 1, '2017-05-23', '1 กล่อง', 11, NULL, '4M313/59F', '2019-08-30', 'นายวิโรจน์ ช่างม่วง', '0897979759', 'thchangmuangw@gmail.com', 1, 72, '2017-05-23', 72, '2017-05-23 04:31:19', -1, 0, 'T', NULL, NULL, NULL, NULL, 1, 'EXECUTIVE_APPROVE'),
(191, 1, 2, '', 2, '', 'AXT596', '599MT', 38, '', 9, '', 1, '130', 1, '2017-05-23', '1', 11, NULL, '4M313/59F', '2019-08-30', 'noppadol', '02-1234567', 'nop@gmail.com', 2, 72, '2017-05-23', 72, '2017-05-23 04:32:37', -1, 188, 'T', NULL, NULL, NULL, NULL, 1, 'EXECUTIVE_APPROVE'),
(192, 1, 29, '', 999, 'Ba-133', 'AXT596', '599MT', 999, 'Varian', 999, 'พรีเมี่ยร์', 1, '130', 1, '2017-05-23', '1', NULL, NULL, '4M313/59F', '2017-08-30', 'สุพรรณี  สุยะหลาน', '0894994510', 'supannee_nok27@hotmail.com', 1, 234, '2017-05-23', 234, '2017-05-23 04:41:21', 12, 0, 'T', NULL, NULL, NULL, NULL, 0, NULL),
(193, 1, 29, '', 999, 'Ba-133', 'AXT596', '599MT', 999, 'Varian', 999, 'พรีเมี่ยร์', 1, '130', 1, '2017-05-23', '1', NULL, NULL, '4M313/59F', '2019-08-30', 'สุพรรณี  สุยะหลาน', '0894994510', 'supannee_nok27@hotmail.com', 1, 234, '2017-05-23', 234, '2017-05-23 04:41:44', 12, 0, 'T', NULL, NULL, NULL, NULL, 0, NULL),
(194, 1, 29, '', 999, 'Ba-133', 'AXT596', '599MT', 999, 'Varian', 999, 'พรีเมี่ยร์', 1, '130', 1, '2017-05-23', '1', 10, NULL, '4M313/59F', '2019-08-30', 'สุพรรณี  สุยะหลาน', '0894994510', 'supannee_nok27@hotmail.com', 1, 234, '2017-05-23', 234, '2017-05-23 04:42:31', 12, 0, 'T', NULL, NULL, NULL, NULL, 0, NULL),
(195, 1, 29, '', 999, 'Ba-133', 'AXT596', '599MT', 20, '', 10, '', 1, '130', 1, '2017-05-23', '1', 10, NULL, '4M313/59F', '2019-08-30', 'สุพรรณี  สุยะหลาน', '0894994510', 'supannee_nok27@hotmail.com', 1, 234, '2017-05-23', 234, '2017-05-23 04:43:06', 12, 0, 'T', NULL, NULL, NULL, NULL, 1, NULL),
(196, 2, 2, '', 27, '', 'AXT596', '599MT', 38, '', 13, '', 1, '130 ', 1, '2017-05-23', '1 กล่อง', 10, NULL, '4M313/59F', '2019-08-30', 'อนุจิตต์ คงผอม', '0841691950', 'anujit.kon@mahidol.ac.th', 1, 235, '2017-05-23', 235, '2017-05-23 04:43:46', 12, 0, 'T', NULL, NULL, NULL, NULL, 1, 'USER_APPROVE');

-- --------------------------------------------------------

--
-- Table structure for table `tb_form3`
--

CREATE TABLE IF NOT EXISTS `tb_form3` (
  `id` int(11) NOT NULL,
  `form2_id` int(11) NOT NULL,
  `material_type_id` int(11) DEFAULT NULL,
  `from_room_id` int(11) DEFAULT NULL,
  `to_room_id` int(11) DEFAULT NULL,
  `date_from` date NOT NULL,
  `date_to` date NOT NULL,
  `supervisor_name` varchar(45) DEFAULT NULL,
  `supervisor_phone` varchar(45) DEFAULT NULL,
  `supervisor_email` varchar(45) DEFAULT NULL,
  `create_by` int(11) NOT NULL,
  `create_date` date NOT NULL,
  `update_by` int(11) NOT NULL,
  `update_date` datetime DEFAULT NULL,
  `revision` int(11) NOT NULL,
  `owner_department_id` int(11) DEFAULT NULL,
  `status` varchar(1) DEFAULT 'T',
  `update_from_id` int(11) DEFAULT '0',
  `position_id` int(11) DEFAULT NULL,
  `strength_radiation` int(11) DEFAULT NULL,
  `strength_radiation_unit_id` int(11) DEFAULT NULL,
  `check_date` date DEFAULT NULL,
  `approve_status` varchar(20) DEFAULT NULL
) ENGINE=InnoDB AUTO_INCREMENT=79 DEFAULT CHARSET=utf8;

--
-- Dumping data for table `tb_form3`
--

INSERT INTO `tb_form3` (`id`, `form2_id`, `material_type_id`, `from_room_id`, `to_room_id`, `date_from`, `date_to`, `supervisor_name`, `supervisor_phone`, `supervisor_email`, `create_by`, `create_date`, `update_by`, `update_date`, `revision`, `owner_department_id`, `status`, `update_from_id`, `position_id`, `strength_radiation`, `strength_radiation_unit_id`, `check_date`, `approve_status`) VALUES
(34, 138, 3, 10, 9, '2017-05-23', '2017-05-23', '', '', '', 218, '2017-05-23', 218, '2017-05-23 02:35:37', 1, 6, 'T', 0, 0, 150, 1, '2017-05-23', 'EXECUTIVE_APPROVE'),
(35, 140, 3, 10, 4, '2017-05-23', '2017-05-23', 'นางสาวศุภวรรณ จิวะพงศ์', '0844490006', 'misssupawan@gmail.com', 208, '2017-05-23', 208, '2017-05-23 02:37:03', 1, 3, 'T', 0, 4, 150, 1, '2017-05-23', 'EXECUTIVE_APPROVE'),
(36, 139, 3, 10, 4, '2017-05-23', '2017-05-23', '', '', '', 236, '2017-05-23', 236, '2017-05-23 02:37:07', 1, 13, 'F', 36, 0, 150, 1, '2017-05-23', 'EXECUTIVE_APPROVE'),
(37, 139, 3, 10, 4, '2017-05-23', '2017-05-23', 'ธนัญญา ศูนย์คุ้ม', '02-441-9522', 'thananya.soo@mahidol.ac.th', 236, '2017-05-23', 236, '2017-05-23 02:37:48', 2, 13, 'T', 36, 3, 150, 1, '2017-05-23', 'EXECUTIVE_APPROVE'),
(38, 141, 3, 10, 11, '2017-05-23', '2017-05-23', 'ธนธร จงเจริญกมล', '024414375 ต่อ2837', 'mttcgrt@gmail.com', 214, '2017-05-23', 214, '2017-05-23 02:50:46', 1, 5, 'T', 0, 4, 150, 1, '2017-05-23', 'EXECUTIVE_APPROVE'),
(39, 138, 3, 11, 4, '2017-05-23', '2017-05-23', 'นางรุ่งลาวรรณ  เชวงเกียรติกุล', '0841205077', 'runglawan.cha@mahidol.ac.th', 219, '2017-05-23', 219, '2017-05-23 02:52:27', 1, 6, 'T', 0, 3, 150, 1, '2017-05-23', 'EXECUTIVE_APPROVE'),
(40, 141, 3, 10, 11, '0000-00-00', '0000-00-00', 'นางกุลธิดา  โพธิ์แดง', '0922575985', 'siriraj.212@hotmail.com', 215, '2017-05-23', 215, '2017-05-23 02:54:47', 1, 5, 'T', 0, 7, 150, 1, '0000-00-00', 'EXECUTIVE_APPROVE'),
(41, 140, 3, 10, 10, '2017-05-23', '2017-05-23', 'สมหญิง สว่างสุวรรณ', '0811726938', 'somying.nin@mahidol.ac.th', 211, '2017-05-23', 211, '2017-05-23 02:56:38', 1, 3, 'T', 0, 7, 150, 1, '2017-05-23', 'EXECUTIVE_APPROVE'),
(42, 141, 3, 10, 10, '2017-05-23', '2017-05-23', 'นวลเพ็ญิ ดำรงกิจอุดม', '0850985173', 'nuanpend@yahoo.com', 213, '2017-05-23', 213, '2017-05-23 02:56:48', 1, 5, 'F', 42, 4, 150, 1, '2017-05-23', 'EXECUTIVE_APPROVE'),
(43, 153, 3, 10, 11, '2017-05-23', '2017-05-23', 'ณัฐชัย', '', '', 223, '2017-05-23', 223, '2017-05-23 02:57:22', 1, 7, 'T', 0, 3, 150, 1, '2017-05-23', 'EXECUTIVE_APPROVE'),
(44, 166, 3, 10, 11, '2017-05-23', '2017-05-23', 'คำมุก ครองยุทธ', '0881694653', 'mok_aaa@yahoo.com', 273, '2017-05-23', 273, '2017-05-23 03:00:42', 1, 1, 'F', 44, 7, 150, 1, '2017-05-23', 'EXECUTIVE_APPROVE'),
(45, 141, 3, 10, 10, '2017-05-23', '2017-05-23', 'นวลเพ็ญ ดำรงกิจอุดม', '0850985173', 'nuanpend@yahoo.com', 214, '2017-05-23', 214, '2017-05-23 03:04:54', 2, 5, 'F', 42, 4, 150, 1, '2017-05-23', 'EXECUTIVE_APPROVE'),
(46, 141, 3, 10, 10, '2017-05-23', '2017-05-23', 'นวลเพ็ญ ดำรงกิจอุดม', '0850985173', 'nuanpend@yahoo.com', 213, '2017-05-23', 213, '2017-05-23 03:07:47', 3, 5, 'T', 42, 4, 150, 1, '2017-05-23', 'EXECUTIVE_APPROVE'),
(47, 153, 1, 11, 9, '2017-05-23', '2017-05-23', 'พัชรี', '', '', 224, '2017-05-23', 224, '2017-05-23 03:08:10', 1, 7, 'T', 0, 3, 370, 5, '2017-05-23', 'EXECUTIVE_APPROVE'),
(48, 159, 3, 10, 9, '2017-05-23', '2017-05-23', 'วีรชาติ ศรีจันทร์', '085-0203830', 'weerachat.sri@mahidol.ac.th', 232, '2017-05-23', 232, '2017-05-23 03:08:14', 1, 11, 'F', 48, 7, 150, 1, '2017-05-23', 'EXECUTIVE_APPROVE'),
(49, 166, 3, 10, 9, '2017-05-23', '2017-05-23', 'นายสุวัฒน์ วัฒนอาภรณ์ชัย', '0851341483', 'SUWAT_SI@mahidol.ac.th', 196, '2017-05-23', 196, '2017-05-23 03:08:27', 1, 1, 'T', 0, 4, 151, 1, '2017-05-23', 'EXECUTIVE_APPROVE'),
(50, 159, 3, 10, 9, '2017-05-23', '2017-05-23', 'วีรชาติ ศรีจันทร์', '085-0203830', 'weerachat.sri@mahidol.ac.th', 232, '2017-05-23', 232, '2017-05-23 03:08:30', 2, 11, 'T', 48, 4, 150, 1, '2017-05-23', 'EXECUTIVE_APPROVE'),
(51, 177, 1, 11, 9, '2017-05-23', '2017-05-23', 'พิทักษ์  คำแหงพล', '022015110', 'pitak.kha@mahidol.ac.th', 216, '2017-05-23', 216, '2017-05-23 03:08:34', 1, 6, 'T', 0, 7, 150, 1, '2017-05-23', 'EXECUTIVE_APPROVE'),
(52, 145, 1, 11, 9, '2017-05-25', '2017-05-25', 'paveena', '', '', 222, '2017-05-23', 222, '2017-05-23 03:09:17', 1, 6, 'T', 0, 3, 140, 1, '2017-05-23', 'EXECUTIVE_APPROVE'),
(53, 168, 3, 11, 9, '2017-05-23', '2017-05-23', 'เจนจิรา  สระทองยุ้ง', '0852233158', 'janjira.sra@mahidol.ac.th', 237, '2017-05-23', 237, '2017-05-23 03:09:19', 1, 14, 'T', 0, 3, 150, 1, '2017-05-23', 'EXECUTIVE_APPROVE'),
(54, 170, 3, 10, 9, '2017-05-23', '2017-05-23', 'นายเอกจักร์ จันทร์ดอน', '090-9895117', 'ekkachak.cha@gmail.com', 238, '2017-05-23', 238, '2017-05-23 03:09:23', 1, 14, 'T', 0, 3, 150, 1, '2017-05-23', 'EXECUTIVE_APPROVE'),
(55, 166, 3, 10, 11, '2017-05-23', '2017-05-23', 'คำมุก ครองยุทธ', '0881694653', 'mok_aaa@yahoo.com', 193, '2017-05-23', 193, '2017-05-23 03:09:30', 2, 1, 'T', 44, 7, 150, 1, '2017-05-23', 'EXECUTIVE_APPROVE'),
(56, 156, 2, 10, 10, '2017-05-23', '2017-05-23', 'ณัฐพร ธีระรังสิกุล', '0867077790', 'natthaphon.thi@mahidol.ac.th', 210, '2017-05-23', 210, '2017-05-23 03:09:47', 1, 3, 'T', 0, 4, 150, 1, '2017-05-23', 'EXECUTIVE_APPROVE'),
(57, 145, 3, 10, 11, '2017-05-23', '2017-05-23', 'จิตรา ลิ้มทองกุล', '02 201 5680', 'jitra.kas@mahidol.ac.th', 220, '2017-05-23', 220, '2017-05-23 03:09:59', 1, 6, 'T', 0, 3, 150, 1, '2017-05-23', 'EXECUTIVE_APPROVE'),
(58, 171, 2, 11, 10, '2017-05-23', '2017-05-23', 'Kanitta Kamplong', '024197814', 'Kanitta@hotmail.com', 191, '2017-05-23', 191, '2017-05-23 03:10:12', 1, 1, 'T', 0, 4, 130, 1, '2017-05-23', 'EXECUTIVE_APPROVE'),
(59, 166, 3, 10, 10, '2017-05-23', '2017-05-23', 'วีนัส วิเศษแสง', '0909905250', 'wisetsaeng@gmail.com', 194, '2017-05-23', 194, '2017-05-23 03:10:19', 1, 1, 'T', 0, 4, 150, 1, '2017-05-23', 'EXECUTIVE_APPROVE'),
(60, 166, 3, 10, 4, '2017-05-23', '2017-05-23', 'นายพรภิรมย์  เหล่าจันอัน', '024197814', 'pornpirom78@hotmail.com', 190, '2017-05-23', 190, '2017-05-23 03:10:26', 1, 1, 'T', 0, 4, 150, 1, '2017-05-23', 'EXECUTIVE_APPROVE'),
(61, 152, 3, 10, 10, '2017-05-23', '2017-05-23', 'NIRACHA_RA', '022011251', 'nirachaph.1975@gmail.com', 205, '2017-05-23', 205, '2017-05-23 03:10:31', 1, 2, 'T', 0, 4, 150, 1, '2017-05-23', 'EXECUTIVE_APPROVE'),
(62, 169, 3, 10, 11, '2017-05-23', '2017-05-23', 'อนุจิตต์ คงผอม', '0841691950', 'anujit.kon@mahidol.ac.th', 235, '2017-05-23', 235, '2017-05-23 03:10:44', 1, 12, 'T', 0, 7, 150, 1, '2017-05-23', 'EXECUTIVE_APPROVE'),
(63, 169, 3, 10, 4, '2017-05-23', '2017-05-23', 'สุพรรณี  สุยะหลาน', '0894994510', 'supannee_nok27@hotmail.com', 234, '2017-05-23', 234, '2017-05-23 03:10:57', 1, 12, 'T', 0, 7, 150, 1, '2017-05-23', 'EXECUTIVE_APPROVE'),
(64, 142, 3, 10, 11, '2017-05-23', '2017-05-23', 'ฝนทิพย์ รัตนกาล', '0890309868', 'fontip.rat@mahidol.ac.th', 228, '2017-05-23', 228, '2017-05-23 03:11:06', 1, 9, 'T', 0, 7, 150, 1, '2017-05-23', 'EXECUTIVE_APPROVE'),
(65, 142, 3, 10, 9, '2017-05-23', '2017-05-23', 'นางสาววนัสนันท์ สายแก้ว', '0942622528', 'wanassanan.sai', 229, '2017-05-23', 229, '2017-05-23 03:11:35', 1, 9, 'T', 0, 7, 150, 1, '2017-05-23', 'EXECUTIVE_APPROVE'),
(66, 158, 3, 10, 11, '2017-05-23', '2017-05-23', 'เกียรติศักดิ์ พรมภักดิ์', '0878510878', 'kiattisak.pro@mahidol.ac.th', 225, '2017-05-23', 225, '2017-05-23 03:11:36', 1, 8, 'T', 0, 4, 150, 1, '2017-05-23', 'EXECUTIVE_APPROVE'),
(67, 142, 3, 10, 9, '2017-05-23', '2017-05-23', 'นางสาววนัสนันท์ สายแก้ว', '0942622528', 'wanassanan.sai@mahidol.ac.th', 229, '2017-05-23', 229, '2017-05-23 03:11:55', 1, 9, 'T', 0, 7, 150, 1, '2017-05-23', 'EXECUTIVE_APPROVE'),
(68, 169, 3, 10, 4, '2017-05-23', '2017-05-23', 'tanaporn', '0821929952', 'tanaporn91958@gmail.com', 267, '2017-05-23', 267, '2017-05-23 03:12:25', 1, 12, 'T', 0, 6, 150, 1, '2017-05-23', 'EXECUTIVE_APPROVE'),
(69, 142, 3, 10, 9, '2017-05-23', '2017-05-23', 'phanee phansiri', '092-5456323', 'phph.pk@gmail.com', 227, '2017-05-23', 227, '2017-05-23 03:13:22', 1, 9, 'T', 0, 2, 150, 1, '2017-05-23', 'EXECUTIVE_APPROVE'),
(70, 145, 3, 10, 11, '2017-05-23', '2017-05-23', '', '', '', 221, '2017-05-23', 221, '2017-05-23 03:40:38', 1, 6, 'T', 0, 0, 150, 1, '2017-05-23', 'EXECUTIVE_APPROVE'),
(71, 180, 3, 10, 10, '2017-05-23', '2017-05-23', 'ชุตินธร มูลทองน้อย', '0869901770', 'chutintorn.moo@mahidol.ac.th', 212, '2017-05-23', 212, '2017-05-23 03:42:36', 1, 4, 'T', 0, 3, 150, 1, '2017-05-23', 'EXECUTIVE_APPROVE'),
(72, 166, 3, 10, 11, '2017-05-23', '2017-05-23', 'จุรีพร อัศวรัตนภักดี', '024196220', '่jureeporn.asa@mahidol.ac.th', 192, '2017-05-23', 192, '2017-05-23 04:26:27', 1, 1, 'T', 0, 4, 150, 1, '2017-05-23', 'USER_APPROVE'),
(73, 166, 3, 10, 11, '2017-05-23', '2017-05-23', 'ชมพูนุช', '', '', 274, '2017-05-23', 274, '2017-05-23 04:28:05', 1, 1, 'T', 0, 4, 150, 1, '2017-05-23', 'EXECUTIVE_APPROVE'),
(74, 189, 3, 10, 11, '2017-05-23', '2017-05-23', 'สุดสวย นะจ้ะ', '', '', 201, '2017-05-23', 201, '2017-05-23 04:32:03', 1, 2, 'T', 0, 7, 150, 1, '2017-05-23', 'EXECUTIVE_APPROVE'),
(75, 187, 3, 10, 11, '2017-05-23', '2017-05-23', 'wasana', '', '', 221, '2017-05-23', 221, '2017-05-23 04:32:29', 1, 6, 'F', 75, 3, 1500, 1, '2017-05-23', 'USER_APPROVE'),
(76, 187, 3, 10, 11, '2017-05-23', '2017-05-23', 'wasana', '', '', 221, '2017-05-23', 221, '2017-05-23 04:32:35', 1, 6, 'T', 0, 3, 1500, 1, '2017-05-23', 'USER_APPROVE'),
(77, 187, 3, 10, 11, '2017-05-23', '2017-05-23', 'wasana', '', '', 221, '2017-05-23', 221, '2017-05-23 04:33:58', 2, 6, 'T', 75, 3, 1500, 1, '2017-05-23', 'USER_APPROVE'),
(78, 153, 2, 11, 9, '2017-05-23', '2017-05-23', '', '', '', 223, '2017-05-23', 223, '2017-05-23 04:52:53', 1, 7, 'T', 0, 3, 1, 2, '2017-05-23', 'STAFF_APPROVE');

-- --------------------------------------------------------

--
-- Table structure for table `tb_form4`
--

CREATE TABLE IF NOT EXISTS `tb_form4` (
  `id` int(11) NOT NULL,
  `name` varchar(50) DEFAULT NULL,
  `description` varchar(250) DEFAULT NULL,
  `rso_level_id` int(11) DEFAULT NULL,
  `hp_10_volume` varchar(100) DEFAULT NULL,
  `hp_007_volume` varchar(100) DEFAULT NULL,
  `hp_3_volume` varchar(100) DEFAULT NULL,
  `result` varchar(1) DEFAULT NULL,
  `report_year` int(11) DEFAULT NULL,
  `report_month` int(11) DEFAULT NULL,
  `report_department_id` int(11) DEFAULT NULL,
  `file_path` varchar(200) DEFAULT NULL,
  `create_by` int(11) DEFAULT NULL,
  `create_date` date DEFAULT NULL,
  `update_by` int(11) DEFAULT NULL,
  `update_date` datetime DEFAULT NULL,
  `revision` int(11) DEFAULT NULL,
  `owner_department_id` int(11) DEFAULT NULL,
  `update_from_id` int(11) DEFAULT '0',
  `status` varchar(1) DEFAULT 'T',
  `rso_license_no` varchar(45) DEFAULT NULL,
  `rso_license_expire` date DEFAULT NULL,
  `is_rso` varchar(1) DEFAULT NULL,
  `is_rso_actual_work` varchar(1) DEFAULT NULL COMMENT '1=เจ้าหน้าที่ความปลอดภัยทางรังสี2=เจ้าหน้าที่ความปลอดภัยทางรังสี(ที่ปฏิบัติงานจริง)',
  `approve_status` varchar(20) DEFAULT NULL
) ENGINE=InnoDB AUTO_INCREMENT=1604 DEFAULT CHARSET=utf8;

--
-- Dumping data for table `tb_form4`
--

INSERT INTO `tb_form4` (`id`, `name`, `description`, `rso_level_id`, `hp_10_volume`, `hp_007_volume`, `hp_3_volume`, `result`, `report_year`, `report_month`, `report_department_id`, `file_path`, `create_by`, `create_date`, `update_by`, `update_date`, `revision`, `owner_department_id`, `update_from_id`, `status`, `rso_license_no`, `rso_license_expire`, `is_rso`, `is_rso_actual_work`, `approve_status`) VALUES
(1312, 'นายภาวิน วิจิตตระการ', NULL, 1, '0.1', '0.2', '0.01', '1', 2560, 12, 1, NULL, 208, '2017-05-23', 208, '2017-05-23 02:48:06', 1, 3, 0, 'T', NULL, NULL, NULL, NULL, 'EXECUTIVE_APPROVE'),
(1313, 'นางสาวบังอร  แกมรัมย์', NULL, 1, '0.2', '0.2', '0.01', '1', 2560, 12, 1, NULL, 208, '2017-05-23', 208, '2017-05-23 02:48:06', 1, 3, 0, 'T', NULL, NULL, NULL, NULL, 'EXECUTIVE_APPROVE'),
(1314, 'นางสาวมัลลิกา ศรีชมพู', NULL, 1, '0.1', '0.2', '0.02', '1', 2560, 12, 1, NULL, 208, '2017-05-23', 208, '2017-05-23 02:48:06', 1, 3, 0, 'T', NULL, NULL, NULL, NULL, 'EXECUTIVE_APPROVE'),
(1315, 'นางสาวถิรวรรณ  บุญวงศ์', NULL, 1, '0.1', '0.2', '0.01', '1', 2560, 12, 1, NULL, 208, '2017-05-23', 208, '2017-05-23 02:48:06', 1, 3, 0, 'T', NULL, NULL, NULL, NULL, 'EXECUTIVE_APPROVE'),
(1316, 'นางสาวสุพัตรา  ชาวสวน ', NULL, 1, '0.2', '0.2', '0.01', '1', 2560, 12, 1, NULL, 208, '2017-05-23', 208, '2017-05-23 02:48:06', 1, 3, 0, 'T', NULL, NULL, NULL, NULL, 'EXECUTIVE_APPROVE'),
(1317, 'สิริวัลย', NULL, 1, '0.02', '0.03', '0.02', '0', 2560, 5, 0, NULL, 218, '2017-05-23', 218, '2017-05-23 02:52:55', 1, 6, 1317, 'F', NULL, NULL, NULL, '1', 'EXECUTIVE_APPROVE'),
(1318, 'สิริวัลย์ อิสาสะวิน', NULL, 1, '0.02', '0.03', '0.02', '1', 2560, 12, 1, NULL, NULL, NULL, 218, '2017-05-23 02:53:26', 2, 6, 1317, 'F', NULL, NULL, NULL, '1', 'EXECUTIVE_APPROVE'),
(1319, 'สิริวัลย์ อิสาสะวิน', NULL, 1, '0.02', '0.03', '0.02', '1', 2560, 5, 1, NULL, NULL, NULL, 218, '2017-05-23 02:53:40', 3, 6, 1317, 'T', NULL, NULL, NULL, '1', 'EXECUTIVE_APPROVE'),
(1320, 'ปริมาณรังสีที่ได้รับประจำปี 2560 ภาควิชารังสีวิทยา', 'ATTACH_FILE', NULL, NULL, NULL, NULL, NULL, 2560, 12, NULL, '/uploads/1495508141.pdf', 218, '2017-05-23', 218, '2017-05-23 02:55:40', 1, 6, 0, 'T', NULL, NULL, NULL, NULL, 'EXECUTIVE_APPROVE'),
(1321, 'นายภาวิน วิจิตตระการ', NULL, 1, '0.1', '0.2', '0.01', '1', 2560, 12, 1, NULL, 218, '2017-05-23', 218, '2017-05-23 02:55:54', 1, 6, 0, 'T', NULL, NULL, NULL, NULL, 'EXECUTIVE_APPROVE'),
(1322, 'นางสาวบังอร  แกมรัมย์', NULL, 1, '0.2', '0.2', '0.01', '1', 2560, 12, 1, NULL, 218, '2017-05-23', 218, '2017-05-23 02:55:54', 1, 6, 0, 'T', NULL, NULL, NULL, NULL, 'EXECUTIVE_APPROVE'),
(1323, 'นางสาวมัลลิกา ศรีชมพู', NULL, 1, '0.1', '0.2', '0.02', '1', 2560, 12, 1, NULL, 218, '2017-05-23', 218, '2017-05-23 02:55:54', 1, 6, 0, 'T', NULL, NULL, NULL, NULL, 'EXECUTIVE_APPROVE'),
(1324, 'นางสาวถิรวรรณ  บุญวงศ์', NULL, 1, '0.1', '0.2', '0.01', '1', 2560, 12, 1, NULL, 218, '2017-05-23', 218, '2017-05-23 02:55:54', 1, 6, 0, 'T', NULL, NULL, NULL, NULL, 'EXECUTIVE_APPROVE'),
(1325, 'นางสาวสุพัตรา  ชาวสวน ', NULL, 1, '0.2', '0.2', '0.01', '1', 2560, 12, 1, NULL, 218, '2017-05-23', 218, '2017-05-23 02:55:54', 1, 6, 0, 'T', NULL, NULL, NULL, NULL, 'EXECUTIVE_APPROVE'),
(1326, 'ธนัญญา ศูนย์คุ้ม', NULL, 1, '0.02', '0.03', '0.02', '1', 2560, 12, 1, NULL, 236, '2017-05-23', 236, '2017-05-23 02:56:39', 1, 13, 0, 'D', NULL, NULL, NULL, '1', 'EXECUTIVE_APPROVE'),
(1327, 'ธนัญญา ศูนย์คุ้ม', NULL, 1, '0.02', '0.03', '0.02', '1', 2560, 12, 1, NULL, 236, '2017-05-23', 236, '2017-05-23 02:56:45', 1, 13, 0, 'T', NULL, NULL, NULL, '1', 'EXECUTIVE_APPROVE'),
(1328, 'ปริมาณรังสีที่ได้รับประจำปี 2560 ภาควิชารังสีวิทยา', 'ATTACH_FILE', NULL, NULL, NULL, NULL, NULL, 2560, 12, NULL, '/uploads/1495508461.pdf', 236, '2017-05-23', 236, '2017-05-23 03:01:00', 1, 13, 0, 'T', NULL, NULL, NULL, NULL, 'EXECUTIVE_APPROVE'),
(1329, 'นายภาวิน วิจิตตระการ', NULL, 1, '0.1', '0.2', '0.01', '1', 2560, 12, 1, NULL, 236, '2017-05-23', 236, '2017-05-23 03:01:15', 1, 13, 0, 'T', NULL, NULL, NULL, NULL, 'EXECUTIVE_APPROVE'),
(1330, 'นางสาวบังอร  แกมรัมย์', NULL, 1, '0.2', '0.2', '0.01', '1', 2560, 12, 1, NULL, 236, '2017-05-23', 236, '2017-05-23 03:01:15', 1, 13, 0, 'T', NULL, NULL, NULL, NULL, 'EXECUTIVE_APPROVE'),
(1331, 'นางสาวมัลลิกา ศรีชมพู', NULL, 1, '0.1', '0.2', '0.02', '1', 2560, 12, 1, NULL, 236, '2017-05-23', 236, '2017-05-23 03:01:15', 1, 13, 0, 'T', NULL, NULL, NULL, NULL, 'EXECUTIVE_APPROVE'),
(1332, 'นางสาวถิรวรรณ  บุญวงศ์', NULL, 1, '0.1', '0.2', '0.01', '1', 2560, 12, 1, NULL, 236, '2017-05-23', 236, '2017-05-23 03:01:15', 1, 13, 0, 'T', NULL, NULL, NULL, NULL, 'EXECUTIVE_APPROVE'),
(1333, 'นางสาวสุพัตรา  ชาวสวน ', NULL, 1, '0.2', '0.2', '0.01', '1', 2560, 12, 1, NULL, 236, '2017-05-23', 236, '2017-05-23 03:01:15', 1, 13, 0, 'T', NULL, NULL, NULL, NULL, 'EXECUTIVE_APPROVE'),
(1334, 'นางกุลธิดา  โพธิ์แดง', NULL, 1, '0.02', '0.03', '0.02', '1', 2560, 12, 1, NULL, 215, '2017-05-23', 215, '2017-05-23 03:01:15', 1, 5, 1334, 'F', NULL, NULL, NULL, '1', 'EXECUTIVE_APPROVE'),
(1335, 'นายณัฐพร ธีระรังสิกุล', NULL, 2, '0.02', '0.03', '0.02', '1', 2560, 5, 1, NULL, 210, '2017-05-23', 210, '2017-05-23 03:01:49', 1, 3, 1335, 'F', NULL, NULL, NULL, '1', 'EXECUTIVE_APPROVE'),
(1336, 'ไพรัตน์ มุณี', NULL, 1, '0.02', '0.03', '0.02', '1', 2560, 12, 2, NULL, 195, '2017-05-23', 195, '2017-05-23 03:01:49', 1, 1, 0, 'T', NULL, NULL, NULL, '1', 'EXECUTIVE_APPROVE'),
(1337, 'ปริมาณรังสีที่ได้รับประจำปี 2560 ภาควิชารังสีวิทยา', 'ATTACH_FILE', NULL, NULL, NULL, NULL, NULL, 2560, 12, NULL, '/uploads/1495508627.xlsx', 215, '2017-05-23', 215, '2017-05-23 03:03:46', 1, 5, 0, 'T', NULL, NULL, NULL, NULL, 'EXECUTIVE_APPROVE'),
(1338, 'ณัฐชัย', NULL, 1, '0.02', '0.03', '0.02', '1', 2560, 12, 1, NULL, 223, '2017-05-23', 223, '2017-05-23 03:05:07', 1, 7, 0, 'T', NULL, NULL, NULL, '1', 'EXECUTIVE_APPROVE'),
(1339, 'ปริมาณรังสีที่ได้รับประจำปี 2560 ภาควิชารังสีวิทยา', 'ATTACH_FILE', NULL, NULL, NULL, NULL, NULL, 2560, 12, NULL, '/uploads/1495508837.pdf', 223, '2017-05-23', 223, '2017-05-23 03:07:16', 1, 7, 0, 'T', NULL, NULL, NULL, NULL, 'EXECUTIVE_APPROVE'),
(1340, 'นายภาวิน วิจิตตระการ', NULL, 1, '0.1', '0.2', '0.01', '1', 2560, 12, 1, NULL, 223, '2017-05-23', 223, '2017-05-23 03:07:32', 1, 7, 0, 'T', NULL, NULL, NULL, NULL, 'EXECUTIVE_APPROVE'),
(1341, 'นางสาวบังอร  แกมรัมย์', NULL, 1, '0.2', '0.2', '0.01', '1', 2560, 12, 1, NULL, 223, '2017-05-23', 223, '2017-05-23 03:07:32', 1, 7, 0, 'T', NULL, NULL, NULL, NULL, 'EXECUTIVE_APPROVE'),
(1342, 'นางสาวมัลลิกา ศรีชมพู', NULL, 1, '0.1', '0.2', '0.02', '1', 2560, 12, 1, NULL, 223, '2017-05-23', 223, '2017-05-23 03:07:32', 1, 7, 0, 'T', NULL, NULL, NULL, NULL, 'EXECUTIVE_APPROVE'),
(1343, 'นางสาวถิรวรรณ  บุญวงศ์', NULL, 1, '0.1', '0.2', '0.01', '1', 2560, 12, 1, NULL, 223, '2017-05-23', 223, '2017-05-23 03:07:32', 1, 7, 0, 'T', NULL, NULL, NULL, NULL, 'EXECUTIVE_APPROVE'),
(1344, 'นางสาวสุพัตรา  ชาวสวน ', NULL, 1, '0.2', '0.2', '0.01', '1', 2560, 12, 1, NULL, 223, '2017-05-23', 223, '2017-05-23 03:07:32', 1, 7, 0, 'T', NULL, NULL, NULL, NULL, 'EXECUTIVE_APPROVE'),
(1345, 'นายภาวิน วิจิตตระการ', NULL, 1, '0.1', '0.2', '0.01', '1', 2560, 12, 1, NULL, 223, '2017-05-23', 223, '2017-05-23 03:07:54', 1, 7, 0, 'T', NULL, NULL, NULL, NULL, 'EXECUTIVE_APPROVE'),
(1346, 'นางสาวบังอร  แกมรัมย์', NULL, 1, '0.2', '0.2', '0.01', '1', 2560, 12, 1, NULL, 223, '2017-05-23', 223, '2017-05-23 03:07:54', 1, 7, 0, 'T', NULL, NULL, NULL, NULL, 'EXECUTIVE_APPROVE'),
(1347, 'นางสาวมัลลิกา ศรีชมพู', NULL, 1, '0.1', '0.2', '0.02', '1', 2560, 12, 1, NULL, 223, '2017-05-23', 223, '2017-05-23 03:07:54', 1, 7, 0, 'T', NULL, NULL, NULL, NULL, 'EXECUTIVE_APPROVE'),
(1348, 'นางสาวถิรวรรณ  บุญวงศ์', NULL, 1, '0.1', '0.2', '0.01', '1', 2560, 12, 1, NULL, 223, '2017-05-23', 223, '2017-05-23 03:07:54', 1, 7, 0, 'T', NULL, NULL, NULL, NULL, 'EXECUTIVE_APPROVE'),
(1349, 'นางสาวสุพัตรา  ชาวสวน ', NULL, 1, '0.2', '0.2', '0.01', '1', 2560, 12, 1, NULL, 223, '2017-05-23', 223, '2017-05-23 03:07:54', 1, 7, 0, 'T', NULL, NULL, NULL, NULL, 'EXECUTIVE_APPROVE'),
(1350, 'สมหญิง  สว่างสุวรรณ', NULL, 1, '0.02', '0.03', '0.02', '1', 2560, 12, 1, NULL, 211, '2017-05-23', 211, '2017-05-23 03:08:01', 1, 3, 0, 'T', NULL, NULL, NULL, '1', 'EXECUTIVE_APPROVE'),
(1351, 'นายภาวิน วิจิตตระการ', NULL, 1, '0.1', '0.2', '0.01', '1', 2560, 12, 1, NULL, 223, '2017-05-23', 223, '2017-05-23 03:08:15', 1, 7, 0, 'T', NULL, NULL, NULL, NULL, 'EXECUTIVE_APPROVE'),
(1352, 'นางสาวบังอร  แกมรัมย์', NULL, 1, '0.2', '0.2', '0.01', '1', 2560, 12, 1, NULL, 223, '2017-05-23', 223, '2017-05-23 03:08:15', 1, 7, 0, 'T', NULL, NULL, NULL, NULL, 'EXECUTIVE_APPROVE'),
(1353, 'นางสาวมัลลิกา ศรีชมพู', NULL, 1, '0.1', '0.2', '0.02', '1', 2560, 12, 1, NULL, 223, '2017-05-23', 223, '2017-05-23 03:08:15', 1, 7, 0, 'T', NULL, NULL, NULL, NULL, 'EXECUTIVE_APPROVE'),
(1354, 'นางสาวถิรวรรณ  บุญวงศ์', NULL, 1, '0.1', '0.2', '0.01', '1', 2560, 12, 1, NULL, 223, '2017-05-23', 223, '2017-05-23 03:08:15', 1, 7, 0, 'T', NULL, NULL, NULL, NULL, 'EXECUTIVE_APPROVE'),
(1355, 'นางสาวสุพัตรา  ชาวสวน ', NULL, 1, '0.2', '0.2', '0.01', '1', 2560, 12, 1, NULL, 223, '2017-05-23', 223, '2017-05-23 03:08:15', 1, 7, 0, 'T', NULL, NULL, NULL, NULL, 'EXECUTIVE_APPROVE'),
(1356, 'ปริมาณรังสีที่ได้รับประจำปี 2560 ภาควิชารังสีวิทยา', 'ATTACH_FILE', NULL, NULL, NULL, NULL, NULL, 2560, 12, NULL, '/uploads/1495509003.pdf', 211, '2017-05-23', 211, '2017-05-23 03:10:02', 1, 3, 0, 'D', NULL, NULL, NULL, NULL, 'EXECUTIVE_APPROVE'),
(1357, 'นางกุลธิดา  โพธิ์แดง', NULL, 1, '0.02', '0.03', '0.02', '1', 2560, 5, 1, NULL, NULL, NULL, 213, '2017-05-23 03:10:12', 2, 5, 1334, 'F', NULL, NULL, NULL, '1', 'EXECUTIVE_APPROVE'),
(1358, 'นายภาวิน วิจิตตระการ', NULL, 1, '0.1', '0.2', '0.01', '1', 2560, 12, 1, NULL, 211, '2017-05-23', 211, '2017-05-23 03:10:30', 1, 3, 0, 'T', NULL, NULL, NULL, NULL, 'EXECUTIVE_APPROVE'),
(1359, 'นางสาวบังอร  แกมรัมย์', NULL, 1, '0.2', '0.2', '0.01', '1', 2560, 12, 1, NULL, 211, '2017-05-23', 211, '2017-05-23 03:10:30', 1, 3, 0, 'T', NULL, NULL, NULL, NULL, 'EXECUTIVE_APPROVE'),
(1360, 'นางสาวมัลลิกา ศรีชมพู', NULL, 1, '0.1', '0.2', '0.02', '1', 2560, 12, 1, NULL, 211, '2017-05-23', 211, '2017-05-23 03:10:30', 1, 3, 0, 'T', NULL, NULL, NULL, NULL, 'EXECUTIVE_APPROVE'),
(1361, 'นางสาวถิรวรรณ  บุญวงศ์', NULL, 1, '0.1', '0.2', '0.01', '1', 2560, 12, 1, NULL, 211, '2017-05-23', 211, '2017-05-23 03:10:30', 1, 3, 0, 'T', NULL, NULL, NULL, NULL, 'EXECUTIVE_APPROVE'),
(1362, 'นางสาวสุพัตรา  ชาวสวน ', NULL, 1, '0.2', '0.2', '0.01', '1', 2560, 12, 1, NULL, 211, '2017-05-23', 211, '2017-05-23 03:10:30', 1, 3, 0, 'T', NULL, NULL, NULL, NULL, 'EXECUTIVE_APPROVE'),
(1363, 'นายภาวิน วิจิตตระการ', NULL, 1, '0.1', '0.2', '0.01', '1', 2560, 12, 1, NULL, 210, '2017-05-23', 210, '2017-05-23 03:10:57', 1, 3, 0, 'T', NULL, NULL, NULL, NULL, 'EXECUTIVE_APPROVE'),
(1364, 'นางสาวบังอร  แกมรัมย์', NULL, 1, '0.2', '0.2', '0.01', '1', 2560, 12, 1, NULL, 210, '2017-05-23', 210, '2017-05-23 03:10:57', 1, 3, 0, 'T', NULL, NULL, NULL, NULL, 'EXECUTIVE_APPROVE'),
(1365, 'นางสาวมัลลิกา ศรีชมพู', NULL, 1, '0.1', '0.2', '0.02', '1', 2560, 12, 1, NULL, 210, '2017-05-23', 210, '2017-05-23 03:10:57', 1, 3, 0, 'T', NULL, NULL, NULL, NULL, 'EXECUTIVE_APPROVE'),
(1366, 'นางสาวถิรวรรณ  บุญวงศ์', NULL, 1, '0.1', '0.2', '0.01', '1', 2560, 12, 1, NULL, 210, '2017-05-23', 210, '2017-05-23 03:10:57', 1, 3, 0, 'T', NULL, NULL, NULL, NULL, 'EXECUTIVE_APPROVE'),
(1367, 'นางสาวสุพัตรา  ชาวสวน ', NULL, 1, '0.2', '0.2', '0.01', '1', 2560, 12, 1, NULL, 210, '2017-05-23', 210, '2017-05-23 03:10:57', 1, 3, 0, 'T', NULL, NULL, NULL, NULL, 'EXECUTIVE_APPROVE'),
(1368, 'คำมุก ครองยุทธ', NULL, 1, '0.02', '0.03', '0.02', '1', 2560, 12, 1, NULL, 273, '2017-05-23', 273, '2017-05-23 03:12:34', 1, 1, 0, 'T', NULL, NULL, NULL, '1', 'EXECUTIVE_APPROVE'),
(1369, 'ปริมาณรังสีรามา', 'ATTACH_FILE', NULL, NULL, NULL, NULL, NULL, 2560, 5, NULL, '/uploads/1495509182.pdf', 200, '2017-05-23', 200, '2017-05-23 03:13:01', 1, 2, 0, 'T', NULL, NULL, NULL, NULL, 'EXECUTIVE_APPROVE'),
(1370, 'ปริมาณรังสีที่ได้รับประจำปี 2560 ภาควิชารังสีวทยา ', 'ATTACH_FILE', NULL, NULL, NULL, NULL, NULL, 2560, 12, NULL, '/uploads/1495509267.pdf', 273, '2017-05-23', 273, '2017-05-23 03:14:26', 1, 1, 0, 'T', NULL, NULL, NULL, NULL, 'EXECUTIVE_APPROVE'),
(1371, 'นายภาวิน วิจิตตระการ', NULL, 1, '0.1', '0.2', '0.01', '1', 2560, 12, 1, NULL, 273, '2017-05-23', 273, '2017-05-23 03:14:54', 1, 1, 0, 'T', NULL, NULL, NULL, NULL, 'EXECUTIVE_APPROVE'),
(1372, 'นางสาวบังอร  แกมรัมย์', NULL, 1, '0.2', '0.2', '0.01', '1', 2560, 12, 1, NULL, 273, '2017-05-23', 273, '2017-05-23 03:14:54', 1, 1, 0, 'T', NULL, NULL, NULL, NULL, 'EXECUTIVE_APPROVE'),
(1373, 'นางสาวมัลลิกา ศรีชมพู', NULL, 1, '0.1', '0.2', '0.02', '1', 2560, 12, 1, NULL, 273, '2017-05-23', 273, '2017-05-23 03:14:54', 1, 1, 0, 'T', NULL, NULL, NULL, NULL, 'EXECUTIVE_APPROVE'),
(1374, 'นางสาวถิรวรรณ  บุญวงศ์', NULL, 1, '0.1', '0.2', '0.01', '1', 2560, 12, 1, NULL, 273, '2017-05-23', 273, '2017-05-23 03:14:54', 1, 1, 0, 'T', NULL, NULL, NULL, NULL, 'EXECUTIVE_APPROVE'),
(1375, 'นางสาวสุพัตรา  ชาวสวน ', NULL, 1, '0.2', '0.2', '0.01', '1', 2560, 12, 1, NULL, 273, '2017-05-23', 273, '2017-05-23 03:14:54', 1, 1, 0, 'T', NULL, NULL, NULL, NULL, 'EXECUTIVE_APPROVE'),
(1376, 'นางกุลธิดา  โพธิ์แดง', NULL, 1, '0.02', '0.03', '0.02', '1', 2560, 5, 1, NULL, NULL, NULL, 213, '2017-05-23 03:46:17', 3, 5, 1334, 'F', NULL, NULL, NULL, '1', 'EXECUTIVE_APPROVE'),
(1377, 'นายณัฐพร ธีระรังสิกุล', NULL, 2, '0.01', '0.02', '0.01', '1', 2560, 5, 1, NULL, NULL, NULL, 210, '2017-05-23 03:46:53', 2, 3, 1335, 'T', NULL, NULL, NULL, '1', 'EXECUTIVE_APPROVE'),
(1378, 'นายณัฐพร ธีระรังสิกุล', NULL, 2, '0.01', '0.02', '0.01', '1', 2560, 5, 1, NULL, NULL, NULL, 210, '2017-05-23 03:46:53', 2, 3, 1335, 'T', NULL, NULL, NULL, '1', 'EXECUTIVE_APPROVE'),
(1379, 'นายภาวิน วิจิตตระการ', NULL, 1, '0.1', '0.2', '0.01', '1', 2560, 12, 1, NULL, 198, '2017-05-23', 198, '2017-05-23 03:47:01', 1, 1, 0, 'T', NULL, NULL, NULL, NULL, 'EXECUTIVE_APPROVE'),
(1380, 'นางสาวบังอร  แกมรัมย์', NULL, 1, '0.2', '0.2', '0.01', '1', 2560, 12, 1, NULL, 198, '2017-05-23', 198, '2017-05-23 03:47:01', 1, 1, 0, 'T', NULL, NULL, NULL, NULL, 'EXECUTIVE_APPROVE'),
(1381, 'นางสาวมัลลิกา ศรีชมพู', NULL, 1, '0.1', '0.2', '0.02', '1', 2560, 12, 1, NULL, 198, '2017-05-23', 198, '2017-05-23 03:47:01', 1, 1, 0, 'T', NULL, NULL, NULL, NULL, 'EXECUTIVE_APPROVE'),
(1382, 'นางสาวถิรวรรณ  บุญวงศ์', NULL, 1, '0.1', '0.2', '0.01', '1', 2560, 12, 1, NULL, 198, '2017-05-23', 198, '2017-05-23 03:47:01', 1, 1, 0, 'T', NULL, NULL, NULL, NULL, 'EXECUTIVE_APPROVE'),
(1383, 'นางสาวสุพัตรา  ชาวสวน ', NULL, 1, '0.2', '0.2', '0.01', '1', 2560, 12, 1, NULL, 198, '2017-05-23', 198, '2017-05-23 03:47:01', 1, 1, 0, 'T', NULL, NULL, NULL, NULL, 'EXECUTIVE_APPROVE'),
(1384, 'pruksa julapanthong', NULL, 3, '0', '0', '0', '1', 2560, 5, 1, NULL, 270, '2017-05-23', 270, '2017-05-23 03:47:55', 1, 1, 0, 'D', NULL, NULL, NULL, '1', 'EXECUTIVE_APPROVE'),
(1385, 'เกียรติศักดิ์ พรมภักดิ์', NULL, 2, '0.02', '0.03', '0.02', '1', 2560, 12, 1, NULL, 225, '2017-05-23', 225, '2017-05-23 03:48:10', 1, 8, 0, 'D', NULL, NULL, NULL, '1', 'EXECUTIVE_APPROVE'),
(1386, 'ปวิช แซ่อึ้ง', NULL, 2, '1', '0.01', '0.12', '1', 2560, 5, 1, NULL, 212, '2017-05-23', 212, '2017-05-23 03:48:25', 1, 4, 1386, 'F', NULL, NULL, NULL, '1', 'EXECUTIVE_APPROVE'),
(1387, 'สุพรรณี  สุยะหลาน', NULL, 2, '1', '0.01', '0.02', '1', 2560, 5, 1, NULL, 234, '2017-05-23', 234, '2017-05-23 03:48:25', 1, 12, 1387, 'F', NULL, NULL, NULL, '1', 'EXECUTIVE_APPROVE'),
(1388, 'ฝนทิพย์ รัตนกาล', NULL, 2, '0', '0.01', '0.12', '1', 2560, 5, 1, NULL, 228, '2017-05-23', 228, '2017-05-23 03:48:25', 1, 9, 0, 'T', NULL, NULL, NULL, '1', 'EXECUTIVE_APPROVE'),
(1389, 'วีรชาติ ศรีจันทร์', NULL, 2, '0.1', '0.01', '0.12', '2', 2560, 5, 1, NULL, 232, '2017-05-23', 232, '2017-05-23 03:48:26', 1, 11, 1389, 'F', NULL, NULL, NULL, '1', 'EXECUTIVE_APPROVE'),
(1390, 'เกียรติศักดิ์ พรมภักดิ์', NULL, 2, '0.02', '0.03', '0.02', '1', 2560, 12, 1, NULL, 225, '2017-05-23', 225, '2017-05-23 03:48:26', 1, 8, 0, 'T', NULL, NULL, NULL, '1', 'EXECUTIVE_APPROVE'),
(1391, 'นางรุ่งลาวรรณ  เชวงเกียรติกุล', NULL, 2, '0.1', '0.01', '0.12', '1', 2560, 5, 1, NULL, 219, '2017-05-23', 219, '2017-05-23 03:48:26', 1, 6, 0, 'T', NULL, NULL, NULL, '1', 'EXECUTIVE_APPROVE'),
(1392, 'นายเอกจักร์ จันทร์ดอน', NULL, 2, '0.02', '0.03', '0.02', '1', 2560, 5, 1, NULL, 238, '2017-05-23', 238, '2017-05-23 03:48:26', 1, 14, 0, 'T', NULL, NULL, NULL, '1', 'EXECUTIVE_APPROVE'),
(1393, 'อนุจิตต์ คงผอม', NULL, 1, '0.02', '0.03', '0.02', '1', 2560, 5, 1, NULL, 235, '2017-05-23', 235, '2017-05-23 03:48:29', 1, 12, 0, 'D', NULL, NULL, NULL, '1', 'EXECUTIVE_APPROVE'),
(1394, 'pruksa julapanthong', NULL, 3, '0', '0', '0', '1', 2560, 5, 1, NULL, 270, '2017-05-23', 270, '2017-05-23 03:48:31', 1, 1, 0, 'D', NULL, NULL, NULL, '1', 'EXECUTIVE_APPROVE'),
(1395, 'name', NULL, 2, '0.1', '0.1', '0.1', '1', 2560, 5, 2, NULL, 126, '2017-05-23', 126, '2017-05-23 03:48:31', 1, 1, 0, 'T', NULL, NULL, NULL, '1', 'EXECUTIVE_APPROVE'),
(1396, 'จิตรา ลิ้มทองกุล', NULL, 1, '0.02', '0.03', '0.02', '1', 2560, 5, 1, NULL, 220, '2017-05-23', 220, '2017-05-23 03:48:32', 1, 6, 0, 'T', NULL, NULL, NULL, '1', 'EXECUTIVE_APPROVE'),
(1397, 'ฝนทิพย์ รัตนกาล', NULL, 2, '0', '0.01', '0.12', '1', 2560, 5, 1, NULL, 228, '2017-05-23', 228, '2017-05-23 03:48:34', 1, 9, 0, 'D', NULL, NULL, NULL, '1', 'EXECUTIVE_APPROVE'),
(1398, 'อนุจิตต์ คงผอม', NULL, 1, '0.02', '0.03', '0.02', '1', 2560, 5, 1, NULL, 235, '2017-05-23', 235, '2017-05-23 03:48:40', 1, 12, 0, 'T', NULL, NULL, NULL, '1', 'EXECUTIVE_APPROVE'),
(1399, 'วีรชาติ ศรีจันทร์', NULL, 2, '0.1', '0.01', '0.12', '2', 2560, 5, 1, NULL, NULL, NULL, 232, '2017-05-23 03:48:41', 2, 11, 1389, 'T', NULL, NULL, NULL, '1', 'EXECUTIVE_APPROVE'),
(1400, 'นางสาววนัสนันท์ สายแก้ว', NULL, 1, '0.02', '0.03', '0.02', '1', 2560, 12, 1, NULL, 229, '2017-05-23', 229, '2017-05-23 03:48:41', 1, 9, 0, 'T', NULL, NULL, NULL, '1', 'EXECUTIVE_APPROVE'),
(1401, 'ปวิช แซ่อึ้ง', NULL, 2, '1', '0.01', '0.12', '1', 2560, 5, 1, NULL, NULL, NULL, 212, '2017-05-23 03:48:41', 2, 4, 1386, 'T', NULL, NULL, NULL, '1', 'EXECUTIVE_APPROVE'),
(1402, 'สุพรรณี  สุยะหลาน', NULL, 2, '1', '0.01', '0.02', '1', 2560, 5, 1, NULL, NULL, NULL, 234, '2017-05-23 03:48:42', 2, 12, 1387, 'T', NULL, NULL, NULL, '1', 'EXECUTIVE_APPROVE'),
(1403, 'นายสุวัฒน์ วัฒนอาภรณ์ชัย', NULL, 2, '0', '0', '0', '1', 2560, 5, 1, NULL, 196, '2017-05-23', 196, '2017-05-23 03:48:48', 1, 1, 1403, 'F', NULL, NULL, NULL, '1', 'EXECUTIVE_APPROVE'),
(1404, 'ชนิดา วุฒิประเสริฐพงศ์', NULL, 1, '0.2', '0.2', '0.1', '1', 2560, 5, 2, NULL, 201, '2017-05-23', 201, '2017-05-23 03:48:52', 1, 2, 0, 'T', NULL, NULL, NULL, '1', 'EXECUTIVE_APPROVE'),
(1405, 'พัชรี ช่วยเมือง', NULL, 2, '1', '0.01', '0.01', '1', 2560, 5, 2, NULL, 224, '2017-05-23', 224, '2017-05-23 03:48:53', 1, 7, 0, 'D', NULL, NULL, NULL, '1', 'EXECUTIVE_APPROVE'),
(1406, 'ธนาพร สมหน่อ', NULL, 1, '0.02', '0.03', '0.02', '1', 2560, 12, 1, NULL, 267, '2017-05-23', 267, '2017-05-23 03:48:55', 1, 12, 0, 'T', NULL, NULL, NULL, '1', 'EXECUTIVE_APPROVE'),
(1407, 'กนิตตา คำปล้อง', NULL, 3, '0.1', '0.01', '0.01', '1', 2560, 5, 2, NULL, 191, '2017-05-23', 191, '2017-05-23 03:48:58', 1, 1, 0, 'T', NULL, NULL, NULL, '1', 'EXECUTIVE_APPROVE'),
(1408, 'จิตรา ลิ้มทองกุล', NULL, 1, '0.02', '0.03', '0.02', '1', 2560, 12, 1, NULL, 220, '2017-05-23', 220, '2017-05-23 03:49:03', 1, 6, 0, 'D', NULL, NULL, NULL, '1', 'EXECUTIVE_APPROVE'),
(1409, 'พัชรี ช่วยเมือง', NULL, 2, '1', '0.01', '0.01', '1', 2560, 5, 2, NULL, 224, '2017-05-23', 224, '2017-05-23 03:49:04', 1, 7, 0, 'D', NULL, NULL, NULL, '1', 'EXECUTIVE_APPROVE'),
(1410, 'พัชรี ช่วยเมือง', NULL, 2, '1', '0.01', '0.01', '1', 2560, 5, 2, NULL, 224, '2017-05-23', 224, '2017-05-23 03:49:09', 1, 7, 0, 'D', NULL, NULL, NULL, '1', 'EXECUTIVE_APPROVE'),
(1411, 'นิรชา พันธุรัตน์', NULL, 1, '0.02', '0.03', '0.02', '1', 2560, 12, 1, NULL, 205, '2017-05-23', 205, '2017-05-23 03:49:17', 1, 2, 0, 'T', NULL, NULL, NULL, '1', 'EXECUTIVE_APPROVE'),
(1412, 'จิตรา ลิ้มทองกุล', NULL, 1, '0.02', '0.03', '0.02', '1', 2560, 12, 1, NULL, 220, '2017-05-23', 220, '2017-05-23 03:49:22', 1, 6, 0, 'D', NULL, NULL, NULL, '1', 'EXECUTIVE_APPROVE'),
(1413, 'พิทักษ์ คำแหงพล', NULL, 1, '0.02', '0.03', '0.02', '1', 2560, 12, 1, NULL, 216, '2017-05-23', 216, '2017-05-23 03:49:28', 1, 6, 0, 'D', NULL, NULL, NULL, '1', 'EXECUTIVE_APPROVE'),
(1414, 'นายสุวัฒน์ วัฒนอาภรณ์ชัย', NULL, 2, '0.02', '0.03', '0.02', '1', 2560, 5, 1, NULL, NULL, NULL, 196, '2017-05-23 03:49:30', 2, 1, 1403, 'T', NULL, NULL, NULL, '1', 'EXECUTIVE_APPROVE'),
(1415, 'พิทักษ์ คำแหงพล', NULL, 1, '0.02', '0.03', '0.02', '1', 2560, 12, 1, NULL, 216, '2017-05-23', 216, '2017-05-23 03:49:36', 1, 6, 0, 'D', NULL, NULL, NULL, '1', 'EXECUTIVE_APPROVE'),
(1416, 'นวลเพ็ญ ดำรงกิจอุดม', NULL, 1, '43', '43', '43', '1', 2559, 12, 1, NULL, 213, '2017-05-23', 213, '2017-05-23 03:50:02', 1, 5, 0, 'T', NULL, NULL, NULL, '1', 'EXECUTIVE_APPROVE'),
(1417, 'พิทักษ์ คำแหงพล', NULL, 1, '0.02', '0.03', '0.02', '1', 2560, 12, 1, NULL, 216, '2017-05-23', 216, '2017-05-23 03:50:04', 1, 6, 1417, 'F', NULL, NULL, NULL, '1', 'EXECUTIVE_APPROVE'),
(1418, 'ชุตินธร มูลทองน้อย', NULL, 1, '0.02', '0.03', '0.02', '1', 2560, 12, 1, NULL, 212, '2017-05-23', 212, '2017-05-23 03:50:14', 1, 4, 0, 'T', NULL, NULL, NULL, '1', 'EXECUTIVE_APPROVE'),
(1419, 'นางกุลธิดา  โพธิ์แดง', NULL, 1, '0.02', '0.03', '0.02', '1', 2560, 5, 1, NULL, NULL, NULL, 213, '2017-05-23 03:50:16', 4, 5, 1334, 'T', NULL, NULL, NULL, '1', 'EXECUTIVE_APPROVE'),
(1420, 'เจนจิรา  สระทองยุ้ง', NULL, 1, '0.02', '0.03', '0.02', '1', 2560, 5, 1, NULL, 237, '2017-05-23', 237, '2017-05-23 03:50:16', 1, 14, 0, 'T', NULL, NULL, NULL, '1', 'EXECUTIVE_APPROVE'),
(1421, 'ปริาณรังสีที่ได้รับประจำปี2560 ภาควิชารังสีวิทยา', 'ATTACH_FILE', NULL, NULL, NULL, NULL, NULL, 2560, 12, NULL, '/uploads/1495511446.pdf', 267, '2017-05-23', 267, '2017-05-23 03:50:45', 1, 12, 0, 'T', NULL, NULL, NULL, NULL, 'EXECUTIVE_APPROVE'),
(1422, 'ข้อมูลนายปวิช', 'ATTACH_FILE', NULL, NULL, NULL, NULL, NULL, 2560, 5, NULL, '/uploads/1495511470.pdf', 212, '2017-05-23', 212, '2017-05-23 03:51:09', 1, 4, 0, 'D', NULL, NULL, NULL, NULL, 'EXECUTIVE_APPROVE'),
(1423, 'ไฟล์แนบ', 'ATTACH_FILE', NULL, NULL, NULL, NULL, NULL, 2560, 5, NULL, '/uploads/1495511472.pdf', 212, '2017-05-23', 212, '2017-05-23 03:51:11', 1, 4, 0, 'D', NULL, NULL, NULL, NULL, 'EXECUTIVE_APPROVE'),
(1424, 'นายภาวิน วิจิตตระการ', NULL, 1, '0.1', '0.2', '0.01', '1', 2560, 12, 1, NULL, 267, '2017-05-23', 267, '2017-05-23 03:51:12', 1, 12, 0, 'T', NULL, NULL, NULL, NULL, 'EXECUTIVE_APPROVE'),
(1425, 'นางสาวบังอร  แกมรัมย์', NULL, 1, '0.2', '0.2', '0.01', '1', 2560, 12, 1, NULL, 267, '2017-05-23', 267, '2017-05-23 03:51:12', 1, 12, 0, 'T', NULL, NULL, NULL, NULL, 'EXECUTIVE_APPROVE'),
(1426, 'นางสาวมัลลิกา ศรีชมพู', NULL, 1, '0.1', '0.2', '0.02', '1', 2560, 12, 1, NULL, 267, '2017-05-23', 267, '2017-05-23 03:51:12', 1, 12, 0, 'T', NULL, NULL, NULL, NULL, 'EXECUTIVE_APPROVE'),
(1427, 'นางสาวถิรวรรณ  บุญวงศ์', NULL, 1, '0.1', '0.2', '0.01', '1', 2560, 12, 1, NULL, 267, '2017-05-23', 267, '2017-05-23 03:51:12', 1, 12, 0, 'T', NULL, NULL, NULL, NULL, 'EXECUTIVE_APPROVE'),
(1428, 'นางสาวสุพัตรา  ชาวสวน ', NULL, 1, '0.2', '0.2', '0.01', '1', 2560, 12, 1, NULL, 267, '2017-05-23', 267, '2017-05-23 03:51:12', 1, 12, 0, 'T', NULL, NULL, NULL, NULL, 'EXECUTIVE_APPROVE'),
(1429, 'พิทักษ์ คำแหงพล', NULL, 1, '0.02', '0.03', '0.02', '1', 2560, 5, 1, NULL, NULL, NULL, 216, '2017-05-23 03:51:17', 2, 6, 1417, 'T', NULL, NULL, NULL, '1', 'EXECUTIVE_APPROVE'),
(1430, 'วีรชาติ ศรีจันทร์', 'ATTACH_FILE', NULL, NULL, NULL, NULL, NULL, 2560, 5, NULL, '/uploads/1495511479.pdf', 232, '2017-05-23', 232, '2017-05-23 03:51:19', 1, 11, 0, 'T', NULL, NULL, NULL, NULL, 'EXECUTIVE_APPROVE'),
(1431, 'ปริมาณรังสีที่ได้รับประจำปี 2560ภาควิชารังสีวิทยา', 'ATTACH_FILE', NULL, NULL, NULL, NULL, NULL, 2560, 5, NULL, '/uploads/1495511488.xlsx', 234, '2017-05-23', 234, '2017-05-23 03:51:27', 1, 12, 0, 'T', NULL, NULL, NULL, NULL, 'EXECUTIVE_APPROVE'),
(1432, 'วีรชาติ ศรีจันทร์', 'ATTACH_FILE', NULL, NULL, NULL, NULL, NULL, 2560, 5, NULL, '/uploads/1495511527.xlsx', 232, '2017-05-23', 232, '2017-05-23 03:52:07', 1, 11, 0, 'D', NULL, NULL, NULL, NULL, 'EXECUTIVE_APPROVE'),
(1433, 'นายภาวิน วิจิตตระการ', NULL, 1, '0.1', '0.2', '0.01', '1', 2560, 12, 1, NULL, 223, '2017-05-23', 223, '2017-05-23 03:52:07', 1, 7, 0, 'T', NULL, NULL, NULL, NULL, 'EXECUTIVE_APPROVE'),
(1434, 'นางสาวบังอร  แกมรัมย์', NULL, 1, '0.2', '0.2', '0.01', '1', 2560, 12, 1, NULL, 223, '2017-05-23', 223, '2017-05-23 03:52:07', 1, 7, 0, 'T', NULL, NULL, NULL, NULL, 'EXECUTIVE_APPROVE'),
(1435, 'นางสาวมัลลิกา ศรีชมพู', NULL, 1, '0.1', '0.2', '0.02', '1', 2560, 12, 1, NULL, 223, '2017-05-23', 223, '2017-05-23 03:52:07', 1, 7, 0, 'T', NULL, NULL, NULL, NULL, 'EXECUTIVE_APPROVE'),
(1436, 'นางสาวถิรวรรณ  บุญวงศ์', NULL, 1, '0.1', '0.2', '0.01', '1', 2560, 12, 1, NULL, 223, '2017-05-23', 223, '2017-05-23 03:52:07', 1, 7, 0, 'T', NULL, NULL, NULL, NULL, 'EXECUTIVE_APPROVE'),
(1437, 'นางสาวสุพัตรา  ชาวสวน ', NULL, 1, '0.2', '0.2', '0.01', '1', 2560, 12, 1, NULL, 223, '2017-05-23', 223, '2017-05-23 03:52:07', 1, 7, 0, 'T', NULL, NULL, NULL, NULL, 'EXECUTIVE_APPROVE'),
(1438, 'ปริมาณรังสีที่ได้รับ', 'ATTACH_FILE', NULL, NULL, NULL, NULL, NULL, 2560, 12, NULL, '/uploads/1495511529.xlsx', 216, '2017-05-23', 216, '2017-05-23 03:52:08', 1, 6, 0, 'T', NULL, NULL, NULL, NULL, 'EXECUTIVE_APPROVE'),
(1439, 'นายภาวิน วิจิตตระการ', NULL, 1, '0.1', '0.2', '0.01', '1', 2560, 12, 1, NULL, 234, '2017-05-23', 234, '2017-05-23 03:52:32', 1, 12, 0, 'T', NULL, NULL, NULL, NULL, 'EXECUTIVE_APPROVE'),
(1440, 'นางสาวบังอร  แกมรัมย์', NULL, 1, '0.2', '0.2', '0.01', '1', 2560, 12, 1, NULL, 234, '2017-05-23', 234, '2017-05-23 03:52:32', 1, 12, 0, 'T', NULL, NULL, NULL, NULL, 'EXECUTIVE_APPROVE'),
(1441, 'นางสาวมัลลิกา ศรีชมพู', NULL, 1, '0.1', '0.2', '0.02', '1', 2560, 12, 1, NULL, 234, '2017-05-23', 234, '2017-05-23 03:52:32', 1, 12, 0, 'T', NULL, NULL, NULL, NULL, 'EXECUTIVE_APPROVE'),
(1442, 'นางสาวถิรวรรณ  บุญวงศ์', NULL, 1, '0.1', '0.2', '0.01', '1', 2560, 12, 1, NULL, 234, '2017-05-23', 234, '2017-05-23 03:52:32', 1, 12, 0, 'T', NULL, NULL, NULL, NULL, 'EXECUTIVE_APPROVE'),
(1443, 'นางสาวสุพัตรา  ชาวสวน ', NULL, 1, '0.2', '0.2', '0.01', '1', 2560, 12, 1, NULL, 234, '2017-05-23', 234, '2017-05-23 03:52:32', 1, 12, 0, 'T', NULL, NULL, NULL, NULL, 'EXECUTIVE_APPROVE'),
(1444, 'นายภาวิน วิจิตตระการ', NULL, 1, '0.1', '0.2', '0.01', '1', 2560, 12, 1, NULL, 229, '2017-05-23', 229, '2017-05-23 03:52:38', 1, 9, 0, 'T', NULL, NULL, NULL, NULL, 'EXECUTIVE_APPROVE'),
(1445, 'นางสาวบังอร  แกมรัมย์', NULL, 1, '0.2', '0.2', '0.01', '1', 2560, 12, 1, NULL, 229, '2017-05-23', 229, '2017-05-23 03:52:38', 1, 9, 0, 'T', NULL, NULL, NULL, NULL, 'EXECUTIVE_APPROVE'),
(1446, 'นางสาวมัลลิกา ศรีชมพู', NULL, 1, '0.1', '0.2', '0.02', '1', 2560, 12, 1, NULL, 229, '2017-05-23', 229, '2017-05-23 03:52:38', 1, 9, 0, 'T', NULL, NULL, NULL, NULL, 'EXECUTIVE_APPROVE'),
(1447, 'นางสาวถิรวรรณ  บุญวงศ์', NULL, 1, '0.1', '0.2', '0.01', '1', 2560, 12, 1, NULL, 229, '2017-05-23', 229, '2017-05-23 03:52:38', 1, 9, 0, 'T', NULL, NULL, NULL, NULL, 'EXECUTIVE_APPROVE'),
(1448, 'นางสาวสุพัตรา  ชาวสวน ', NULL, 1, '0.2', '0.2', '0.01', '1', 2560, 12, 1, NULL, 229, '2017-05-23', 229, '2017-05-23 03:52:38', 1, 9, 0, 'T', NULL, NULL, NULL, NULL, 'EXECUTIVE_APPROVE'),
(1449, 'นายภาวิน วิจิตตระการ', NULL, 1, '0.1', '0.2', '0.01', '1', 2560, 12, 1, NULL, 212, '2017-05-23', 212, '2017-05-23 03:52:57', 1, 4, 0, 'T', NULL, NULL, NULL, NULL, 'EXECUTIVE_APPROVE'),
(1450, 'นางสาวบังอร  แกมรัมย์', NULL, 1, '0.2', '0.2', '0.01', '1', 2560, 12, 1, NULL, 212, '2017-05-23', 212, '2017-05-23 03:52:58', 1, 4, 0, 'T', NULL, NULL, NULL, NULL, 'EXECUTIVE_APPROVE'),
(1451, 'นางสาวมัลลิกา ศรีชมพู', NULL, 1, '0.1', '0.2', '0.02', '1', 2560, 12, 1, NULL, 212, '2017-05-23', 212, '2017-05-23 03:52:58', 1, 4, 0, 'T', NULL, NULL, NULL, NULL, 'EXECUTIVE_APPROVE'),
(1452, 'นางสาวถิรวรรณ  บุญวงศ์', NULL, 1, '0.1', '0.2', '0.01', '1', 2560, 12, 1, NULL, 212, '2017-05-23', 212, '2017-05-23 03:52:58', 1, 4, 0, 'T', NULL, NULL, NULL, NULL, 'EXECUTIVE_APPROVE'),
(1453, 'นางสาวสุพัตรา  ชาวสวน ', NULL, 1, '0.2', '0.2', '0.01', '1', 2560, 12, 1, NULL, 212, '2017-05-23', 212, '2017-05-23 03:52:58', 1, 4, 0, 'T', NULL, NULL, NULL, NULL, 'EXECUTIVE_APPROVE'),
(1454, 'นายภาวิน วิจิตตระการ', NULL, 1, '0.1', '0.2', '0.01', '1', 2560, 12, 1, NULL, 212, '2017-05-23', 212, '2017-05-23 03:52:58', 1, 4, 0, 'T', NULL, NULL, NULL, NULL, 'EXECUTIVE_APPROVE'),
(1455, 'นางสาวบังอร  แกมรัมย์', NULL, 1, '0.2', '0.2', '0.01', '1', 2560, 12, 1, NULL, 212, '2017-05-23', 212, '2017-05-23 03:52:58', 1, 4, 0, 'T', NULL, NULL, NULL, NULL, 'EXECUTIVE_APPROVE'),
(1456, 'นางสาวมัลลิกา ศรีชมพู', NULL, 1, '0.1', '0.2', '0.02', '1', 2560, 12, 1, NULL, 212, '2017-05-23', 212, '2017-05-23 03:52:58', 1, 4, 0, 'T', NULL, NULL, NULL, NULL, 'EXECUTIVE_APPROVE'),
(1457, 'นางสาวถิรวรรณ  บุญวงศ์', NULL, 1, '0.1', '0.2', '0.01', '1', 2560, 12, 1, NULL, 212, '2017-05-23', 212, '2017-05-23 03:52:58', 1, 4, 0, 'T', NULL, NULL, NULL, NULL, 'EXECUTIVE_APPROVE'),
(1458, 'นางสาวสุพัตรา  ชาวสวน ', NULL, 1, '0.2', '0.2', '0.01', '1', 2560, 12, 1, NULL, 212, '2017-05-23', 212, '2017-05-23 03:52:58', 1, 4, 0, 'T', NULL, NULL, NULL, NULL, 'EXECUTIVE_APPROVE'),
(1459, 'นายภาวิน วิจิตตระการ', NULL, 1, '0.1', '0.2', '0.01', '1', 2560, 12, 1, NULL, 212, '2017-05-23', 212, '2017-05-23 03:53:29', 1, 4, 0, 'T', NULL, NULL, NULL, NULL, 'EXECUTIVE_APPROVE'),
(1460, 'นางสาวบังอร  แกมรัมย์', NULL, 1, '0.2', '0.2', '0.01', '1', 2560, 12, 1, NULL, 212, '2017-05-23', 212, '2017-05-23 03:53:29', 1, 4, 0, 'T', NULL, NULL, NULL, NULL, 'EXECUTIVE_APPROVE'),
(1461, 'นางสาวมัลลิกา ศรีชมพู', NULL, 1, '0.1', '0.2', '0.02', '1', 2560, 12, 1, NULL, 212, '2017-05-23', 212, '2017-05-23 03:53:29', 1, 4, 0, 'T', NULL, NULL, NULL, NULL, 'EXECUTIVE_APPROVE'),
(1462, 'นางสาวถิรวรรณ  บุญวงศ์', NULL, 1, '0.1', '0.2', '0.01', '1', 2560, 12, 1, NULL, 212, '2017-05-23', 212, '2017-05-23 03:53:29', 1, 4, 0, 'T', NULL, NULL, NULL, NULL, 'EXECUTIVE_APPROVE'),
(1463, 'นางสาวสุพัตรา  ชาวสวน ', NULL, 1, '0.2', '0.2', '0.01', '1', 2560, 12, 1, NULL, 212, '2017-05-23', 212, '2017-05-23 03:53:29', 1, 4, 0, 'T', NULL, NULL, NULL, NULL, 'EXECUTIVE_APPROVE'),
(1464, 'นายภาวิน วิจิตตระการ', NULL, 1, '0.1', '0.2', '0.01', '1', 2560, 12, 1, NULL, 216, '2017-05-23', 216, '2017-05-23 03:53:31', 1, 6, 0, 'T', NULL, NULL, NULL, NULL, 'EXECUTIVE_APPROVE'),
(1465, 'นางสาวบังอร  แกมรัมย์', NULL, 1, '0.2', '0.2', '0.01', '1', 2560, 12, 1, NULL, 216, '2017-05-23', 216, '2017-05-23 03:53:31', 1, 6, 0, 'T', NULL, NULL, NULL, NULL, 'EXECUTIVE_APPROVE'),
(1466, 'นางสาวมัลลิกา ศรีชมพู', NULL, 1, '0.1', '0.2', '0.02', '1', 2560, 12, 1, NULL, 216, '2017-05-23', 216, '2017-05-23 03:53:31', 1, 6, 0, 'T', NULL, NULL, NULL, NULL, 'EXECUTIVE_APPROVE'),
(1467, 'นางสาวถิรวรรณ  บุญวงศ์', NULL, 1, '0.1', '0.2', '0.01', '1', 2560, 12, 1, NULL, 216, '2017-05-23', 216, '2017-05-23 03:53:31', 1, 6, 0, 'T', NULL, NULL, NULL, NULL, 'EXECUTIVE_APPROVE'),
(1468, 'นางสาวสุพัตรา  ชาวสวน ', NULL, 1, '0.2', '0.2', '0.01', '1', 2560, 12, 1, NULL, 216, '2017-05-23', 216, '2017-05-23 03:53:31', 1, 6, 0, 'T', NULL, NULL, NULL, NULL, 'EXECUTIVE_APPROVE'),
(1469, '', 'ATTACH_FILE', NULL, NULL, NULL, NULL, NULL, 2560, 5, NULL, '/uploads/1495511655.xlsx', 200, '2017-05-23', 200, '2017-05-23 03:54:15', 1, 2, 0, 'D', NULL, NULL, NULL, NULL, 'EXECUTIVE_APPROVE'),
(1470, 'นายภาวิน วิจิตตระการ', NULL, 1, '0.1', '0.2', '0.01', '1', 2560, 12, 1, NULL, 200, '2017-05-23', 200, '2017-05-23 03:54:44', 1, 2, 0, 'T', NULL, NULL, NULL, NULL, 'EXECUTIVE_APPROVE'),
(1471, 'นางสาวบังอร  แกมรัมย์', NULL, 1, '0.2', '0.2', '0.01', '1', 2560, 12, 1, NULL, 200, '2017-05-23', 200, '2017-05-23 03:54:44', 1, 2, 0, 'T', NULL, NULL, NULL, NULL, 'EXECUTIVE_APPROVE'),
(1472, 'นางสาวมัลลิกา ศรีชมพู', NULL, 1, '0.1', '0.2', '0.02', '1', 2560, 12, 1, NULL, 200, '2017-05-23', 200, '2017-05-23 03:54:44', 1, 2, 0, 'T', NULL, NULL, NULL, NULL, 'EXECUTIVE_APPROVE'),
(1473, 'นางสาวถิรวรรณ  บุญวงศ์', NULL, 1, '0.1', '0.2', '0.01', '1', 2560, 12, 1, NULL, 200, '2017-05-23', 200, '2017-05-23 03:54:44', 1, 2, 0, 'T', NULL, NULL, NULL, NULL, 'EXECUTIVE_APPROVE'),
(1474, 'นางสาวสุพัตรา  ชาวสวน ', NULL, 1, '0.2', '0.2', '0.01', '1', 2560, 12, 1, NULL, 200, '2017-05-23', 200, '2017-05-23 03:54:44', 1, 2, 0, 'T', NULL, NULL, NULL, NULL, 'EXECUTIVE_APPROVE'),
(1475, 'นายภาวิน วิจิตตระการ', NULL, 1, '0.1', '0.2', '0.01', '1', 2560, 12, 1, NULL, 236, '2017-05-23', 236, '2017-05-23 03:55:09', 1, 13, 0, 'T', NULL, NULL, NULL, NULL, 'EXECUTIVE_APPROVE'),
(1476, 'นางสาวบังอร  แกมรัมย์', NULL, 1, '0.2', '0.2', '0.01', '1', 2560, 12, 1, NULL, 236, '2017-05-23', 236, '2017-05-23 03:55:09', 1, 13, 0, 'T', NULL, NULL, NULL, NULL, 'EXECUTIVE_APPROVE'),
(1477, 'นางสาวมัลลิกา ศรีชมพู', NULL, 1, '0.1', '0.2', '0.02', '1', 2560, 12, 1, NULL, 236, '2017-05-23', 236, '2017-05-23 03:55:09', 1, 13, 0, 'T', NULL, NULL, NULL, NULL, 'EXECUTIVE_APPROVE'),
(1478, 'นางสาวถิรวรรณ  บุญวงศ์', NULL, 1, '0.1', '0.2', '0.01', '1', 2560, 12, 1, NULL, 236, '2017-05-23', 236, '2017-05-23 03:55:09', 1, 13, 0, 'T', NULL, NULL, NULL, NULL, 'EXECUTIVE_APPROVE'),
(1479, 'นางสาวสุพัตรา  ชาวสวน ', NULL, 1, '0.2', '0.2', '0.01', '1', 2560, 12, 1, NULL, 236, '2017-05-23', 236, '2017-05-23 03:55:09', 1, 13, 0, 'T', NULL, NULL, NULL, NULL, 'EXECUTIVE_APPROVE'),
(1480, 'รายงานผล OSL เดือนพฤษภาคม', 'ATTACH_FILE', NULL, NULL, NULL, NULL, NULL, 2560, 5, NULL, '/uploads/1495511724.pdf', 190, '2017-05-23', 190, '2017-05-23 03:55:24', 1, 1, 0, 'T', NULL, NULL, NULL, NULL, 'EXECUTIVE_APPROVE'),
(1481, 'นายวิโรจน์ ช่างม่วง', NULL, 1, '70', '70', '70', '1', 2560, 5, 2, NULL, 206, '2017-05-23', 206, '2017-05-23 03:55:39', 1, 2, 1481, 'F', NULL, NULL, NULL, '1', 'EXECUTIVE_APPROVE'),
(1482, 'นายวิโรจน์ ช่างม่วง', NULL, 1, '0.1', '0.1', '0.1', '1', 2560, 5, 2, NULL, NULL, NULL, 206, '2017-05-23 03:56:14', 2, 2, 1481, 'T', NULL, NULL, NULL, '1', 'EXECUTIVE_APPROVE'),
(1483, 'ปริมาณรังสี', 'ATTACH_FILE', NULL, NULL, NULL, NULL, NULL, 2560, 5, NULL, '/uploads/1495512814.pdf', 196, '2017-05-23', 196, '2017-05-23 04:13:33', 1, 1, 0, 'T', NULL, NULL, NULL, NULL, 'EXECUTIVE_APPROVE'),
(1484, 'นายภาวิน วิจิตตระการ', NULL, 1, '0.1', '0.2', '0.01', '1', 2560, 12, 1, NULL, 272, '2017-05-23', 272, '2017-05-23 04:15:19', 1, 1, 0, 'T', NULL, NULL, NULL, NULL, 'EXECUTIVE_APPROVE'),
(1485, 'นางสาวบังอร  แกมรัมย์', NULL, 1, '0.2', '0.2', '0.01', '1', 2560, 12, 1, NULL, 272, '2017-05-23', 272, '2017-05-23 04:15:19', 1, 1, 0, 'T', NULL, NULL, NULL, NULL, 'EXECUTIVE_APPROVE'),
(1486, 'นางสาวมัลลิกา ศรีชมพู', NULL, 1, '0.1', '0.2', '0.02', '1', 2560, 12, 1, NULL, 272, '2017-05-23', 272, '2017-05-23 04:15:19', 1, 1, 0, 'T', NULL, NULL, NULL, NULL, 'EXECUTIVE_APPROVE'),
(1487, 'นางสาวถิรวรรณ  บุญวงศ์', NULL, 1, '0.1', '0.2', '0.01', '1', 2560, 12, 1, NULL, 272, '2017-05-23', 272, '2017-05-23 04:15:19', 1, 1, 0, 'T', NULL, NULL, NULL, NULL, 'EXECUTIVE_APPROVE'),
(1488, 'นางสาวสุพัตรา  ชาวสวน ', NULL, 1, '0.2', '0.2', '0.01', '1', 2560, 12, 1, NULL, 272, '2017-05-23', 272, '2017-05-23 04:15:19', 1, 1, 0, 'T', NULL, NULL, NULL, NULL, 'EXECUTIVE_APPROVE'),
(1489, 'ปริมาณรังสีที่ได้รับประจำปี 2560 ภาควิชารังสีวิทยา', 'ATTACH_FILE', NULL, NULL, NULL, NULL, NULL, 2560, 12, NULL, '/uploads/1495512960.pdf', 211, '2017-05-23', 211, '2017-05-23 04:15:59', 1, 3, 0, 'D', NULL, NULL, NULL, NULL, 'EXECUTIVE_APPROVE'),
(1490, 'นายภาวิน วิจิตตระการ', NULL, 1, '0.1', '0.2', '0.01', '1', 2560, 12, 1, NULL, 211, '2017-05-23', 211, '2017-05-23 04:16:35', 1, 3, 0, 'T', NULL, NULL, NULL, NULL, 'EXECUTIVE_APPROVE'),
(1491, 'นางสาวบังอร  แกมรัมย์', NULL, 1, '0.2', '0.2', '0.01', '1', 2560, 12, 1, NULL, 211, '2017-05-23', 211, '2017-05-23 04:16:35', 1, 3, 0, 'T', NULL, NULL, NULL, NULL, 'EXECUTIVE_APPROVE'),
(1492, 'นางสาวมัลลิกา ศรีชมพู', NULL, 1, '0.1', '0.2', '0.02', '1', 2560, 12, 1, NULL, 211, '2017-05-23', 211, '2017-05-23 04:16:35', 1, 3, 0, 'T', NULL, NULL, NULL, NULL, 'EXECUTIVE_APPROVE'),
(1493, 'นางสาวถิรวรรณ  บุญวงศ์', NULL, 1, '0.1', '0.2', '0.01', '1', 2560, 12, 1, NULL, 211, '2017-05-23', 211, '2017-05-23 04:16:35', 1, 3, 0, 'T', NULL, NULL, NULL, NULL, 'EXECUTIVE_APPROVE'),
(1494, 'นางสาวสุพัตรา  ชาวสวน ', NULL, 1, '0.2', '0.2', '0.01', '1', 2560, 12, 1, NULL, 211, '2017-05-23', 211, '2017-05-23 04:16:35', 1, 3, 0, 'T', NULL, NULL, NULL, NULL, 'EXECUTIVE_APPROVE'),
(1495, 'นายภาวิน วิจิตตระการ', NULL, 1, '0.1', '0.2', '0.01', NULL, 1, 2560, 12, NULL, 196, '2017-05-23', 196, '2017-05-23 04:17:09', 1, 1, 0, 'T', NULL, NULL, NULL, NULL, 'EXECUTIVE_APPROVE'),
(1496, 'นางสาวบังอร  แกมรัมย์', NULL, 1, '0.2', '0.2', '0.01', NULL, 1, 2560, 12, NULL, 196, '2017-05-23', 196, '2017-05-23 04:17:09', 1, 1, 0, 'T', NULL, NULL, NULL, NULL, 'EXECUTIVE_APPROVE'),
(1497, 'นางสาวมัลลิกา ศรีชมพู', NULL, 1, '0.1', '0.2', '0.02', NULL, 1, 2560, 12, NULL, 196, '2017-05-23', 196, '2017-05-23 04:17:09', 1, 1, 0, 'T', NULL, NULL, NULL, NULL, 'EXECUTIVE_APPROVE'),
(1498, 'นางสาวถิรวรรณ  บุญวงศ์', NULL, 1, '0.1', '0.2', '0.01', NULL, 1, 2560, 12, NULL, 196, '2017-05-23', 196, '2017-05-23 04:17:09', 1, 1, 0, 'T', NULL, NULL, NULL, NULL, 'EXECUTIVE_APPROVE'),
(1499, 'นางสาวสุพัตรา  ชาวสวน ', NULL, 1, '0.2', '0.2', '0.01', NULL, 1, 2560, 12, NULL, 196, '2017-05-23', 196, '2017-05-23 04:17:09', 1, 1, 0, 'T', NULL, NULL, NULL, NULL, 'EXECUTIVE_APPROVE'),
(1500, 'นายไพรัตน์ มุณี', NULL, 2, '0.2', '0.2', '0.01', '5', 1, 2560, 12, NULL, 196, '2017-05-23', 196, '2017-05-23 04:17:09', 1, 1, 0, 'T', NULL, NULL, NULL, NULL, 'EXECUTIVE_APPROVE'),
(1501, 'นายภาวิน วิจิตตระการ', NULL, 1, '0.1', '0.2', '0.01', NULL, 1, 2560, 12, NULL, 196, '2017-05-23', 196, '2017-05-23 04:18:29', 1, 1, 0, 'T', NULL, NULL, NULL, NULL, 'EXECUTIVE_APPROVE'),
(1502, 'นางสาวบังอร  แกมรัมย์', NULL, 1, '0.2', '0.2', '0.01', NULL, 1, 2560, 12, NULL, 196, '2017-05-23', 196, '2017-05-23 04:18:29', 1, 1, 0, 'T', NULL, NULL, NULL, NULL, 'EXECUTIVE_APPROVE'),
(1503, 'นางสาวมัลลิกา ศรีชมพู', NULL, 1, '0.1', '0.2', '0.02', NULL, 1, 2560, 12, NULL, 196, '2017-05-23', 196, '2017-05-23 04:18:29', 1, 1, 0, 'T', NULL, NULL, NULL, NULL, 'EXECUTIVE_APPROVE'),
(1504, 'นางสาวถิรวรรณ  บุญวงศ์', NULL, 1, '0.1', '0.2', '0.01', NULL, 1, 2560, 12, NULL, 196, '2017-05-23', 196, '2017-05-23 04:18:29', 1, 1, 0, 'T', NULL, NULL, NULL, NULL, 'EXECUTIVE_APPROVE'),
(1505, 'นางสาวสุพัตรา  ชาวสวน ', NULL, 1, '0.2', '0.2', '0.01', NULL, 1, 2560, 12, NULL, 196, '2017-05-23', 196, '2017-05-23 04:18:29', 1, 1, 0, 'T', NULL, NULL, NULL, NULL, 'EXECUTIVE_APPROVE'),
(1506, 'นายไพรัตน์ มุณีรัตน์', NULL, 2, '0.2', '0.2', '0.01', '5', 1, 2560, 12, NULL, 196, '2017-05-23', 196, '2017-05-23 04:18:29', 1, 1, 0, 'T', NULL, NULL, NULL, NULL, 'EXECUTIVE_APPROVE'),
(1507, 'นายภาวิน วิจิตตระการ', NULL, 1, '0.1', '0.2', '0.01', NULL, 1, 2560, 12, NULL, 196, '2017-05-23', 196, '2017-05-23 04:19:10', 1, 1, 0, 'T', NULL, NULL, NULL, NULL, 'EXECUTIVE_APPROVE'),
(1508, 'นางสาวบังอร  แกมรัมย์', NULL, 1, '0.2', '0.2', '0.01', NULL, 1, 2560, 12, NULL, 196, '2017-05-23', 196, '2017-05-23 04:19:10', 1, 1, 0, 'T', NULL, NULL, NULL, NULL, 'EXECUTIVE_APPROVE'),
(1509, 'นางสาวมัลลิกา ศรีชมพู', NULL, 1, '0.1', '0.2', '0.02', NULL, 1, 2560, 12, NULL, 196, '2017-05-23', 196, '2017-05-23 04:19:10', 1, 1, 0, 'T', NULL, NULL, NULL, NULL, 'EXECUTIVE_APPROVE'),
(1510, 'นางสาวถิรวรรณ  บุญวงศ์', NULL, 1, '0.1', '0.2', '0.01', NULL, 1, 2560, 12, NULL, 196, '2017-05-23', 196, '2017-05-23 04:19:10', 1, 1, 0, 'T', NULL, NULL, NULL, NULL, 'EXECUTIVE_APPROVE'),
(1511, 'นางสาวสุพัตรา  ชาวสวน ', NULL, 1, '0.2', '0.2', '0.01', NULL, 1, 2560, 12, NULL, 196, '2017-05-23', 196, '2017-05-23 04:19:10', 1, 1, 0, 'T', NULL, NULL, NULL, NULL, 'EXECUTIVE_APPROVE'),
(1512, 'นายไพรัตน์ มุณีรัตนา', NULL, 2, '0.2', '0.2', '0.01', '5', 1, 2560, 12, NULL, 196, '2017-05-23', 196, '2017-05-23 04:19:10', 1, 1, 0, 'T', NULL, NULL, NULL, NULL, 'EXECUTIVE_APPROVE'),
(1513, '0.1', NULL, 0, '0.2', '0.01', '1', '2', 12, 1, 100001, NULL, 272, '2017-05-23', 272, '2017-05-23 04:19:33', 1, 1, 0, 'T', NULL, NULL, NULL, NULL, 'EXECUTIVE_APPROVE'),
(1514, '0.2', NULL, 0, '0.2', '0.01', '1', '2', 12, 1, 100002, NULL, 272, '2017-05-23', 272, '2017-05-23 04:19:33', 1, 1, 0, 'T', NULL, NULL, NULL, NULL, 'EXECUTIVE_APPROVE'),
(1515, '0.1', NULL, 0, '0.2', '0.02', '1', '2', 12, 1, 100003, NULL, 272, '2017-05-23', 272, '2017-05-23 04:19:33', 1, 1, 0, 'T', NULL, NULL, NULL, NULL, 'EXECUTIVE_APPROVE'),
(1516, '0.1', NULL, 0, '0.2', '0.01', '1', '2', 12, 1, 100004, NULL, 272, '2017-05-23', 272, '2017-05-23 04:19:33', 1, 1, 0, 'T', NULL, NULL, NULL, NULL, 'EXECUTIVE_APPROVE'),
(1517, '0.2', NULL, 0, '0.2', '0.01', '1', '2', 12, 1, 100005, NULL, 272, '2017-05-23', 272, '2017-05-23 04:19:33', 1, 1, 0, 'T', NULL, NULL, NULL, NULL, 'EXECUTIVE_APPROVE'),
(1518, 'Narumol Chamsri', NULL, 2, '0.01', '0.01', '0.01', '1', 2560, 5, 1, NULL, 197, '2017-05-23', 197, '2017-05-23 04:20:06', 1, 1, 0, 'T', NULL, NULL, NULL, '1', 'EXECUTIVE_APPROVE'),
(1519, 'นายภาวิน วิจิตตระการ', NULL, 1, '0.1', '0.2', '0.01', '1', 2560, 12, 1, NULL, 196, '2017-05-23', 196, '2017-05-23 04:21:02', 1, 1, 0, 'T', NULL, NULL, NULL, NULL, 'EXECUTIVE_APPROVE'),
(1520, 'นางสาวบังอร  แกมรัมย์', NULL, 1, '0.2', '0.2', '0.01', '1', 2560, 12, 1, NULL, 196, '2017-05-23', 196, '2017-05-23 04:21:02', 1, 1, 0, 'T', NULL, NULL, NULL, NULL, 'EXECUTIVE_APPROVE'),
(1521, 'นางสาวมัลลิกา ศรีชมพู', NULL, 1, '0.1', '0.2', '0.02', '1', 2560, 12, 1, NULL, 196, '2017-05-23', 196, '2017-05-23 04:21:02', 1, 1, 0, 'T', NULL, NULL, NULL, NULL, 'EXECUTIVE_APPROVE'),
(1522, 'นางสาวถิรวรรณ  บุญวงศ์', NULL, 1, '0.1', '0.2', '0.01', '1', 2560, 12, 1, NULL, 196, '2017-05-23', 196, '2017-05-23 04:21:02', 1, 1, 0, 'T', NULL, NULL, NULL, NULL, 'EXECUTIVE_APPROVE'),
(1523, 'นางสาวสุพัตรา  ชาวสวน ', NULL, 1, '0.2', '0.2', '0.01', '1', 2560, 12, 1, NULL, 196, '2017-05-23', 196, '2017-05-23 04:21:02', 1, 1, 0, 'T', NULL, NULL, NULL, NULL, 'EXECUTIVE_APPROVE'),
(1524, 'นายไพรัตน์ มุณีรัตนา', NULL, 2, '0.2', '0.01', '0.2', '1', 2560, 12, 1, NULL, 196, '2017-05-23', 196, '2017-05-23 04:21:02', 1, 1, 0, 'D', NULL, NULL, NULL, NULL, 'EXECUTIVE_APPROVE'),
(1525, '0.1', NULL, 0, '0.2', '0.01', '1', '2', 12, 1, 100001, NULL, 272, '2017-05-23', 272, '2017-05-23 04:21:17', 1, 1, 0, 'T', NULL, NULL, NULL, NULL, 'EXECUTIVE_APPROVE'),
(1526, '0.2', NULL, 0, '0.2', '0.01', '1', '2', 12, 1, 100002, NULL, 272, '2017-05-23', 272, '2017-05-23 04:21:17', 1, 1, 0, 'T', NULL, NULL, NULL, NULL, 'EXECUTIVE_APPROVE'),
(1527, '0.1', NULL, 0, '0.2', '0.02', '1', '2', 12, 1, 100003, NULL, 272, '2017-05-23', 272, '2017-05-23 04:21:17', 1, 1, 0, 'T', NULL, NULL, NULL, NULL, 'EXECUTIVE_APPROVE'),
(1528, '0.1', NULL, 0, '0.2', '0.01', '1', '2', 12, 1, 100004, NULL, 272, '2017-05-23', 272, '2017-05-23 04:21:17', 1, 1, 0, 'T', NULL, NULL, NULL, NULL, 'EXECUTIVE_APPROVE'),
(1529, '0.2', NULL, 0, '0.2', '0.01', '1', '2', 12, 1, 100005, NULL, 272, '2017-05-23', 272, '2017-05-23 04:21:17', 1, 1, 0, 'T', NULL, NULL, NULL, NULL, 'EXECUTIVE_APPROVE'),
(1530, 'นายภาวิน วิจิตตระการ', NULL, 1, '0.1', '0.2', '0.01', '1', 2560, 12, 1, NULL, 196, '2017-05-23', 196, '2017-05-23 04:21:28', 1, 1, 0, 'T', NULL, NULL, NULL, NULL, 'EXECUTIVE_APPROVE'),
(1531, 'นางสาวบังอร  แกมรัมย์', NULL, 1, '0.2', '0.2', '0.01', '1', 2560, 12, 1, NULL, 196, '2017-05-23', 196, '2017-05-23 04:21:28', 1, 1, 0, 'T', NULL, NULL, NULL, NULL, 'EXECUTIVE_APPROVE'),
(1532, 'นางสาวมัลลิกา ศรีชมพู', NULL, 1, '0.1', '0.2', '0.02', '1', 2560, 12, 1, NULL, 196, '2017-05-23', 196, '2017-05-23 04:21:28', 1, 1, 0, 'T', NULL, NULL, NULL, NULL, 'EXECUTIVE_APPROVE'),
(1533, 'นางสาวถิรวรรณ  บุญวงศ์', NULL, 1, '0.1', '0.2', '0.01', '1', 2560, 12, 1, NULL, 196, '2017-05-23', 196, '2017-05-23 04:21:28', 1, 1, 0, 'T', NULL, NULL, NULL, NULL, 'EXECUTIVE_APPROVE'),
(1534, 'นางสาวสุพัตรา  ชาวสวน ', NULL, 1, '0.2', '0.2', '0.01', '1', 2560, 12, 1, NULL, 196, '2017-05-23', 196, '2017-05-23 04:21:28', 1, 1, 0, 'T', NULL, NULL, NULL, NULL, 'EXECUTIVE_APPROVE'),
(1535, 'นายไพรัตน์ มุณีรัตนาภรณ์', NULL, 2, '0.2', '0.01', '0.2', '1', 2560, 12, 1, NULL, 196, '2017-05-23', 196, '2017-05-23 04:21:28', 1, 1, 0, 'D', NULL, NULL, NULL, NULL, 'EXECUTIVE_APPROVE'),
(1536, 'นายภาวิน วิจิตตระการ', NULL, 1, '0.1', '0.01', '0.2', '1', 2560, 12, 1, NULL, 196, '2017-05-23', 196, '2017-05-23 04:22:23', 1, 1, 0, 'T', NULL, NULL, NULL, NULL, 'EXECUTIVE_APPROVE'),
(1537, 'นางสาวบังอร  แกมรัมย์', NULL, 1, '0.2', '0.01', '0.2', '1', 2560, 12, 1, NULL, 196, '2017-05-23', 196, '2017-05-23 04:22:23', 1, 1, 0, 'T', NULL, NULL, NULL, NULL, 'EXECUTIVE_APPROVE'),
(1538, 'นางสาวมัลลิกา ศรีชมพู', NULL, 1, '0.1', '0.02', '0.2', '1', 2560, 12, 1, NULL, 196, '2017-05-23', 196, '2017-05-23 04:22:23', 1, 1, 0, 'T', NULL, NULL, NULL, NULL, 'EXECUTIVE_APPROVE'),
(1539, 'นางสาวถิรวรรณ  บุญวงศ์', NULL, 1, '0.1', '0.01', '0.2', '1', 2560, 12, 1, NULL, 196, '2017-05-23', 196, '2017-05-23 04:22:23', 1, 1, 0, 'T', NULL, NULL, NULL, NULL, 'EXECUTIVE_APPROVE'),
(1540, 'นางสาวสุพัตรา  ชาวสวน ', NULL, 1, '0.2', '0.01', '0.2', '1', 2560, 12, 1, NULL, 196, '2017-05-23', 196, '2017-05-23 04:22:23', 1, 1, 0, 'T', NULL, NULL, NULL, NULL, 'EXECUTIVE_APPROVE'),
(1541, 'นายไพรัตน์ มุณีรัตนาภรณ์', NULL, 2, '0.2', '0.01', '0.2', '1', 2560, 12, 1, NULL, 196, '2017-05-23', 196, '2017-05-23 04:22:23', 1, 1, 0, 'D', NULL, NULL, NULL, NULL, 'EXECUTIVE_APPROVE'),
(1542, 'นายภาวิน วิจิตตระการ', NULL, 1, '0.1', '0.01', '0.2', '1', 2560, 12, 1, NULL, 196, '2017-05-23', 196, '2017-05-23 04:23:15', 1, 1, 0, 'T', NULL, NULL, NULL, NULL, 'EXECUTIVE_APPROVE'),
(1543, 'นางสาวบังอร  แกมรัมย์', NULL, 1, '0.2', '0.01', '0.2', '1', 2560, 12, 1, NULL, 196, '2017-05-23', 196, '2017-05-23 04:23:15', 1, 1, 0, 'T', NULL, NULL, NULL, NULL, 'EXECUTIVE_APPROVE'),
(1544, 'นางสาวมัลลิกา ศรีชมพู', NULL, 1, '0.1', '0.02', '0.2', '1', 2560, 12, 1, NULL, 196, '2017-05-23', 196, '2017-05-23 04:23:15', 1, 1, 0, 'T', NULL, NULL, NULL, NULL, 'EXECUTIVE_APPROVE'),
(1545, 'นางสาวถิรวรรณ  บุญวงศ์', NULL, 1, '0.1', '0.01', '0.2', '1', 2560, 12, 1, NULL, 196, '2017-05-23', 196, '2017-05-23 04:23:15', 1, 1, 0, 'T', NULL, NULL, NULL, NULL, 'EXECUTIVE_APPROVE'),
(1546, 'นางสาวสุพัตรา  ชาวสวน ', NULL, 1, '0.2', '0.01', '0.2', '1', 2560, 12, 1, NULL, 196, '2017-05-23', 196, '2017-05-23 04:23:15', 1, 1, 0, 'T', NULL, NULL, NULL, NULL, 'EXECUTIVE_APPROVE'),
(1547, 'นายไพรัตน์ มุณีรัตนาภรณ์กุล', NULL, 2, '0.2', '0.01', '0.2', '1', 2560, 12, 1, NULL, 196, '2017-05-23', 196, '2017-05-23 04:23:15', 1, 1, 0, 'D', NULL, NULL, NULL, NULL, 'EXECUTIVE_APPROVE'),
(1548, '2', NULL, 0, '0.2', '0.01', '0.2', '1', 2560, 12, 1, NULL, 196, '2017-05-23', 196, '2017-05-23 04:24:36', 1, 1, 0, 'T', NULL, NULL, NULL, NULL, 'EXECUTIVE_APPROVE'),
(1549, '2', NULL, 0, '0.2', '0.01', '0.2', '1', 2560, 12, 1, NULL, 196, '2017-05-23', 196, '2017-05-23 04:25:09', 1, 1, 0, 'T', NULL, NULL, NULL, NULL, 'EXECUTIVE_APPROVE'),
(1550, 'นายไพรัตน์ มุณีพงษ์', NULL, 2, '0.2', '0.2', '0.01', '1', 12, 2560, 1, NULL, 196, '2017-05-23', 196, '2017-05-23 04:27:14', 1, 1, 0, 'D', NULL, NULL, NULL, NULL, 'EXECUTIVE_APPROVE'),
(1551, 'นาง วาสนา แสงอำนาจ', NULL, 1, '0.02', '0.03', '0.02', '1', 2560, 12, 1, NULL, 221, '2017-05-23', 221, '2017-05-23 04:36:11', 1, 6, 0, 'T', NULL, NULL, NULL, '1', 'USER_APPROVE'),
(1552, 'พัชรี ช่วยเมือง', NULL, 2, '0.02', '0.03', '0.02', '1', 2560, 5, 2, NULL, 224, '2017-05-23', 224, '2017-05-23 04:38:50', 1, 7, 0, 'T', NULL, NULL, NULL, '1', NULL),
(1553, 'ปริมาณรังสีที่ได้รับประจำปี2560ภาควิชารังสีวิทยา ค', 'ATTACH_FILE', NULL, NULL, NULL, NULL, NULL, 2560, 12, NULL, '/uploads/1495514342.pdf', 221, '2017-05-23', 221, '2017-05-23 04:39:01', 1, 6, 0, 'D', NULL, NULL, NULL, NULL, NULL),
(1554, 'การพัฒนาบุคลากรฯ', 'ATTACH_FILE', NULL, NULL, NULL, NULL, NULL, 2560, 5, NULL, '/uploads/1495514371.xlsx', 224, '2017-05-23', 224, '2017-05-23 04:39:31', 1, 7, 0, 'T', NULL, NULL, NULL, NULL, NULL),
(1555, 'การอบรมความปลอดภัยเบื้องต้น', NULL, 0, 'ภาควิชารังสีวิทยา คณะแพทยศาสตร์ศิริราชพยาบาล', '24/05/2560', NULL, NULL, NULL, NULL, NULL, NULL, 224, '2017-05-23', 224, '2017-05-23 04:40:00', 1, 7, 0, 'T', NULL, NULL, NULL, NULL, NULL),
(1556, 'การอบรมความปลอดภัยเบื้องต้น', NULL, 0, 'ภาควิชารังสีวิทยา คณะแพทยศาสตร์ศิริราชพยาบาล', '24/05/2560', NULL, NULL, NULL, NULL, NULL, NULL, 224, '2017-05-23', 224, '2017-05-23 04:40:00', 1, 7, 0, 'T', NULL, NULL, NULL, NULL, NULL),
(1557, 'การอบรมความปลอดภัยเบื้องต้น', NULL, 0, 'ภาควิชารังสีวิทยา คณะแพทยศาสตร์ศิริราชพยาบาล', '24/05/2560', NULL, NULL, NULL, NULL, NULL, NULL, 224, '2017-05-23', 224, '2017-05-23 04:40:00', 1, 7, 0, 'T', NULL, NULL, NULL, NULL, NULL),
(1558, 'การอบรมความปลอดภัยเบื้องต้น', NULL, 0, 'ภาควิชารังสีวิทยา คณะแพทยศาสตร์ศิริราชพยาบาล', '24/05/2560', NULL, NULL, NULL, NULL, NULL, NULL, 224, '2017-05-23', 224, '2017-05-23 04:40:00', 1, 7, 0, 'T', NULL, NULL, NULL, NULL, NULL),
(1559, 'การอบรมความปลอดภัยเบื้องต้น', NULL, 0, 'ภาควิชารังสีวิทยา คณะแพทยศาสตร์ศิริราชพยาบาล', '24/05/2560', NULL, NULL, NULL, NULL, NULL, NULL, 224, '2017-05-23', 224, '2017-05-23 04:40:00', 1, 7, 0, 'T', NULL, NULL, NULL, NULL, NULL),
(1560, 'การอบรมความปลอดภัยเบื้องต้น', NULL, 0, 'ภาควิชารังสีวิทยา คณะแพทยศาสตร์ศิริราชพยาบาล', '24/05/2560', NULL, NULL, NULL, NULL, NULL, NULL, 224, '2017-05-23', 224, '2017-05-23 04:40:00', 1, 7, 0, 'T', NULL, NULL, NULL, NULL, NULL),
(1561, 'การอบรมความปลอดภัยเบื้องต้น', NULL, 0, 'ภาควิชารังสีวิทยา คณะแพทยศาสตร์ศิริราชพยาบาล', '24/05/2560', NULL, NULL, NULL, NULL, NULL, NULL, 224, '2017-05-23', 224, '2017-05-23 04:40:00', 1, 7, 0, 'T', NULL, NULL, NULL, NULL, NULL),
(1562, 'การอบรมความปลอดภัยเบื้องต้น', NULL, 0, 'ภาควิชารังสีวิทยา คณะแพทยศาสตร์ศิริราชพยาบาล', '24/05/2560', NULL, NULL, NULL, NULL, NULL, NULL, 224, '2017-05-23', 224, '2017-05-23 04:40:00', 1, 7, 0, 'T', NULL, NULL, NULL, NULL, NULL),
(1563, 'การอบรมความปลอดภัยเบื้องต้น', NULL, 0, 'ภาควิชารังสีวิทยา คณะแพทยศาสตร์ศิริราชพยาบาล', '24/05/2560', NULL, NULL, NULL, NULL, NULL, NULL, 224, '2017-05-23', 224, '2017-05-23 04:40:00', 1, 7, 0, 'T', NULL, NULL, NULL, NULL, NULL),
(1564, NULL, NULL, NULL, NULL, NULL, NULL, NULL, NULL, NULL, NULL, NULL, 224, '2017-05-23', 224, '2017-05-23 04:40:00', 1, 7, 0, 'T', NULL, NULL, NULL, NULL, NULL),
(1565, NULL, NULL, NULL, NULL, NULL, NULL, NULL, NULL, NULL, NULL, NULL, 224, '2017-05-23', 224, '2017-05-23 04:40:00', 1, 7, 0, 'T', NULL, NULL, NULL, NULL, NULL);
INSERT INTO `tb_form4` (`id`, `name`, `description`, `rso_level_id`, `hp_10_volume`, `hp_007_volume`, `hp_3_volume`, `result`, `report_year`, `report_month`, `report_department_id`, `file_path`, `create_by`, `create_date`, `update_by`, `update_date`, `revision`, `owner_department_id`, `update_from_id`, `status`, `rso_license_no`, `rso_license_expire`, `is_rso`, `is_rso_actual_work`, `approve_status`) VALUES
(1566, NULL, NULL, NULL, NULL, NULL, NULL, NULL, NULL, NULL, NULL, NULL, 224, '2017-05-23', 224, '2017-05-23 04:40:00', 1, 7, 0, 'T', NULL, NULL, NULL, NULL, NULL),
(1567, NULL, NULL, NULL, NULL, NULL, NULL, NULL, NULL, NULL, NULL, NULL, 224, '2017-05-23', 224, '2017-05-23 04:40:00', 1, 7, 0, 'T', NULL, NULL, NULL, NULL, NULL),
(1568, NULL, NULL, NULL, NULL, NULL, NULL, NULL, NULL, NULL, NULL, NULL, 224, '2017-05-23', 224, '2017-05-23 04:40:00', 1, 7, 0, 'T', NULL, NULL, NULL, NULL, NULL),
(1569, NULL, NULL, NULL, NULL, NULL, NULL, NULL, NULL, NULL, NULL, NULL, 224, '2017-05-23', 224, '2017-05-23 04:40:00', 1, 7, 0, 'T', NULL, NULL, NULL, NULL, NULL),
(1570, NULL, NULL, NULL, NULL, NULL, NULL, NULL, NULL, NULL, NULL, NULL, 224, '2017-05-23', 224, '2017-05-23 04:40:00', 1, 7, 0, 'T', NULL, NULL, NULL, NULL, NULL),
(1571, NULL, NULL, NULL, NULL, NULL, NULL, NULL, NULL, NULL, NULL, NULL, 224, '2017-05-23', 224, '2017-05-23 04:40:00', 1, 7, 0, 'T', NULL, NULL, NULL, NULL, NULL),
(1572, NULL, NULL, NULL, NULL, NULL, NULL, NULL, NULL, NULL, NULL, NULL, 224, '2017-05-23', 224, '2017-05-23 04:40:00', 1, 7, 0, 'T', NULL, NULL, NULL, NULL, NULL),
(1573, NULL, NULL, NULL, NULL, NULL, NULL, NULL, NULL, NULL, NULL, NULL, 224, '2017-05-23', 224, '2017-05-23 04:40:00', 1, 7, 0, 'T', NULL, NULL, NULL, NULL, NULL),
(1574, 'ปวีณา ยามานนท์', NULL, 2, '1', '0.01', '1', '1', 2560, 5, 1, NULL, 222, '2017-05-23', 222, '2017-05-23 04:40:51', 1, 6, 0, 'T', NULL, NULL, NULL, '1', 'USER_APPROVE'),
(1575, 'ปริมาณรังสีที่ได้รับประจำปี2560ภาควิชารังสีวิทยา ค', 'ATTACH_FILE', NULL, NULL, NULL, NULL, NULL, 2560, 12, NULL, '/uploads/1495514525.pdf', 221, '2017-05-23', 221, '2017-05-23 04:42:05', 1, 6, 0, 'T', NULL, NULL, NULL, NULL, NULL),
(1576, 'จุรีพร อัศวรัตนภักดี', NULL, 1, '0.02', '0.03', '0.02', '1', 2560, 12, 1, NULL, 192, '2017-05-23', 192, '2017-05-23 04:42:35', 1, 1, 0, 'T', NULL, NULL, NULL, '1', NULL),
(1577, 'ปริมาณรังสีที่ได้รับประจำปี2560ภาควิชารังสีวิทยา ค', 'ATTACH_FILE', NULL, NULL, NULL, NULL, NULL, 2560, 12, NULL, '/uploads/1495514632.pdf', 221, '2017-05-23', 221, '2017-05-23 04:43:51', 1, 6, 0, 'T', NULL, NULL, NULL, NULL, NULL),
(1578, 'การอบรมความปลอดภัยเบื้องต้น', NULL, 0, 'ภาควิชารังสีวิทยา คณะแพทยศาสตร์ศิริราชพยาบาล', '24/05/2560', NULL, NULL, NULL, NULL, NULL, NULL, 221, '2017-05-23', 221, '2017-05-23 04:44:24', 1, 6, 0, 'T', NULL, NULL, NULL, NULL, NULL),
(1579, 'การอบรมความปลอดภัยเบื้องต้น', NULL, 0, 'ภาควิชารังสีวิทยา คณะแพทยศาสตร์ศิริราชพยาบาล', '24/05/2560', NULL, NULL, NULL, NULL, NULL, NULL, 221, '2017-05-23', 221, '2017-05-23 04:44:24', 1, 6, 0, 'T', NULL, NULL, NULL, NULL, NULL),
(1580, 'การอบรมความปลอดภัยเบื้องต้น', NULL, 0, 'ภาควิชารังสีวิทยา คณะแพทยศาสตร์ศิริราชพยาบาล', '24/05/2560', NULL, NULL, NULL, NULL, NULL, NULL, 221, '2017-05-23', 221, '2017-05-23 04:44:24', 1, 6, 0, 'T', NULL, NULL, NULL, NULL, NULL),
(1581, 'การอบรมความปลอดภัยเบื้องต้น', NULL, 0, 'ภาควิชารังสีวิทยา คณะแพทยศาสตร์ศิริราชพยาบาล', '24/05/2560', NULL, NULL, NULL, NULL, NULL, NULL, 221, '2017-05-23', 221, '2017-05-23 04:44:24', 1, 6, 0, 'T', NULL, NULL, NULL, NULL, NULL),
(1582, 'การอบรมความปลอดภัยเบื้องต้น', NULL, 0, 'ภาควิชารังสีวิทยา คณะแพทยศาสตร์ศิริราชพยาบาล', '24/05/2560', NULL, NULL, NULL, NULL, NULL, NULL, 221, '2017-05-23', 221, '2017-05-23 04:44:24', 1, 6, 0, 'T', NULL, NULL, NULL, NULL, NULL),
(1583, 'การอบรมความปลอดภัยเบื้องต้น', NULL, 0, 'ภาควิชารังสีวิทยา คณะแพทยศาสตร์ศิริราชพยาบาล', '24/05/2560', NULL, NULL, NULL, NULL, NULL, NULL, 221, '2017-05-23', 221, '2017-05-23 04:44:24', 1, 6, 0, 'T', NULL, NULL, NULL, NULL, NULL),
(1584, 'การอบรมความปลอดภัยเบื้องต้น', NULL, 0, 'ภาควิชารังสีวิทยา คณะแพทยศาสตร์ศิริราชพยาบาล', '24/05/2560', NULL, NULL, NULL, NULL, NULL, NULL, 221, '2017-05-23', 221, '2017-05-23 04:44:24', 1, 6, 0, 'T', NULL, NULL, NULL, NULL, NULL),
(1585, 'การอบรมความปลอดภัยเบื้องต้น', NULL, 0, 'ภาควิชารังสีวิทยา คณะแพทยศาสตร์ศิริราชพยาบาล', '24/05/2560', NULL, NULL, NULL, NULL, NULL, NULL, 221, '2017-05-23', 221, '2017-05-23 04:44:24', 1, 6, 0, 'T', NULL, NULL, NULL, NULL, NULL),
(1586, 'การอบรมความปลอดภัยเบื้องต้น', NULL, 0, 'ภาควิชารังสีวิทยา คณะแพทยศาสตร์ศิริราชพยาบาล', '24/05/2560', NULL, NULL, NULL, NULL, NULL, NULL, 221, '2017-05-23', 221, '2017-05-23 04:44:24', 1, 6, 0, 'T', NULL, NULL, NULL, NULL, NULL),
(1587, NULL, NULL, NULL, NULL, NULL, NULL, NULL, NULL, NULL, NULL, NULL, 221, '2017-05-23', 221, '2017-05-23 04:44:24', 1, 6, 0, 'T', NULL, NULL, NULL, NULL, NULL),
(1588, NULL, NULL, NULL, NULL, NULL, NULL, NULL, NULL, NULL, NULL, NULL, 221, '2017-05-23', 221, '2017-05-23 04:44:24', 1, 6, 0, 'T', NULL, NULL, NULL, NULL, NULL),
(1589, NULL, NULL, NULL, NULL, NULL, NULL, NULL, NULL, NULL, NULL, NULL, 221, '2017-05-23', 221, '2017-05-23 04:44:24', 1, 6, 0, 'T', NULL, NULL, NULL, NULL, NULL),
(1590, NULL, NULL, NULL, NULL, NULL, NULL, NULL, NULL, NULL, NULL, NULL, 221, '2017-05-23', 221, '2017-05-23 04:44:24', 1, 6, 0, 'T', NULL, NULL, NULL, NULL, NULL),
(1591, NULL, NULL, NULL, NULL, NULL, NULL, NULL, NULL, NULL, NULL, NULL, 221, '2017-05-23', 221, '2017-05-23 04:44:24', 1, 6, 0, 'T', NULL, NULL, NULL, NULL, NULL),
(1592, NULL, NULL, NULL, NULL, NULL, NULL, NULL, NULL, NULL, NULL, NULL, 221, '2017-05-23', 221, '2017-05-23 04:44:24', 1, 6, 0, 'T', NULL, NULL, NULL, NULL, NULL),
(1593, NULL, NULL, NULL, NULL, NULL, NULL, NULL, NULL, NULL, NULL, NULL, 221, '2017-05-23', 221, '2017-05-23 04:44:24', 1, 6, 0, 'T', NULL, NULL, NULL, NULL, NULL),
(1594, NULL, NULL, NULL, NULL, NULL, NULL, NULL, NULL, NULL, NULL, NULL, 221, '2017-05-23', 221, '2017-05-23 04:44:24', 1, 6, 0, 'T', NULL, NULL, NULL, NULL, NULL),
(1595, NULL, NULL, NULL, NULL, NULL, NULL, NULL, NULL, NULL, NULL, NULL, 221, '2017-05-23', 221, '2017-05-23 04:44:24', 1, 6, 0, 'T', NULL, NULL, NULL, NULL, NULL),
(1596, NULL, NULL, NULL, NULL, NULL, NULL, NULL, NULL, NULL, NULL, NULL, 221, '2017-05-23', 221, '2017-05-23 04:44:24', 1, 6, 0, 'T', NULL, NULL, NULL, NULL, NULL),
(1597, 'ปริมาณรังสีที่ได้รับประจำปี2560ภาควิชารังสีวิทยา ค', 'ATTACH_FILE', NULL, NULL, NULL, NULL, NULL, 2560, 12, NULL, '/uploads/1495514704.pdf', 221, '2017-05-23', 221, '2017-05-23 04:45:03', 1, 6, 0, 'T', NULL, NULL, NULL, NULL, NULL),
(1598, 'ปริมาณรังสีที่ได้รับประจำปี2560 ภาควิชารังสีวิทยา ', 'ATTACH_FILE', NULL, NULL, NULL, NULL, NULL, 2560, 12, NULL, '/uploads/1495514750.pdf', 192, '2017-05-23', 192, '2017-05-23 04:45:50', 1, 1, 0, 'T', NULL, NULL, NULL, NULL, NULL),
(1599, 'นายภาวิน วิจิตตระการ', NULL, 1, '0.1', '0.2', '0.01', '1', 2560, 12, 1, NULL, 192, '2017-05-23', 192, '2017-05-23 04:46:04', 1, 1, 0, 'T', NULL, NULL, NULL, NULL, NULL),
(1600, 'นางสาวบังอร  แกมรัมย์', NULL, 1, '0.2', '0.2', '0.01', '1', 2560, 12, 1, NULL, 192, '2017-05-23', 192, '2017-05-23 04:46:04', 1, 1, 0, 'T', NULL, NULL, NULL, NULL, NULL),
(1601, 'นางสาวมัลลิกา ศรีชมพู', NULL, 1, '0.1', '0.2', '0.02', '1', 2560, 12, 1, NULL, 192, '2017-05-23', 192, '2017-05-23 04:46:04', 1, 1, 0, 'T', NULL, NULL, NULL, NULL, NULL),
(1602, 'นางสาวถิรวรรณ  บุญวงศ์', NULL, 1, '0.1', '0.2', '0.01', '1', 2560, 12, 1, NULL, 192, '2017-05-23', 192, '2017-05-23 04:46:04', 1, 1, 0, 'T', NULL, NULL, NULL, NULL, NULL),
(1603, 'นางสาวสุพัตรา  ชาวสวน ', NULL, 1, '0.2', '0.2', '0.01', '1', 2560, 12, 1, NULL, 192, '2017-05-23', 192, '2017-05-23 04:46:04', 1, 1, 0, 'T', NULL, NULL, NULL, NULL, NULL);

-- --------------------------------------------------------

--
-- Table structure for table `tb_form5`
--

CREATE TABLE IF NOT EXISTS `tb_form5` (
  `id` int(11) NOT NULL,
  `clear_date` date NOT NULL,
  `types_of_radioactive_waste_id` int(11) DEFAULT NULL,
  `form2_id` int(11) DEFAULT NULL,
  `phisical_status_id` int(11) NOT NULL,
  `rad_or_maximum_weight` double NOT NULL,
  `rad_or_maximum_weight_unit_id` varchar(200) DEFAULT NULL,
  `company_operates_id` int(11) DEFAULT NULL,
  `company_operates_other` varchar(200) DEFAULT NULL,
  `inspection_agency_id` int(11) DEFAULT NULL,
  `inspection_agency_other` varchar(45) DEFAULT NULL,
  `rid_method` int(11) DEFAULT NULL,
  `update_from_id` int(11) DEFAULT '0',
  `owner_department_id` int(11) DEFAULT NULL,
  `create_by` int(11) DEFAULT NULL,
  `create_date` date DEFAULT NULL,
  `update_by` int(11) NOT NULL,
  `update_date` datetime DEFAULT NULL,
  `revision` int(11) NOT NULL,
  `status` varchar(1) DEFAULT 'T',
  `responsible_department_id` int(11) DEFAULT NULL,
  `approve_status` varchar(20) DEFAULT NULL
) ENGINE=InnoDB AUTO_INCREMENT=99 DEFAULT CHARSET=utf8;

--
-- Dumping data for table `tb_form5`
--

INSERT INTO `tb_form5` (`id`, `clear_date`, `types_of_radioactive_waste_id`, `form2_id`, `phisical_status_id`, `rad_or_maximum_weight`, `rad_or_maximum_weight_unit_id`, `company_operates_id`, `company_operates_other`, `inspection_agency_id`, `inspection_agency_other`, `rid_method`, `update_from_id`, `owner_department_id`, `create_by`, `create_date`, `update_by`, `update_date`, `revision`, `status`, `responsible_department_id`, `approve_status`) VALUES
(46, '2017-05-23', 2, 138, 1, 130, '1', 0, '', 0, '', 0, 46, 6, 218, '2017-05-23', 218, '2017-05-23 02:34:08', 1, 'F', 1, 'EXECUTIVE_APPROVE'),
(47, '2017-05-23', 2, 140, 1, 150, '1', 0, '', 0, '', 0, 0, 3, 208, '2017-05-23', 208, '2017-05-23 02:34:44', 1, 'T', 1, 'EXECUTIVE_APPROVE'),
(48, '2016-01-01', 2, 144, 1, 2, '1', 999, 'กมล', 2, '', 0, 48, 2, 200, '2017-05-23', 200, '2017-05-23 02:42:58', 1, 'F', 2, 'EXECUTIVE_APPROVE'),
(49, '2017-05-23', 2, 138, 1, 150, '1', 4, '', 1, '', 0, 0, 6, 216, '2017-05-23', 216, '2017-05-23 02:49:28', 1, 'T', 6, 'EXECUTIVE_APPROVE'),
(50, '2017-05-23', 2, 148, 1, 150, '1', 0, '', 0, '', 0, 0, 5, 213, '2017-05-23', 213, '2017-05-23 02:51:43', 1, 'D', 1, 'EXECUTIVE_APPROVE'),
(51, '2017-05-23', 2, 163, 1, 150, '1', 999, '', 4, '', 0, 51, 5, 214, '2017-05-23', 214, '2017-05-23 02:52:12', 1, 'F', 1, 'EXECUTIVE_APPROVE'),
(52, '2017-05-23', 2, 163, 1, 150, '1', 999, '', 4, '', 0, 52, 5, 214, '2017-05-23', 214, '2017-05-23 02:52:26', 1, 'F', 1, 'EXECUTIVE_APPROVE'),
(53, '0000-00-00', 2, 141, 1, 150, '1', 999, '', 0, '', 0, 0, 5, 215, '2017-05-23', 215, '2017-05-23 02:53:03', 1, 'D', 5, 'EXECUTIVE_APPROVE'),
(54, '2017-05-23', 2, 163, 1, 150, '1', 999, '', 4, '', 0, 52, 5, NULL, NULL, 214, '2017-05-23 02:53:03', 2, 'D', 1, 'EXECUTIVE_APPROVE'),
(55, '2017-05-23', 2, 156, 1, 150, '1', 4, '', 4, '', 0, 0, 3, 210, '2017-05-23', 210, '2017-05-23 02:53:10', 1, 'T', 1, 'EXECUTIVE_APPROVE'),
(56, '2017-05-23', 2, 140, 1, 150, '1', 0, '', 0, '', 0, 0, 3, 211, '2017-05-23', 211, '2017-05-23 02:54:07', 1, 'T', 1, 'EXECUTIVE_APPROVE'),
(57, '2017-05-23', 2, 138, 1, 150, '1', 4, '', 1, '', 0, 0, 6, 219, '2017-05-23', 219, '2017-05-23 02:55:13', 1, 'T', 1, 'EXECUTIVE_APPROVE'),
(58, '2017-05-23', 2, 153, 1, 150, '1', 4, '', 2, '', 0, 58, 7, 223, '2017-05-23', 223, '2017-05-23 02:55:25', 1, 'F', 1, 'EXECUTIVE_APPROVE'),
(59, '2017-05-23', 2, 171, 1, 1, '1', 3, '', 2, '', 0, 59, 1, 195, '2017-05-23', 195, '2017-05-23 02:55:38', 1, 'F', 1, 'EXECUTIVE_APPROVE'),
(60, '2017-05-23', 2, 166, 1, 150, '1', 3, '', 2, '', 0, 60, 1, 198, '2017-05-23', 198, '2017-05-23 02:56:34', 1, 'F', 1, 'EXECUTIVE_APPROVE'),
(61, '2017-05-23', 2, 166, 1, 150, '1', 999, 'บริษัทพรีเมียร์ บิสซิเนส อินเตอร์ จำกัด', 2, '', 0, 0, 1, 273, '2017-05-23', 273, '2017-05-23 02:56:37', 1, 'D', 1, 'EXECUTIVE_APPROVE'),
(62, '2017-05-23', 2, 166, 1, 15, '1', 3, '', 2, '', 0, 60, 1, NULL, NULL, 198, '2017-05-23 02:57:03', 2, 'T', 1, 'EXECUTIVE_APPROVE'),
(63, '2017-05-23', 2, 168, 1, 150, '1', 4, '', 2, '', 0, 0, 14, 237, '2017-05-23', 237, '2017-05-23 02:58:30', 1, 'T', 1, 'EXECUTIVE_APPROVE'),
(64, '2017-05-23', 2, 170, 1, 150, '1', 3, '', 1, '', 0, 0, 14, 238, '2017-05-23', 238, '2017-05-23 02:59:22', 1, 'T', 1, 'EXECUTIVE_APPROVE'),
(65, '2017-05-23', 2, 153, 1, 150, '1', 4, '', 2, '', 0, 58, 7, NULL, NULL, 224, '2017-05-23 03:01:33', 2, 'T', 1, 'EXECUTIVE_APPROVE'),
(66, '2017-05-23', 2, 145, 1, 150, '1', 4, '', 1, '', 0, 0, 6, 216, '2017-05-23', 216, '2017-05-23 03:01:39', 1, 'T', 6, 'EXECUTIVE_APPROVE'),
(67, '2017-05-23', 2, 157, 1, 150, '1', 0, '', 0, '', 0, 0, 9, 229, '2017-05-23', 229, '2017-05-23 03:02:10', 1, 'T', 1, 'EXECUTIVE_APPROVE'),
(68, '2016-01-01', 2, 144, 1, 2, '1', 999, 'บ.กมลสุโกศลอิเลคทริค จำกัด', 2, '', 0, 48, 2, NULL, NULL, 201, '2017-05-23 03:02:50', 2, 'T', 2, 'EXECUTIVE_APPROVE'),
(69, '2017-05-23', 2, 153, 1, 370, '5', 4, '', 2, '', 0, 0, 7, 224, '2017-05-23', 224, '2017-05-23 03:03:01', 1, 'T', 7, 'EXECUTIVE_APPROVE'),
(70, '2017-05-23', 2, 159, 1, 150, '1', 0, '', 0, '', 0, 70, 11, 232, '2017-05-23', 232, '2017-05-23 03:03:07', 1, 'F', 1, 'EXECUTIVE_APPROVE'),
(71, '2017-01-01', 1, 152, 1, 2, '1', 999, 'สทน', 2, '', 0, 0, 2, 200, '2017-05-23', 200, '2017-05-23 03:03:31', 1, 'T', 2, 'EXECUTIVE_APPROVE'),
(72, '2017-05-23', 2, 157, 1, 150, '1', 0, '', 0, '', 3, 0, 9, 228, '2017-05-23', 228, '2017-05-23 03:03:36', 1, 'T', 1, 'EXECUTIVE_APPROVE'),
(73, '2017-05-23', 2, 179, 2, 136, '1', 0, '', 0, '', 3, 0, 6, 222, '2017-05-23', 222, '2017-05-23 03:03:36', 1, 'T', 13, 'EXECUTIVE_APPROVE'),
(74, '2017-05-23', 2, 171, 1, 1, '1', 3, '', 2, '', 0, 59, 1, NULL, NULL, 193, '2017-05-23 03:03:38', 2, 'T', 1, 'EXECUTIVE_APPROVE'),
(75, '2017-05-23', 2, 171, 1, 151, '1', 999, 'SW Medical supply', 999, 'SW Waste management', 0, 0, 1, 196, '2017-05-23', 196, '2017-05-23 03:03:48', 1, 'T', 1, 'EXECUTIVE_APPROVE'),
(76, '2017-05-23', 2, 145, 1, 150, '1', 0, '', 0, '', 0, 0, 6, 220, '2017-05-23', 220, '2017-05-23 03:03:50', 1, 'T', 1, 'EXECUTIVE_APPROVE'),
(77, '2017-05-23', 2, 159, 1, 150, '1', 0, '', 0, '', 0, 70, 11, NULL, NULL, 232, '2017-05-23 03:03:55', 2, 'T', 1, 'EXECUTIVE_APPROVE'),
(78, '2017-05-23', 2, 138, 1, 130, '1', 0, '', 0, '', 0, 46, 6, NULL, NULL, 219, '2017-05-23 03:03:58', 2, 'T', 1, 'EXECUTIVE_APPROVE'),
(79, '2017-05-23', 2, 166, 1, 150, '1', 999, '', 3, '', 0, 0, 1, 194, '2017-05-23', 194, '2017-05-23 03:04:13', 1, 'T', 1, 'EXECUTIVE_APPROVE'),
(80, '2017-05-23', 2, 145, 1, 150, '1', 0, '', 4, '', 0, 0, 6, 221, '2017-05-23', 221, '2017-05-23 03:04:40', 1, 'T', 1, 'EXECUTIVE_APPROVE'),
(81, '2017-05-23', 1, 171, 1, 130, '1', 4, '', 4, '', 0, 0, 1, 191, '2017-05-23', 191, '2017-05-23 03:04:55', 1, 'T', 1, 'EXECUTIVE_APPROVE'),
(82, '2017-05-23', 2, 166, 1, 150, '1', 3, '', 4, '', 0, 0, 1, 190, '2017-05-23', 190, '2017-05-23 03:05:05', 1, 'T', 1, 'EXECUTIVE_APPROVE'),
(83, '2017-05-23', 2, 158, 1, 150, '1', 3, '', 1, '', 0, 0, 8, 225, '2017-05-23', 225, '2017-05-23 03:05:17', 1, 'T', 1, 'EXECUTIVE_APPROVE'),
(84, '2017-05-23', 2, 174, 1, 150, '1', 0, '', 0, '', 3, 0, 2, 205, '2017-05-23', 205, '2017-05-23 03:06:24', 1, 'T', 1, 'EXECUTIVE_APPROVE'),
(85, '2017-05-23', 2, 163, 1, 150, '1', 999, '', 4, '', 0, 51, 5, NULL, NULL, 213, '2017-05-23 03:06:31', 2, 'T', 1, 'EXECUTIVE_APPROVE'),
(86, '2017-05-23', 2, 169, 1, 150, '1', 0, '', 0, '', 0, 0, 12, 235, '2017-05-23', 235, '2017-05-23 03:07:01', 1, 'T', 1, 'EXECUTIVE_APPROVE'),
(87, '2017-05-23', 2, 174, 1, 150, '1', 0, '', 0, '', 3, 0, 2, 205, '2017-05-23', 205, '2017-05-23 03:07:11', 1, 'T', 1, 'EXECUTIVE_APPROVE'),
(88, '2017-05-23', 2, 145, 1, 150, '1', 0, '', 4, '', 0, 0, 6, 221, '2017-05-23', 221, '2017-05-23 03:07:17', 1, 'T', 1, 'EXECUTIVE_APPROVE'),
(89, '2017-05-23', 2, 180, 1, 150, '1', 0, '', 0, '', 1, 0, 4, 212, '2017-05-23', 212, '2017-05-23 03:39:27', 1, 'T', 1, 'EXECUTIVE_APPROVE'),
(90, '2017-05-23', 2, 166, 1, 150, '1', 0, '', 0, '', 0, 0, 1, 192, '2017-05-23', 192, '2017-05-23 04:23:28', 1, 'T', 1, 'EXECUTIVE_APPROVE'),
(91, '2017-05-23', 2, 186, 1, 150, '1', 3, '', 4, '', 0, 0, 1, 274, '2017-05-23', 274, '2017-05-23 04:23:33', 1, 'T', 1, 'EXECUTIVE_APPROVE'),
(92, '2017-05-23', 2, 186, 1, 150, '1', 3, '', 4, '', 0, 0, 1, 274, '2017-05-23', 274, '2017-05-23 04:23:33', 1, 'T', 1, 'EXECUTIVE_APPROVE'),
(93, '2017-05-23', 2, 186, 1, 150, '1', 3, '', 2, '', 0, 0, 1, 193, '2017-05-23', 193, '2017-05-23 04:24:06', 1, 'T', 1, 'EXECUTIVE_APPROVE'),
(94, '2017-05-23', 2, 174, 1, 150, '1', 0, '', 0, '', 3, 0, 2, 201, '2017-05-23', 201, '2017-05-23 04:28:20', 1, 'T', 1, 'EXECUTIVE_APPROVE'),
(95, '2017-05-23', 2, 174, 1, 150, '1', 0, '', 0, '', 3, 0, 2, 201, '2017-05-23', 201, '2017-05-23 04:28:43', 1, 'T', 1, 'EXECUTIVE_APPROVE'),
(96, '2017-05-23', 2, 145, 1, 1300, '1', 0, '', 4, '', 0, 0, 6, 221, '2017-05-23', 221, '2017-05-23 04:29:26', 1, 'T', 1, 'EXECUTIVE_APPROVE'),
(97, '2017-05-23', 2, 139, 1, 150, '1', 999, 'Coshem', 2, '', 0, 0, 13, 236, '2017-05-23', 236, '2017-05-23 04:39:46', 1, 'T', 1, NULL),
(98, '2017-05-23', 2, 190, 1, 0.1, '1', 999, '', 2, '', 0, 0, -1, 72, '2017-05-23', 72, '2017-05-23 04:43:46', 1, 'T', 2, NULL);

-- --------------------------------------------------------

--
-- Table structure for table `tb_form6`
--

CREATE TABLE IF NOT EXISTS `tb_form6` (
  `id` int(11) NOT NULL,
  `form2_id` int(11) DEFAULT NULL,
  `ref_doc` varchar(20) DEFAULT NULL,
  `room_id` int(11) DEFAULT NULL,
  `previous_leaks` double DEFAULT NULL,
  `previous_leaks_unit_id` int(11) DEFAULT NULL,
  `after_leaks` double DEFAULT NULL,
  `after_leaks_unit_id` int(11) DEFAULT NULL,
  `accident_type_id` int(11) DEFAULT NULL,
  `accident_date` date DEFAULT NULL,
  `accident_room_id` int(11) DEFAULT NULL,
  `accident_room_id_text` varchar(200) DEFAULT NULL,
  `accident_situation` varchar(200) DEFAULT NULL,
  `accident_cause` varchar(200) DEFAULT NULL,
  `accident_count` varchar(20) DEFAULT NULL,
  `accident_estimated_loss` int(11) DEFAULT NULL,
  `accident_Prevention` text,
  `document_path` varchar(100) DEFAULT NULL,
  `create_by` int(11) DEFAULT NULL,
  `create_date` date DEFAULT NULL,
  `update_by` int(11) DEFAULT NULL,
  `update_date` datetime DEFAULT NULL,
  `revision` int(11) DEFAULT NULL,
  `bpm_no` varchar(45) DEFAULT NULL,
  `owner_department_id` int(11) DEFAULT NULL,
  `status` varchar(1) DEFAULT 'T',
  `update_from_id` int(11) DEFAULT '0',
  `material_type_id` int(11) DEFAULT NULL,
  `accident_management` varchar(200) DEFAULT NULL,
  `management_name` varchar(45) DEFAULT NULL,
  `management_rso_license` varchar(45) DEFAULT NULL,
  `management_position_id` int(11) DEFAULT NULL,
  `management_phone` varchar(45) DEFAULT NULL,
  `management_email` varchar(45) DEFAULT NULL,
  `isReportCommander` varchar(1) DEFAULT NULL,
  `approve_status` varchar(20) DEFAULT NULL
) ENGINE=InnoDB AUTO_INCREMENT=86 DEFAULT CHARSET=utf8;

--
-- Dumping data for table `tb_form6`
--

INSERT INTO `tb_form6` (`id`, `form2_id`, `ref_doc`, `room_id`, `previous_leaks`, `previous_leaks_unit_id`, `after_leaks`, `after_leaks_unit_id`, `accident_type_id`, `accident_date`, `accident_room_id`, `accident_room_id_text`, `accident_situation`, `accident_cause`, `accident_count`, `accident_estimated_loss`, `accident_Prevention`, `document_path`, `create_by`, `create_date`, `update_by`, `update_date`, `revision`, `bpm_no`, `owner_department_id`, `status`, `update_from_id`, `material_type_id`, `accident_management`, `management_name`, `management_rso_license`, `management_position_id`, `management_phone`, `management_email`, `isReportCommander`, `approve_status`) VALUES
(45, 138, NULL, NULL, 120, 1, 115, 1, 1, '2017-03-20', NULL, 'ห้องรังสีรักษา 504 สาขารังสีรักษา ภาควิชารังสีวิทยา อาคารศูนย์โรคหัวใจสมเด็จพระบรมราชินีนาถ คณะแพทยศาสตร์ศิริราชพยาบาล', 'เกิดเหตุวัสดคกัมมันตรังสีรั่วไหลจากภาชนะบรรจุลงบนพื้นห้อง', 'การปฏิบัติงานที่ไม่ระมัดระวัง', '0', 0, '1. ผู้ปฏิบัติงานในห้องปฏิบัติการต้องมีความระมัดระวัง\r\n2. บุคลากรคนใหม่ทุกคนต้องได้รับการอบรมเกี่ยวกับการปฏิบัติงานทางรังสีเบื้องต้นก่อนเข้าปฏิบัติงานในส่วนงาน', NULL, 218, '2017-05-23', 218, '2017-05-23 02:43:29', 1, NULL, 6, 'F', 45, 3, 'กั้นพื้นที่บริเวณที่เกิดการเปรอะเปื่อนและดำเนินการจัดการอย่างถูกต้อง', '', '', 4, '', '', '0', 'EXECUTIVE_APPROVE'),
(46, 140, NULL, NULL, 120, 1, 115, 1, 2, '2017-03-20', NULL, 'ห้องรังสีรักษา (504) ชั้น 5 สาขารังสีรักษา ภาควิชารังสีวิทยา อาคารศูนย์โรคหัวใจสมเด็จพระบรมราชินีนาถ คณะแพทยศาสตร์ศิริราชพยาบาล', 'เกิดเหตุวัสดุกัมมันตรังสีรั่วไหลจากภาชนะบรรจุลงบนพื้นห้อง', 'การปฏิบัติงานที่ไม่ระมัดระวัง', '0 คน', 0, '1. ผู้ปฏิบัติงานในห้องปฏิบัติการทางรังสีต้องมีความระมัดระวัง\r\n2. บุคลากรใหม่ทุกคนต้องได้รับการอบรมเกี่ยวกับการปฏิบัติงานทางรังสีเบื้องต้นก่อนการเข้าปฏิบัติงานในส่วนงาน', NULL, 208, '2017-05-23', 208, '2017-05-23 02:44:39', 1, NULL, 3, 'T', 0, 3, 'กั้นพื้นที่บริเวณที่เกิดการเปรอะเปื้อน และดำเนินการจัดการอย่างถูกวิธี', 'นางสาวศุภวรรณ จิวะพงศ์', 'RSO-HL-1000043/1', 4, '0844490006', 'misssupawan@gmail.com', '1', 'EXECUTIVE_APPROVE'),
(47, 138, NULL, NULL, 120, 1, 115, 1, 1, '2017-05-23', NULL, 'ห้องรังสีรักษา 504 สาขารังสีรักษา ภาควิชารังสีวิทยา อาคารศูนย์โรคหัวใจสมเด็จพระบรมราชินีนาถ คณะแพทยศาสตร์ศิริราชพยาบาล', 'เกิดเหตุวัสดคกัมมันตรังสีรั่วไหลจากภาชนะบรรจุลงบนพื้นห้อง', 'การปฏิบัติงานที่ไม่ระมัดระวัง', '0', 0, '1. ผู้ปฏิบัติงานในห้องปฏิบัติการต้องมีความระมัดระวัง\r\n2. บุคลากรคนใหม่ทุกคนต้องได้รับการอบรมเกี่ยวกับการปฏิบัติงานทางรังสีเบื้องต้นก่อนเข้าปฏิบัติงานในส่วนงาน', NULL, 218, '2017-05-23', 218, '2017-05-23 02:48:34', 2, NULL, 6, 'T', 45, 3, 'กั้นพื้นที่บริเวณที่เกิดการเปรอะเปื่อนและดำเนินการจัดการอย่างถูกต้อง', '', 'RSO-HL-1000043/1', 4, '', '', '0', 'EXECUTIVE_APPROVE'),
(48, 139, NULL, NULL, 120, 1, 115, 1, 2, '2017-05-23', NULL, 'ห้องรังสีรักษา (504) ชั้น 5 สาขารังสีรักษา ภาควิชารังสีรักษา อาคารสูนย์โรคหัวใจสมเด็จพระบรมราชินินาถ คณะเเพทยศาสตรศิริราชพยาบาล', 'เกิดเหตุวัสดุกัมมันตรังสีรั่วไหลจากภาชนะลงบนพื้นห้อง', 'การปฎิบัติงานที่ไม่ระมัดระวัง', '0', 0, '1. ผู้ปฎิบัติงานในห้องปฎิบัติการทางรังสีต้องมีความระมัดระวัง\r\n2. บุคลากรคนใหม่ทุกคนต้องได้รับการอบรมเกี่ยวกับการปฎิบัติงานทางรังสีเบื้องต้นก่อนเข้าปฎิบัติงานใรส่วนงาน', NULL, 236, '2017-05-23', 236, '2017-05-23 02:53:40', 1, NULL, 13, 'T', 0, 3, 'กั้นพื้นที่บริเวณที่เกิดการปนเปื้อนเเละดำเนินการจัดการอย่างถูกวิธี', 'ธนัญญา ศูนย์คุ้ม', 'RSO-HL-1000043/1', 4, '02-441-9522', 'thananya.soo@mahidol.ac.th', '1', 'EXECUTIVE_APPROVE'),
(49, 163, NULL, NULL, 120, 1, 115, 1, 2, '2017-05-20', NULL, 'ห้องรังสีรักษา (504) ชั้น 5 สาขารังสีรักษา ภาควิชารังสีวิทยา อาคารศูนย์โรคหัวใจสมเด็จพระบรมราชินีนาถ คระแพทยศาสตรศิริราชพยาบาล ', '', '', '', NULL, '', NULL, 214, '2017-05-23', 214, '2017-05-23 02:56:39', 1, NULL, 5, 'F', 49, 3, '', '', '', 0, '', '', '0', 'EXECUTIVE_APPROVE'),
(50, 171, NULL, NULL, 120, 1, 115, 1, 2, '2017-03-20', NULL, '504', 'ห้อง504', 'การปฏิบัติงานไม่ระมัดระวัง', '0', 0, 'ต้องระมัดระวัง', NULL, 195, '2017-05-23', 195, '2017-05-23 02:59:01', 1, NULL, 1, 'T', 0, 3, 'กั้นพื้นที่', 'ไพรัตน์ มุณี', '', 4, '0847118483', 'prmu208@gmail.com', '1', 'EXECUTIVE_APPROVE'),
(51, 156, NULL, NULL, 120, 1, 115, 1, 2, '2017-03-20', NULL, 'ห้องรังสีรักษา (504) สาขารังสีรักษา    ', 'เกิดเหตุวัสดุกัมมันตรังสีรั่วไหลลงพื้น', 'การปฏิบัติงานไม่ระมัดระวัง', '0', 0, '1 ผู้ปฏิบัติงานตองระมัดระวัง\r\n2. บุคลากรใหม่ต้องไได้รับการอบรมเกี่ยวกับการปฏิบัติงานทางรังสีเบื้องต้น', NULL, 210, '2017-05-23', 210, '2017-05-23 02:59:26', 1, NULL, 3, 'T', 0, 3, 'กั้นพื้นที่บริเวณที่เกิดการปนเปื่อน และดำเนินการจัดการอย่างถูกวิธี', 'นายณัฐพร ธีระระังสิกุล', 'RSO-HL-10000043/1', 4, '0867077790', 'nhtthaphon.thi@mahidol.ac.th', '1', 'EXECUTIVE_APPROVE'),
(52, 148, NULL, NULL, 120, 1, 115, 1, 2, '0000-00-00', NULL, '(504) ชั้น 5 สาขารังสีรักษา ภาควิชารังสีวิทยา อาคารศูนย์โรคหัวใจสมเด็จพระบรมราชินีนาถ คณะแพทยศาสตร์ศิริราชพยาบาล', 'เกิดเหตุวัสดุกัมมันตรังสีรั่งไหลจากภาชนะบรรจุลงบนพื้นห้อง', 'การปฏิบัติงานที่ไม่ระมัดระวัง', '0', 0, '1. ผู้ปฏิบัติงานในห้องปฏิบัติการทางรังสีต้องมีความระมัดระวัง\r\n2. บุคลากรคนใหม่ทุกคนต้องได้รับการอบรมเกี่ยวกับการปฏิบัติงานทางรังสีเบื้องต้นก่อนการเข้าปฏิบัติงานในส่วนงาน', NULL, 215, '2017-05-23', 215, '2017-05-23 03:00:09', 1, NULL, 5, 'F', 52, 3, 'กั้นพื้นที่บริเวณที่เกิดการเปรอะเปื้อนและดำเนินการจัดการอย่างถูกวิธี', 'นางกุลธิดา โพธิ์แดง', '', 7, '0922575985', 'siriraj.212@hotmail.com', '1', 'EXECUTIVE_APPROVE'),
(53, 153, NULL, NULL, 120, 1, 115, 1, 2, '2017-03-20', NULL, 'ห้องรังสีรักษา (504) ชั้น 5', 'เกิดเหตุวัสดุกัมตรังสีรั่วไหลจากภาชนะบรรจุลงบนพื้นหอง', 'การปฏิบัติงานที่ไม่ระมัดระวัง', '0', 0, '1. ผู้ปฏิบัติงานในห้องปฏิบัติการทางรังสีต้องมีความระมัดระวัง\r\n2. บุคลากรคนใหม่ทุกคนต้องได้รับการอบรมเกี่ยวกับการปฏิบัติงานทางรังสีเื้องต้นก่อนการเข้าปฏิบัติงานในส่วนงาน', NULL, 223, '2017-05-23', 223, '2017-05-23 03:03:44', 1, NULL, 7, 'T', 0, 3, 'กั้นพื้นที่บริเวณที่เกิดการเปรอะเปื้อนและดำเนินการจัดการอย่างถูกวิธี', 'ณัฐชัย', 'RSO-HL-1000043/1', 3, '', '', '1', 'EXECUTIVE_APPROVE'),
(54, 148, NULL, NULL, 120, 1, 115, 1, 2, '0000-00-00', NULL, '(504) ชั้น 5 สาขารังสีรักษา ภาควิชารังสีวิทยา อาคารศูนย์โรคหัวใจสมเด็จพระบรมราชินีนาถ คณะแพทยศาสตร์ศิริราชพยาบาล', 'เกิดเหตุวัสดุกัมมันตรังสีรั่งไหลจากภาชนะบรรจุลงบนพื้นห้อง', 'การปฏิบัติงานที่ไม่ระมัดระวัง', '0', 0, '1. ผู้ปฏิบัติงานในห้องปฏิบัติการทางรังสีต้องมีความระมัดระวัง\r\n2. บุคลากรคนใหม่ทุกคนต้องได้รับการอบรมเกี่ยวกับการปฏิบัติงานทางรังสีเบื้องต้นก่อนการเข้าปฏิบัติงานในส่วนงาน', NULL, 215, '2017-05-23', 215, '2017-05-23 03:04:58', 2, NULL, 5, 'F', 52, 3, 'กั้นพื้นที่บริเวณที่เกิดการเปรอะเปื้อนและดำเนินการจัดการอย่างถูกวิธี', 'นางกุลธิดา โพธิ์แดง', '', 7, '0922575985', 'siriraj.212@hotmail.com', '1', 'EXECUTIVE_APPROVE'),
(55, 140, NULL, NULL, 120, 1, 115, 1, 2, '2017-05-20', NULL, 'ห้องรังสีรักษา(504)ชั้น5 สาขารังสีรักษา ภาควิชารังสีวิทยา อาคารศูนย์โรคหัวใจสมเด็จพระบรมราชีนีนาถ คณะแพทยศาสตร์ศิริราชพยาบาล', 'เกิดเหตุวัสดุกัมมันตรังสีรั่วไหลจากภาชนะบรรจุลงบนพิ้นห้อง', 'การปฏบัติงานที่ไม่ระมัดระวัง', '0 คน', 0, '1.ผู้ปฏิบัติงานในห้องปฏิบัติการทางรังสีต้องมีความระมัดระวัง\r\n2.บุคลากรคนใหม่ทุกคนต้องได้รับการอบรมเกี่ยวกับการปฏบัติงานทางรังสีเบื้องต้นก่อนการเข้าปฏิบัติงานในส่วนงาน', NULL, 211, '2017-05-23', 211, '2017-05-23 03:06:35', 1, NULL, 3, 'T', 0, 3, 'กั้นพื้นที่บริเวณที่เกิดการเปรอะเปื้อนและดำเนินการจัดการอย่างถูกวิธี', 'สมหญิง สว่างสุวรรณ', 'RSO-HL-1000043/1', 7, '0811726938', 'somying.nin@mahidol.ac.th', '1', 'EXECUTIVE_APPROVE'),
(56, 148, NULL, NULL, 120, 1, 115, 1, 2, '2017-05-23', NULL, '(504) ชั้น 5 สาขารังสีรักษา ภาควิชารังสีวิทยา อาคารศูนย์โรคหัวใจสมเด็จพระบรมราชินีนาถ คณะแพทยศาสตร์ศิริราชพยาบาล', 'เกิดเหตุวัสดุกัมมันตรังสีรั่งไหลจากภาชนะบรรจุลงบนพื้นห้อง', 'การปฏิบัติงานที่ไม่ระมัดระวัง', '0', 0, '1. ผู้ปฏิบัติงานในห้องปฏิบัติการทางรังสีต้องมีความระมัดระวัง\r\n2. บุคลากรคนใหม่ทุกคนต้องได้รับการอบรมเกี่ยวกับการปฏิบัติงานทางรังสีเบื้องต้นก่อนการเข้าปฏิบัติงานในส่วนงาน', NULL, 213, '2017-05-23', 213, '2017-05-23 03:08:43', 3, NULL, 5, 'T', 52, 3, 'กั้นพื้นที่บริเวณที่เกิดการเปรอะเปื้อนและดำเนินการจัดการอย่างถูกวิธี', 'นางกุลธิดา โพธิ์แดง', '', 7, '0922575985', 'siriraj.212@hotmail.com', '1', 'EXECUTIVE_APPROVE'),
(57, 166, NULL, NULL, 130, 1, 115, 1, 2, '2017-03-20', NULL, 'ห้องรังสีรักษา (504) ชั้น 5 สาขารังสีรักษา คณะแพทยศาสตร์ศิริราชพยาบาล', 'เกิดเหตุวัสดุกำมันตรังสีรั่วไหลจากภาชนะบรรจุลงพื้นห้อง', 'การปฏิบัติงานที่ไม่ระมัดระวัง', '0', 0, '1. ผู้ปฏิบัติงานในห้องปฏิบัติการทางรังสีต้องมีความระมัดระวัง\r\n2. บุคลากรใหม่ทุกคนต้องได้รับการอบรมเกี่ยวกับการปฏิบัติงานทางรังสีเบื้องต้นก่อนเข้ารับการปฏิบัติงารในส่วยงาน', NULL, 273, '2017-05-23', 273, '2017-05-23 03:10:26', 1, NULL, 1, 'T', 0, 3, 'กั้นพื้นที่บริเวณที่เกิดการเปรอะเปื้อนและดำเนินการจัดการอย่างถูกวิะี', 'คำมุก ครองยุทธ', 'RSO-HL-1000043/1', 7, '0881694653', 'mook_aa@yahoo.com', '1', 'EXECUTIVE_APPROVE'),
(58, 147, NULL, NULL, 2, 1, 1, 1, 1, '2017-01-01', NULL, 'รังสีรักษา รพ.รามาธิบดี', 'source ค้าง', 'ระบบลมรั่ว', '0', 0, 'ตรวจสอบระบบลมทุกวัน', NULL, 200, '2017-05-23', 200, '2017-05-23 03:11:35', 1, NULL, 2, 'T', 0, 3, 'ตรวจสอบระบบลม', 'พวงเพ็ญ ตั้งบุญดวงจิตร', '222', 3, '', '', '1', 'EXECUTIVE_APPROVE'),
(59, 159, NULL, NULL, 120, 1, 115, 1, 2, '2017-05-23', NULL, 'ห่อ', '', '', '', NULL, '', NULL, 232, '2017-05-23', 232, '2017-05-23 03:12:06', 1, NULL, 11, 'F', 59, 3, '', '', '', 0, '', '', '0', 'EXECUTIVE_APPROVE'),
(60, 153, NULL, NULL, 370, 5, 360, 5, 2, '2017-05-23', NULL, 'OP salaya', '', '', '', NULL, '', NULL, 224, '2017-05-23', 224, '2017-05-23 03:12:34', 1, NULL, 7, 'T', 0, 2, '', '', '', 3, '', '', '1', 'EXECUTIVE_APPROVE'),
(61, 145, NULL, NULL, 130, 1, 10, 1, 2, '2017-05-23', NULL, 'b507', 'spill', '-', '', NULL, '', NULL, 222, '2017-05-23', 222, '2017-05-23 03:14:37', 1, NULL, 6, 'T', 0, 1, 'กั้นเขต ทำความสะอาด ส่งทิ้งขยะสารกัมมันตรังสี', 'ปวีณา', '', 3, '', '', '1', 'EXECUTIVE_APPROVE'),
(62, 177, NULL, NULL, 130, 1, 95, 1, 2, '2017-05-23', NULL, 'ห้องปฏิบัติการ', 'ถังบรรจุรั่วไหล', '', '', NULL, '', NULL, 216, '2017-05-23', 216, '2017-05-23 03:14:37', 1, NULL, 6, 'T', 0, 4, '', 'พิทักษ์ คำแหงพล', 'RSO500', 4, '022015110', '-', '1', 'EXECUTIVE_APPROVE'),
(63, 145, NULL, NULL, 130, 1, 115, 1, 2, '2017-05-23', NULL, 'ห้องอบรม', 'ดูดสารเคมีใส่ไปใน pipette', 'ใช้ pipette ผิดอัน', 'ไม่มี ', 1000, 'ฝึกใช้ pipette ถูกวิธี', NULL, 219, '2017-05-23', 219, '2017-05-23 03:15:10', 1, NULL, 6, 'F', 63, 4, 'เอา pepette ทำความสะอาด', 'นางรุ่งลาวรรณ  เชวงเกียรติกุล', '100', 3, '0841205077', 'runglawan.cha@mahidol.ac.th', '1', 'EXECUTIVE_APPROVE'),
(64, 159, NULL, NULL, 120, 1, 115, 1, 2, '2017-05-23', NULL, 'ห้องอบรม', 'ขวดตกแตก', 'เกิดการสั่นสะเทือน', '2', 5000, 'มีมาตรการเข้มงวด', NULL, 232, '2017-05-23', 232, '2017-05-23 03:15:26', 2, NULL, 11, 'T', 59, 3, 'เก็บกวาด ล้างทำความสะอาด', 'วีรชาติ ศรีจันทร์', '-', 4, '085-0203830', 'weerachat.sri@mahidol.ac.th', '1', 'EXECUTIVE_APPROVE'),
(65, 172, NULL, NULL, 131, 1, 10, 1, 2, '2017-05-15', NULL, 'ถนนราชดำเนิน', '', '', '', 2, '', NULL, 198, '2017-05-23', 198, '2017-05-23 03:15:40', 1, NULL, 1, 'F', 65, 1, '', '', '', 5, '', '', '1', 'EXECUTIVE_APPROVE'),
(66, 145, NULL, NULL, 130, 1, 115, 1, 2, '2017-05-23', NULL, 'ห้องปฎิบัติการ', 'ดูดสารเคมีใส่ไปใน pipette', 'ใช้ pipette ผิดอัน', 'ไม่มี ', 1000, 'ฝึกใช้ pipette ถูกวิธี', NULL, 219, '2017-05-23', 219, '2017-05-23 03:16:00', 2, NULL, 6, 'T', 63, 4, 'เอา pepette ทำความสะอาด', 'นางรุ่งลาวรรณ  เชวงเกียรติกุล', '100', 3, '0841205077', 'runglawan.cha@mahidol.ac.th', '1', 'EXECUTIVE_APPROVE'),
(67, 170, NULL, NULL, 120, 1, 115, 1, 2, '2017-05-23', NULL, 'ห้องอบรม', 'เกิดเหตุวัสดุกัมมันตรังสีรั่วไหลจากภาชนะบรรจุลงบนพื้นห้อง', 'การปฏิบัติงานที่ไม่ระมัดระวัง', '0', 0, '', NULL, 238, '2017-05-23', 238, '2017-05-23 03:16:00', 1, NULL, 14, 'T', 0, 3, 'กั้นพื้นที่บริเวณที่เกิดการเปรอะเปื้อนและดำเนินการจัดการอย่างถูกวิธี', 'นายเอกจักร์ จันทร์ดอน', 'RSO-HL-1000043/1', 3, '090-9895117', 'ekkachak.cna@mahidol.ac.th', '1', 'EXECUTIVE_APPROVE'),
(68, 172, NULL, NULL, 131, 1, 10, 1, 2, '2017-05-15', NULL, 'ถนนราชดำเนิน', '', '', '', 2000000000, '', NULL, 198, '2017-05-23', 198, '2017-05-23 03:16:28', 2, NULL, 1, 'F', 65, 1, '', '', '', 5, '', '', '1', 'USER_APPROVE'),
(69, 152, NULL, NULL, 120, 1, 115, 1, 2, '2017-05-23', NULL, 'ห้องรังสีรักษา(504)ชั้น5', 'เกิดเหตุวัสดุกัมมันตภาพรังสีรั่วไหลจากภาชนะบรรจุบนพื้นห้อง', 'การปฎิบัติงานที่ไม่ระมัดระวัง', '0', 0, '', NULL, 205, '2017-05-23', 205, '2017-05-23 03:16:35', 1, NULL, 2, 'T', 0, 3, '', 'นิรชา พันธุรัตน์', '', 4, '022011251', 'nirachaph.1975gmail.com', '1', 'EXECUTIVE_APPROVE'),
(70, 172, NULL, NULL, 131, 1, 10, 1, 2, '2017-05-15', NULL, 'ถนนราชดำเนิน', '', '', '', 2, '', NULL, 198, '2017-05-23', 198, '2017-05-23 03:16:46', 1, NULL, 1, 'D', 0, 1, '', '', '', 5, '', '', '1', 'EXECUTIVE_APPROVE'),
(71, 158, NULL, NULL, 130, 1, 115, 1, 2, '2017-05-23', NULL, 'ห้องรังสีรักษา ', 'เกิดการรั่วไหลของสารกัมันตรังสี', 'ไม่ระมัดระวัง', '0', 0, '1.ต้องระมัดระวัง\r\n2.มีการอบรม', NULL, 225, '2017-05-23', 225, '2017-05-23 03:16:51', 1, NULL, 8, 'T', 0, 3, 'กั้นพื้นที่', 'เกียรติศักดิ์ พรมภักดิ์', 'rso-hl-1000043/1', 4, '0878510878', 'kiattisak.pro@mahidol.ac.th', '1', 'EXECUTIVE_APPROVE'),
(72, 168, NULL, NULL, 130, 1, 115, 1, 2, '2017-05-23', NULL, 'ห้องอบรม', 'สารเคมีหกลงพื้น', 'ขาดความระมัดระวัง', '0', 0, 'ระมัดระวังมากขึ้น จัดเก็บให้เป็นระเบียบ', NULL, 237, '2017-05-23', 237, '2017-05-23 03:16:59', 1, NULL, 14, 'T', 0, 3, 'กั้นบริเวณที่เกิดการเปรอะเปื้อนและดำเนินการจัดการอย่างถูกวิธี', 'เจนจิรา  สระทองยุ้ง', '', 3, '0852233158', 'janjira.sra@mahidol.ac.th', '1', 'EXECUTIVE_APPROVE'),
(73, 169, NULL, NULL, 120, 1, 115, 1, 2, '2017-03-20', NULL, 'ห้องรังสีรักษา(504)', 'เกิดเหตุวัสดุกัมมันตรังสีรั่วไหลจากภาชนะบรรจุบนพื้นห้อง', 'การปฏิบัติงานไม่ระมัดระวัง', '0คน', 0, '1.ผู้ปฏิบัติงานในห้องปฏิบัติการทางรังสีต้องมีความระมัดระวัง\r\n2.บุคลากรคนใหม่ทุกคนต้องได้รับการฝึกอบรม้กี่ยวกับการปฏิบัตงานทางรังสีเบื้องต้น', NULL, 234, '2017-05-23', 234, '2017-05-23 03:18:39', 1, NULL, 12, 'T', 0, 3, 'กั้นพื้นที่บริเวณที่เกิดการเปรอะเปื้อนและดำเนินการจัดอย่างถูกวิธี', 'สุพรรณี  สุยะหลาน', 'RSO-HL-1000043/3', 7, '0894994510', 'supannee_nok27@hotmail.com', '1', 'EXECUTIVE_APPROVE'),
(74, 171, NULL, NULL, 130, 1, 30, 1, 1, '2017-05-23', NULL, 'ตึก72ปีชั้น6 รพ.ศิริราช', 'source ไม่เก็บเข้าเครื่อง ', 'เครื่องมือ คดงอ', '1ท่าน', 100000, 'ตรวจเช็คเครื่องมือก่อนใช้ทุกครั้ง', NULL, 191, '2017-05-23', 191, '2017-05-23 03:18:40', 1, NULL, 1, 'T', 0, 2, 'แจ้งให้ทางบริษัทมาดูแก้ไข', 'Kanitta Kamplong', '', 4, '024197814', 'Kanitta Kamplong', '1', 'USER_APPROVE'),
(75, 142, NULL, NULL, 120, 1, 115, 1, 2, '2017-05-23', NULL, 'ห้องรังสีรักษา504', 'เกิดเหตุวัสดุก้มมันตรังสีรั่วไหลจากภาชนะบรรจุลงบนพื้น', 'การปฏิบัติงานไม่ระมัดระวัง', '0', 0, 'ผู้ปฏิบัตงานควรต้องมีความระมัดระวัง', NULL, 228, '2017-05-23', 228, '2017-05-23 03:19:00', 1, NULL, 9, 'T', 0, 3, 'กั้นพื้นที่บริเวณที่เกิดเหตุ', 'ฝนทิพย์  รัตนกาล', 'rso-hl-1000043/1', 7, '0890309868', 'fontip.rat@mahidol.ac.th', '1', 'EXECUTIVE_APPROVE'),
(76, 166, NULL, NULL, 121, 1, 111, 1, 2, '2017-05-23', NULL, 'ห้องรังสีรักษา (504) ชั้น 5 สาขารังสีรักษา ภาควิชารังสีวิทยา อาคารศูนย์โรคหัวใจสมเด็จพระบรมราชินีนาถ คณะแพทยศาสตร์ศิริราชพยาบาล', 'เกิดเหตุวัสดุกัมมันตรังสีรั่วไหลจากภาชนะบรรจุลงบนพื้นห้อง', 'การปฏิบัติงานที่ไม่ระมัดระวัง', '0', 0, '1. ผู้ปฏิบัติงานในห้องปฏิบัติการทางรังสีต้องมีความระมัดระวัง\r\n2. บุคลากรคนใหม่ทุกคนต้องได้รับการอบรมเกี่ยวกับการปฏิบัติงานทางรังสีเบื้องต้นก่อนการเข้าปฏิบัติงานในส่วนงาน', NULL, 196, '2017-05-23', 196, '2017-05-23 03:42:26', 1, NULL, 1, 'F', 76, 3, 'กั้นพื้นที่บริเวณที่เกิดการเปรอะเปื้อนและดำเนินการจัดการอย่างถูกวิธี', 'นายสุวัฒน์ วัฒนอาภรณ์ชัย', 'RSO-HL-1000043/1 ', 4, '0851341483', 'SUWAT_SI@mahidol.ac.th', '1', 'EXECUTIVE_APPROVE'),
(77, 169, NULL, NULL, 130, 1, 115, 1, 2, '2017-03-20', NULL, 'ห้องรังสีรักษา(504) ชั้น 5 สาขารังสีรักษา ภาควิชารังสีวิทยา อาคารศูนย์โรคหัวใจสมเด็จพระบรมราชินีนาถ คณะแพทยศาสตร์ศิริราชพยาบาล', 'เกิดเหตุวัสดุกัมมันตรังสีรั่วไหลจากภาชนะบรรจุลงบนพื้นห้อง', 'การปฏิบัติงานที่ไม่ระมัดระวัง', '0', 0, '1.ผู้ปฏิบัติงานในห้องปฏิบัติการทางรังสีต้องมีความระมัดระวัง\r\n2.บุคลากรคนใหม่ทุกคนต้องได้รับการอบรมเกี่ยวกับการปฏิบัติงานทางรังสีเบื้องต้นก่อนการเข้าปฏิบัติงานในส่วนงาน', NULL, 235, '2017-05-23', 235, '2017-05-23 03:42:36', 1, NULL, 12, 'T', 0, 3, 'กั้นพื้นที่บริเวณที่เกิดการเปรอะเปื้อนและดำเนินการจัดการอย่างถูกวิธี', 'อนุจิตต์ คงผอม', '', 7, '0841691950', 'anujit.kon@mahidol.ac.th', '1', 'EXECUTIVE_APPROVE'),
(78, 166, NULL, NULL, 121, 1, 111, 1, 2, '2017-05-23', NULL, 'ห้องรังสีรักษา (504) ชั้น 5 สาขารังสีรักษา ภาควิชารังสีวิทยา อาคารศูนย์โรคหัวใจสมเด็จพระบรมราชินีนาถ คณะแพทยศาสตร์ศิริราชพยาบาล', 'เกิดเหตุวัสดุกัมมันตรังสีรั่วไหลจากภาชนะบรรจุลงบนพื้นห้อง', 'การปฏิบัติงานที่ไม่ระมัดระวัง', '0', 0, '1. ผู้ปฏิบัติงานในห้องปฏิบัติการทางรังสีต้องมีความระมัดระวัง\r\n2. บุคลากรคนใหม่ทุกคนต้องได้รับการอบรมเกี่ยวกับการปฏิบัติงานทางรังสีเบื้องต้นก่อนการเข้าปฏิบัติงานในส่วนงาน', NULL, 196, '2017-05-23', 196, '2017-05-23 03:42:46', 2, NULL, 1, 'T', 76, 3, 'กั้นพื้นที่บริเวณที่เกิดการเปรอะเปื้อนและดำเนินการจัดการอย่างถูกวิธี', 'นายสุวัฒน์ วัฒนอาภรณ์ชัย', 'RSO-HL-1000043/1 ', 4, '0851341483', 'SUWAT_SI@mahidol.ac.th', '1', 'EXECUTIVE_APPROVE'),
(79, 180, NULL, NULL, 120, 1, 115, 1, 2, '2017-03-20', NULL, 'ห้องรังสีรักษา (504) ชั้น 5', 'เกิดเหตุวัสดุกัมมันตรังสีรั่วไหลจากภาชนะบรรจุลงบนพื้นห้อง', 'การปฎิบัติงานที่ไม่ระมัดระวัง', '0', 0, 'ปฎิบัติงานอย่างระมัดระวัง', NULL, 212, '2017-05-23', 212, '2017-05-23 03:48:43', 1, NULL, 4, 'T', 0, 3, 'กั้นพื้นที่บริเวณที่เกิดการเปรอะเปื้อนและดำเนินการจัดการอย่างถูกวิธี', 'ชุตินธร มูลทองน้อย', 'ฑฆฯ-็ศ-1000043/1', 3, '0869901770', 'chutintorn.moo@mahidol.ac.th', '1', 'EXECUTIVE_APPROVE'),
(80, 163, NULL, NULL, 120, 1, 115, 1, 2, '2017-05-23', NULL, 'ห้องรังสีรักษา (504) ชั้น 5 สาขารังสีรักษา ภาควิชารังสีวิทยา อาคารศูนย์โรคหัวใจสมเด็จพระบรมราชินีนาถ คระแพทยศาสตรศิริราชพยาบาล ', 'เกิดเหตุวัสดุกัมมันตรังสีรั่วไหลจากภาชนะบรรจุลงบนพื้นห้อง', 'การปฏิบัติงานที่ไม่ระมัดระวัง', '0', 0, '1.ผู้ปฏิบัติในห้องปฏิบัติการทางรังสีต้องมีความระมัดระวัง\r\n2.บุคลากรใหม่ทุกคนต้องได้รับการอบรมเกี่ยวกับการปฏิบัติงานทางรังสีเบื้องต้นก่อนการเข้าปฏิบัติงานในส่วนงาน', NULL, 214, '2017-05-23', 214, '2017-05-23 04:22:25', 2, NULL, 5, 'T', 49, 3, 'กั้นพื้นที่บริเวณที่เกิดการปนเปื้อนและดำเนินการจัดการอย่างถูกวิธี', 'ธนธร จงเจริญกมล', '', 4, '024414375 ต่อ 2837', 'mttcgrt@gmail.com', '1', 'EXECUTIVE_APPROVE'),
(81, 166, NULL, NULL, 130, 1, 0, 1, 2, '2017-05-23', NULL, '101', 'เกิดเหตุถังแก๊สระเบิดภายในห้อง ทำให้วัสดุกัมมันตรังสีรั่วไหลออกจากภาชนะบรรจุกระเด็นเต็มห้อง', 'การปฏิงานที่ไม่รอบคอบ', '5 คน', 200000, '', NULL, 193, '2017-05-23', 193, '2017-05-23 04:38:01', 1, NULL, 1, 'T', 0, 3, 'กั้นพื้นที่เปรอะเปื้อน', '', '', 6, '', '', '1', NULL),
(82, 166, NULL, NULL, 120, 1, 115, 1, 2, '2017-03-20', NULL, 'ห้องรังสีรักษา(504) ชั้น 5 สาขารังสีรักษา ภาครังสีวิทยา อาคารศูนย์โรคหัวใจสมเด็จพระบรมราชินีนาถ คณะแพทยศาสตร์ศิริราชพยาบาล', 'เกิดเหตุวัสดุกัมมันตรังสีรั่วไหลจากภาชนะบรรจุลงบนพื้นห้อง', 'การปฎิบัติงานไม่ระมัดระวัง', '0 คน', 0, '1.ผู้ปฎิบัติงานในห้องปฎิบัติการทางรังสีต้องมีความระมัดระวัง\r\n2.บุคลากรคนใหม่ทุกคนต้องได้รับการอบรมเกี่ยวกับการปฎิบัติงานทางรังสีเบื้องต้นก่อนการเข้าปฎิบัติงานในส่วนงาน', NULL, 192, '2017-05-23', 192, '2017-05-23 04:39:44', 1, NULL, 1, 'T', 0, 3, 'กั้นพื้นที่บริเวณที่เกิดการเปรอะเปื้อนและดำเนินการจัดการอย่างถูกวิธี', 'จุรีพร อัศวรัตนภักดี', 'RSO-HL-10000043/1', 4, '024196220', 'jureeporn.asa@mahidol.ac.th', '1', NULL),
(83, 162, NULL, NULL, 130, 1, 110, 1, 2, '2017-05-23', NULL, 'PR 613', 'หลอดทดลองตกแตก', 'ความประมาท', '0', 1000, 'ใช้แผนระงับภัยทางรังสี', NULL, 220, '2017-05-23', 220, '2017-05-23 04:44:53', 1, NULL, 6, 'T', 0, 3, 'จัดเก็บ ทำความสะอาด ป้องกันการปนเปื้อน', 'จิตรา ลิ้มทองกุล', '', 3, '02 201 5680', 'jitra.kas@mahidol.ac.th', '1', NULL),
(84, 147, NULL, NULL, 2, 1, 1.5, 1, 2, '2017-05-23', NULL, 'รังสีรักษา', 'หลุดจากที่กำบัง หล่นลงพื้นขณะขนส่งไปOR', 'สะดุดหกล้ม เนื่องจากพื้นในหน่วยชำรุด', '0', 0, '1.เพิ่มความระมัดระวัง\r\n2.จัดวัสดุกำบังที่มีความแข็งแรงทนทาน', NULL, 201, '2017-05-23', 201, '2017-05-23 04:46:08', 1, NULL, 2, 'T', 0, 3, 'กั้นพื้นที่และดำเนินการจัดการอย่างถูกวิธี', 'สุดสวย นะจ้', '', 4, '1657', '', '1', 'EXECUTIVE_APPROVE'),
(85, 172, NULL, NULL, 131, 1, 10, 1, 2, '2017-05-15', NULL, 'ถนนราชดำเนิน', '', '', '', 20000, '', NULL, 239, '2017-05-23', 239, '2017-05-23 04:55:41', 3, NULL, 1, 'T', 65, 1, '', '', '', 5, '', '', '1', 'STAFF_APPROVE');

-- --------------------------------------------------------

--
-- Table structure for table `tb_form7`
--

CREATE TABLE IF NOT EXISTS `tb_form7` (
  `id` int(11) NOT NULL,
  `name` varchar(200) DEFAULT NULL,
  `course` varchar(200) DEFAULT NULL,
  `course_id` int(11) DEFAULT NULL,
  `department_id` int(11) DEFAULT NULL,
  `training_department_id` int(11) DEFAULT NULL,
  `training_department` varchar(200) DEFAULT NULL,
  `training_date` date DEFAULT NULL,
  `document_path` varchar(200) DEFAULT NULL,
  `create_by` int(11) DEFAULT NULL,
  `create_date` date DEFAULT NULL,
  `update_by` int(11) DEFAULT NULL,
  `update_date` datetime DEFAULT NULL,
  `revision` int(11) DEFAULT NULL,
  `owner_department_id` int(11) DEFAULT NULL,
  `status` varchar(1) DEFAULT 'T',
  `update_from_id` int(11) DEFAULT '0',
  `department_type_id` int(11) DEFAULT NULL,
  `rso_plan_file` varchar(200) DEFAULT NULL,
  `approve_status` varchar(20) DEFAULT NULL
) ENGINE=InnoDB AUTO_INCREMENT=1143 DEFAULT CHARSET=utf8;

--
-- Dumping data for table `tb_form7`
--

INSERT INTO `tb_form7` (`id`, `name`, `course`, `course_id`, `department_id`, `training_department_id`, `training_department`, `training_date`, `document_path`, `create_by`, `create_date`, `update_by`, `update_date`, `revision`, `owner_department_id`, `status`, `update_from_id`, `department_type_id`, `rso_plan_file`, `approve_status`) VALUES
(684, 'นางสาวบังอร  แกมรัมย์', 'การอบรมความปลอดภัยเบื้องต้น', NULL, 3, NULL, 'ภาควิชารังสีวิทยา คณะแพทยศาสตร์ศิริราชพยาบาล', '2017-05-24', NULL, 208, '2017-05-23', 208, '2017-05-23 02:49:13', 1, 3, 'T', 0, NULL, NULL, 'EXECUTIVE_APPROVE'),
(685, 'นางสาวสุพัตรา  ชาวสวน', 'การอบรมความปลอดภัยเบื้องต้น', NULL, 3, NULL, 'ภาควิชารังสีวิทยา คณะแพทยศาสตร์ศิริราชพยาบาล', '2017-05-24', NULL, 208, '2017-05-23', 208, '2017-05-23 02:49:13', 1, 3, 'T', 0, NULL, NULL, 'EXECUTIVE_APPROVE'),
(686, 'นางสาวมัลลิกา  ศรีชมพู', 'การอบรมความปลอดภัยเบื้องต้น', NULL, 3, NULL, 'ภาควิชารังสีวิทยา คณะแพทยศาสตร์ศิริราชพยาบาล', '2017-05-24', NULL, 208, '2017-05-23', 208, '2017-05-23 02:49:13', 1, 3, 'T', 0, NULL, NULL, 'EXECUTIVE_APPROVE'),
(687, 'นางสาวถิรวรรณ  บุญวงศ์', 'การอบรมความปลอดภัยเบื้องต้น', NULL, 3, NULL, 'ภาควิชารังสีวิทยา คณะแพทยศาสตร์ศิริราชพยาบาล', '2017-05-24', NULL, 208, '2017-05-23', 208, '2017-05-23 02:49:13', 1, 3, 'T', 0, NULL, NULL, 'EXECUTIVE_APPROVE'),
(688, 'นายภาวิน  วิจิตราการ', 'การอบรมความปลอดภัยเบื้องต้น', NULL, 3, NULL, 'ภาควิชารังสีวิทยา คณะแพทยศาสตร์ศิริราชพยาบาล', '2017-05-24', NULL, 208, '2017-05-23', 208, '2017-05-23 02:49:13', 1, 3, 'T', 0, NULL, NULL, 'EXECUTIVE_APPROVE'),
(689, 'นายพงษ์อิสรา  ร้อยลาบ', 'การอบรมความปลอดภัยเบื้องต้น', NULL, 3, NULL, 'ภาควิชารังสีวิทยา คณะแพทยศาสตร์ศิริราชพยาบาล', '2017-05-24', NULL, 208, '2017-05-23', 208, '2017-05-23 02:49:13', 1, 3, 'T', 0, NULL, NULL, 'EXECUTIVE_APPROVE'),
(690, 'นางสาวสภาพร  ทองดี', 'การอบรมความปลอดภัยเบื้องต้น', NULL, 3, NULL, 'ภาควิชารังสีวิทยา คณะแพทยศาสตร์ศิริราชพยาบาล', '2017-05-24', NULL, 208, '2017-05-23', 208, '2017-05-23 02:49:13', 1, 3, 'T', 0, NULL, NULL, 'EXECUTIVE_APPROVE'),
(691, 'นางสาวพิชญาภรณ์  รักเรียน', 'การอบรมความปลอดภัยเบื้องต้น', NULL, 3, NULL, 'ภาควิชารังสีวิทยา คณะแพทยศาสตร์ศิริราชพยาบาล', '2017-05-24', NULL, 208, '2017-05-23', 208, '2017-05-23 02:49:13', 1, 3, 'T', 0, NULL, NULL, 'EXECUTIVE_APPROVE'),
(692, 'นายกวิน  ศรีแก้ว', 'การอบรมความปลอดภัยเบื้องต้น', NULL, 3, NULL, 'ภาควิชารังสีวิทยา คณะแพทยศาสตร์ศิริราชพยาบาล', '2017-05-24', NULL, 208, '2017-05-23', 208, '2017-05-23 02:49:13', 1, 3, 'T', 0, NULL, NULL, 'EXECUTIVE_APPROVE'),
(693, NULL, NULL, NULL, 3, NULL, NULL, NULL, NULL, 208, '2017-05-23', 208, '2017-05-23 02:49:13', 1, 3, 'T', 0, NULL, NULL, 'EXECUTIVE_APPROVE'),
(694, NULL, NULL, NULL, 3, NULL, NULL, NULL, NULL, 208, '2017-05-23', 208, '2017-05-23 02:49:13', 1, 3, 'T', 0, NULL, NULL, 'EXECUTIVE_APPROVE'),
(695, NULL, NULL, NULL, 3, NULL, NULL, NULL, NULL, 208, '2017-05-23', 208, '2017-05-23 02:49:13', 1, 3, 'T', 0, NULL, NULL, 'EXECUTIVE_APPROVE'),
(696, NULL, NULL, NULL, 3, NULL, NULL, NULL, NULL, 208, '2017-05-23', 208, '2017-05-23 02:49:13', 1, 3, 'T', 0, NULL, NULL, 'EXECUTIVE_APPROVE'),
(697, NULL, NULL, NULL, 3, NULL, NULL, NULL, NULL, 208, '2017-05-23', 208, '2017-05-23 02:49:13', 1, 3, 'T', 0, NULL, NULL, 'EXECUTIVE_APPROVE'),
(698, NULL, NULL, NULL, 3, NULL, NULL, NULL, NULL, 208, '2017-05-23', 208, '2017-05-23 02:49:13', 1, 3, 'T', 0, NULL, NULL, 'EXECUTIVE_APPROVE'),
(699, NULL, NULL, NULL, 3, NULL, NULL, NULL, NULL, 208, '2017-05-23', 208, '2017-05-23 02:49:13', 1, 3, 'T', 0, NULL, NULL, 'EXECUTIVE_APPROVE'),
(700, NULL, NULL, NULL, 3, NULL, NULL, NULL, NULL, 208, '2017-05-23', 208, '2017-05-23 02:49:13', 1, 3, 'T', 0, NULL, NULL, 'EXECUTIVE_APPROVE'),
(701, NULL, NULL, NULL, 3, NULL, NULL, NULL, NULL, 208, '2017-05-23', 208, '2017-05-23 02:49:13', 1, 3, 'T', 0, NULL, NULL, 'EXECUTIVE_APPROVE'),
(702, NULL, NULL, NULL, 3, NULL, NULL, NULL, NULL, 208, '2017-05-23', 208, '2017-05-23 02:49:13', 1, 3, 'T', 0, NULL, NULL, 'EXECUTIVE_APPROVE'),
(703, 'สิริวัลย์ อิสาสะวิน', NULL, 1, 6, 1, NULL, '2017-05-23', '/uploads/1495508258.pdf', 218, '2017-05-23', 218, '2017-05-23 02:57:37', 1, 6, 'T', 0, NULL, '/uploads/1495508258.pdf', 'EXECUTIVE_APPROVE'),
(704, 'นางสาวบังอร  แกมรัมย์', 'การอบรมความปลอดภัยเบื้องต้น', NULL, 6, NULL, 'ภาควิชารังสีวิทยา คณะแพทยศาสตร์ศิริราชพยาบาล', '2017-05-24', NULL, 218, '2017-05-23', 218, '2017-05-23 02:57:58', 1, 6, 'T', 0, NULL, NULL, 'EXECUTIVE_APPROVE'),
(705, 'นางสาวสุพัตรา  ชาวสวน', 'การอบรมความปลอดภัยเบื้องต้น', NULL, 6, NULL, 'ภาควิชารังสีวิทยา คณะแพทยศาสตร์ศิริราชพยาบาล', '2017-05-24', NULL, 218, '2017-05-23', 218, '2017-05-23 02:57:58', 1, 6, 'T', 0, NULL, NULL, 'EXECUTIVE_APPROVE'),
(706, 'นางสาวมัลลิกา  ศรีชมพู', 'การอบรมความปลอดภัยเบื้องต้น', NULL, 6, NULL, 'ภาควิชารังสีวิทยา คณะแพทยศาสตร์ศิริราชพยาบาล', '2017-05-24', NULL, 218, '2017-05-23', 218, '2017-05-23 02:57:58', 1, 6, 'T', 0, NULL, NULL, 'EXECUTIVE_APPROVE'),
(707, 'นางสาวถิรวรรณ  บุญวงศ์', 'การอบรมความปลอดภัยเบื้องต้น', NULL, 6, NULL, 'ภาควิชารังสีวิทยา คณะแพทยศาสตร์ศิริราชพยาบาล', '2017-05-24', NULL, 218, '2017-05-23', 218, '2017-05-23 02:57:58', 1, 6, 'T', 0, NULL, NULL, 'EXECUTIVE_APPROVE'),
(708, 'นายภาวิน  วิจิตราการ', 'การอบรมความปลอดภัยเบื้องต้น', NULL, 6, NULL, 'ภาควิชารังสีวิทยา คณะแพทยศาสตร์ศิริราชพยาบาล', '2017-05-24', NULL, 218, '2017-05-23', 218, '2017-05-23 02:57:58', 1, 6, 'T', 0, NULL, NULL, 'EXECUTIVE_APPROVE'),
(709, 'นายพงษ์อิสรา  ร้อยลาบ', 'การอบรมความปลอดภัยเบื้องต้น', NULL, 6, NULL, 'ภาควิชารังสีวิทยา คณะแพทยศาสตร์ศิริราชพยาบาล', '2017-05-24', NULL, 218, '2017-05-23', 218, '2017-05-23 02:57:58', 1, 6, 'T', 0, NULL, NULL, 'EXECUTIVE_APPROVE'),
(710, 'นางสาวสภาพร  ทองดี', 'การอบรมความปลอดภัยเบื้องต้น', NULL, 6, NULL, 'ภาควิชารังสีวิทยา คณะแพทยศาสตร์ศิริราชพยาบาล', '2017-05-24', NULL, 218, '2017-05-23', 218, '2017-05-23 02:57:58', 1, 6, 'T', 0, NULL, NULL, 'EXECUTIVE_APPROVE'),
(711, 'นางสาวพิชญาภรณ์  รักเรียน', 'การอบรมความปลอดภัยเบื้องต้น', NULL, 6, NULL, 'ภาควิชารังสีวิทยา คณะแพทยศาสตร์ศิริราชพยาบาล', '2017-05-24', NULL, 218, '2017-05-23', 218, '2017-05-23 02:57:58', 1, 6, 'T', 0, NULL, NULL, 'EXECUTIVE_APPROVE'),
(712, 'นายกวิน  ศรีแก้ว', 'การอบรมความปลอดภัยเบื้องต้น', NULL, 6, NULL, 'ภาควิชารังสีวิทยา คณะแพทยศาสตร์ศิริราชพยาบาล', '2017-05-24', NULL, 218, '2017-05-23', 218, '2017-05-23 02:57:58', 1, 6, 'T', 0, NULL, NULL, 'EXECUTIVE_APPROVE'),
(713, NULL, NULL, NULL, 6, NULL, NULL, NULL, NULL, 218, '2017-05-23', 218, '2017-05-23 02:57:58', 1, 6, 'T', 0, NULL, NULL, 'EXECUTIVE_APPROVE'),
(714, NULL, NULL, NULL, 6, NULL, NULL, NULL, NULL, 218, '2017-05-23', 218, '2017-05-23 02:57:58', 1, 6, 'T', 0, NULL, NULL, 'EXECUTIVE_APPROVE'),
(715, NULL, NULL, NULL, 6, NULL, NULL, NULL, NULL, 218, '2017-05-23', 218, '2017-05-23 02:57:58', 1, 6, 'T', 0, NULL, NULL, 'EXECUTIVE_APPROVE'),
(716, NULL, NULL, NULL, 6, NULL, NULL, NULL, NULL, 218, '2017-05-23', 218, '2017-05-23 02:57:58', 1, 6, 'T', 0, NULL, NULL, 'EXECUTIVE_APPROVE'),
(717, NULL, NULL, NULL, 6, NULL, NULL, NULL, NULL, 218, '2017-05-23', 218, '2017-05-23 02:57:58', 1, 6, 'T', 0, NULL, NULL, 'EXECUTIVE_APPROVE'),
(718, NULL, NULL, NULL, 6, NULL, NULL, NULL, NULL, 218, '2017-05-23', 218, '2017-05-23 02:57:58', 1, 6, 'T', 0, NULL, NULL, 'EXECUTIVE_APPROVE'),
(719, NULL, NULL, NULL, 6, NULL, NULL, NULL, NULL, 218, '2017-05-23', 218, '2017-05-23 02:57:58', 1, 6, 'T', 0, NULL, NULL, 'EXECUTIVE_APPROVE'),
(720, NULL, NULL, NULL, 6, NULL, NULL, NULL, NULL, 218, '2017-05-23', 218, '2017-05-23 02:57:58', 1, 6, 'T', 0, NULL, NULL, 'EXECUTIVE_APPROVE'),
(721, NULL, NULL, NULL, 6, NULL, NULL, NULL, NULL, 218, '2017-05-23', 218, '2017-05-23 02:57:58', 1, 6, 'T', 0, NULL, NULL, 'EXECUTIVE_APPROVE'),
(722, NULL, NULL, NULL, 6, NULL, NULL, NULL, NULL, 218, '2017-05-23', 218, '2017-05-23 02:57:58', 1, 6, 'T', 0, NULL, NULL, 'EXECUTIVE_APPROVE'),
(723, 'ธนัญญา ศูนย์คุ้ม', NULL, 1, 13, 1, NULL, '2017-05-23', '/uploads/1495508591.pdf', 236, '2017-05-23', 236, '2017-05-23 03:03:11', 1, 13, 'F', 723, NULL, '/uploads/1495508591.pdf', 'EXECUTIVE_APPROVE'),
(724, 'ไพรัตน์ มุณี', NULL, 1, 1, 1, NULL, '2017-05-23', NULL, 195, '2017-05-23', 195, '2017-05-23 03:03:15', 1, 1, 'T', 0, NULL, NULL, 'EXECUTIVE_APPROVE'),
(725, 'ธนัญญา ศูนย์คุ้ม', NULL, 1, NULL, 1, NULL, '2017-05-23', '/uploads/1495508649.pdf', NULL, NULL, 236, '2017-05-23 03:04:09', 2, 13, 'T', 723, NULL, '/uploads/1495508649.pdf', 'EXECUTIVE_APPROVE'),
(726, 'นางสาวบังอร  แกมรัมย์', 'การอบรมความปลอดภัยเบื้องต้น', NULL, 13, NULL, 'ภาควิชารังสีวิทยา คณะแพทยศาสตร์ศิริราชพยาบาล', '2017-05-24', NULL, 236, '2017-05-23', 236, '2017-05-23 03:05:32', 1, 13, 'T', 0, NULL, NULL, 'EXECUTIVE_APPROVE'),
(727, 'นางสาวสุพัตรา  ชาวสวน', 'การอบรมความปลอดภัยเบื้องต้น', NULL, 13, NULL, 'ภาควิชารังสีวิทยา คณะแพทยศาสตร์ศิริราชพยาบาล', '2017-05-24', NULL, 236, '2017-05-23', 236, '2017-05-23 03:05:32', 1, 13, 'T', 0, NULL, NULL, 'EXECUTIVE_APPROVE'),
(728, 'นางสาวมัลลิกา  ศรีชมพู', 'การอบรมความปลอดภัยเบื้องต้น', NULL, 13, NULL, 'ภาควิชารังสีวิทยา คณะแพทยศาสตร์ศิริราชพยาบาล', '2017-05-24', NULL, 236, '2017-05-23', 236, '2017-05-23 03:05:32', 1, 13, 'T', 0, NULL, NULL, 'EXECUTIVE_APPROVE'),
(729, 'นางสาวถิรวรรณ  บุญวงศ์', 'การอบรมความปลอดภัยเบื้องต้น', NULL, 13, NULL, 'ภาควิชารังสีวิทยา คณะแพทยศาสตร์ศิริราชพยาบาล', '2017-05-24', NULL, 236, '2017-05-23', 236, '2017-05-23 03:05:32', 1, 13, 'T', 0, NULL, NULL, 'EXECUTIVE_APPROVE'),
(730, 'นายภาวิน  วิจิตราการ', 'การอบรมความปลอดภัยเบื้องต้น', NULL, 13, NULL, 'ภาควิชารังสีวิทยา คณะแพทยศาสตร์ศิริราชพยาบาล', '2017-05-24', NULL, 236, '2017-05-23', 236, '2017-05-23 03:05:32', 1, 13, 'T', 0, NULL, NULL, 'EXECUTIVE_APPROVE'),
(731, 'นายพงษ์อิสรา  ร้อยลาบ', 'การอบรมความปลอดภัยเบื้องต้น', NULL, 13, NULL, 'ภาควิชารังสีวิทยา คณะแพทยศาสตร์ศิริราชพยาบาล', '2017-05-24', NULL, 236, '2017-05-23', 236, '2017-05-23 03:05:32', 1, 13, 'T', 0, NULL, NULL, 'EXECUTIVE_APPROVE'),
(732, 'นางสาวสภาพร  ทองดี', 'การอบรมความปลอดภัยเบื้องต้น', NULL, 13, NULL, 'ภาควิชารังสีวิทยา คณะแพทยศาสตร์ศิริราชพยาบาล', '2017-05-24', NULL, 236, '2017-05-23', 236, '2017-05-23 03:05:32', 1, 13, 'T', 0, NULL, NULL, 'EXECUTIVE_APPROVE'),
(733, 'นางสาวพิชญาภรณ์  รักเรียน', 'การอบรมความปลอดภัยเบื้องต้น', NULL, 13, NULL, 'ภาควิชารังสีวิทยา คณะแพทยศาสตร์ศิริราชพยาบาล', '2017-05-24', NULL, 236, '2017-05-23', 236, '2017-05-23 03:05:32', 1, 13, 'T', 0, NULL, NULL, 'EXECUTIVE_APPROVE'),
(734, 'นายกวิน  ศรีแก้ว', 'การอบรมความปลอดภัยเบื้องต้น', NULL, 13, NULL, 'ภาควิชารังสีวิทยา คณะแพทยศาสตร์ศิริราชพยาบาล', '2017-05-24', NULL, 236, '2017-05-23', 236, '2017-05-23 03:05:32', 1, 13, 'T', 0, NULL, NULL, 'EXECUTIVE_APPROVE'),
(735, NULL, NULL, NULL, 13, NULL, NULL, NULL, NULL, 236, '2017-05-23', 236, '2017-05-23 03:05:32', 1, 13, 'T', 0, NULL, NULL, 'EXECUTIVE_APPROVE'),
(736, NULL, NULL, NULL, 13, NULL, NULL, NULL, NULL, 236, '2017-05-23', 236, '2017-05-23 03:05:32', 1, 13, 'T', 0, NULL, NULL, 'EXECUTIVE_APPROVE'),
(737, NULL, NULL, NULL, 13, NULL, NULL, NULL, NULL, 236, '2017-05-23', 236, '2017-05-23 03:05:32', 1, 13, 'T', 0, NULL, NULL, 'EXECUTIVE_APPROVE'),
(738, NULL, NULL, NULL, 13, NULL, NULL, NULL, NULL, 236, '2017-05-23', 236, '2017-05-23 03:05:32', 1, 13, 'T', 0, NULL, NULL, 'EXECUTIVE_APPROVE'),
(739, NULL, NULL, NULL, 13, NULL, NULL, NULL, NULL, 236, '2017-05-23', 236, '2017-05-23 03:05:32', 1, 13, 'T', 0, NULL, NULL, 'EXECUTIVE_APPROVE'),
(740, NULL, NULL, NULL, 13, NULL, NULL, NULL, NULL, 236, '2017-05-23', 236, '2017-05-23 03:05:32', 1, 13, 'T', 0, NULL, NULL, 'EXECUTIVE_APPROVE'),
(741, NULL, NULL, NULL, 13, NULL, NULL, NULL, NULL, 236, '2017-05-23', 236, '2017-05-23 03:05:32', 1, 13, 'T', 0, NULL, NULL, 'EXECUTIVE_APPROVE'),
(742, NULL, NULL, NULL, 13, NULL, NULL, NULL, NULL, 236, '2017-05-23', 236, '2017-05-23 03:05:32', 1, 13, 'T', 0, NULL, NULL, 'EXECUTIVE_APPROVE'),
(743, NULL, NULL, NULL, 13, NULL, NULL, NULL, NULL, 236, '2017-05-23', 236, '2017-05-23 03:05:32', 1, 13, 'T', 0, NULL, NULL, 'EXECUTIVE_APPROVE'),
(744, NULL, NULL, NULL, 13, NULL, NULL, NULL, NULL, 236, '2017-05-23', 236, '2017-05-23 03:05:32', 1, 13, 'T', 0, NULL, NULL, 'EXECUTIVE_APPROVE'),
(745, 'นางสาวบังอร  แกมรัมย์', 'การอบรมความปลอดภัยเบื้องต้น', NULL, 13, NULL, 'ภาควิชารังสีวิทยา คณะแพทยศาสตร์ศิริราชพยาบาล', '2017-05-24', NULL, 236, '2017-05-23', 236, '2017-05-23 03:06:02', 1, 13, 'T', 0, NULL, NULL, 'EXECUTIVE_APPROVE'),
(746, 'นางสาวสุพัตรา  ชาวสวน', 'การอบรมความปลอดภัยเบื้องต้น', NULL, 13, NULL, 'ภาควิชารังสีวิทยา คณะแพทยศาสตร์ศิริราชพยาบาล', '2017-05-24', NULL, 236, '2017-05-23', 236, '2017-05-23 03:06:02', 1, 13, 'T', 0, NULL, NULL, 'EXECUTIVE_APPROVE'),
(747, 'นางสาวมัลลิกา  ศรีชมพู', 'การอบรมความปลอดภัยเบื้องต้น', NULL, 13, NULL, 'ภาควิชารังสีวิทยา คณะแพทยศาสตร์ศิริราชพยาบาล', '2017-05-24', NULL, 236, '2017-05-23', 236, '2017-05-23 03:06:02', 1, 13, 'T', 0, NULL, NULL, 'EXECUTIVE_APPROVE'),
(748, 'นางสาวถิรวรรณ  บุญวงศ์', 'การอบรมความปลอดภัยเบื้องต้น', NULL, 13, NULL, 'ภาควิชารังสีวิทยา คณะแพทยศาสตร์ศิริราชพยาบาล', '2017-05-24', NULL, 236, '2017-05-23', 236, '2017-05-23 03:06:02', 1, 13, 'T', 0, NULL, NULL, 'EXECUTIVE_APPROVE'),
(749, 'นายภาวิน  วิจิตราการ', 'การอบรมความปลอดภัยเบื้องต้น', NULL, 13, NULL, 'ภาควิชารังสีวิทยา คณะแพทยศาสตร์ศิริราชพยาบาล', '2017-05-24', NULL, 236, '2017-05-23', 236, '2017-05-23 03:06:02', 1, 13, 'T', 0, NULL, NULL, 'EXECUTIVE_APPROVE'),
(750, 'นายพงษ์อิสรา  ร้อยลาบ', 'การอบรมความปลอดภัยเบื้องต้น', NULL, 13, NULL, 'ภาควิชารังสีวิทยา คณะแพทยศาสตร์ศิริราชพยาบาล', '2017-05-24', NULL, 236, '2017-05-23', 236, '2017-05-23 03:06:02', 1, 13, 'T', 0, NULL, NULL, 'EXECUTIVE_APPROVE'),
(751, 'นางสาวสภาพร  ทองดี', 'การอบรมความปลอดภัยเบื้องต้น', NULL, 13, NULL, 'ภาควิชารังสีวิทยา คณะแพทยศาสตร์ศิริราชพยาบาล', '2017-05-24', NULL, 236, '2017-05-23', 236, '2017-05-23 03:06:02', 1, 13, 'T', 0, NULL, NULL, 'EXECUTIVE_APPROVE'),
(752, 'นางสาวพิชญาภรณ์  รักเรียน', 'การอบรมความปลอดภัยเบื้องต้น', NULL, 13, NULL, 'ภาควิชารังสีวิทยา คณะแพทยศาสตร์ศิริราชพยาบาล', '2017-05-24', NULL, 236, '2017-05-23', 236, '2017-05-23 03:06:02', 1, 13, 'T', 0, NULL, NULL, 'EXECUTIVE_APPROVE'),
(753, 'นายกวิน  ศรีแก้ว', 'การอบรมความปลอดภัยเบื้องต้น', NULL, 13, NULL, 'ภาควิชารังสีวิทยา คณะแพทยศาสตร์ศิริราชพยาบาล', '2017-05-24', NULL, 236, '2017-05-23', 236, '2017-05-23 03:06:02', 1, 13, 'T', 0, NULL, NULL, 'EXECUTIVE_APPROVE'),
(754, NULL, NULL, NULL, 13, NULL, NULL, NULL, NULL, 236, '2017-05-23', 236, '2017-05-23 03:06:02', 1, 13, 'T', 0, NULL, NULL, 'EXECUTIVE_APPROVE'),
(755, NULL, NULL, NULL, 13, NULL, NULL, NULL, NULL, 236, '2017-05-23', 236, '2017-05-23 03:06:02', 1, 13, 'T', 0, NULL, NULL, 'EXECUTIVE_APPROVE'),
(756, NULL, NULL, NULL, 13, NULL, NULL, NULL, NULL, 236, '2017-05-23', 236, '2017-05-23 03:06:02', 1, 13, 'T', 0, NULL, NULL, 'EXECUTIVE_APPROVE'),
(757, NULL, NULL, NULL, 13, NULL, NULL, NULL, NULL, 236, '2017-05-23', 236, '2017-05-23 03:06:02', 1, 13, 'T', 0, NULL, NULL, 'EXECUTIVE_APPROVE'),
(758, NULL, NULL, NULL, 13, NULL, NULL, NULL, NULL, 236, '2017-05-23', 236, '2017-05-23 03:06:02', 1, 13, 'T', 0, NULL, NULL, 'EXECUTIVE_APPROVE'),
(759, NULL, NULL, NULL, 13, NULL, NULL, NULL, NULL, 236, '2017-05-23', 236, '2017-05-23 03:06:02', 1, 13, 'T', 0, NULL, NULL, 'EXECUTIVE_APPROVE'),
(760, NULL, NULL, NULL, 13, NULL, NULL, NULL, NULL, 236, '2017-05-23', 236, '2017-05-23 03:06:02', 1, 13, 'T', 0, NULL, NULL, 'EXECUTIVE_APPROVE'),
(761, NULL, NULL, NULL, 13, NULL, NULL, NULL, NULL, 236, '2017-05-23', 236, '2017-05-23 03:06:02', 1, 13, 'T', 0, NULL, NULL, 'EXECUTIVE_APPROVE'),
(762, NULL, NULL, NULL, 13, NULL, NULL, NULL, NULL, 236, '2017-05-23', 236, '2017-05-23 03:06:02', 1, 13, 'T', 0, NULL, NULL, 'EXECUTIVE_APPROVE'),
(763, NULL, NULL, NULL, 13, NULL, NULL, NULL, NULL, 236, '2017-05-23', 236, '2017-05-23 03:06:02', 1, 13, 'T', 0, NULL, NULL, 'EXECUTIVE_APPROVE'),
(764, 'นางกุลธิดา  โพธิ์แดง', NULL, 1, 5, 5, NULL, '2017-05-23', '/uploads/1495508808.pdf', 215, '2017-05-23', 215, '2017-05-23 03:06:47', 1, 5, 'F', 764, NULL, '/uploads/1495508808.pdf', 'EXECUTIVE_APPROVE'),
(765, 'ธนัญญา ศูนย์คุ้ม', NULL, 1, 13, 1, NULL, '2017-05-23', '/uploads/1495508861.pdf', 236, '2017-05-23', 236, '2017-05-23 03:07:41', 1, 13, 'T', 0, NULL, '/uploads/1495508861.pdf', 'EXECUTIVE_APPROVE'),
(766, 'นางสาวบังอร  แกมรัมย์', 'การอบรมความปลอดภัยเบื้องต้น', NULL, 13, NULL, 'ภาควิชารังสีวิทยา คณะแพทยศาสตร์ศิริราชพยาบาล', '2017-05-24', NULL, 236, '2017-05-23', 236, '2017-05-23 03:07:52', 1, 13, 'T', 0, NULL, NULL, 'EXECUTIVE_APPROVE'),
(767, 'นางสาวสุพัตรา  ชาวสวน', 'การอบรมความปลอดภัยเบื้องต้น', NULL, 13, NULL, 'ภาควิชารังสีวิทยา คณะแพทยศาสตร์ศิริราชพยาบาล', '2017-05-24', NULL, 236, '2017-05-23', 236, '2017-05-23 03:07:52', 1, 13, 'T', 0, NULL, NULL, 'EXECUTIVE_APPROVE'),
(768, 'นางสาวมัลลิกา  ศรีชมพู', 'การอบรมความปลอดภัยเบื้องต้น', NULL, 13, NULL, 'ภาควิชารังสีวิทยา คณะแพทยศาสตร์ศิริราชพยาบาล', '2017-05-24', NULL, 236, '2017-05-23', 236, '2017-05-23 03:07:52', 1, 13, 'T', 0, NULL, NULL, 'EXECUTIVE_APPROVE'),
(769, 'นางสาวถิรวรรณ  บุญวงศ์', 'การอบรมความปลอดภัยเบื้องต้น', NULL, 13, NULL, 'ภาควิชารังสีวิทยา คณะแพทยศาสตร์ศิริราชพยาบาล', '2017-05-24', NULL, 236, '2017-05-23', 236, '2017-05-23 03:07:52', 1, 13, 'T', 0, NULL, NULL, 'EXECUTIVE_APPROVE'),
(770, 'นายภาวิน  วิจิตราการ', 'การอบรมความปลอดภัยเบื้องต้น', NULL, 13, NULL, 'ภาควิชารังสีวิทยา คณะแพทยศาสตร์ศิริราชพยาบาล', '2017-05-24', NULL, 236, '2017-05-23', 236, '2017-05-23 03:07:52', 1, 13, 'T', 0, NULL, NULL, 'EXECUTIVE_APPROVE'),
(771, 'นายพงษ์อิสรา  ร้อยลาบ', 'การอบรมความปลอดภัยเบื้องต้น', NULL, 13, NULL, 'ภาควิชารังสีวิทยา คณะแพทยศาสตร์ศิริราชพยาบาล', '2017-05-24', NULL, 236, '2017-05-23', 236, '2017-05-23 03:07:52', 1, 13, 'T', 0, NULL, NULL, 'EXECUTIVE_APPROVE'),
(772, 'นางสาวสภาพร  ทองดี', 'การอบรมความปลอดภัยเบื้องต้น', NULL, 13, NULL, 'ภาควิชารังสีวิทยา คณะแพทยศาสตร์ศิริราชพยาบาล', '2017-05-24', NULL, 236, '2017-05-23', 236, '2017-05-23 03:07:52', 1, 13, 'T', 0, NULL, NULL, 'EXECUTIVE_APPROVE'),
(773, 'นางสาวพิชญาภรณ์  รักเรียน', 'การอบรมความปลอดภัยเบื้องต้น', NULL, 13, NULL, 'ภาควิชารังสีวิทยา คณะแพทยศาสตร์ศิริราชพยาบาล', '2017-05-24', NULL, 236, '2017-05-23', 236, '2017-05-23 03:07:52', 1, 13, 'T', 0, NULL, NULL, 'EXECUTIVE_APPROVE'),
(774, 'นายกวิน  ศรีแก้ว', 'การอบรมความปลอดภัยเบื้องต้น', NULL, 13, NULL, 'ภาควิชารังสีวิทยา คณะแพทยศาสตร์ศิริราชพยาบาล', '2017-05-24', NULL, 236, '2017-05-23', 236, '2017-05-23 03:07:52', 1, 13, 'T', 0, NULL, NULL, 'EXECUTIVE_APPROVE'),
(775, NULL, NULL, NULL, 13, NULL, NULL, NULL, NULL, 236, '2017-05-23', 236, '2017-05-23 03:07:52', 1, 13, 'T', 0, NULL, NULL, 'EXECUTIVE_APPROVE'),
(776, NULL, NULL, NULL, 13, NULL, NULL, NULL, NULL, 236, '2017-05-23', 236, '2017-05-23 03:07:52', 1, 13, 'T', 0, NULL, NULL, 'EXECUTIVE_APPROVE'),
(777, NULL, NULL, NULL, 13, NULL, NULL, NULL, NULL, 236, '2017-05-23', 236, '2017-05-23 03:07:52', 1, 13, 'T', 0, NULL, NULL, 'EXECUTIVE_APPROVE'),
(778, NULL, NULL, NULL, 13, NULL, NULL, NULL, NULL, 236, '2017-05-23', 236, '2017-05-23 03:07:52', 1, 13, 'T', 0, NULL, NULL, 'EXECUTIVE_APPROVE'),
(779, NULL, NULL, NULL, 13, NULL, NULL, NULL, NULL, 236, '2017-05-23', 236, '2017-05-23 03:07:52', 1, 13, 'T', 0, NULL, NULL, 'EXECUTIVE_APPROVE'),
(780, NULL, NULL, NULL, 13, NULL, NULL, NULL, NULL, 236, '2017-05-23', 236, '2017-05-23 03:07:52', 1, 13, 'T', 0, NULL, NULL, 'EXECUTIVE_APPROVE'),
(781, NULL, NULL, NULL, 13, NULL, NULL, NULL, NULL, 236, '2017-05-23', 236, '2017-05-23 03:07:52', 1, 13, 'T', 0, NULL, NULL, 'EXECUTIVE_APPROVE'),
(782, NULL, NULL, NULL, 13, NULL, NULL, NULL, NULL, 236, '2017-05-23', 236, '2017-05-23 03:07:52', 1, 13, 'T', 0, NULL, NULL, 'EXECUTIVE_APPROVE'),
(783, NULL, NULL, NULL, 13, NULL, NULL, NULL, NULL, 236, '2017-05-23', 236, '2017-05-23 03:07:52', 1, 13, 'T', 0, NULL, NULL, 'EXECUTIVE_APPROVE'),
(784, NULL, NULL, NULL, 13, NULL, NULL, NULL, NULL, 236, '2017-05-23', 236, '2017-05-23 03:07:52', 1, 13, 'T', 0, NULL, NULL, 'EXECUTIVE_APPROVE'),
(785, 'ณัฐชัย', NULL, 1, 7, 1, NULL, '2017-05-23', '/uploads/1495508977.pdf', 223, '2017-05-23', 223, '2017-05-23 03:09:37', 1, 7, 'T', 0, NULL, '/uploads/1495508977.pdf', 'EXECUTIVE_APPROVE'),
(786, 'นางสาวบังอร  แกมรัมย์', 'การอบรมความปลอดภัยเบื้องต้น', NULL, 7, NULL, 'ภาควิชารังสีวิทยา คณะแพทยศาสตร์ศิริราชพยาบาล', '2017-05-24', NULL, 223, '2017-05-23', 223, '2017-05-23 03:10:10', 1, 7, 'T', 0, NULL, NULL, 'EXECUTIVE_APPROVE'),
(787, 'นางสาวสุพัตรา  ชาวสวน', 'การอบรมความปลอดภัยเบื้องต้น', NULL, 7, NULL, 'ภาควิชารังสีวิทยา คณะแพทยศาสตร์ศิริราชพยาบาล', '2017-05-24', NULL, 223, '2017-05-23', 223, '2017-05-23 03:10:10', 1, 7, 'T', 0, NULL, NULL, 'EXECUTIVE_APPROVE'),
(788, 'นางสาวมัลลิกา  ศรีชมพู', 'การอบรมความปลอดภัยเบื้องต้น', NULL, 7, NULL, 'ภาควิชารังสีวิทยา คณะแพทยศาสตร์ศิริราชพยาบาล', '2017-05-24', NULL, 223, '2017-05-23', 223, '2017-05-23 03:10:10', 1, 7, 'T', 0, NULL, NULL, 'EXECUTIVE_APPROVE'),
(789, 'นางสาวถิรวรรณ  บุญวงศ์', 'การอบรมความปลอดภัยเบื้องต้น', NULL, 7, NULL, 'ภาควิชารังสีวิทยา คณะแพทยศาสตร์ศิริราชพยาบาล', '2017-05-24', NULL, 223, '2017-05-23', 223, '2017-05-23 03:10:10', 1, 7, 'T', 0, NULL, NULL, 'EXECUTIVE_APPROVE'),
(790, 'นายภาวิน  วิจิตราการ', 'การอบรมความปลอดภัยเบื้องต้น', NULL, 7, NULL, 'ภาควิชารังสีวิทยา คณะแพทยศาสตร์ศิริราชพยาบาล', '2017-05-24', NULL, 223, '2017-05-23', 223, '2017-05-23 03:10:10', 1, 7, 'T', 0, NULL, NULL, 'EXECUTIVE_APPROVE'),
(791, 'นายพงษ์อิสรา  ร้อยลาบ', 'การอบรมความปลอดภัยเบื้องต้น', NULL, 7, NULL, 'ภาควิชารังสีวิทยา คณะแพทยศาสตร์ศิริราชพยาบาล', '2017-05-24', NULL, 223, '2017-05-23', 223, '2017-05-23 03:10:10', 1, 7, 'T', 0, NULL, NULL, 'EXECUTIVE_APPROVE'),
(792, 'นางสาวสภาพร  ทองดี', 'การอบรมความปลอดภัยเบื้องต้น', NULL, 7, NULL, 'ภาควิชารังสีวิทยา คณะแพทยศาสตร์ศิริราชพยาบาล', '2017-05-24', NULL, 223, '2017-05-23', 223, '2017-05-23 03:10:10', 1, 7, 'T', 0, NULL, NULL, 'EXECUTIVE_APPROVE'),
(793, 'นางสาวพิชญาภรณ์  รักเรียน', 'การอบรมความปลอดภัยเบื้องต้น', NULL, 7, NULL, 'ภาควิชารังสีวิทยา คณะแพทยศาสตร์ศิริราชพยาบาล', '2017-05-24', NULL, 223, '2017-05-23', 223, '2017-05-23 03:10:10', 1, 7, 'T', 0, NULL, NULL, 'EXECUTIVE_APPROVE'),
(794, 'นายกวิน  ศรีแก้ว', 'การอบรมความปลอดภัยเบื้องต้น', NULL, 7, NULL, 'ภาควิชารังสีวิทยา คณะแพทยศาสตร์ศิริราชพยาบาล', '2017-05-24', NULL, 223, '2017-05-23', 223, '2017-05-23 03:10:10', 1, 7, 'T', 0, NULL, NULL, 'EXECUTIVE_APPROVE'),
(795, NULL, NULL, NULL, 7, NULL, NULL, NULL, NULL, 223, '2017-05-23', 223, '2017-05-23 03:10:10', 1, 7, 'T', 0, NULL, NULL, 'EXECUTIVE_APPROVE'),
(796, NULL, NULL, NULL, 7, NULL, NULL, NULL, NULL, 223, '2017-05-23', 223, '2017-05-23 03:10:10', 1, 7, 'T', 0, NULL, NULL, 'EXECUTIVE_APPROVE'),
(797, NULL, NULL, NULL, 7, NULL, NULL, NULL, NULL, 223, '2017-05-23', 223, '2017-05-23 03:10:10', 1, 7, 'T', 0, NULL, NULL, 'EXECUTIVE_APPROVE'),
(798, NULL, NULL, NULL, 7, NULL, NULL, NULL, NULL, 223, '2017-05-23', 223, '2017-05-23 03:10:10', 1, 7, 'T', 0, NULL, NULL, 'EXECUTIVE_APPROVE'),
(799, NULL, NULL, NULL, 7, NULL, NULL, NULL, NULL, 223, '2017-05-23', 223, '2017-05-23 03:10:10', 1, 7, 'T', 0, NULL, NULL, 'EXECUTIVE_APPROVE'),
(800, NULL, NULL, NULL, 7, NULL, NULL, NULL, NULL, 223, '2017-05-23', 223, '2017-05-23 03:10:10', 1, 7, 'T', 0, NULL, NULL, 'EXECUTIVE_APPROVE'),
(801, NULL, NULL, NULL, 7, NULL, NULL, NULL, NULL, 223, '2017-05-23', 223, '2017-05-23 03:10:10', 1, 7, 'T', 0, NULL, NULL, 'EXECUTIVE_APPROVE'),
(802, NULL, NULL, NULL, 7, NULL, NULL, NULL, NULL, 223, '2017-05-23', 223, '2017-05-23 03:10:10', 1, 7, 'T', 0, NULL, NULL, 'EXECUTIVE_APPROVE'),
(803, NULL, NULL, NULL, 7, NULL, NULL, NULL, NULL, 223, '2017-05-23', 223, '2017-05-23 03:10:10', 1, 7, 'T', 0, NULL, NULL, 'EXECUTIVE_APPROVE'),
(804, NULL, NULL, NULL, 7, NULL, NULL, NULL, NULL, 223, '2017-05-23', 223, '2017-05-23 03:10:10', 1, 7, 'T', 0, NULL, NULL, 'EXECUTIVE_APPROVE'),
(805, 'นางสาวบังอร  แกมรัมย์', 'การอบรมความปลอดภัยเบื้องต้น', NULL, 3, NULL, 'ภาควิชารังสีวิทยา คณะแพทยศาสตร์ศิริราชพยาบาล', '2017-05-24', NULL, 210, '2017-05-23', 210, '2017-05-23 03:11:15', 1, 3, 'T', 0, NULL, NULL, 'EXECUTIVE_APPROVE'),
(806, 'นางสาวสุพัตรา  ชาวสวน', 'การอบรมความปลอดภัยเบื้องต้น', NULL, 3, NULL, 'ภาควิชารังสีวิทยา คณะแพทยศาสตร์ศิริราชพยาบาล', '2017-05-24', NULL, 210, '2017-05-23', 210, '2017-05-23 03:11:15', 1, 3, 'T', 0, NULL, NULL, 'EXECUTIVE_APPROVE'),
(807, 'นางสาวมัลลิกา  ศรีชมพู', 'การอบรมความปลอดภัยเบื้องต้น', NULL, 3, NULL, 'ภาควิชารังสีวิทยา คณะแพทยศาสตร์ศิริราชพยาบาล', '2017-05-24', NULL, 210, '2017-05-23', 210, '2017-05-23 03:11:15', 1, 3, 'T', 0, NULL, NULL, 'EXECUTIVE_APPROVE'),
(808, 'นางสาวถิรวรรณ  บุญวงศ์', 'การอบรมความปลอดภัยเบื้องต้น', NULL, 3, NULL, 'ภาควิชารังสีวิทยา คณะแพทยศาสตร์ศิริราชพยาบาล', '2017-05-24', NULL, 210, '2017-05-23', 210, '2017-05-23 03:11:15', 1, 3, 'T', 0, NULL, NULL, 'EXECUTIVE_APPROVE'),
(809, 'นายภาวิน  วิจิตราการ', 'การอบรมความปลอดภัยเบื้องต้น', NULL, 3, NULL, 'ภาควิชารังสีวิทยา คณะแพทยศาสตร์ศิริราชพยาบาล', '2017-05-24', NULL, 210, '2017-05-23', 210, '2017-05-23 03:11:15', 1, 3, 'T', 0, NULL, NULL, 'EXECUTIVE_APPROVE'),
(810, 'นายพงษ์อิสรา  ร้อยลาบ', 'การอบรมความปลอดภัยเบื้องต้น', NULL, 3, NULL, 'ภาควิชารังสีวิทยา คณะแพทยศาสตร์ศิริราชพยาบาล', '2017-05-24', NULL, 210, '2017-05-23', 210, '2017-05-23 03:11:15', 1, 3, 'T', 0, NULL, NULL, 'EXECUTIVE_APPROVE'),
(811, 'นางสาวสภาพร  ทองดี', 'การอบรมความปลอดภัยเบื้องต้น', NULL, 3, NULL, 'ภาควิชารังสีวิทยา คณะแพทยศาสตร์ศิริราชพยาบาล', '2017-05-24', NULL, 210, '2017-05-23', 210, '2017-05-23 03:11:15', 1, 3, 'T', 0, NULL, NULL, 'EXECUTIVE_APPROVE'),
(812, 'นางสาวพิชญาภรณ์  รักเรียน', 'การอบรมความปลอดภัยเบื้องต้น', NULL, 3, NULL, 'ภาควิชารังสีวิทยา คณะแพทยศาสตร์ศิริราชพยาบาล', '2017-05-24', NULL, 210, '2017-05-23', 210, '2017-05-23 03:11:15', 1, 3, 'T', 0, NULL, NULL, 'EXECUTIVE_APPROVE'),
(813, 'นายกวิน  ศรีแก้ว', 'การอบรมความปลอดภัยเบื้องต้น', NULL, 3, NULL, 'ภาควิชารังสีวิทยา คณะแพทยศาสตร์ศิริราชพยาบาล', '2017-05-24', NULL, 210, '2017-05-23', 210, '2017-05-23 03:11:15', 1, 3, 'T', 0, NULL, NULL, 'EXECUTIVE_APPROVE'),
(814, NULL, NULL, NULL, 3, NULL, NULL, NULL, NULL, 210, '2017-05-23', 210, '2017-05-23 03:11:15', 1, 3, 'T', 0, NULL, NULL, 'EXECUTIVE_APPROVE'),
(815, NULL, NULL, NULL, 3, NULL, NULL, NULL, NULL, 210, '2017-05-23', 210, '2017-05-23 03:11:15', 1, 3, 'T', 0, NULL, NULL, 'EXECUTIVE_APPROVE'),
(816, NULL, NULL, NULL, 3, NULL, NULL, NULL, NULL, 210, '2017-05-23', 210, '2017-05-23 03:11:15', 1, 3, 'T', 0, NULL, NULL, 'EXECUTIVE_APPROVE'),
(817, NULL, NULL, NULL, 3, NULL, NULL, NULL, NULL, 210, '2017-05-23', 210, '2017-05-23 03:11:15', 1, 3, 'T', 0, NULL, NULL, 'EXECUTIVE_APPROVE'),
(818, NULL, NULL, NULL, 3, NULL, NULL, NULL, NULL, 210, '2017-05-23', 210, '2017-05-23 03:11:15', 1, 3, 'T', 0, NULL, NULL, 'EXECUTIVE_APPROVE'),
(819, NULL, NULL, NULL, 3, NULL, NULL, NULL, NULL, 210, '2017-05-23', 210, '2017-05-23 03:11:15', 1, 3, 'T', 0, NULL, NULL, 'EXECUTIVE_APPROVE'),
(820, NULL, NULL, NULL, 3, NULL, NULL, NULL, NULL, 210, '2017-05-23', 210, '2017-05-23 03:11:15', 1, 3, 'T', 0, NULL, NULL, 'EXECUTIVE_APPROVE'),
(821, NULL, NULL, NULL, 3, NULL, NULL, NULL, NULL, 210, '2017-05-23', 210, '2017-05-23 03:11:15', 1, 3, 'T', 0, NULL, NULL, 'EXECUTIVE_APPROVE'),
(822, NULL, NULL, NULL, 3, NULL, NULL, NULL, NULL, 210, '2017-05-23', 210, '2017-05-23 03:11:15', 1, 3, 'T', 0, NULL, NULL, 'EXECUTIVE_APPROVE'),
(823, NULL, NULL, NULL, 3, NULL, NULL, NULL, NULL, 210, '2017-05-23', 210, '2017-05-23 03:11:15', 1, 3, 'T', 0, NULL, NULL, 'EXECUTIVE_APPROVE'),
(824, 'นางสาวบังอร  แกมรัมย์', 'การอบรมความปลอดภัยเบื้องต้น', NULL, 3, NULL, 'ภาควิชารังสีวิทยา คณะแพทยศาสตร์ศิริราชพยาบาล', '2017-05-24', NULL, 211, '2017-05-23', 211, '2017-05-23 03:12:06', 1, 3, 'T', 0, NULL, NULL, 'EXECUTIVE_APPROVE'),
(825, 'นางสาวสุพัตรา  ชาวสวน', 'การอบรมความปลอดภัยเบื้องต้น', NULL, 3, NULL, 'ภาควิชารังสีวิทยา คณะแพทยศาสตร์ศิริราชพยาบาล', '2017-05-24', NULL, 211, '2017-05-23', 211, '2017-05-23 03:12:06', 1, 3, 'T', 0, NULL, NULL, 'EXECUTIVE_APPROVE'),
(826, 'นางสาวมัลลิกา  ศรีชมพู', 'การอบรมความปลอดภัยเบื้องต้น', NULL, 3, NULL, 'ภาควิชารังสีวิทยา คณะแพทยศาสตร์ศิริราชพยาบาล', '2017-05-24', NULL, 211, '2017-05-23', 211, '2017-05-23 03:12:06', 1, 3, 'T', 0, NULL, NULL, 'EXECUTIVE_APPROVE'),
(827, 'นางสาวถิรวรรณ  บุญวงศ์', 'การอบรมความปลอดภัยเบื้องต้น', NULL, 3, NULL, 'ภาควิชารังสีวิทยา คณะแพทยศาสตร์ศิริราชพยาบาล', '2017-05-24', NULL, 211, '2017-05-23', 211, '2017-05-23 03:12:06', 1, 3, 'T', 0, NULL, NULL, 'EXECUTIVE_APPROVE'),
(828, 'นายภาวิน  วิจิตราการ', 'การอบรมความปลอดภัยเบื้องต้น', NULL, 3, NULL, 'ภาควิชารังสีวิทยา คณะแพทยศาสตร์ศิริราชพยาบาล', '2017-05-24', NULL, 211, '2017-05-23', 211, '2017-05-23 03:12:06', 1, 3, 'T', 0, NULL, NULL, 'EXECUTIVE_APPROVE'),
(829, 'นายพงษ์อิสรา  ร้อยลาบ', 'การอบรมความปลอดภัยเบื้องต้น', NULL, 3, NULL, 'ภาควิชารังสีวิทยา คณะแพทยศาสตร์ศิริราชพยาบาล', '2017-05-24', NULL, 211, '2017-05-23', 211, '2017-05-23 03:12:06', 1, 3, 'T', 0, NULL, NULL, 'EXECUTIVE_APPROVE'),
(830, 'นางสาวสภาพร  ทองดี', 'การอบรมความปลอดภัยเบื้องต้น', NULL, 3, NULL, 'ภาควิชารังสีวิทยา คณะแพทยศาสตร์ศิริราชพยาบาล', '2017-05-24', NULL, 211, '2017-05-23', 211, '2017-05-23 03:12:06', 1, 3, 'T', 0, NULL, NULL, 'EXECUTIVE_APPROVE'),
(831, 'นางสาวพิชญาภรณ์  รักเรียน', 'การอบรมความปลอดภัยเบื้องต้น', NULL, 3, NULL, 'ภาควิชารังสีวิทยา คณะแพทยศาสตร์ศิริราชพยาบาล', '2017-05-24', NULL, 211, '2017-05-23', 211, '2017-05-23 03:12:06', 1, 3, 'T', 0, NULL, NULL, 'EXECUTIVE_APPROVE'),
(832, 'นายกวิน  ศรีแก้ว', 'การอบรมความปลอดภัยเบื้องต้น', NULL, 3, NULL, 'ภาควิชารังสีวิทยา คณะแพทยศาสตร์ศิริราชพยาบาล', '2017-05-24', NULL, 211, '2017-05-23', 211, '2017-05-23 03:12:06', 1, 3, 'T', 0, NULL, NULL, 'EXECUTIVE_APPROVE'),
(833, NULL, NULL, NULL, 3, NULL, NULL, NULL, NULL, 211, '2017-05-23', 211, '2017-05-23 03:12:06', 1, 3, 'T', 0, NULL, NULL, 'EXECUTIVE_APPROVE'),
(834, NULL, NULL, NULL, 3, NULL, NULL, NULL, NULL, 211, '2017-05-23', 211, '2017-05-23 03:12:06', 1, 3, 'T', 0, NULL, NULL, 'EXECUTIVE_APPROVE'),
(835, NULL, NULL, NULL, 3, NULL, NULL, NULL, NULL, 211, '2017-05-23', 211, '2017-05-23 03:12:06', 1, 3, 'T', 0, NULL, NULL, 'EXECUTIVE_APPROVE'),
(836, NULL, NULL, NULL, 3, NULL, NULL, NULL, NULL, 211, '2017-05-23', 211, '2017-05-23 03:12:06', 1, 3, 'T', 0, NULL, NULL, 'EXECUTIVE_APPROVE'),
(837, NULL, NULL, NULL, 3, NULL, NULL, NULL, NULL, 211, '2017-05-23', 211, '2017-05-23 03:12:06', 1, 3, 'T', 0, NULL, NULL, 'EXECUTIVE_APPROVE'),
(838, NULL, NULL, NULL, 3, NULL, NULL, NULL, NULL, 211, '2017-05-23', 211, '2017-05-23 03:12:06', 1, 3, 'T', 0, NULL, NULL, 'EXECUTIVE_APPROVE'),
(839, NULL, NULL, NULL, 3, NULL, NULL, NULL, NULL, 211, '2017-05-23', 211, '2017-05-23 03:12:06', 1, 3, 'T', 0, NULL, NULL, 'EXECUTIVE_APPROVE'),
(840, NULL, NULL, NULL, 3, NULL, NULL, NULL, NULL, 211, '2017-05-23', 211, '2017-05-23 03:12:06', 1, 3, 'T', 0, NULL, NULL, 'EXECUTIVE_APPROVE'),
(841, NULL, NULL, NULL, 3, NULL, NULL, NULL, NULL, 211, '2017-05-23', 211, '2017-05-23 03:12:06', 1, 3, 'T', 0, NULL, NULL, 'EXECUTIVE_APPROVE'),
(842, NULL, NULL, NULL, 3, NULL, NULL, NULL, NULL, 211, '2017-05-23', 211, '2017-05-23 03:12:06', 1, 3, 'T', 0, NULL, NULL, 'EXECUTIVE_APPROVE'),
(843, 'นายณัฐพร ธีระรังสิกุล', NULL, 1, 3, 3, NULL, '2017-05-23', '/uploads/1495509140.pdf', 210, '2017-05-23', 210, '2017-05-23 03:12:19', 1, 3, 'F', 843, NULL, '/uploads/1495509140.xlsx', 'EXECUTIVE_APPROVE'),
(844, 'สมหญิง สว่างสุวรรณ', NULL, 1, 3, 1, NULL, '2017-05-23', '/uploads/1495509175.pdf', 211, '2017-05-23', 211, '2017-05-23 03:12:55', 1, 3, 'F', 844, NULL, '/uploads/1495509175.pdf', 'EXECUTIVE_APPROVE'),
(845, 'นางกุลธิดา  โพธิ์แดง', NULL, 1, NULL, 5, NULL, '2017-05-23', '/uploads/1495508808.pdf', NULL, NULL, 213, '2017-05-23 03:13:36', 2, 5, 'F', 764, NULL, NULL, 'EXECUTIVE_APPROVE'),
(846, 'นางสาวบังอร  แกมรัมย์', 'การอบรมความปลอดภัยเบื้องต้น', NULL, 2, NULL, 'ภาควิชารังสีวิทยา คณะแพทยศาสตร์ศิริราชพยาบาล', '2017-05-24', NULL, 200, '2017-05-23', 200, '2017-05-23 03:14:27', 1, 2, 'T', 0, NULL, NULL, 'EXECUTIVE_APPROVE'),
(847, 'นางสาวสุพัตรา  ชาวสวน', 'การอบรมความปลอดภัยเบื้องต้น', NULL, 2, NULL, 'ภาควิชารังสีวิทยา คณะแพทยศาสตร์ศิริราชพยาบาล', '2017-05-24', NULL, 200, '2017-05-23', 200, '2017-05-23 03:14:27', 1, 2, 'T', 0, NULL, NULL, 'EXECUTIVE_APPROVE'),
(848, 'นางสาวมัลลิกา  ศรีชมพู', 'การอบรมความปลอดภัยเบื้องต้น', NULL, 2, NULL, 'ภาควิชารังสีวิทยา คณะแพทยศาสตร์ศิริราชพยาบาล', '2017-05-24', NULL, 200, '2017-05-23', 200, '2017-05-23 03:14:27', 1, 2, 'T', 0, NULL, NULL, 'EXECUTIVE_APPROVE'),
(849, 'นางสาวถิรวรรณ  บุญวงศ์', 'การอบรมความปลอดภัยเบื้องต้น', NULL, 2, NULL, 'ภาควิชารังสีวิทยา คณะแพทยศาสตร์ศิริราชพยาบาล', '2017-05-24', NULL, 200, '2017-05-23', 200, '2017-05-23 03:14:27', 1, 2, 'T', 0, NULL, NULL, 'EXECUTIVE_APPROVE'),
(850, 'นายภาวิน  วิจิตราการ', 'การอบรมความปลอดภัยเบื้องต้น', NULL, 2, NULL, 'ภาควิชารังสีวิทยา คณะแพทยศาสตร์ศิริราชพยาบาล', '2017-05-24', NULL, 200, '2017-05-23', 200, '2017-05-23 03:14:27', 1, 2, 'T', 0, NULL, NULL, 'EXECUTIVE_APPROVE'),
(851, 'นายพงษ์อิสรา  ร้อยลาบ', 'การอบรมความปลอดภัยเบื้องต้น', NULL, 2, NULL, 'ภาควิชารังสีวิทยา คณะแพทยศาสตร์ศิริราชพยาบาล', '2017-05-24', NULL, 200, '2017-05-23', 200, '2017-05-23 03:14:27', 1, 2, 'T', 0, NULL, NULL, 'EXECUTIVE_APPROVE'),
(852, 'นางสาวสภาพร  ทองดี', 'การอบรมความปลอดภัยเบื้องต้น', NULL, 2, NULL, 'ภาควิชารังสีวิทยา คณะแพทยศาสตร์ศิริราชพยาบาล', '2017-05-24', NULL, 200, '2017-05-23', 200, '2017-05-23 03:14:27', 1, 2, 'T', 0, NULL, NULL, 'EXECUTIVE_APPROVE'),
(853, 'นางสาวพิชญาภรณ์  รักเรียน', 'การอบรมความปลอดภัยเบื้องต้น', NULL, 2, NULL, 'ภาควิชารังสีวิทยา คณะแพทยศาสตร์ศิริราชพยาบาล', '2017-05-24', NULL, 200, '2017-05-23', 200, '2017-05-23 03:14:27', 1, 2, 'T', 0, NULL, NULL, 'EXECUTIVE_APPROVE'),
(854, 'นายกวิน  ศรีแก้ว', 'การอบรมความปลอดภัยเบื้องต้น', NULL, 2, NULL, 'ภาควิชารังสีวิทยา คณะแพทยศาสตร์ศิริราชพยาบาล', '2017-05-24', NULL, 200, '2017-05-23', 200, '2017-05-23 03:14:27', 1, 2, 'T', 0, NULL, NULL, 'EXECUTIVE_APPROVE'),
(855, NULL, NULL, NULL, 2, NULL, NULL, NULL, NULL, 200, '2017-05-23', 200, '2017-05-23 03:14:27', 1, 2, 'D', 0, NULL, NULL, 'EXECUTIVE_APPROVE'),
(856, NULL, NULL, NULL, 2, NULL, NULL, NULL, NULL, 200, '2017-05-23', 200, '2017-05-23 03:14:27', 1, 2, 'D', 0, NULL, NULL, 'EXECUTIVE_APPROVE'),
(857, NULL, NULL, NULL, 2, NULL, NULL, NULL, NULL, 200, '2017-05-23', 200, '2017-05-23 03:14:27', 1, 2, 'D', 0, NULL, NULL, 'EXECUTIVE_APPROVE'),
(858, NULL, NULL, NULL, 2, NULL, NULL, NULL, NULL, 200, '2017-05-23', 200, '2017-05-23 03:14:27', 1, 2, 'D', 0, NULL, NULL, 'EXECUTIVE_APPROVE'),
(859, NULL, NULL, NULL, 2, NULL, NULL, NULL, NULL, 200, '2017-05-23', 200, '2017-05-23 03:14:27', 1, 2, 'D', 0, NULL, NULL, 'EXECUTIVE_APPROVE'),
(860, NULL, NULL, NULL, 2, NULL, NULL, NULL, NULL, 200, '2017-05-23', 200, '2017-05-23 03:14:27', 1, 2, 'D', 0, NULL, NULL, 'EXECUTIVE_APPROVE'),
(861, NULL, NULL, NULL, 2, NULL, NULL, NULL, NULL, 200, '2017-05-23', 200, '2017-05-23 03:14:27', 1, 2, 'D', 0, NULL, NULL, 'EXECUTIVE_APPROVE'),
(862, NULL, NULL, NULL, 2, NULL, NULL, NULL, NULL, 200, '2017-05-23', 200, '2017-05-23 03:14:27', 1, 2, 'D', 0, NULL, NULL, 'EXECUTIVE_APPROVE'),
(863, NULL, NULL, NULL, 2, NULL, NULL, NULL, NULL, 200, '2017-05-23', 200, '2017-05-23 03:14:27', 1, 2, 'D', 0, NULL, NULL, 'EXECUTIVE_APPROVE'),
(864, NULL, NULL, NULL, 2, NULL, NULL, NULL, NULL, 200, '2017-05-23', 200, '2017-05-23 03:14:27', 1, 2, 'D', 0, NULL, NULL, 'EXECUTIVE_APPROVE'),
(865, 'คำมุก ครองยุทธ', NULL, 1, 1, 1, NULL, '2017-05-23', '/uploads/1495509409.pdf', 273, '2017-05-23', 273, '2017-05-23 03:16:49', 1, 1, 'T', 0, NULL, '/uploads/1495509409.pdf', 'EXECUTIVE_APPROVE'),
(866, 'นางสาวบังอร  แกมรัมย์', 'การอบรมความปลอดภัยเบื้องต้น', NULL, 1, NULL, 'ภาควิชารังสีวิทยา คณะแพทยศาสตร์ศิริราชพยาบาล', '2017-05-24', NULL, 273, '2017-05-23', 273, '2017-05-23 03:17:08', 1, 1, 'T', 0, NULL, NULL, 'EXECUTIVE_APPROVE'),
(867, 'นางสาวสุพัตรา  ชาวสวน', 'การอบรมความปลอดภัยเบื้องต้น', NULL, 1, NULL, 'ภาควิชารังสีวิทยา คณะแพทยศาสตร์ศิริราชพยาบาล', '2017-05-24', NULL, 273, '2017-05-23', 273, '2017-05-23 03:17:08', 1, 1, 'T', 0, NULL, NULL, 'EXECUTIVE_APPROVE'),
(868, 'นางสาวมัลลิกา  ศรีชมพู', 'การอบรมความปลอดภัยเบื้องต้น', NULL, 1, NULL, 'ภาควิชารังสีวิทยา คณะแพทยศาสตร์ศิริราชพยาบาล', '2017-05-24', NULL, 273, '2017-05-23', 273, '2017-05-23 03:17:08', 1, 1, 'T', 0, NULL, NULL, 'EXECUTIVE_APPROVE'),
(869, 'นางสาวถิรวรรณ  บุญวงศ์', 'การอบรมความปลอดภัยเบื้องต้น', NULL, 1, NULL, 'ภาควิชารังสีวิทยา คณะแพทยศาสตร์ศิริราชพยาบาล', '2017-05-24', NULL, 273, '2017-05-23', 273, '2017-05-23 03:17:08', 1, 1, 'T', 0, NULL, NULL, 'EXECUTIVE_APPROVE'),
(870, 'นายภาวิน  วิจิตราการ', 'การอบรมความปลอดภัยเบื้องต้น', NULL, 1, NULL, 'ภาควิชารังสีวิทยา คณะแพทยศาสตร์ศิริราชพยาบาล', '2017-05-24', NULL, 273, '2017-05-23', 273, '2017-05-23 03:17:08', 1, 1, 'T', 0, NULL, NULL, 'EXECUTIVE_APPROVE'),
(871, 'นายพงษ์อิสรา  ร้อยลาบ', 'การอบรมความปลอดภัยเบื้องต้น', NULL, 1, NULL, 'ภาควิชารังสีวิทยา คณะแพทยศาสตร์ศิริราชพยาบาล', '2017-05-24', NULL, 273, '2017-05-23', 273, '2017-05-23 03:17:08', 1, 1, 'T', 0, NULL, NULL, 'EXECUTIVE_APPROVE'),
(872, 'นางสาวสภาพร  ทองดี', 'การอบรมความปลอดภัยเบื้องต้น', NULL, 1, NULL, 'ภาควิชารังสีวิทยา คณะแพทยศาสตร์ศิริราชพยาบาล', '2017-05-24', NULL, 273, '2017-05-23', 273, '2017-05-23 03:17:08', 1, 1, 'T', 0, NULL, NULL, 'EXECUTIVE_APPROVE'),
(873, 'นางสาวพิชญาภรณ์  รักเรียน', 'การอบรมความปลอดภัยเบื้องต้น', NULL, 1, NULL, 'ภาควิชารังสีวิทยา คณะแพทยศาสตร์ศิริราชพยาบาล', '2017-05-24', NULL, 273, '2017-05-23', 273, '2017-05-23 03:17:08', 1, 1, 'T', 0, NULL, NULL, 'EXECUTIVE_APPROVE'),
(874, 'นายกวิน  ศรีแก้ว', 'การอบรมความปลอดภัยเบื้องต้น', NULL, 1, NULL, 'ภาควิชารังสีวิทยา คณะแพทยศาสตร์ศิริราชพยาบาล', '2017-05-24', NULL, 273, '2017-05-23', 273, '2017-05-23 03:17:08', 1, 1, 'T', 0, NULL, NULL, 'EXECUTIVE_APPROVE'),
(875, NULL, NULL, NULL, 1, NULL, NULL, NULL, NULL, 273, '2017-05-23', 273, '2017-05-23 03:17:08', 1, 1, 'T', 0, NULL, NULL, 'EXECUTIVE_APPROVE'),
(876, NULL, NULL, NULL, 1, NULL, NULL, NULL, NULL, 273, '2017-05-23', 273, '2017-05-23 03:17:08', 1, 1, 'T', 0, NULL, NULL, 'EXECUTIVE_APPROVE'),
(877, NULL, NULL, NULL, 1, NULL, NULL, NULL, NULL, 273, '2017-05-23', 273, '2017-05-23 03:17:08', 1, 1, 'T', 0, NULL, NULL, 'EXECUTIVE_APPROVE'),
(878, NULL, NULL, NULL, 1, NULL, NULL, NULL, NULL, 273, '2017-05-23', 273, '2017-05-23 03:17:08', 1, 1, 'T', 0, NULL, NULL, 'EXECUTIVE_APPROVE'),
(879, NULL, NULL, NULL, 1, NULL, NULL, NULL, NULL, 273, '2017-05-23', 273, '2017-05-23 03:17:08', 1, 1, 'T', 0, NULL, NULL, 'EXECUTIVE_APPROVE'),
(880, NULL, NULL, NULL, 1, NULL, NULL, NULL, NULL, 273, '2017-05-23', 273, '2017-05-23 03:17:09', 1, 1, 'T', 0, NULL, NULL, 'EXECUTIVE_APPROVE'),
(881, NULL, NULL, NULL, 1, NULL, NULL, NULL, NULL, 273, '2017-05-23', 273, '2017-05-23 03:17:09', 1, 1, 'T', 0, NULL, NULL, 'EXECUTIVE_APPROVE'),
(882, NULL, NULL, NULL, 1, NULL, NULL, NULL, NULL, 273, '2017-05-23', 273, '2017-05-23 03:17:09', 1, 1, 'T', 0, NULL, NULL, 'EXECUTIVE_APPROVE'),
(883, NULL, NULL, NULL, 1, NULL, NULL, NULL, NULL, 273, '2017-05-23', 273, '2017-05-23 03:17:09', 1, 1, 'T', 0, NULL, NULL, 'EXECUTIVE_APPROVE'),
(884, NULL, NULL, NULL, 1, NULL, NULL, NULL, NULL, 273, '2017-05-23', 273, '2017-05-23 03:17:09', 1, 1, 'T', 0, NULL, NULL, 'EXECUTIVE_APPROVE'),
(885, 'นายสุวัฒน์ วัฒนอาภรณ์ชัย', NULL, 2, 1, 1, NULL, '2017-05-23', '/uploads/1495511252.pdf', 196, '2017-05-23', 196, '2017-05-23 03:47:32', 1, 1, 'F', 885, NULL, '/uploads/1495511252.pdf', 'EXECUTIVE_APPROVE'),
(886, 'นายสุวัฒน์ วัฒนอาภรณ์ชัย', NULL, 2, NULL, 1, NULL, '2017-05-23', '/uploads/1495511252.pdf', NULL, NULL, 196, '2017-05-23 03:50:40', 2, 1, 'T', 885, NULL, NULL, 'EXECUTIVE_APPROVE'),
(887, 'นายเอกจักร์ จันทร์ดอน', NULL, 2, 14, 1, NULL, '2017-05-23', NULL, 238, '2017-05-23', 238, '2017-05-23 03:51:28', 1, 14, 'T', 0, NULL, NULL, 'EXECUTIVE_APPROVE'),
(888, 'นายเอกจักร์ จันทร์ดอน', NULL, 2, 14, 1, NULL, '2017-05-23', NULL, 238, '2017-05-23', 238, '2017-05-23 03:51:41', 1, 14, 'T', 0, NULL, NULL, 'EXECUTIVE_APPROVE'),
(889, 'สมหญิง สว่างสุวรรณ', NULL, 1, NULL, 12, NULL, '2017-05-23', '/uploads/1495509175.pdf', NULL, NULL, 211, '2017-05-23 03:55:51', 2, 3, 'T', 844, NULL, NULL, 'EXECUTIVE_APPROVE'),
(890, 'นายณัฐพร ธีระรังสิกุล', NULL, 1, NULL, 12, NULL, '2017-05-23', '/uploads/1495509140.pdf', NULL, NULL, 210, '2017-05-23 03:55:56', 2, 3, 'T', 843, NULL, NULL, 'EXECUTIVE_APPROVE'),
(891, 'ธนาพร สมหน่อ', NULL, 1, 12, 1, NULL, '2017-05-23', '/uploads/1495511782.pdf', 267, '2017-05-23', 267, '2017-05-23 03:56:21', 1, 12, 'T', 0, NULL, '/uploads/1495511782.pdf', 'EXECUTIVE_APPROVE'),
(892, 'ฝนทิพย์ รัตนกาล', NULL, 2, 9, 9, NULL, '2017-05-23', NULL, 228, '2017-05-23', 228, '2017-05-23 03:56:25', 1, 9, 'T', 0, NULL, NULL, 'EXECUTIVE_APPROVE'),
(893, 'ปวิช แซ่อึ้ง', NULL, 2, 4, 8, NULL, '2017-05-13', '/uploads/1495511786.pdf', 212, '2017-05-23', 212, '2017-05-23 03:56:26', 1, 4, 'T', 0, NULL, '/uploads/1495511786.pdf', 'EXECUTIVE_APPROVE'),
(894, 'อนุจิตต์ คงผอม', NULL, 1, 12, 1, NULL, '2017-05-23', NULL, 235, '2017-05-23', 235, '2017-05-23 03:56:31', 1, 12, 'T', 0, NULL, NULL, 'EXECUTIVE_APPROVE'),
(895, 'เกียรติศักดิ์  พรมภักดิ์', NULL, 1, 8, 1, NULL, '2017-05-23', NULL, 225, '2017-05-23', 225, '2017-05-23 03:56:33', 1, 8, 'T', 0, NULL, NULL, 'EXECUTIVE_APPROVE'),
(896, 'นางกุลธิดา  โพธิ์แดง', NULL, 1, NULL, 5, NULL, '2017-05-23', '/uploads/1495508808.pdf', NULL, NULL, 213, '2017-05-23 03:56:36', 3, 5, 'T', 764, NULL, NULL, 'EXECUTIVE_APPROVE'),
(897, 'จิตรา ลิ้มทองกุล', NULL, 1, 6, 1, NULL, '2017-05-23', NULL, 220, '2017-05-23', 220, '2017-05-23 03:56:38', 1, 6, 'T', 0, NULL, NULL, 'EXECUTIVE_APPROVE'),
(898, 'ชุตินธร มูลทองน้อย', NULL, 1, 4, 1, NULL, '2017-05-23', NULL, 212, '2017-05-23', 212, '2017-05-23 03:56:48', 1, 4, 'T', 0, NULL, NULL, 'EXECUTIVE_APPROVE'),
(899, 'นางสาวบังอร  แกมรัมย์', 'การอบรมความปลอดภัยเบื้องต้น', NULL, 12, NULL, 'ภาควิชารังสีวิทยา คณะแพทยศาสตร์ศิริราชพยาบาล', '2017-05-24', NULL, 267, '2017-05-23', 267, '2017-05-23 03:57:11', 1, 12, 'T', 0, NULL, NULL, 'EXECUTIVE_APPROVE'),
(900, 'นางสาวสุพัตรา  ชาวสวน', 'การอบรมความปลอดภัยเบื้องต้น', NULL, 12, NULL, 'ภาควิชารังสีวิทยา คณะแพทยศาสตร์ศิริราชพยาบาล', '2017-05-24', NULL, 267, '2017-05-23', 267, '2017-05-23 03:57:11', 1, 12, 'T', 0, NULL, NULL, 'EXECUTIVE_APPROVE'),
(901, 'นางสาวมัลลิกา  ศรีชมพู', 'การอบรมความปลอดภัยเบื้องต้น', NULL, 12, NULL, 'ภาควิชารังสีวิทยา คณะแพทยศาสตร์ศิริราชพยาบาล', '2017-05-24', NULL, 267, '2017-05-23', 267, '2017-05-23 03:57:11', 1, 12, 'T', 0, NULL, NULL, 'EXECUTIVE_APPROVE'),
(902, 'นางสาวถิรวรรณ  บุญวงศ์', 'การอบรมความปลอดภัยเบื้องต้น', NULL, 12, NULL, 'ภาควิชารังสีวิทยา คณะแพทยศาสตร์ศิริราชพยาบาล', '2017-05-24', NULL, 267, '2017-05-23', 267, '2017-05-23 03:57:11', 1, 12, 'T', 0, NULL, NULL, 'EXECUTIVE_APPROVE'),
(903, 'นายภาวิน  วิจิตราการ', 'การอบรมความปลอดภัยเบื้องต้น', NULL, 12, NULL, 'ภาควิชารังสีวิทยา คณะแพทยศาสตร์ศิริราชพยาบาล', '2017-05-24', NULL, 267, '2017-05-23', 267, '2017-05-23 03:57:11', 1, 12, 'T', 0, NULL, NULL, 'EXECUTIVE_APPROVE'),
(904, 'นายพงษ์อิสรา  ร้อยลาบ', 'การอบรมความปลอดภัยเบื้องต้น', NULL, 12, NULL, 'ภาควิชารังสีวิทยา คณะแพทยศาสตร์ศิริราชพยาบาล', '2017-05-24', NULL, 267, '2017-05-23', 267, '2017-05-23 03:57:11', 1, 12, 'T', 0, NULL, NULL, 'EXECUTIVE_APPROVE'),
(905, 'นางสาวสภาพร  ทองดี', 'การอบรมความปลอดภัยเบื้องต้น', NULL, 12, NULL, 'ภาควิชารังสีวิทยา คณะแพทยศาสตร์ศิริราชพยาบาล', '2017-05-24', NULL, 267, '2017-05-23', 267, '2017-05-23 03:57:11', 1, 12, 'T', 0, NULL, NULL, 'EXECUTIVE_APPROVE'),
(906, 'นางสาวพิชญาภรณ์  รักเรียน', 'การอบรมความปลอดภัยเบื้องต้น', NULL, 12, NULL, 'ภาควิชารังสีวิทยา คณะแพทยศาสตร์ศิริราชพยาบาล', '2017-05-24', NULL, 267, '2017-05-23', 267, '2017-05-23 03:57:11', 1, 12, 'T', 0, NULL, NULL, 'EXECUTIVE_APPROVE'),
(907, 'นายกวิน  ศรีแก้ว', 'การอบรมความปลอดภัยเบื้องต้น', NULL, 12, NULL, 'ภาควิชารังสีวิทยา คณะแพทยศาสตร์ศิริราชพยาบาล', '2017-05-24', NULL, 267, '2017-05-23', 267, '2017-05-23 03:57:11', 1, 12, 'T', 0, NULL, NULL, 'EXECUTIVE_APPROVE'),
(908, NULL, NULL, NULL, 12, NULL, NULL, NULL, NULL, 267, '2017-05-23', 267, '2017-05-23 03:57:11', 1, 12, 'T', 0, NULL, NULL, 'EXECUTIVE_APPROVE'),
(909, NULL, NULL, NULL, 12, NULL, NULL, NULL, NULL, 267, '2017-05-23', 267, '2017-05-23 03:57:11', 1, 12, 'T', 0, NULL, NULL, 'EXECUTIVE_APPROVE'),
(910, NULL, NULL, NULL, 12, NULL, NULL, NULL, NULL, 267, '2017-05-23', 267, '2017-05-23 03:57:11', 1, 12, 'T', 0, NULL, NULL, 'EXECUTIVE_APPROVE'),
(911, NULL, NULL, NULL, 12, NULL, NULL, NULL, NULL, 267, '2017-05-23', 267, '2017-05-23 03:57:11', 1, 12, 'T', 0, NULL, NULL, 'EXECUTIVE_APPROVE'),
(912, NULL, NULL, NULL, 12, NULL, NULL, NULL, NULL, 267, '2017-05-23', 267, '2017-05-23 03:57:11', 1, 12, 'T', 0, NULL, NULL, 'EXECUTIVE_APPROVE'),
(913, NULL, NULL, NULL, 12, NULL, NULL, NULL, NULL, 267, '2017-05-23', 267, '2017-05-23 03:57:11', 1, 12, 'T', 0, NULL, NULL, 'EXECUTIVE_APPROVE'),
(914, NULL, NULL, NULL, 12, NULL, NULL, NULL, NULL, 267, '2017-05-23', 267, '2017-05-23 03:57:11', 1, 12, 'T', 0, NULL, NULL, 'EXECUTIVE_APPROVE'),
(915, NULL, NULL, NULL, 12, NULL, NULL, NULL, NULL, 267, '2017-05-23', 267, '2017-05-23 03:57:11', 1, 12, 'T', 0, NULL, NULL, 'EXECUTIVE_APPROVE'),
(916, NULL, NULL, NULL, 12, NULL, NULL, NULL, NULL, 267, '2017-05-23', 267, '2017-05-23 03:57:11', 1, 12, 'T', 0, NULL, NULL, 'EXECUTIVE_APPROVE'),
(917, NULL, NULL, NULL, 12, NULL, NULL, NULL, NULL, 267, '2017-05-23', 267, '2017-05-23 03:57:11', 1, 12, 'T', 0, NULL, NULL, 'EXECUTIVE_APPROVE'),
(918, 'นางสาวบังอร  แกมรัมย์', 'การอบรมความปลอดภัยเบื้องต้น', NULL, 9, NULL, 'ภาควิชารังสีวิทยา คณะแพทยศาสตร์ศิริราชพยาบาล', '2017-05-24', NULL, 229, '2017-05-23', 229, '2017-05-23 03:57:19', 1, 9, 'T', 0, NULL, NULL, 'EXECUTIVE_APPROVE'),
(919, 'นางสาวสุพัตรา  ชาวสวน', 'การอบรมความปลอดภัยเบื้องต้น', NULL, 9, NULL, 'ภาควิชารังสีวิทยา คณะแพทยศาสตร์ศิริราชพยาบาล', '2017-05-24', NULL, 229, '2017-05-23', 229, '2017-05-23 03:57:19', 1, 9, 'T', 0, NULL, NULL, 'EXECUTIVE_APPROVE'),
(920, 'นางสาวมัลลิกา  ศรีชมพู', 'การอบรมความปลอดภัยเบื้องต้น', NULL, 9, NULL, 'ภาควิชารังสีวิทยา คณะแพทยศาสตร์ศิริราชพยาบาล', '2017-05-24', NULL, 229, '2017-05-23', 229, '2017-05-23 03:57:19', 1, 9, 'T', 0, NULL, NULL, 'EXECUTIVE_APPROVE'),
(921, 'นางสาวถิรวรรณ  บุญวงศ์', 'การอบรมความปลอดภัยเบื้องต้น', NULL, 9, NULL, 'ภาควิชารังสีวิทยา คณะแพทยศาสตร์ศิริราชพยาบาล', '2017-05-24', NULL, 229, '2017-05-23', 229, '2017-05-23 03:57:19', 1, 9, 'T', 0, NULL, NULL, 'EXECUTIVE_APPROVE'),
(922, 'นายภาวิน  วิจิตราการ', 'การอบรมความปลอดภัยเบื้องต้น', NULL, 9, NULL, 'ภาควิชารังสีวิทยา คณะแพทยศาสตร์ศิริราชพยาบาล', '2017-05-24', NULL, 229, '2017-05-23', 229, '2017-05-23 03:57:19', 1, 9, 'T', 0, NULL, NULL, 'EXECUTIVE_APPROVE'),
(923, 'นายพงษ์อิสรา  ร้อยลาบ', 'การอบรมความปลอดภัยเบื้องต้น', NULL, 9, NULL, 'ภาควิชารังสีวิทยา คณะแพทยศาสตร์ศิริราชพยาบาล', '2017-05-24', NULL, 229, '2017-05-23', 229, '2017-05-23 03:57:19', 1, 9, 'T', 0, NULL, NULL, 'EXECUTIVE_APPROVE'),
(924, 'นางสาวสภาพร  ทองดี', 'การอบรมความปลอดภัยเบื้องต้น', NULL, 9, NULL, 'ภาควิชารังสีวิทยา คณะแพทยศาสตร์ศิริราชพยาบาล', '2017-05-24', NULL, 229, '2017-05-23', 229, '2017-05-23 03:57:19', 1, 9, 'T', 0, NULL, NULL, 'EXECUTIVE_APPROVE'),
(925, 'นางสาวพิชญาภรณ์  รักเรียน', 'การอบรมความปลอดภัยเบื้องต้น', NULL, 9, NULL, 'ภาควิชารังสีวิทยา คณะแพทยศาสตร์ศิริราชพยาบาล', '2017-05-24', NULL, 229, '2017-05-23', 229, '2017-05-23 03:57:19', 1, 9, 'T', 0, NULL, NULL, 'EXECUTIVE_APPROVE'),
(926, 'นายกวิน  ศรีแก้ว', 'การอบรมความปลอดภัยเบื้องต้น', NULL, 9, NULL, 'ภาควิชารังสีวิทยา คณะแพทยศาสตร์ศิริราชพยาบาล', '2017-05-24', NULL, 229, '2017-05-23', 229, '2017-05-23 03:57:19', 1, 9, 'T', 0, NULL, NULL, 'EXECUTIVE_APPROVE'),
(927, NULL, NULL, NULL, 9, NULL, NULL, NULL, NULL, 229, '2017-05-23', 229, '2017-05-23 03:57:19', 1, 9, 'T', 0, NULL, NULL, 'EXECUTIVE_APPROVE'),
(928, NULL, NULL, NULL, 9, NULL, NULL, NULL, NULL, 229, '2017-05-23', 229, '2017-05-23 03:57:19', 1, 9, 'T', 0, NULL, NULL, 'EXECUTIVE_APPROVE'),
(929, NULL, NULL, NULL, 9, NULL, NULL, NULL, NULL, 229, '2017-05-23', 229, '2017-05-23 03:57:19', 1, 9, 'T', 0, NULL, NULL, 'EXECUTIVE_APPROVE'),
(930, NULL, NULL, NULL, 9, NULL, NULL, NULL, NULL, 229, '2017-05-23', 229, '2017-05-23 03:57:19', 1, 9, 'T', 0, NULL, NULL, 'EXECUTIVE_APPROVE'),
(931, NULL, NULL, NULL, 9, NULL, NULL, NULL, NULL, 229, '2017-05-23', 229, '2017-05-23 03:57:19', 1, 9, 'T', 0, NULL, NULL, 'EXECUTIVE_APPROVE'),
(932, NULL, NULL, NULL, 9, NULL, NULL, NULL, NULL, 229, '2017-05-23', 229, '2017-05-23 03:57:19', 1, 9, 'T', 0, NULL, NULL, 'EXECUTIVE_APPROVE'),
(933, NULL, NULL, NULL, 9, NULL, NULL, NULL, NULL, 229, '2017-05-23', 229, '2017-05-23 03:57:19', 1, 9, 'T', 0, NULL, NULL, 'EXECUTIVE_APPROVE'),
(934, NULL, NULL, NULL, 9, NULL, NULL, NULL, NULL, 229, '2017-05-23', 229, '2017-05-23 03:57:19', 1, 9, 'T', 0, NULL, NULL, 'EXECUTIVE_APPROVE'),
(935, NULL, NULL, NULL, 9, NULL, NULL, NULL, NULL, 229, '2017-05-23', 229, '2017-05-23 03:57:19', 1, 9, 'T', 0, NULL, NULL, 'EXECUTIVE_APPROVE'),
(936, NULL, NULL, NULL, 9, NULL, NULL, NULL, NULL, 229, '2017-05-23', 229, '2017-05-23 03:57:19', 1, 9, 'T', 0, NULL, NULL, 'EXECUTIVE_APPROVE'),
(937, 'พิทักษ์ คำแหงพล', NULL, 2, 6, 6, NULL, '2017-05-23', '/uploads/1495511842.pdf', 216, '2017-05-23', 216, '2017-05-23 03:57:21', 1, 6, 'F', 937, NULL, '/uploads/1495511842.pdf', 'EXECUTIVE_APPROVE'),
(938, 'วีรชาติ ศรีจันทร์', NULL, 1, 11, 1, NULL, '2017-05-23', '/uploads/1495511848.pdf', 232, '2017-05-23', 232, '2017-05-23 03:57:28', 1, 11, 'T', 0, NULL, '/uploads/1495511848.pdf', 'EXECUTIVE_APPROVE'),
(939, 'สุพรรณี  สุยะหลาน', NULL, 1, 12, 12, NULL, '2017-05-23', '/uploads/1495511850.xlsx', 234, '2017-05-23', 234, '2017-05-23 03:57:30', 1, 12, 'T', 0, NULL, '/uploads/1495511850.xlsx', 'EXECUTIVE_APPROVE'),
(940, 'นางสาวบังอร  แกมรัมย์', 'การอบรมความปลอดภัยเบื้องต้น', NULL, 11, NULL, 'ภาควิชารังสีวิทยา คณะแพทยศาสตร์ศิริราชพยาบาล', '2017-05-24', NULL, 232, '2017-05-23', 232, '2017-05-23 03:57:38', 1, 11, 'T', 0, NULL, NULL, 'EXECUTIVE_APPROVE'),
(941, 'นางสาวสุพัตรา  ชาวสวน', 'การอบรมความปลอดภัยเบื้องต้น', NULL, 11, NULL, 'ภาควิชารังสีวิทยา คณะแพทยศาสตร์ศิริราชพยาบาล', '2017-05-24', NULL, 232, '2017-05-23', 232, '2017-05-23 03:57:38', 1, 11, 'T', 0, NULL, NULL, 'EXECUTIVE_APPROVE'),
(942, 'นางสาวมัลลิกา  ศรีชมพู', 'การอบรมความปลอดภัยเบื้องต้น', NULL, 11, NULL, 'ภาควิชารังสีวิทยา คณะแพทยศาสตร์ศิริราชพยาบาล', '2017-05-24', NULL, 232, '2017-05-23', 232, '2017-05-23 03:57:38', 1, 11, 'T', 0, NULL, NULL, 'EXECUTIVE_APPROVE'),
(943, 'นางสาวถิรวรรณ  บุญวงศ์', 'การอบรมความปลอดภัยเบื้องต้น', NULL, 11, NULL, 'ภาควิชารังสีวิทยา คณะแพทยศาสตร์ศิริราชพยาบาล', '2017-05-24', NULL, 232, '2017-05-23', 232, '2017-05-23 03:57:38', 1, 11, 'T', 0, NULL, NULL, 'EXECUTIVE_APPROVE'),
(944, 'นายภาวิน  วิจิตราการ', 'การอบรมความปลอดภัยเบื้องต้น', NULL, 11, NULL, 'ภาควิชารังสีวิทยา คณะแพทยศาสตร์ศิริราชพยาบาล', '2017-05-24', NULL, 232, '2017-05-23', 232, '2017-05-23 03:57:38', 1, 11, 'T', 0, NULL, NULL, 'EXECUTIVE_APPROVE');
INSERT INTO `tb_form7` (`id`, `name`, `course`, `course_id`, `department_id`, `training_department_id`, `training_department`, `training_date`, `document_path`, `create_by`, `create_date`, `update_by`, `update_date`, `revision`, `owner_department_id`, `status`, `update_from_id`, `department_type_id`, `rso_plan_file`, `approve_status`) VALUES
(945, 'นายพงษ์อิสรา  ร้อยลาบ', 'การอบรมความปลอดภัยเบื้องต้น', NULL, 11, NULL, 'ภาควิชารังสีวิทยา คณะแพทยศาสตร์ศิริราชพยาบาล', '2017-05-24', NULL, 232, '2017-05-23', 232, '2017-05-23 03:57:38', 1, 11, 'T', 0, NULL, NULL, 'EXECUTIVE_APPROVE'),
(946, 'นางสาวสภาพร  ทองดี', 'การอบรมความปลอดภัยเบื้องต้น', NULL, 11, NULL, 'ภาควิชารังสีวิทยา คณะแพทยศาสตร์ศิริราชพยาบาล', '2017-05-24', NULL, 232, '2017-05-23', 232, '2017-05-23 03:57:38', 1, 11, 'T', 0, NULL, NULL, 'EXECUTIVE_APPROVE'),
(947, 'นางสาวพิชญาภรณ์  รักเรียน', 'การอบรมความปลอดภัยเบื้องต้น', NULL, 11, NULL, 'ภาควิชารังสีวิทยา คณะแพทยศาสตร์ศิริราชพยาบาล', '2017-05-24', NULL, 232, '2017-05-23', 232, '2017-05-23 03:57:38', 1, 11, 'T', 0, NULL, NULL, 'EXECUTIVE_APPROVE'),
(948, 'นายกวิน  ศรีแก้ว', 'การอบรมความปลอดภัยเบื้องต้น', NULL, 11, NULL, 'ภาควิชารังสีวิทยา คณะแพทยศาสตร์ศิริราชพยาบาล', '2017-05-24', NULL, 232, '2017-05-23', 232, '2017-05-23 03:57:38', 1, 11, 'T', 0, NULL, NULL, 'EXECUTIVE_APPROVE'),
(949, NULL, NULL, NULL, 11, NULL, NULL, NULL, NULL, 232, '2017-05-23', 232, '2017-05-23 03:57:38', 1, 11, 'T', 0, NULL, NULL, 'EXECUTIVE_APPROVE'),
(950, NULL, NULL, NULL, 11, NULL, NULL, NULL, NULL, 232, '2017-05-23', 232, '2017-05-23 03:57:38', 1, 11, 'T', 0, NULL, NULL, 'EXECUTIVE_APPROVE'),
(951, NULL, NULL, NULL, 11, NULL, NULL, NULL, NULL, 232, '2017-05-23', 232, '2017-05-23 03:57:38', 1, 11, 'T', 0, NULL, NULL, 'EXECUTIVE_APPROVE'),
(952, NULL, NULL, NULL, 11, NULL, NULL, NULL, NULL, 232, '2017-05-23', 232, '2017-05-23 03:57:38', 1, 11, 'T', 0, NULL, NULL, 'EXECUTIVE_APPROVE'),
(953, NULL, NULL, NULL, 11, NULL, NULL, NULL, NULL, 232, '2017-05-23', 232, '2017-05-23 03:57:38', 1, 11, 'T', 0, NULL, NULL, 'EXECUTIVE_APPROVE'),
(954, NULL, NULL, NULL, 11, NULL, NULL, NULL, NULL, 232, '2017-05-23', 232, '2017-05-23 03:57:38', 1, 11, 'T', 0, NULL, NULL, 'EXECUTIVE_APPROVE'),
(955, NULL, NULL, NULL, 11, NULL, NULL, NULL, NULL, 232, '2017-05-23', 232, '2017-05-23 03:57:38', 1, 11, 'T', 0, NULL, NULL, 'EXECUTIVE_APPROVE'),
(956, NULL, NULL, NULL, 11, NULL, NULL, NULL, NULL, 232, '2017-05-23', 232, '2017-05-23 03:57:38', 1, 11, 'T', 0, NULL, NULL, 'EXECUTIVE_APPROVE'),
(957, NULL, NULL, NULL, 11, NULL, NULL, NULL, NULL, 232, '2017-05-23', 232, '2017-05-23 03:57:38', 1, 11, 'T', 0, NULL, NULL, 'EXECUTIVE_APPROVE'),
(958, NULL, NULL, NULL, 11, NULL, NULL, NULL, NULL, 232, '2017-05-23', 232, '2017-05-23 03:57:38', 1, 11, 'T', 0, NULL, NULL, 'EXECUTIVE_APPROVE'),
(959, 'พิทักษ์ คำแหงพล', NULL, 1, NULL, 6, NULL, '2017-05-23', '/uploads/1495511842.pdf', NULL, NULL, 216, '2017-05-23 03:57:42', 2, 6, 'T', 937, NULL, NULL, 'EXECUTIVE_APPROVE'),
(960, 'นางสาวบังอร  แกมรัมย์', 'การอบรมความปลอดภัยเบื้องต้น', NULL, 11, NULL, 'ภาควิชารังสีวิทยา คณะแพทยศาสตร์ศิริราชพยาบาล', '2017-05-24', NULL, 232, '2017-05-23', 232, '2017-05-23 03:57:51', 1, 11, 'T', 0, NULL, NULL, 'EXECUTIVE_APPROVE'),
(961, 'นางสาวสุพัตรา  ชาวสวน', 'การอบรมความปลอดภัยเบื้องต้น', NULL, 11, NULL, 'ภาควิชารังสีวิทยา คณะแพทยศาสตร์ศิริราชพยาบาล', '2017-05-24', NULL, 232, '2017-05-23', 232, '2017-05-23 03:57:51', 1, 11, 'T', 0, NULL, NULL, 'EXECUTIVE_APPROVE'),
(962, 'นางสาวมัลลิกา  ศรีชมพู', 'การอบรมความปลอดภัยเบื้องต้น', NULL, 11, NULL, 'ภาควิชารังสีวิทยา คณะแพทยศาสตร์ศิริราชพยาบาล', '2017-05-24', NULL, 232, '2017-05-23', 232, '2017-05-23 03:57:51', 1, 11, 'T', 0, NULL, NULL, 'EXECUTIVE_APPROVE'),
(963, 'นางสาวถิรวรรณ  บุญวงศ์', 'การอบรมความปลอดภัยเบื้องต้น', NULL, 11, NULL, 'ภาควิชารังสีวิทยา คณะแพทยศาสตร์ศิริราชพยาบาล', '2017-05-24', NULL, 232, '2017-05-23', 232, '2017-05-23 03:57:51', 1, 11, 'T', 0, NULL, NULL, 'EXECUTIVE_APPROVE'),
(964, 'นายภาวิน  วิจิตราการ', 'การอบรมความปลอดภัยเบื้องต้น', NULL, 11, NULL, 'ภาควิชารังสีวิทยา คณะแพทยศาสตร์ศิริราชพยาบาล', '2017-05-24', NULL, 232, '2017-05-23', 232, '2017-05-23 03:57:51', 1, 11, 'T', 0, NULL, NULL, 'EXECUTIVE_APPROVE'),
(965, 'นายพงษ์อิสรา  ร้อยลาบ', 'การอบรมความปลอดภัยเบื้องต้น', NULL, 11, NULL, 'ภาควิชารังสีวิทยา คณะแพทยศาสตร์ศิริราชพยาบาล', '2017-05-24', NULL, 232, '2017-05-23', 232, '2017-05-23 03:57:51', 1, 11, 'T', 0, NULL, NULL, 'EXECUTIVE_APPROVE'),
(966, 'นางสาวสภาพร  ทองดี', 'การอบรมความปลอดภัยเบื้องต้น', NULL, 11, NULL, 'ภาควิชารังสีวิทยา คณะแพทยศาสตร์ศิริราชพยาบาล', '2017-05-24', NULL, 232, '2017-05-23', 232, '2017-05-23 03:57:51', 1, 11, 'T', 0, NULL, NULL, 'EXECUTIVE_APPROVE'),
(967, 'นางสาวพิชญาภรณ์  รักเรียน', 'การอบรมความปลอดภัยเบื้องต้น', NULL, 11, NULL, 'ภาควิชารังสีวิทยา คณะแพทยศาสตร์ศิริราชพยาบาล', '2017-05-24', NULL, 232, '2017-05-23', 232, '2017-05-23 03:57:51', 1, 11, 'T', 0, NULL, NULL, 'EXECUTIVE_APPROVE'),
(968, 'นายกวิน  ศรีแก้ว', 'การอบรมความปลอดภัยเบื้องต้น', NULL, 11, NULL, 'ภาควิชารังสีวิทยา คณะแพทยศาสตร์ศิริราชพยาบาล', '2017-05-24', NULL, 232, '2017-05-23', 232, '2017-05-23 03:57:51', 1, 11, 'T', 0, NULL, NULL, 'EXECUTIVE_APPROVE'),
(969, NULL, NULL, NULL, 11, NULL, NULL, NULL, NULL, 232, '2017-05-23', 232, '2017-05-23 03:57:51', 1, 11, 'T', 0, NULL, NULL, 'EXECUTIVE_APPROVE'),
(970, NULL, NULL, NULL, 11, NULL, NULL, NULL, NULL, 232, '2017-05-23', 232, '2017-05-23 03:57:51', 1, 11, 'T', 0, NULL, NULL, 'EXECUTIVE_APPROVE'),
(971, NULL, NULL, NULL, 11, NULL, NULL, NULL, NULL, 232, '2017-05-23', 232, '2017-05-23 03:57:51', 1, 11, 'T', 0, NULL, NULL, 'EXECUTIVE_APPROVE'),
(972, NULL, NULL, NULL, 11, NULL, NULL, NULL, NULL, 232, '2017-05-23', 232, '2017-05-23 03:57:51', 1, 11, 'T', 0, NULL, NULL, 'EXECUTIVE_APPROVE'),
(973, NULL, NULL, NULL, 11, NULL, NULL, NULL, NULL, 232, '2017-05-23', 232, '2017-05-23 03:57:51', 1, 11, 'T', 0, NULL, NULL, 'EXECUTIVE_APPROVE'),
(974, NULL, NULL, NULL, 11, NULL, NULL, NULL, NULL, 232, '2017-05-23', 232, '2017-05-23 03:57:51', 1, 11, 'T', 0, NULL, NULL, 'EXECUTIVE_APPROVE'),
(975, NULL, NULL, NULL, 11, NULL, NULL, NULL, NULL, 232, '2017-05-23', 232, '2017-05-23 03:57:51', 1, 11, 'T', 0, NULL, NULL, 'EXECUTIVE_APPROVE'),
(976, NULL, NULL, NULL, 11, NULL, NULL, NULL, NULL, 232, '2017-05-23', 232, '2017-05-23 03:57:51', 1, 11, 'T', 0, NULL, NULL, 'EXECUTIVE_APPROVE'),
(977, NULL, NULL, NULL, 11, NULL, NULL, NULL, NULL, 232, '2017-05-23', 232, '2017-05-23 03:57:51', 1, 11, 'T', 0, NULL, NULL, 'EXECUTIVE_APPROVE'),
(978, NULL, NULL, NULL, 11, NULL, NULL, NULL, NULL, 232, '2017-05-23', 232, '2017-05-23 03:57:51', 1, 11, 'T', 0, NULL, NULL, 'EXECUTIVE_APPROVE'),
(979, 'สุพรรณี  สุยะหลาน', NULL, 1, 12, 12, NULL, '2017-05-23', '/uploads/1495511899.xlsx', 234, '2017-05-23', 234, '2017-05-23 03:58:18', 1, 12, 'F', 979, NULL, '/uploads/1495511899.xlsx', 'EXECUTIVE_APPROVE'),
(980, 'นางสาวบังอร  แกมรัมย์', 'การอบรมความปลอดภัยเบื้องต้น', NULL, 4, NULL, 'ภาควิชารังสีวิทยา คณะแพทยศาสตร์ศิริราชพยาบาล', '2017-05-24', NULL, 212, '2017-05-23', 212, '2017-05-23 03:58:28', 1, 4, 'T', 0, NULL, NULL, 'EXECUTIVE_APPROVE'),
(981, 'นางสาวสุพัตรา  ชาวสวน', 'การอบรมความปลอดภัยเบื้องต้น', NULL, 4, NULL, 'ภาควิชารังสีวิทยา คณะแพทยศาสตร์ศิริราชพยาบาล', '2017-05-24', NULL, 212, '2017-05-23', 212, '2017-05-23 03:58:28', 1, 4, 'T', 0, NULL, NULL, 'EXECUTIVE_APPROVE'),
(982, 'นางสาวมัลลิกา  ศรีชมพู', 'การอบรมความปลอดภัยเบื้องต้น', NULL, 4, NULL, 'ภาควิชารังสีวิทยา คณะแพทยศาสตร์ศิริราชพยาบาล', '2017-05-24', NULL, 212, '2017-05-23', 212, '2017-05-23 03:58:28', 1, 4, 'T', 0, NULL, NULL, 'EXECUTIVE_APPROVE'),
(983, 'นางสาวถิรวรรณ  บุญวงศ์', 'การอบรมความปลอดภัยเบื้องต้น', NULL, 4, NULL, 'ภาควิชารังสีวิทยา คณะแพทยศาสตร์ศิริราชพยาบาล', '2017-05-24', NULL, 212, '2017-05-23', 212, '2017-05-23 03:58:28', 1, 4, 'T', 0, NULL, NULL, 'EXECUTIVE_APPROVE'),
(984, 'นายภาวิน  วิจิตราการ', 'การอบรมความปลอดภัยเบื้องต้น', NULL, 4, NULL, 'ภาควิชารังสีวิทยา คณะแพทยศาสตร์ศิริราชพยาบาล', '2017-05-24', NULL, 212, '2017-05-23', 212, '2017-05-23 03:58:28', 1, 4, 'T', 0, NULL, NULL, 'EXECUTIVE_APPROVE'),
(985, 'นายพงษ์อิสรา  ร้อยลาบ', 'การอบรมความปลอดภัยเบื้องต้น', NULL, 4, NULL, 'ภาควิชารังสีวิทยา คณะแพทยศาสตร์ศิริราชพยาบาล', '2017-05-24', NULL, 212, '2017-05-23', 212, '2017-05-23 03:58:28', 1, 4, 'T', 0, NULL, NULL, 'EXECUTIVE_APPROVE'),
(986, 'นางสาวสภาพร  ทองดี', 'การอบรมความปลอดภัยเบื้องต้น', NULL, 4, NULL, 'ภาควิชารังสีวิทยา คณะแพทยศาสตร์ศิริราชพยาบาล', '2017-05-24', NULL, 212, '2017-05-23', 212, '2017-05-23 03:58:28', 1, 4, 'T', 0, NULL, NULL, 'EXECUTIVE_APPROVE'),
(987, 'นางสาวพิชญาภรณ์  รักเรียน', 'การอบรมความปลอดภัยเบื้องต้น', NULL, 4, NULL, 'ภาควิชารังสีวิทยา คณะแพทยศาสตร์ศิริราชพยาบาล', '2017-05-24', NULL, 212, '2017-05-23', 212, '2017-05-23 03:58:28', 1, 4, 'T', 0, NULL, NULL, 'EXECUTIVE_APPROVE'),
(988, 'นายกวิน  ศรีแก้ว', 'การอบรมความปลอดภัยเบื้องต้น', NULL, 4, NULL, 'ภาควิชารังสีวิทยา คณะแพทยศาสตร์ศิริราชพยาบาล', '2017-05-24', NULL, 212, '2017-05-23', 212, '2017-05-23 03:58:28', 1, 4, 'T', 0, NULL, NULL, 'EXECUTIVE_APPROVE'),
(989, NULL, NULL, NULL, 4, NULL, NULL, NULL, NULL, 212, '2017-05-23', 212, '2017-05-23 03:58:28', 1, 4, 'T', 0, NULL, NULL, 'EXECUTIVE_APPROVE'),
(990, NULL, NULL, NULL, 4, NULL, NULL, NULL, NULL, 212, '2017-05-23', 212, '2017-05-23 03:58:28', 1, 4, 'T', 0, NULL, NULL, 'EXECUTIVE_APPROVE'),
(991, NULL, NULL, NULL, 4, NULL, NULL, NULL, NULL, 212, '2017-05-23', 212, '2017-05-23 03:58:28', 1, 4, 'T', 0, NULL, NULL, 'EXECUTIVE_APPROVE'),
(992, NULL, NULL, NULL, 4, NULL, NULL, NULL, NULL, 212, '2017-05-23', 212, '2017-05-23 03:58:28', 1, 4, 'T', 0, NULL, NULL, 'EXECUTIVE_APPROVE'),
(993, NULL, NULL, NULL, 4, NULL, NULL, NULL, NULL, 212, '2017-05-23', 212, '2017-05-23 03:58:28', 1, 4, 'T', 0, NULL, NULL, 'EXECUTIVE_APPROVE'),
(994, NULL, NULL, NULL, 4, NULL, NULL, NULL, NULL, 212, '2017-05-23', 212, '2017-05-23 03:58:28', 1, 4, 'T', 0, NULL, NULL, 'EXECUTIVE_APPROVE'),
(995, NULL, NULL, NULL, 4, NULL, NULL, NULL, NULL, 212, '2017-05-23', 212, '2017-05-23 03:58:28', 1, 4, 'T', 0, NULL, NULL, 'EXECUTIVE_APPROVE'),
(996, NULL, NULL, NULL, 4, NULL, NULL, NULL, NULL, 212, '2017-05-23', 212, '2017-05-23 03:58:28', 1, 4, 'T', 0, NULL, NULL, 'EXECUTIVE_APPROVE'),
(997, NULL, NULL, NULL, 4, NULL, NULL, NULL, NULL, 212, '2017-05-23', 212, '2017-05-23 03:58:28', 1, 4, 'T', 0, NULL, NULL, 'EXECUTIVE_APPROVE'),
(998, NULL, NULL, NULL, 4, NULL, NULL, NULL, NULL, 212, '2017-05-23', 212, '2017-05-23 03:58:28', 1, 4, 'T', 0, NULL, NULL, 'EXECUTIVE_APPROVE'),
(999, 'นางสาวบังอร  แกมรัมย์', 'การอบรมความปลอดภัยเบื้องต้น', NULL, 6, NULL, 'ภาควิชารังสีวิทยา คณะแพทยศาสตร์ศิริราชพยาบาล', '2017-05-24', NULL, 216, '2017-05-23', 216, '2017-05-23 03:58:39', 1, 6, 'T', 0, NULL, NULL, 'EXECUTIVE_APPROVE'),
(1000, 'นางสาวสุพัตรา  ชาวสวน', 'การอบรมความปลอดภัยเบื้องต้น', NULL, 6, NULL, 'ภาควิชารังสีวิทยา คณะแพทยศาสตร์ศิริราชพยาบาล', '2017-05-24', NULL, 216, '2017-05-23', 216, '2017-05-23 03:58:39', 1, 6, 'T', 0, NULL, NULL, 'EXECUTIVE_APPROVE'),
(1001, 'นางสาวมัลลิกา  ศรีชมพู', 'การอบรมความปลอดภัยเบื้องต้น', NULL, 6, NULL, 'ภาควิชารังสีวิทยา คณะแพทยศาสตร์ศิริราชพยาบาล', '2017-05-24', NULL, 216, '2017-05-23', 216, '2017-05-23 03:58:39', 1, 6, 'T', 0, NULL, NULL, 'EXECUTIVE_APPROVE'),
(1002, 'นางสาวถิรวรรณ  บุญวงศ์', 'การอบรมความปลอดภัยเบื้องต้น', NULL, 6, NULL, 'ภาควิชารังสีวิทยา คณะแพทยศาสตร์ศิริราชพยาบาล', '2017-05-24', NULL, 216, '2017-05-23', 216, '2017-05-23 03:58:39', 1, 6, 'T', 0, NULL, NULL, 'EXECUTIVE_APPROVE'),
(1003, 'นายภาวิน  วิจิตราการ', 'การอบรมความปลอดภัยเบื้องต้น', NULL, 6, NULL, 'ภาควิชารังสีวิทยา คณะแพทยศาสตร์ศิริราชพยาบาล', '2017-05-24', NULL, 216, '2017-05-23', 216, '2017-05-23 03:58:39', 1, 6, 'T', 0, NULL, NULL, 'EXECUTIVE_APPROVE'),
(1004, 'นายพงษ์อิสรา  ร้อยลาบ', 'การอบรมความปลอดภัยเบื้องต้น', NULL, 6, NULL, 'ภาควิชารังสีวิทยา คณะแพทยศาสตร์ศิริราชพยาบาล', '2017-05-24', NULL, 216, '2017-05-23', 216, '2017-05-23 03:58:39', 1, 6, 'T', 0, NULL, NULL, 'EXECUTIVE_APPROVE'),
(1005, 'นางสาวสภาพร  ทองดี', 'การอบรมความปลอดภัยเบื้องต้น', NULL, 6, NULL, 'ภาควิชารังสีวิทยา คณะแพทยศาสตร์ศิริราชพยาบาล', '2017-05-24', NULL, 216, '2017-05-23', 216, '2017-05-23 03:58:39', 1, 6, 'T', 0, NULL, NULL, 'EXECUTIVE_APPROVE'),
(1006, 'นางสาวพิชญาภรณ์  รักเรียน', 'การอบรมความปลอดภัยเบื้องต้น', NULL, 6, NULL, 'ภาควิชารังสีวิทยา คณะแพทยศาสตร์ศิริราชพยาบาล', '2017-05-24', NULL, 216, '2017-05-23', 216, '2017-05-23 03:58:39', 1, 6, 'T', 0, NULL, NULL, 'EXECUTIVE_APPROVE'),
(1007, 'นายกวิน  ศรีแก้ว', 'การอบรมความปลอดภัยเบื้องต้น', NULL, 6, NULL, 'ภาควิชารังสีวิทยา คณะแพทยศาสตร์ศิริราชพยาบาล', '2017-05-24', NULL, 216, '2017-05-23', 216, '2017-05-23 03:58:39', 1, 6, 'T', 0, NULL, NULL, 'EXECUTIVE_APPROVE'),
(1008, NULL, NULL, NULL, 6, NULL, NULL, NULL, NULL, 216, '2017-05-23', 216, '2017-05-23 03:58:39', 1, 6, 'T', 0, NULL, NULL, 'EXECUTIVE_APPROVE'),
(1009, NULL, NULL, NULL, 6, NULL, NULL, NULL, NULL, 216, '2017-05-23', 216, '2017-05-23 03:58:39', 1, 6, 'T', 0, NULL, NULL, 'EXECUTIVE_APPROVE'),
(1010, NULL, NULL, NULL, 6, NULL, NULL, NULL, NULL, 216, '2017-05-23', 216, '2017-05-23 03:58:39', 1, 6, 'T', 0, NULL, NULL, 'EXECUTIVE_APPROVE'),
(1011, NULL, NULL, NULL, 6, NULL, NULL, NULL, NULL, 216, '2017-05-23', 216, '2017-05-23 03:58:39', 1, 6, 'T', 0, NULL, NULL, 'EXECUTIVE_APPROVE'),
(1012, NULL, NULL, NULL, 6, NULL, NULL, NULL, NULL, 216, '2017-05-23', 216, '2017-05-23 03:58:39', 1, 6, 'T', 0, NULL, NULL, 'EXECUTIVE_APPROVE'),
(1013, NULL, NULL, NULL, 6, NULL, NULL, NULL, NULL, 216, '2017-05-23', 216, '2017-05-23 03:58:39', 1, 6, 'T', 0, NULL, NULL, 'EXECUTIVE_APPROVE'),
(1014, NULL, NULL, NULL, 6, NULL, NULL, NULL, NULL, 216, '2017-05-23', 216, '2017-05-23 03:58:39', 1, 6, 'T', 0, NULL, NULL, 'EXECUTIVE_APPROVE'),
(1015, NULL, NULL, NULL, 6, NULL, NULL, NULL, NULL, 216, '2017-05-23', 216, '2017-05-23 03:58:39', 1, 6, 'T', 0, NULL, NULL, 'EXECUTIVE_APPROVE'),
(1016, NULL, NULL, NULL, 6, NULL, NULL, NULL, NULL, 216, '2017-05-23', 216, '2017-05-23 03:58:39', 1, 6, 'T', 0, NULL, NULL, 'EXECUTIVE_APPROVE'),
(1017, NULL, NULL, NULL, 6, NULL, NULL, NULL, NULL, 216, '2017-05-23', 216, '2017-05-23 03:58:39', 1, 6, 'T', 0, NULL, NULL, 'EXECUTIVE_APPROVE'),
(1018, 'Name', NULL, 2, 1, 1, NULL, '2017-05-23', '/uploads/1495511921.pdf', 126, '2017-05-23', 126, '2017-05-23 03:58:40', 1, 1, 'T', 0, NULL, NULL, 'EXECUTIVE_APPROVE'),
(1019, 'นางสาวบังอร  แกมรัมย์', 'การอบรมความปลอดภัยเบื้องต้น', NULL, 7, NULL, 'ภาควิชารังสีวิทยา คณะแพทยศาสตร์ศิริราชพยาบาล', '2017-05-24', NULL, 224, '2017-05-23', 224, '2017-05-23 03:58:43', 1, 7, 'T', 0, NULL, NULL, 'EXECUTIVE_APPROVE'),
(1020, 'นางสาวสุพัตรา  ชาวสวน', 'การอบรมความปลอดภัยเบื้องต้น', NULL, 7, NULL, 'ภาควิชารังสีวิทยา คณะแพทยศาสตร์ศิริราชพยาบาล', '2017-05-24', NULL, 224, '2017-05-23', 224, '2017-05-23 03:58:43', 1, 7, 'T', 0, NULL, NULL, 'EXECUTIVE_APPROVE'),
(1021, 'นางสาวมัลลิกา  ศรีชมพู', 'การอบรมความปลอดภัยเบื้องต้น', NULL, 7, NULL, 'ภาควิชารังสีวิทยา คณะแพทยศาสตร์ศิริราชพยาบาล', '2017-05-24', NULL, 224, '2017-05-23', 224, '2017-05-23 03:58:43', 1, 7, 'T', 0, NULL, NULL, 'EXECUTIVE_APPROVE'),
(1022, 'นางสาวถิรวรรณ  บุญวงศ์', 'การอบรมความปลอดภัยเบื้องต้น', NULL, 7, NULL, 'ภาควิชารังสีวิทยา คณะแพทยศาสตร์ศิริราชพยาบาล', '2017-05-24', NULL, 224, '2017-05-23', 224, '2017-05-23 03:58:43', 1, 7, 'T', 0, NULL, NULL, 'EXECUTIVE_APPROVE'),
(1023, 'นายภาวิน  วิจิตราการ', 'การอบรมความปลอดภัยเบื้องต้น', NULL, 7, NULL, 'ภาควิชารังสีวิทยา คณะแพทยศาสตร์ศิริราชพยาบาล', '2017-05-24', NULL, 224, '2017-05-23', 224, '2017-05-23 03:58:43', 1, 7, 'T', 0, NULL, NULL, 'EXECUTIVE_APPROVE'),
(1024, 'นายพงษ์อิสรา  ร้อยลาบ', 'การอบรมความปลอดภัยเบื้องต้น', NULL, 7, NULL, 'ภาควิชารังสีวิทยา คณะแพทยศาสตร์ศิริราชพยาบาล', '2017-05-24', NULL, 224, '2017-05-23', 224, '2017-05-23 03:58:43', 1, 7, 'T', 0, NULL, NULL, 'EXECUTIVE_APPROVE'),
(1025, 'นางสาวสภาพร  ทองดี', 'การอบรมความปลอดภัยเบื้องต้น', NULL, 7, NULL, 'ภาควิชารังสีวิทยา คณะแพทยศาสตร์ศิริราชพยาบาล', '2017-05-24', NULL, 224, '2017-05-23', 224, '2017-05-23 03:58:43', 1, 7, 'T', 0, NULL, NULL, 'EXECUTIVE_APPROVE'),
(1026, 'นางสาวพิชญาภรณ์  รักเรียน', 'การอบรมความปลอดภัยเบื้องต้น', NULL, 7, NULL, 'ภาควิชารังสีวิทยา คณะแพทยศาสตร์ศิริราชพยาบาล', '2017-05-24', NULL, 224, '2017-05-23', 224, '2017-05-23 03:58:43', 1, 7, 'T', 0, NULL, NULL, 'EXECUTIVE_APPROVE'),
(1027, 'นายกวิน  ศรีแก้ว', 'การอบรมความปลอดภัยเบื้องต้น', NULL, 7, NULL, 'ภาควิชารังสีวิทยา คณะแพทยศาสตร์ศิริราชพยาบาล', '2017-05-24', NULL, 224, '2017-05-23', 224, '2017-05-23 03:58:43', 1, 7, 'T', 0, NULL, NULL, 'EXECUTIVE_APPROVE'),
(1028, NULL, NULL, NULL, 7, NULL, NULL, NULL, NULL, 224, '2017-05-23', 224, '2017-05-23 03:58:43', 1, 7, 'T', 0, NULL, NULL, 'EXECUTIVE_APPROVE'),
(1029, NULL, NULL, NULL, 7, NULL, NULL, NULL, NULL, 224, '2017-05-23', 224, '2017-05-23 03:58:43', 1, 7, 'T', 0, NULL, NULL, 'EXECUTIVE_APPROVE'),
(1030, NULL, NULL, NULL, 7, NULL, NULL, NULL, NULL, 224, '2017-05-23', 224, '2017-05-23 03:58:43', 1, 7, 'T', 0, NULL, NULL, 'EXECUTIVE_APPROVE'),
(1031, NULL, NULL, NULL, 7, NULL, NULL, NULL, NULL, 224, '2017-05-23', 224, '2017-05-23 03:58:43', 1, 7, 'T', 0, NULL, NULL, 'EXECUTIVE_APPROVE'),
(1032, NULL, NULL, NULL, 7, NULL, NULL, NULL, NULL, 224, '2017-05-23', 224, '2017-05-23 03:58:43', 1, 7, 'T', 0, NULL, NULL, 'EXECUTIVE_APPROVE'),
(1033, NULL, NULL, NULL, 7, NULL, NULL, NULL, NULL, 224, '2017-05-23', 224, '2017-05-23 03:58:43', 1, 7, 'T', 0, NULL, NULL, 'EXECUTIVE_APPROVE'),
(1034, NULL, NULL, NULL, 7, NULL, NULL, NULL, NULL, 224, '2017-05-23', 224, '2017-05-23 03:58:43', 1, 7, 'T', 0, NULL, NULL, 'EXECUTIVE_APPROVE'),
(1035, NULL, NULL, NULL, 7, NULL, NULL, NULL, NULL, 224, '2017-05-23', 224, '2017-05-23 03:58:43', 1, 7, 'T', 0, NULL, NULL, 'EXECUTIVE_APPROVE'),
(1036, NULL, NULL, NULL, 7, NULL, NULL, NULL, NULL, 224, '2017-05-23', 224, '2017-05-23 03:58:43', 1, 7, 'T', 0, NULL, NULL, 'EXECUTIVE_APPROVE'),
(1037, NULL, NULL, NULL, 7, NULL, NULL, NULL, NULL, 224, '2017-05-23', 224, '2017-05-23 03:58:43', 1, 7, 'T', 0, NULL, NULL, 'EXECUTIVE_APPROVE'),
(1038, 'นางสาวบังอร  แกมรัมย์', 'การอบรมความปลอดภัยเบื้องต้น', NULL, 2, NULL, 'ภาควิชารังสีวิทยา คณะแพทยศาสตร์ศิริราชพยาบาล', '2017-05-24', NULL, 206, '2017-05-23', 206, '2017-05-23 03:58:50', 1, 2, 'T', 0, NULL, NULL, 'EXECUTIVE_APPROVE'),
(1039, 'นางสาวสุพัตรา  ชาวสวน', 'การอบรมความปลอดภัยเบื้องต้น', NULL, 2, NULL, 'ภาควิชารังสีวิทยา คณะแพทยศาสตร์ศิริราชพยาบาล', '2017-05-24', NULL, 206, '2017-05-23', 206, '2017-05-23 03:58:50', 1, 2, 'T', 0, NULL, NULL, 'EXECUTIVE_APPROVE'),
(1040, 'นางสาวมัลลิกา  ศรีชมพู', 'การอบรมความปลอดภัยเบื้องต้น', NULL, 2, NULL, 'ภาควิชารังสีวิทยา คณะแพทยศาสตร์ศิริราชพยาบาล', '2017-05-24', NULL, 206, '2017-05-23', 206, '2017-05-23 03:58:50', 1, 2, 'T', 0, NULL, NULL, 'EXECUTIVE_APPROVE'),
(1041, 'นางสาวถิรวรรณ  บุญวงศ์', 'การอบรมความปลอดภัยเบื้องต้น', NULL, 2, NULL, 'ภาควิชารังสีวิทยา คณะแพทยศาสตร์ศิริราชพยาบาล', '2017-05-24', NULL, 206, '2017-05-23', 206, '2017-05-23 03:58:50', 1, 2, 'T', 0, NULL, NULL, 'EXECUTIVE_APPROVE'),
(1042, 'นายภาวิน  วิจิตราการ', 'การอบรมความปลอดภัยเบื้องต้น', NULL, 2, NULL, 'ภาควิชารังสีวิทยา คณะแพทยศาสตร์ศิริราชพยาบาล', '2017-05-24', NULL, 206, '2017-05-23', 206, '2017-05-23 03:58:50', 1, 2, 'T', 0, NULL, NULL, 'EXECUTIVE_APPROVE'),
(1043, 'นายพงษ์อิสรา  ร้อยลาบ', 'การอบรมความปลอดภัยเบื้องต้น', NULL, 2, NULL, 'ภาควิชารังสีวิทยา คณะแพทยศาสตร์ศิริราชพยาบาล', '2017-05-24', NULL, 206, '2017-05-23', 206, '2017-05-23 03:58:50', 1, 2, 'T', 0, NULL, NULL, 'EXECUTIVE_APPROVE'),
(1044, 'นางสาวสภาพร  ทองดี', 'การอบรมความปลอดภัยเบื้องต้น', NULL, 2, NULL, 'ภาควิชารังสีวิทยา คณะแพทยศาสตร์ศิริราชพยาบาล', '2017-05-24', NULL, 206, '2017-05-23', 206, '2017-05-23 03:58:50', 1, 2, 'T', 0, NULL, NULL, 'EXECUTIVE_APPROVE'),
(1045, 'นางสาวพิชญาภรณ์  รักเรียน', 'การอบรมความปลอดภัยเบื้องต้น', NULL, 2, NULL, 'ภาควิชารังสีวิทยา คณะแพทยศาสตร์ศิริราชพยาบาล', '2017-05-24', NULL, 206, '2017-05-23', 206, '2017-05-23 03:58:50', 1, 2, 'T', 0, NULL, NULL, 'EXECUTIVE_APPROVE'),
(1046, 'นายกวิน  ศรีแก้ว', 'การอบรมความปลอดภัยเบื้องต้น', NULL, 2, NULL, 'ภาควิชารังสีวิทยา คณะแพทยศาสตร์ศิริราชพยาบาล', '2017-05-24', NULL, 206, '2017-05-23', 206, '2017-05-23 03:58:50', 1, 2, 'T', 0, NULL, NULL, 'EXECUTIVE_APPROVE'),
(1047, NULL, NULL, NULL, 2, NULL, NULL, NULL, NULL, 206, '2017-05-23', 206, '2017-05-23 03:58:50', 1, 2, 'T', 0, NULL, NULL, 'EXECUTIVE_APPROVE'),
(1048, NULL, NULL, NULL, 2, NULL, NULL, NULL, NULL, 206, '2017-05-23', 206, '2017-05-23 03:58:50', 1, 2, 'T', 0, NULL, NULL, 'EXECUTIVE_APPROVE'),
(1049, NULL, NULL, NULL, 2, NULL, NULL, NULL, NULL, 206, '2017-05-23', 206, '2017-05-23 03:58:50', 1, 2, 'T', 0, NULL, NULL, 'EXECUTIVE_APPROVE'),
(1050, NULL, NULL, NULL, 2, NULL, NULL, NULL, NULL, 206, '2017-05-23', 206, '2017-05-23 03:58:50', 1, 2, 'T', 0, NULL, NULL, 'EXECUTIVE_APPROVE'),
(1051, NULL, NULL, NULL, 2, NULL, NULL, NULL, NULL, 206, '2017-05-23', 206, '2017-05-23 03:58:50', 1, 2, 'T', 0, NULL, NULL, 'EXECUTIVE_APPROVE'),
(1052, NULL, NULL, NULL, 2, NULL, NULL, NULL, NULL, 206, '2017-05-23', 206, '2017-05-23 03:58:50', 1, 2, 'T', 0, NULL, NULL, 'EXECUTIVE_APPROVE'),
(1053, NULL, NULL, NULL, 2, NULL, NULL, NULL, NULL, 206, '2017-05-23', 206, '2017-05-23 03:58:50', 1, 2, 'T', 0, NULL, NULL, 'EXECUTIVE_APPROVE'),
(1054, NULL, NULL, NULL, 2, NULL, NULL, NULL, NULL, 206, '2017-05-23', 206, '2017-05-23 03:58:50', 1, 2, 'T', 0, NULL, NULL, 'EXECUTIVE_APPROVE'),
(1055, NULL, NULL, NULL, 2, NULL, NULL, NULL, NULL, 206, '2017-05-23', 206, '2017-05-23 03:58:50', 1, 2, 'T', 0, NULL, NULL, 'EXECUTIVE_APPROVE'),
(1056, NULL, NULL, NULL, 2, NULL, NULL, NULL, NULL, 206, '2017-05-23', 206, '2017-05-23 03:58:50', 1, 2, 'T', 0, NULL, NULL, 'EXECUTIVE_APPROVE'),
(1057, 'นางสาวบังอร  แกมรัมย์', 'การอบรมความปลอดภัยเบื้องต้น', NULL, 5, NULL, 'ภาควิชารังสีวิทยา คณะแพทยศาสตร์ศิริราชพยาบาล', '2017-05-24', NULL, 213, '2017-05-23', 213, '2017-05-23 03:58:51', 1, 5, 'T', 0, NULL, NULL, 'EXECUTIVE_APPROVE'),
(1058, 'นางสาวสุพัตรา  ชาวสวน', 'การอบรมความปลอดภัยเบื้องต้น', NULL, 5, NULL, 'ภาควิชารังสีวิทยา คณะแพทยศาสตร์ศิริราชพยาบาล', '2017-05-24', NULL, 213, '2017-05-23', 213, '2017-05-23 03:58:51', 1, 5, 'T', 0, NULL, NULL, 'EXECUTIVE_APPROVE'),
(1059, 'นางสาวมัลลิกา  ศรีชมพู', 'การอบรมความปลอดภัยเบื้องต้น', NULL, 5, NULL, 'ภาควิชารังสีวิทยา คณะแพทยศาสตร์ศิริราชพยาบาล', '2017-05-24', NULL, 213, '2017-05-23', 213, '2017-05-23 03:58:51', 1, 5, 'T', 0, NULL, NULL, 'EXECUTIVE_APPROVE'),
(1060, 'นางสาวถิรวรรณ  บุญวงศ์', 'การอบรมความปลอดภัยเบื้องต้น', NULL, 5, NULL, 'ภาควิชารังสีวิทยา คณะแพทยศาสตร์ศิริราชพยาบาล', '2017-05-24', NULL, 213, '2017-05-23', 213, '2017-05-23 03:58:51', 1, 5, 'T', 0, NULL, NULL, 'EXECUTIVE_APPROVE'),
(1061, 'นายภาวิน  วิจิตราการ', 'การอบรมความปลอดภัยเบื้องต้น', NULL, 5, NULL, 'ภาควิชารังสีวิทยา คณะแพทยศาสตร์ศิริราชพยาบาล', '2017-05-24', NULL, 213, '2017-05-23', 213, '2017-05-23 03:58:51', 1, 5, 'T', 0, NULL, NULL, 'EXECUTIVE_APPROVE'),
(1062, 'นายพงษ์อิสรา  ร้อยลาบ', 'การอบรมความปลอดภัยเบื้องต้น', NULL, 5, NULL, 'ภาควิชารังสีวิทยา คณะแพทยศาสตร์ศิริราชพยาบาล', '2017-05-24', NULL, 213, '2017-05-23', 213, '2017-05-23 03:58:51', 1, 5, 'T', 0, NULL, NULL, 'EXECUTIVE_APPROVE'),
(1063, 'นางสาวสภาพร  ทองดี', 'การอบรมความปลอดภัยเบื้องต้น', NULL, 5, NULL, 'ภาควิชารังสีวิทยา คณะแพทยศาสตร์ศิริราชพยาบาล', '2017-05-24', NULL, 213, '2017-05-23', 213, '2017-05-23 03:58:51', 1, 5, 'T', 0, NULL, NULL, 'EXECUTIVE_APPROVE'),
(1064, 'นางสาวพิชญาภรณ์  รักเรียน', 'การอบรมความปลอดภัยเบื้องต้น', NULL, 5, NULL, 'ภาควิชารังสีวิทยา คณะแพทยศาสตร์ศิริราชพยาบาล', '2017-05-24', NULL, 213, '2017-05-23', 213, '2017-05-23 03:58:51', 1, 5, 'T', 0, NULL, NULL, 'EXECUTIVE_APPROVE'),
(1065, 'นายกวิน  ศรีแก้ว', 'การอบรมความปลอดภัยเบื้องต้น', NULL, 5, NULL, 'ภาควิชารังสีวิทยา คณะแพทยศาสตร์ศิริราชพยาบาล', '2017-05-24', NULL, 213, '2017-05-23', 213, '2017-05-23 03:58:51', 1, 5, 'T', 0, NULL, NULL, 'EXECUTIVE_APPROVE'),
(1066, NULL, NULL, NULL, 5, NULL, NULL, NULL, NULL, 213, '2017-05-23', 213, '2017-05-23 03:58:51', 1, 5, 'T', 0, NULL, NULL, 'EXECUTIVE_APPROVE'),
(1067, NULL, NULL, NULL, 5, NULL, NULL, NULL, NULL, 213, '2017-05-23', 213, '2017-05-23 03:58:51', 1, 5, 'T', 0, NULL, NULL, 'EXECUTIVE_APPROVE'),
(1068, NULL, NULL, NULL, 5, NULL, NULL, NULL, NULL, 213, '2017-05-23', 213, '2017-05-23 03:58:51', 1, 5, 'T', 0, NULL, NULL, 'EXECUTIVE_APPROVE'),
(1069, NULL, NULL, NULL, 5, NULL, NULL, NULL, NULL, 213, '2017-05-23', 213, '2017-05-23 03:58:51', 1, 5, 'T', 0, NULL, NULL, 'EXECUTIVE_APPROVE'),
(1070, NULL, NULL, NULL, 5, NULL, NULL, NULL, NULL, 213, '2017-05-23', 213, '2017-05-23 03:58:51', 1, 5, 'T', 0, NULL, NULL, 'EXECUTIVE_APPROVE'),
(1071, NULL, NULL, NULL, 5, NULL, NULL, NULL, NULL, 213, '2017-05-23', 213, '2017-05-23 03:58:51', 1, 5, 'T', 0, NULL, NULL, 'EXECUTIVE_APPROVE'),
(1072, NULL, NULL, NULL, 5, NULL, NULL, NULL, NULL, 213, '2017-05-23', 213, '2017-05-23 03:58:51', 1, 5, 'T', 0, NULL, NULL, 'EXECUTIVE_APPROVE'),
(1073, NULL, NULL, NULL, 5, NULL, NULL, NULL, NULL, 213, '2017-05-23', 213, '2017-05-23 03:58:51', 1, 5, 'T', 0, NULL, NULL, 'EXECUTIVE_APPROVE'),
(1074, NULL, NULL, NULL, 5, NULL, NULL, NULL, NULL, 213, '2017-05-23', 213, '2017-05-23 03:58:51', 1, 5, 'T', 0, NULL, NULL, 'EXECUTIVE_APPROVE'),
(1075, NULL, NULL, NULL, 5, NULL, NULL, NULL, NULL, 213, '2017-05-23', 213, '2017-05-23 03:58:51', 1, 5, 'T', 0, NULL, NULL, 'EXECUTIVE_APPROVE'),
(1076, 'ฝนทิพย์ รัตนกาล', NULL, 2, 9, 9, NULL, '2017-05-23', NULL, 228, '2017-05-23', 228, '2017-05-23 03:58:53', 1, 9, 'F', 1076, NULL, NULL, 'EXECUTIVE_APPROVE'),
(1077, 'นาง วาสนา แสงอำนาจ', NULL, 1, 6, 1, NULL, '2017-05-23', '/uploads/1495511942.xlsx', 221, '2017-05-23', 221, '2017-05-23 03:59:01', 1, 6, 'T', 0, NULL, '/uploads/1495511942.pdf', 'EXECUTIVE_APPROVE'),
(1078, 'นางสาวบังอร  แกมรัมย์', 'การอบรมความปลอดภัยเบื้องต้น', NULL, 5, NULL, 'ภาควิชารังสีวิทยา คณะแพทยศาสตร์ศิริราชพยาบาล', '2017-05-24', NULL, 213, '2017-05-23', 213, '2017-05-23 03:59:09', 1, 5, 'T', 0, NULL, NULL, 'EXECUTIVE_APPROVE'),
(1079, 'นางสาวสุพัตรา  ชาวสวน', 'การอบรมความปลอดภัยเบื้องต้น', NULL, 5, NULL, 'ภาควิชารังสีวิทยา คณะแพทยศาสตร์ศิริราชพยาบาล', '2017-05-24', NULL, 213, '2017-05-23', 213, '2017-05-23 03:59:09', 1, 5, 'T', 0, NULL, NULL, 'EXECUTIVE_APPROVE'),
(1080, 'นางสาวมัลลิกา  ศรีชมพู', 'การอบรมความปลอดภัยเบื้องต้น', NULL, 5, NULL, 'ภาควิชารังสีวิทยา คณะแพทยศาสตร์ศิริราชพยาบาล', '2017-05-24', NULL, 213, '2017-05-23', 213, '2017-05-23 03:59:09', 1, 5, 'T', 0, NULL, NULL, 'EXECUTIVE_APPROVE'),
(1081, 'นางสาวถิรวรรณ  บุญวงศ์', 'การอบรมความปลอดภัยเบื้องต้น', NULL, 5, NULL, 'ภาควิชารังสีวิทยา คณะแพทยศาสตร์ศิริราชพยาบาล', '2017-05-24', NULL, 213, '2017-05-23', 213, '2017-05-23 03:59:09', 1, 5, 'T', 0, NULL, NULL, 'EXECUTIVE_APPROVE'),
(1082, 'นายภาวิน  วิจิตราการ', 'การอบรมความปลอดภัยเบื้องต้น', NULL, 5, NULL, 'ภาควิชารังสีวิทยา คณะแพทยศาสตร์ศิริราชพยาบาล', '2017-05-24', NULL, 213, '2017-05-23', 213, '2017-05-23 03:59:09', 1, 5, 'T', 0, NULL, NULL, 'EXECUTIVE_APPROVE'),
(1083, 'นายพงษ์อิสรา  ร้อยลาบ', 'การอบรมความปลอดภัยเบื้องต้น', NULL, 5, NULL, 'ภาควิชารังสีวิทยา คณะแพทยศาสตร์ศิริราชพยาบาล', '2017-05-24', NULL, 213, '2017-05-23', 213, '2017-05-23 03:59:09', 1, 5, 'T', 0, NULL, NULL, 'EXECUTIVE_APPROVE'),
(1084, 'นางสาวสภาพร  ทองดี', 'การอบรมความปลอดภัยเบื้องต้น', NULL, 5, NULL, 'ภาควิชารังสีวิทยา คณะแพทยศาสตร์ศิริราชพยาบาล', '2017-05-24', NULL, 213, '2017-05-23', 213, '2017-05-23 03:59:09', 1, 5, 'T', 0, NULL, NULL, 'EXECUTIVE_APPROVE'),
(1085, 'นางสาวพิชญาภรณ์  รักเรียน', 'การอบรมความปลอดภัยเบื้องต้น', NULL, 5, NULL, 'ภาควิชารังสีวิทยา คณะแพทยศาสตร์ศิริราชพยาบาล', '2017-05-24', NULL, 213, '2017-05-23', 213, '2017-05-23 03:59:09', 1, 5, 'T', 0, NULL, NULL, 'EXECUTIVE_APPROVE'),
(1086, 'นายกวิน  ศรีแก้ว', 'การอบรมความปลอดภัยเบื้องต้น', NULL, 5, NULL, 'ภาควิชารังสีวิทยา คณะแพทยศาสตร์ศิริราชพยาบาล', '2017-05-24', NULL, 213, '2017-05-23', 213, '2017-05-23 03:59:09', 1, 5, 'T', 0, NULL, NULL, 'EXECUTIVE_APPROVE'),
(1087, NULL, NULL, NULL, 5, NULL, NULL, NULL, NULL, 213, '2017-05-23', 213, '2017-05-23 03:59:09', 1, 5, 'T', 0, NULL, NULL, 'EXECUTIVE_APPROVE'),
(1088, NULL, NULL, NULL, 5, NULL, NULL, NULL, NULL, 213, '2017-05-23', 213, '2017-05-23 03:59:09', 1, 5, 'T', 0, NULL, NULL, 'EXECUTIVE_APPROVE'),
(1089, NULL, NULL, NULL, 5, NULL, NULL, NULL, NULL, 213, '2017-05-23', 213, '2017-05-23 03:59:09', 1, 5, 'T', 0, NULL, NULL, 'EXECUTIVE_APPROVE'),
(1090, NULL, NULL, NULL, 5, NULL, NULL, NULL, NULL, 213, '2017-05-23', 213, '2017-05-23 03:59:09', 1, 5, 'T', 0, NULL, NULL, 'EXECUTIVE_APPROVE'),
(1091, NULL, NULL, NULL, 5, NULL, NULL, NULL, NULL, 213, '2017-05-23', 213, '2017-05-23 03:59:09', 1, 5, 'T', 0, NULL, NULL, 'EXECUTIVE_APPROVE'),
(1092, NULL, NULL, NULL, 5, NULL, NULL, NULL, NULL, 213, '2017-05-23', 213, '2017-05-23 03:59:09', 1, 5, 'T', 0, NULL, NULL, 'EXECUTIVE_APPROVE'),
(1093, NULL, NULL, NULL, 5, NULL, NULL, NULL, NULL, 213, '2017-05-23', 213, '2017-05-23 03:59:09', 1, 5, 'T', 0, NULL, NULL, 'EXECUTIVE_APPROVE'),
(1094, NULL, NULL, NULL, 5, NULL, NULL, NULL, NULL, 213, '2017-05-23', 213, '2017-05-23 03:59:09', 1, 5, 'T', 0, NULL, NULL, 'EXECUTIVE_APPROVE'),
(1095, NULL, NULL, NULL, 5, NULL, NULL, NULL, NULL, 213, '2017-05-23', 213, '2017-05-23 03:59:09', 1, 5, 'T', 0, NULL, NULL, 'EXECUTIVE_APPROVE'),
(1096, NULL, NULL, NULL, 5, NULL, NULL, NULL, NULL, 213, '2017-05-23', 213, '2017-05-23 03:59:09', 1, 5, 'T', 0, NULL, NULL, 'EXECUTIVE_APPROVE'),
(1097, 'เดดดก', NULL, 1, 1, 1, NULL, '2017-05-23', '/uploads/1495511956.pdf', 198, '2017-05-23', 198, '2017-05-23 03:59:15', 1, 1, 'D', 0, NULL, '/uploads/1495511956.pdf', 'EXECUTIVE_APPROVE'),
(1098, 'ฝนทิพย์ รัตนกาล', NULL, 1, NULL, 9, NULL, '2017-05-23', NULL, NULL, NULL, 228, '2017-05-23 03:59:25', 2, 9, 'T', 1076, NULL, NULL, 'EXECUTIVE_APPROVE'),
(1099, 'นางสาวบังอร  แกมรัมย์', 'การอบรมความปลอดภัยเบื้องต้น', NULL, 13, NULL, 'ภาควิชารังสีวิทยา คณะแพทยศาสตร์ศิริราชพยาบาล', '2017-05-24', NULL, 236, '2017-05-23', 236, '2017-05-23 03:59:55', 1, 13, 'T', 0, NULL, NULL, 'EXECUTIVE_APPROVE'),
(1100, 'นางสาวสุพัตรา  ชาวสวน', 'การอบรมความปลอดภัยเบื้องต้น', NULL, 13, NULL, 'ภาควิชารังสีวิทยา คณะแพทยศาสตร์ศิริราชพยาบาล', '2017-05-24', NULL, 236, '2017-05-23', 236, '2017-05-23 03:59:55', 1, 13, 'T', 0, NULL, NULL, 'EXECUTIVE_APPROVE'),
(1101, 'นางสาวมัลลิกา  ศรีชมพู', 'การอบรมความปลอดภัยเบื้องต้น', NULL, 13, NULL, 'ภาควิชารังสีวิทยา คณะแพทยศาสตร์ศิริราชพยาบาล', '2017-05-24', NULL, 236, '2017-05-23', 236, '2017-05-23 03:59:55', 1, 13, 'T', 0, NULL, NULL, 'EXECUTIVE_APPROVE'),
(1102, 'นางสาวถิรวรรณ  บุญวงศ์', 'การอบรมความปลอดภัยเบื้องต้น', NULL, 13, NULL, 'ภาควิชารังสีวิทยา คณะแพทยศาสตร์ศิริราชพยาบาล', '2017-05-24', NULL, 236, '2017-05-23', 236, '2017-05-23 03:59:55', 1, 13, 'T', 0, NULL, NULL, 'EXECUTIVE_APPROVE'),
(1103, 'นายภาวิน  วิจิตราการ', 'การอบรมความปลอดภัยเบื้องต้น', NULL, 13, NULL, 'ภาควิชารังสีวิทยา คณะแพทยศาสตร์ศิริราชพยาบาล', '2017-05-24', NULL, 236, '2017-05-23', 236, '2017-05-23 03:59:55', 1, 13, 'T', 0, NULL, NULL, 'EXECUTIVE_APPROVE'),
(1104, 'นายพงษ์อิสรา  ร้อยลาบ', 'การอบรมความปลอดภัยเบื้องต้น', NULL, 13, NULL, 'ภาควิชารังสีวิทยา คณะแพทยศาสตร์ศิริราชพยาบาล', '2017-05-24', NULL, 236, '2017-05-23', 236, '2017-05-23 03:59:55', 1, 13, 'T', 0, NULL, NULL, 'EXECUTIVE_APPROVE'),
(1105, 'นางสาวสภาพร  ทองดี', 'การอบรมความปลอดภัยเบื้องต้น', NULL, 13, NULL, 'ภาควิชารังสีวิทยา คณะแพทยศาสตร์ศิริราชพยาบาล', '2017-05-24', NULL, 236, '2017-05-23', 236, '2017-05-23 03:59:55', 1, 13, 'T', 0, NULL, NULL, 'EXECUTIVE_APPROVE'),
(1106, 'นางสาวพิชญาภรณ์  รักเรียน', 'การอบรมความปลอดภัยเบื้องต้น', NULL, 13, NULL, 'ภาควิชารังสีวิทยา คณะแพทยศาสตร์ศิริราชพยาบาล', '2017-05-24', NULL, 236, '2017-05-23', 236, '2017-05-23 03:59:55', 1, 13, 'T', 0, NULL, NULL, 'EXECUTIVE_APPROVE'),
(1107, 'นายกวิน  ศรีแก้ว', 'การอบรมความปลอดภัยเบื้องต้น', NULL, 13, NULL, 'ภาควิชารังสีวิทยา คณะแพทยศาสตร์ศิริราชพยาบาล', '2017-05-24', NULL, 236, '2017-05-23', 236, '2017-05-23 03:59:55', 1, 13, 'T', 0, NULL, NULL, 'EXECUTIVE_APPROVE'),
(1108, NULL, NULL, NULL, 13, NULL, NULL, NULL, NULL, 236, '2017-05-23', 236, '2017-05-23 03:59:55', 1, 13, 'T', 0, NULL, NULL, 'EXECUTIVE_APPROVE'),
(1109, NULL, NULL, NULL, 13, NULL, NULL, NULL, NULL, 236, '2017-05-23', 236, '2017-05-23 03:59:55', 1, 13, 'T', 0, NULL, NULL, 'EXECUTIVE_APPROVE'),
(1110, NULL, NULL, NULL, 13, NULL, NULL, NULL, NULL, 236, '2017-05-23', 236, '2017-05-23 03:59:55', 1, 13, 'T', 0, NULL, NULL, 'EXECUTIVE_APPROVE'),
(1111, NULL, NULL, NULL, 13, NULL, NULL, NULL, NULL, 236, '2017-05-23', 236, '2017-05-23 03:59:55', 1, 13, 'T', 0, NULL, NULL, 'EXECUTIVE_APPROVE'),
(1112, NULL, NULL, NULL, 13, NULL, NULL, NULL, NULL, 236, '2017-05-23', 236, '2017-05-23 03:59:55', 1, 13, 'T', 0, NULL, NULL, 'EXECUTIVE_APPROVE'),
(1113, NULL, NULL, NULL, 13, NULL, NULL, NULL, NULL, 236, '2017-05-23', 236, '2017-05-23 03:59:55', 1, 13, 'T', 0, NULL, NULL, 'EXECUTIVE_APPROVE'),
(1114, NULL, NULL, NULL, 13, NULL, NULL, NULL, NULL, 236, '2017-05-23', 236, '2017-05-23 03:59:55', 1, 13, 'T', 0, NULL, NULL, 'EXECUTIVE_APPROVE'),
(1115, NULL, NULL, NULL, 13, NULL, NULL, NULL, NULL, 236, '2017-05-23', 236, '2017-05-23 03:59:55', 1, 13, 'T', 0, NULL, NULL, 'EXECUTIVE_APPROVE'),
(1116, NULL, NULL, NULL, 13, NULL, NULL, NULL, NULL, 236, '2017-05-23', 236, '2017-05-23 03:59:55', 1, 13, 'T', 0, NULL, NULL, 'EXECUTIVE_APPROVE'),
(1117, NULL, NULL, NULL, 13, NULL, NULL, NULL, NULL, 236, '2017-05-23', 236, '2017-05-23 03:59:55', 1, 13, 'T', 0, NULL, NULL, 'EXECUTIVE_APPROVE'),
(1118, 'สุพรรณี  สุยะหลาน', NULL, 1, NULL, 12, NULL, '2017-05-23', '/uploads/1495512007.xlsx', NULL, NULL, 234, '2017-05-23 04:00:06', 2, 12, 'T', 979, NULL, '/uploads/1495512007.xlsx', 'EXECUTIVE_APPROVE'),
(1119, 'สุพรรณี  สุยะหลาน', NULL, 1, 12, 12, NULL, '2017-05-23', '/uploads/1495512199.pdf', 234, '2017-05-23', 234, '2017-05-23 04:03:19', 1, 12, 'D', 0, NULL, '/uploads/1495512199.pdf', 'EXECUTIVE_APPROVE'),
(1120, 'เจนจิรา  สระทองยุ้ง', NULL, 2, 14, 14, NULL, '2017-05-23', '/uploads/1495512300.pdf', 237, '2017-05-23', 237, '2017-05-23 04:05:00', 1, 14, 'T', 0, NULL, '/uploads/1495512300.pdf', 'EXECUTIVE_APPROVE'),
(1121, 'ปวีณา ยามานนท์', NULL, 1, 6, 6, NULL, '2017-05-23', NULL, 222, '2017-05-23', 222, '2017-05-23 04:36:26', 1, 6, 'T', 0, NULL, NULL, 'USER_APPROVE'),
(1122, 'จิตรา ลิ้มทองกุล', NULL, 1, 6, 1, NULL, '2017-05-23', NULL, 220, '2017-05-23', 220, '2017-05-23 04:37:16', 1, 6, 'D', 0, NULL, NULL, NULL),
(1123, 'จุรีพร อัศวรัตนภักดี', NULL, 1, 1, 1, NULL, '2017-05-23', '/uploads/1495514969.pdf', 192, '2017-05-23', 192, '2017-05-23 04:49:29', 1, 1, 'T', 0, NULL, '/uploads/1495514969.pdf', NULL),
(1124, 'นางสาวบังอร  แกมรัมย์', 'การอบรมความปลอดภัยเบื้องต้น', NULL, 1, NULL, 'ภาควิชารังสีวิทยา คณะแพทยศาสตร์ศิริราชพยาบาล', '2017-05-24', NULL, 192, '2017-05-23', 192, '2017-05-23 04:49:39', 1, 1, 'T', 0, NULL, NULL, NULL),
(1125, 'นางสาวสุพัตรา  ชาวสวน', 'การอบรมความปลอดภัยเบื้องต้น', NULL, 1, NULL, 'ภาควิชารังสีวิทยา คณะแพทยศาสตร์ศิริราชพยาบาล', '2017-05-24', NULL, 192, '2017-05-23', 192, '2017-05-23 04:49:39', 1, 1, 'T', 0, NULL, NULL, NULL),
(1126, 'นางสาวมัลลิกา  ศรีชมพู', 'การอบรมความปลอดภัยเบื้องต้น', NULL, 1, NULL, 'ภาควิชารังสีวิทยา คณะแพทยศาสตร์ศิริราชพยาบาล', '2017-05-24', NULL, 192, '2017-05-23', 192, '2017-05-23 04:49:39', 1, 1, 'T', 0, NULL, NULL, NULL),
(1127, 'นางสาวถิรวรรณ  บุญวงศ์', 'การอบรมความปลอดภัยเบื้องต้น', NULL, 1, NULL, 'ภาควิชารังสีวิทยา คณะแพทยศาสตร์ศิริราชพยาบาล', '2017-05-24', NULL, 192, '2017-05-23', 192, '2017-05-23 04:49:39', 1, 1, 'T', 0, NULL, NULL, NULL),
(1128, 'นายภาวิน  วิจิตราการ', 'การอบรมความปลอดภัยเบื้องต้น', NULL, 1, NULL, 'ภาควิชารังสีวิทยา คณะแพทยศาสตร์ศิริราชพยาบาล', '2017-05-24', NULL, 192, '2017-05-23', 192, '2017-05-23 04:49:39', 1, 1, 'T', 0, NULL, NULL, NULL),
(1129, 'นายพงษ์อิสรา  ร้อยลาบ', 'การอบรมความปลอดภัยเบื้องต้น', NULL, 1, NULL, 'ภาควิชารังสีวิทยา คณะแพทยศาสตร์ศิริราชพยาบาล', '2017-05-24', NULL, 192, '2017-05-23', 192, '2017-05-23 04:49:39', 1, 1, 'T', 0, NULL, NULL, NULL),
(1130, 'นางสาวสภาพร  ทองดี', 'การอบรมความปลอดภัยเบื้องต้น', NULL, 1, NULL, 'ภาควิชารังสีวิทยา คณะแพทยศาสตร์ศิริราชพยาบาล', '2017-05-24', NULL, 192, '2017-05-23', 192, '2017-05-23 04:49:39', 1, 1, 'T', 0, NULL, NULL, NULL),
(1131, 'นางสาวพิชญาภรณ์  รักเรียน', 'การอบรมความปลอดภัยเบื้องต้น', NULL, 1, NULL, 'ภาควิชารังสีวิทยา คณะแพทยศาสตร์ศิริราชพยาบาล', '2017-05-24', NULL, 192, '2017-05-23', 192, '2017-05-23 04:49:39', 1, 1, 'T', 0, NULL, NULL, NULL),
(1132, 'นายกวิน  ศรีแก้ว', 'การอบรมความปลอดภัยเบื้องต้น', NULL, 1, NULL, 'ภาควิชารังสีวิทยา คณะแพทยศาสตร์ศิริราชพยาบาล', '2017-05-24', NULL, 192, '2017-05-23', 192, '2017-05-23 04:49:40', 1, 1, 'T', 0, NULL, NULL, NULL),
(1133, NULL, NULL, NULL, 1, NULL, NULL, NULL, NULL, 192, '2017-05-23', 192, '2017-05-23 04:49:40', 1, 1, 'T', 0, NULL, NULL, NULL),
(1134, NULL, NULL, NULL, 1, NULL, NULL, NULL, NULL, 192, '2017-05-23', 192, '2017-05-23 04:49:40', 1, 1, 'T', 0, NULL, NULL, NULL),
(1135, NULL, NULL, NULL, 1, NULL, NULL, NULL, NULL, 192, '2017-05-23', 192, '2017-05-23 04:49:40', 1, 1, 'T', 0, NULL, NULL, NULL),
(1136, NULL, NULL, NULL, 1, NULL, NULL, NULL, NULL, 192, '2017-05-23', 192, '2017-05-23 04:49:40', 1, 1, 'T', 0, NULL, NULL, NULL),
(1137, NULL, NULL, NULL, 1, NULL, NULL, NULL, NULL, 192, '2017-05-23', 192, '2017-05-23 04:49:40', 1, 1, 'T', 0, NULL, NULL, NULL),
(1138, NULL, NULL, NULL, 1, NULL, NULL, NULL, NULL, 192, '2017-05-23', 192, '2017-05-23 04:49:40', 1, 1, 'T', 0, NULL, NULL, NULL),
(1139, NULL, NULL, NULL, 1, NULL, NULL, NULL, NULL, 192, '2017-05-23', 192, '2017-05-23 04:49:40', 1, 1, 'T', 0, NULL, NULL, NULL),
(1140, NULL, NULL, NULL, 1, NULL, NULL, NULL, NULL, 192, '2017-05-23', 192, '2017-05-23 04:49:40', 1, 1, 'T', 0, NULL, NULL, NULL),
(1141, NULL, NULL, NULL, 1, NULL, NULL, NULL, NULL, 192, '2017-05-23', 192, '2017-05-23 04:49:40', 1, 1, 'T', 0, NULL, NULL, NULL),
(1142, NULL, NULL, NULL, 1, NULL, NULL, NULL, NULL, 192, '2017-05-23', 192, '2017-05-23 04:49:40', 1, 1, 'T', 0, NULL, NULL, NULL);

-- --------------------------------------------------------

--
-- Table structure for table `tb_form8`
--

CREATE TABLE IF NOT EXISTS `tb_form8` (
  `id` int(11) NOT NULL,
  `name` varchar(200) DEFAULT NULL,
  `file_path` varchar(100) DEFAULT NULL,
  `owner_department_id` int(11) DEFAULT NULL,
  `revision` int(11) DEFAULT NULL,
  `status` varchar(1) DEFAULT NULL,
  `update_from_id` int(11) DEFAULT NULL,
  `create_date` date DEFAULT NULL,
  `create_by` int(11) DEFAULT NULL,
  `update_date` datetime DEFAULT NULL,
  `update_by` int(11) DEFAULT NULL,
  `position_id` int(11) DEFAULT NULL,
  `type` varchar(200) DEFAULT NULL,
  `no_committee_reason` varchar(200) DEFAULT NULL,
  `approve_status` varchar(20) DEFAULT NULL
) ENGINE=InnoDB AUTO_INCREMENT=98 DEFAULT CHARSET=utf8;

--
-- Dumping data for table `tb_form8`
--

INSERT INTO `tb_form8` (`id`, `name`, `file_path`, `owner_department_id`, `revision`, `status`, `update_from_id`, `create_date`, `create_by`, `update_date`, `update_by`, `position_id`, `type`, `no_committee_reason`, `approve_status`) VALUES
(67, '', '/uploads/1495507917.pdf', 3, 1, 'T', NULL, '2017-05-23', 208, '2017-05-23 02:51:57', 208, NULL, NULL, '', 'EXECUTIVE_APPROVE'),
(68, 'คณะกรรมาการความปลอดภัยทางรังสี งานอาชีวอนามัยและสิ่งแวดล้อม คณะแพทยศาสตร์ศิริราชพยาบาล', '/uploads/1495508456.pdf', 6, 1, 'T', NULL, '2017-05-23', 218, '2017-05-23 03:00:56', 218, NULL, NULL, '', 'EXECUTIVE_APPROVE'),
(69, 'คณะกรรมการความปลอดภัยทางรังสี งานอาชีวอนามัยและสิ่งแวดล้อม คณะแพทย์ศาสตร์ศิริราชพยาบาล', NULL, 1, 1, 'T', NULL, '2017-05-23', 195, '2017-05-23 03:05:00', 195, NULL, NULL, '', 'EXECUTIVE_APPROVE'),
(70, 'คณะกรรมการความปลอดภัยทางรังสี (ประจำส่วนงาน)', '/uploads/1495508889.pdf', 5, 1, 'F', 70, '2017-05-23', 215, '2017-05-23 03:08:09', 215, NULL, NULL, '', 'EXECUTIVE_APPROVE'),
(71, 'คณะกรรมการความปลอดภัยทางรังสี งานชีวอนามัยเเละสิ่งเเวดล้อม คณะเเพทยศาสตรศิริราชพยาบาล', '/uploads/1495509016.pdf', 13, 1, 'F', 71, '2017-05-23', 236, '2017-05-23 03:10:15', 236, NULL, NULL, 'ระบุเหตุผล', 'EXECUTIVE_APPROVE'),
(72, 'คณะกรรมการความปลอดภัยทางรังสี งานชีวอนามัยเเละสิ่งเเวดล้อม คณะเเพทยศาสตรศิริราชพยาบาล', '/uploads/1495509016.pdf', 13, 2, 'T', 71, NULL, NULL, '2017-05-23 03:10:32', 236, NULL, NULL, '', 'EXECUTIVE_APPROVE'),
(73, 'คณะกรรมการความปลอดภัยทางรังสี', '/uploads/1495509106.pdf', 7, 1, 'T', NULL, '2017-05-23', 223, '2017-05-23 03:11:46', 223, NULL, NULL, '', 'EXECUTIVE_APPROVE'),
(74, 'คณะกรรมการความปลอดภัยทางรังสี', '/uploads/1495509222.pdf', 3, 1, 'T', NULL, '2017-05-23', 210, '2017-05-23 03:13:41', 210, NULL, NULL, '', 'EXECUTIVE_APPROVE'),
(75, 'คณะกรรมการความปลอดภัยทางรังสี งานอาชีวอนามัยและสิ่งแวดล้อม คณะแพทยศาสตร์ศิริราชพยาบาล', '/uploads/1495509286.pdf', 3, 1, 'T', NULL, '2017-05-23', 211, '2017-05-23 03:14:46', 211, NULL, NULL, 'ระบุเหตุผล', 'EXECUTIVE_APPROVE'),
(76, 'คณะกรรมการความปลอดภัยทางรังสี งานอาชีวอนามัยและสิ่งแวดล้อม คณะแพทยศาสตร์ศิริราชพยาบาล', '/uploads/1495509341.pdf', 3, 1, 'T', NULL, '2017-05-23', 211, '2017-05-23 03:15:41', 211, NULL, NULL, 'ระบุเหตุผล', 'EXECUTIVE_APPROVE'),
(77, 'คณะกรรมการความปลอดภัยทางรังสี งานอาชีวอนามัยและสิ่งแวดล้อม คณะแพทยศาสตร์ศิริราชพยาบาล', '/uploads/1495509559.pdf', 1, 1, 'T', NULL, '2017-05-23', 273, '2017-05-23 03:19:18', 273, NULL, NULL, '', 'EXECUTIVE_APPROVE'),
(78, '', '/uploads/1495509597.pdf', 2, 1, 'T', NULL, '2017-05-23', 200, '2017-05-23 03:19:56', 200, NULL, NULL, '', 'EXECUTIVE_APPROVE'),
(79, 'คณะกรรมการความปลอดภัยทางรังสี งานชีวอนามัยและสิ่งแวดล้อม คณะแพทยศาสตร์ศิริราชพยาบาล', '/uploads/1495511544.pdf', 1, 1, 'T', NULL, '2017-05-23', 196, '2017-05-23 03:52:23', 196, NULL, NULL, '', 'EXECUTIVE_APPROVE'),
(80, 'Name', '/uploads/1495511995.pdf', 1, 1, 'T', NULL, '2017-05-23', 126, '2017-05-23 03:59:54', 126, NULL, NULL, '', 'EXECUTIVE_APPROVE'),
(81, 'คณะกรรมการชุดที่ 1', '/uploads/1495512000.pdf', 4, 1, 'T', NULL, '2017-05-23', 212, '2017-05-23 04:00:00', 212, NULL, NULL, '', 'EXECUTIVE_APPROVE'),
(82, 'คณะกรรมการความปลอดภัยทางรังสี (ประจำส่วนงาน)', '/uploads/1495512008.pdf', 5, 2, 'T', 70, NULL, NULL, '2017-05-23 04:00:08', 213, NULL, NULL, '', 'EXECUTIVE_APPROVE'),
(83, '', '/uploads/1495512011.pdf', 9, 1, 'T', NULL, '2017-05-23', 229, '2017-05-23 04:00:10', 229, NULL, NULL, '', 'EXECUTIVE_APPROVE'),
(84, 'ไม่มี', NULL, 7, 1, 'T', NULL, '2017-05-23', 224, '2017-05-23 04:00:32', 224, NULL, NULL, '', 'EXECUTIVE_APPROVE'),
(85, '', NULL, 3, 1, 'T', NULL, '2017-05-23', 210, '2017-05-23 04:00:38', 210, NULL, NULL, 'ไม่มี', 'EXECUTIVE_APPROVE'),
(86, 'คณะกรรมการความปลอดภัยทางรังสี งานอาชีวอนามัยและสิ่งแวดล้อมคณะแพทยศาสตร์ศิริราชพยาบาล', '/uploads/1495512100.pdf', 12, 1, 'T', NULL, '2017-05-23', 267, '2017-05-23 04:01:40', 267, NULL, NULL, '', 'EXECUTIVE_APPROVE'),
(87, 'กรรมการชุดที่ 1', '/uploads/1495512122.pdf', 11, 1, 'T', NULL, '2017-05-23', 232, '2017-05-23 04:02:01', 232, NULL, NULL, '', 'EXECUTIVE_APPROVE'),
(88, 'ึคณะกรรมการความปลอดภัยทางรังสี งานอาชีวอนามัยและสิ่งแวดล้อม คณะแพทยศาสตร์ศิริราชพยาบาล', NULL, 12, 1, 'F', 88, '2017-05-23', 235, '2017-05-23 04:02:09', 235, NULL, NULL, '', 'EXECUTIVE_APPROVE'),
(89, '', NULL, 14, 1, 'T', NULL, '2017-05-23', 238, '2017-05-23 04:02:32', 238, NULL, NULL, 'ยังไม่ได้แต่งตั้งคณะทำงาน', 'EXECUTIVE_APPROVE'),
(90, 'คณะกรรมการความปลอดภัยทางรังสี งานอาชีวอนามัยและสิ่งแวดล้อม คณะแพทยศาสตร์ศิริราชพยาบาล', NULL, 12, 2, 'T', 88, NULL, NULL, '2017-05-23 04:02:59', 235, NULL, NULL, '', 'EXECUTIVE_APPROVE'),
(91, '', NULL, 9, 1, 'T', NULL, '2017-05-23', 227, '2017-05-23 04:04:12', 227, NULL, NULL, '', 'EXECUTIVE_APPROVE'),
(92, 'ความปลอดภัยทางรังสี สาขาวิชารังสีรักษา', '/uploads/1495512952.pdf', 1, 1, 'T', NULL, '2017-05-23', 190, '2017-05-23 04:15:51', 190, NULL, NULL, '', 'EXECUTIVE_APPROVE'),
(93, '', NULL, 4, 1, 'T', NULL, '2017-05-23', 212, '2017-05-23 04:19:26', 212, NULL, NULL, 'ยังไม่ได้แต่งตั้ง', 'EXECUTIVE_APPROVE'),
(94, '', '/uploads/1495514342.pdf', 9, 1, 'T', NULL, '2017-05-23', 227, '2017-05-23 04:39:01', 227, NULL, NULL, '', NULL),
(95, 'ไม่มี', NULL, 7, 1, 'T', NULL, '2017-05-23', 224, '2017-05-23 04:41:09', 224, NULL, NULL, 'ยังไม่มีการจัดตั้งคณะกรรมการทางรังสีประจำคณะฯ', NULL),
(96, 'คณะกรรมการความปลอดภัยทางรังสี งานอาชีวอนามัยและสิ่งแวดล้อมคณะแพทยศาสตร์ศิริราชพยาบาล', '/uploads/1495514884.pdf', 6, 1, 'T', NULL, '2017-05-23', 221, '2017-05-23 04:48:03', 221, NULL, NULL, '', 'USER_APPROVE'),
(97, 'คณะกรรมการความปลอดภัยทางรังสี งานอาชีวอนามัยและสิ่งแวดล้อม คณะแพทยศาสตร์ศิริราชพยาบาล', '/uploads/1495515166.pdf', 1, 1, 'T', NULL, '2017-05-23', 192, '2017-05-23 04:52:46', 192, NULL, NULL, '-', NULL);

-- --------------------------------------------------------

--
-- Table structure for table `tb_information`
--

CREATE TABLE IF NOT EXISTS `tb_information` (
  `id` int(11) NOT NULL,
  `title` varchar(45) DEFAULT NULL,
  `description` text,
  `file_path` varchar(100) DEFAULT NULL,
  `status` varchar(1) DEFAULT 'A',
  `begin_date` date DEFAULT NULL,
  `end_date` date DEFAULT NULL,
  `create_date` date DEFAULT NULL
) ENGINE=InnoDB DEFAULT CHARSET=utf8mb4;

-- --------------------------------------------------------

--
-- Table structure for table `tb_m_branch`
--

CREATE TABLE IF NOT EXISTS `tb_m_branch` (
  `id` int(11) NOT NULL,
  `name` varchar(45) DEFAULT NULL
) ENGINE=InnoDB DEFAULT CHARSET=utf8;

--
-- Dumping data for table `tb_m_branch`
--

INSERT INTO `tb_m_branch` (`id`, `name`) VALUES
(1, 'รังสีรักษา'),
(2, 'รังสีวินิจฉัย'),
(3, 'เวชศาสตร์นิวเคลียร์'),
(4, 'ห้องปฏิบัติการ');

-- --------------------------------------------------------

--
-- Table structure for table `tb_m_code_usage`
--

CREATE TABLE IF NOT EXISTS `tb_m_code_usage` (
  `id` int(11) NOT NULL,
  `name` varchar(200) DEFAULT NULL,
  `branch_group_id` varchar(45) DEFAULT NULL,
  `is_rad_machine` varchar(10) DEFAULT NULL COMMENT '1=เครื่องกำเนินรังสี,2=วัสดุพลอยได้',
  `is_sealsource` varchar(10) DEFAULT NULL COMMENT '1=Seal Source,2=UnSeal Source',
  `code` varchar(10) DEFAULT NULL
) ENGINE=InnoDB DEFAULT CHARSET=utf8;

--
-- Dumping data for table `tb_m_code_usage`
--

INSERT INTO `tb_m_code_usage` (`id`, `name`, `branch_group_id`, `is_rad_machine`, `is_sealsource`, `code`) VALUES
(2, 'Teletherapy	            ', '1', '2', '1,2', '02'),
(3, 'Manual Brachy Therapy', '1', '2', '1,2', '03'),
(4, 'Remote Brachy Therapy              ', '1', '2', '1,2', '04'),
(6, 'Research	', '3,4', '2', '1,2', '06'),
(16, 'Reseach	', '', '2', '2', '16'),
(17, 'รังสีรักษา	', '3', '2', '2', '17'),
(18, 'Container / Shielding        ', '4', '2', '1', '18'),
(19, 'รังสีวินิจฉัย	', '3', '2', '2', '19'),
(22, 'Leakage Testing      ', '4', '2', '2', '22'),
(23, 'Standard/Calibration Source    ', '1,4', '2', '1', '23'),
(25, 'Element Analytical                        ', '4', '2', '1', '25'),
(26, 'Smoke Detector                ', '4', '2', '1', '26'),
(28, 'Standard  Source    ', '3,4', '2', '1,2', '23'),
(29, 'Medical Diagnostic X-RAY', '2,3', '1,2', '1,2', '04'),
(30, 'Radiotherapy X-Ray', '1', '1', '0', '05'),
(31, 'Linear Accelerator (LINAC)', '1', '1', '0', '06'),
(32, 'Cyclotron', '1,3', '1', '0', '07'),
(33, 'Synchrotron', '1', '1', '0', '08'),
(34, 'อื่นๆ โปรดระบุ ', '1,2,3,4', '1', '0', '09'),
(35, 'Radiotherapy Imaging System ', '1', '1', '0', '10'),
(36, 'Particle beam ', '1', '1', '0', '11'),
(999, 'อื่น ๆ โปรดระบุ', '1,2,3,4', '2', '0', '27');

-- --------------------------------------------------------

--
-- Table structure for table `tb_m_company_operates`
--

CREATE TABLE IF NOT EXISTS `tb_m_company_operates` (
  `id` int(11) NOT NULL,
  `name` varchar(200) DEFAULT NULL,
  `branch_group_id` varchar(45) DEFAULT NULL
) ENGINE=InnoDB DEFAULT CHARSET=utf8;

--
-- Dumping data for table `tb_m_company_operates`
--

INSERT INTO `tb_m_company_operates` (`id`, `name`, `branch_group_id`) VALUES
(1, 'Global Medical Solutions', '3,4'),
(2, 'Biogenetech', '3,4'),
(3, '-', '1'),
(4, '555', '1'),
(999, 'อื่นๆ โปรดระบุ', '1,2,3,4');

-- --------------------------------------------------------

--
-- Table structure for table `tb_m_dealer_company`
--

CREATE TABLE IF NOT EXISTS `tb_m_dealer_company` (
  `id` int(11) NOT NULL,
  `name` varchar(200) DEFAULT NULL,
  `addr` varchar(150) DEFAULT NULL,
  `branch_group_id` varchar(45) DEFAULT NULL
) ENGINE=InnoDB DEFAULT CHARSET=utf8;

--
-- Dumping data for table `tb_m_dealer_company`
--

INSERT INTO `tb_m_dealer_company` (`id`, `name`, `addr`, `branch_group_id`) VALUES
(1, 'บริษัทโกลบอล เมดิเคิล โซลูชั่น (ประเทศไทย) จำกัด ', 'เลขที่ 1201/81 ซอย 94 ถนนลาดพร้าว แขวงพลับพลา เขตวังทองหลาง กรุงเทพฯ 10310', '3'),
(2, 'บริษัท กมลสุโกศล  อิเล็คทริค จำกัด ', 'เลขที่ 663-5 ถนนมหาไชย  แขวงสำราญราษฎร์  เขตพระนคร  กรุงเทพฯ 10200', '1'),
(3, 'บริษัท แคร์สตรีม เฮลธ์ (ประเทศไทย) จำกัด', 'เลขที่ 89/1 หมู่ 14 อาคารเกษมทรัพย์ ชั้น 2 ถนนวิภาวดีรังสิต แขวงจอมพล เขตจตุจักร กรุงเทพฯ 10400 ', '2'),
(4, 'บริษัท เจ.เอฟ.แอดวาน เมด จำกัด ', 'เลขที่ 2521/34 ถนนลาดพร้าว แขวงคลองเจ้าคุณสิงห์ เขตวังทองหลาง กรุงเทพฯ 10310', '2'),
(5, 'บริษัท ซีเมนส์ จำกัด ', 'เลขที่ 2922/333 อาคารชาญอิสสระทาวเวอร์ 2 ชั้น 35 ถนนเพชรบุรีตัดใหม่ แขวงบางกะปิ เขตห้วยขวาง กรุงเทพฯ 10310', '2'),
(6, 'บริษัทไบเออร์ ไทย จำกัด ', 'เลขที่ 130/1 ถนนสาทรเหนือ แขวงสีลม เขตบางรัก กรุงเทพฯ 10500', '3,4'),
(7, 'บริษัทไบโอจีนีเทค จำกัด ', 'เลขที่ 99 ซอยอุดมสุข 39 ถนนสุขุมวิท 103 แขวงบางจาก เขตพระโขนง กรุงเทพฯ 10260', '3,4'),
(8, 'บริษัท บีเจซี เฮลท์แคร์ จำกัด', 'เลขที่ 9 ซอยรูเบีย สุขุมวิท 42 แขวงพระโขนง เขตคลองเตย กรุงเทพฯ 10110', '3,4'),
(9, 'บริษัท บิสซิเนสอะไลเม้นท์ จำกัด (มหาชน) ', 'เลขที่ 69/5-6 อาคารตั้งฮั้วปัก  ซอยศึกษาวิทยา  ถนนสีลม  แขวงสีลม  เขตบางรัก  กรุงเทพฯ  10500', '1'),
(10, 'บริษัท ฟูจิฟิล์ม ประเทศไทย จำกัด ', 'เลขที่ 388 อาคาร เอส.พี. ชั้น 8  ถนนพหลโยธิน แขวงสามเสนใน เขตพญาไท กรุงเทพฯ 10400', '2'),
(11, 'บริษัท ฟูจิฟิล์ม ประเทศไทย จำกัด ', 'เลขที่ 388 อาคาร เอส.พี. ชั้น 8  ถนนพหลโยธิน แขวงสามเสนใน เขตพญาไท กรุงเทพฯ 10400', '2'),
(12, 'บริษัท ฟิลิปส์ อิเล็กทรอนิกส์ (ประเทศไทย) จำกัด ', 'เลขที่ 1768 อาคารไทยซัมมิททาวเวอร์ ชั้น 28 ถนนเพชรบุรีตัดใหม่ แขวงบางกะปิ เขตห้วยขวาง กรุงเทพฯ 10310', '2'),
(13, 'บริษัท พรีเมียร์ บิสสิเนส อินเตอร์ จำกัด', 'เลขที่  888 ชั้น 11 ห้อง 111, 116, 117 ถนนเพลินจิต แขวงลุมพินี เขตปทุมวัน กรุงเทพฯ10330', '1'),
(14, 'บริษัท ยีอี เมดิคอล ซีสเต็มส์ (ประเทศไทย) จำกัด ', 'เลขที่ 1550 อาคารธนภูมิ ถนนเพชรบุรีตัดใหม่ แขวงมักกะสัน เขตราชเทวี กรุงเทพฯ 10400', '2,3'),
(15, 'บริษัท สุพรีม โพรดักส์ กำจัด', 'เลขที่ 449 และ 451 ถนนสมเด็จพระปิ่นเกล้า แขวงบางยี่ขัน เขตบางพลัด กรุงเทพฯ 10700', '3'),
(16, 'บริษัท หลุยส์ ตีเลียวโนเวนส์ (ประเทศไทย) จำกัด', 'เลขที่ 177/1 ถนนสุรวงศ์ แขวงสุริยวงศ์ เขตบางรัก กรุงเทพฯ 10500', '3,4'),
(17, 'สถาบันเทคโนโลยีนิวเคลียร์แห่งชาติ (องค์การมหาชน)', 'เลขที่ 9/9 ตำบลโพธิ์แทน อำเภอองครักษ์ จังหวัดนครนายก 26120', '3,4'),
(18, 'GE Medical Systems ', 'เลขที่ 1550 อาคารธนภูมิ ชั้น 32 ถนนเพชรบุรีตัดใหม่  แขวงมักกะสัน  เขตราชเทวี  กรุงเทพฯ 10400', '1'),
(19, ' PBI ', 'เลขที่  888 ชั้น 11 ห้อง 111, 116, 117  ถนนเพลินจิต  แขวงลุมพินี  เขตปทุมวัน  กรุงเทพฯ 10330', '1'),
(999, 'อื่น ๆ โปรดระบุ', NULL, '1,2,3,4');

-- --------------------------------------------------------

--
-- Table structure for table `tb_m_department`
--

CREATE TABLE IF NOT EXISTS `tb_m_department` (
  `id` int(11) NOT NULL,
  `name` varchar(200) DEFAULT NULL,
  `branch_id` varchar(45) DEFAULT NULL,
  `faculty_id` varchar(45) DEFAULT NULL
) ENGINE=InnoDB DEFAULT CHARSET=utf8;

--
-- Dumping data for table `tb_m_department`
--

INSERT INTO `tb_m_department` (`id`, `name`, `branch_id`, `faculty_id`) VALUES
(-1, 'ผู้ดูแลระบบ', ' ', '0'),
(0, '-', '-', '0'),
(1, 'รังสีวิทยา', '-', '1'),
(2, '-', '-', '2'),
(3, '-', '-', '3'),
(4, '-', '-', '4'),
(5, '-', '-', '5'),
(6, '-', '-', '6'),
(7, '-', '-', '7'),
(8, '-', '-', '8'),
(9, '-', '-', '9'),
(10, '-', '-', '10'),
(11, '-', '-', '11'),
(12, '-', '-', '12'),
(13, '-', '-', '13'),
(14, '-', '-', '14'),
(15, '-', '-', '15');

-- --------------------------------------------------------

--
-- Table structure for table `tb_m_faculty`
--

CREATE TABLE IF NOT EXISTS `tb_m_faculty` (
  `id` int(11) NOT NULL,
  `name` varchar(45) DEFAULT NULL
) ENGINE=InnoDB DEFAULT CHARSET=utf8;

--
-- Dumping data for table `tb_m_faculty`
--

INSERT INTO `tb_m_faculty` (`id`, `name`) VALUES
(0, '-'),
(1, 'คณะแพทยศาสตร์ศิริราชพยาบาล'),
(2, 'คณะแพทยศาสตร์โรงพยาบาลรามาธิบดี (RA)'),
(3, 'ศูนย์การแพทย์กาญจนาภิเษก (GJ)'),
(4, 'คณะสิ่งแวดล้อมและทรัพยากรศาสตร์ (EN)'),
(5, 'คณะเทคนิคการแพทย์ (MT)'),
(6, 'คณะวิทยาศาสตร์ (SC)'),
(7, 'คณะสาธารณสุขศาสตร์ (PH)'),
(8, 'คณะเวชศาสตร์เขตร้อน (TM)'),
(9, 'คณะสัตวแพทยศาสตร์ (VS)'),
(10, 'คณะวิศวกรรมศาสตร์ (EG)'),
(11, 'สถาบันโภชนาการ (NT)'),
(12, 'คณะทันตแพทยศาสตร์ (DT)'),
(13, 'กองบริหารงานวิจัย (SCIF)'),
(14, 'วิทยาเขตกาญจนบุรี (KA)'),
(15, 'กองกายภาพและสิ่งแวดล้อม(CH)');

-- --------------------------------------------------------

--
-- Table structure for table `tb_m_inspection_agency`
--

CREATE TABLE IF NOT EXISTS `tb_m_inspection_agency` (
  `id` int(11) NOT NULL,
  `name` varchar(200) DEFAULT NULL,
  `branch_group_id` varchar(45) DEFAULT NULL
) ENGINE=InnoDB DEFAULT CHARSET=utf8;

--
-- Dumping data for table `tb_m_inspection_agency`
--

INSERT INTO `tb_m_inspection_agency` (`id`, `name`, `branch_group_id`) VALUES
(1, 'กรมวิทยาศาสตร์การแพทย์', '1,2,3,4'),
(2, 'สถาบันเทคโนโลยีนิวเคลียร์แห่งชาติ (องค์การมหาชน) ', '1,2,3,4'),
(3, 'นักฟิสิกส์การแพทย์ประจำส่วนงาน', '1,2,3,4'),
(4, 'สำนักงานปรมาณูเพื่อสันติ', '1,2,3,4'),
(999, 'อื่น ๆ โปรดระบุ', '1,2,3,4');

-- --------------------------------------------------------

--
-- Table structure for table `tb_m_manufacturer`
--

CREATE TABLE IF NOT EXISTS `tb_m_manufacturer` (
  `id` int(11) NOT NULL,
  `name` varchar(200) DEFAULT NULL,
  `country_id` varchar(45) DEFAULT NULL,
  `branch_group_id` varchar(45) DEFAULT NULL
) ENGINE=InnoDB DEFAULT CHARSET=utf8;

--
-- Dumping data for table `tb_m_manufacturer`
--

INSERT INTO `tb_m_manufacturer` (`id`, `name`, `country_id`, `branch_group_id`) VALUES
(16, 'Accuray', '-', '1'),
(17, 'ASAHI', '-', '2'),
(18, 'BELMONT', '-', '2'),
(19, 'CARESTREAM', '-', '2'),
(20, 'G.E.', '-', '1,2'),
(21, 'ELEKTA', '-', '1'),
(22, 'FUJIFILM', '-', '2'),
(23, 'HOLOGIC', '-', '2'),
(24, 'Hologic Inc.', '-', '3,4'),
(25, 'HITACHI', '-', '2'),
(26, 'GE Medical Systems', '-', '3,4'),
(27, 'KODAK ', '-', '2'),
(28, 'NEUROLOGICA', '-', '2'),
(29, 'SIEMENS', '-', '1,2'),
(30, 'SHIMADZU', '-', '2'),
(31, 'QUANTUM', '-', '2'),
(32, 'SAMSUNG', '-', '2'),
(33, 'TOSHIBA', '-', '1,2'),
(34, 'PHILLIPS ', '-', '1,2'),
(35, 'Philips Medical System', '-', '3'),
(36, 'POSKOM', '-', '2'),
(37, 'Source-Ray', '-', '2'),
(38, 'Varian Medical Systems', '-', '1'),
(39, 'Amersham', '-', '1'),
(40, 'Bebig ', '-', '1'),
(41, 'Harshew Radiation Products', '-', '1'),
(42, 'IBA', '-', '1'),
(43, 'Mallinkrodt ', 'เนเธอร์แลนด์', '1'),
(44, 'NE Technology', '-', '1'),
(45, 'Nuclear Associater', '-', '1'),
(46, 'CIS bio International', '-', '3,4'),
(47, 'POLATOM', '-', '3'),
(48, 'Bayer Consumer Care AG', '-', '3,4'),
(49, 'Sirtex Medical Limited', '-', '3,4'),
(50, 'Eckert and Ziegler Company', '-', '3,4'),
(51, 'RadQual, LLC', '-', '3,4'),
(52, 'สถาบันเทคโนโลยีนิวเคลียร์แห่งชาติ (องค์การมหาชน)', '-', '3'),
(999, 'อื่นๆ โปรดระบุ', '-', '1,2,3,4');

-- --------------------------------------------------------

--
-- Table structure for table `tb_m_material_status`
--

CREATE TABLE IF NOT EXISTS `tb_m_material_status` (
  `id` int(11) NOT NULL,
  `name` varchar(200) DEFAULT NULL,
  `branch_group_id` varchar(45) NOT NULL
) ENGINE=InnoDB DEFAULT CHARSET=utf8;

--
-- Dumping data for table `tb_m_material_status`
--

INSERT INTO `tb_m_material_status` (`id`, `name`, `branch_group_id`) VALUES
(1, 'ใช้งานปกติ', '1,2,3,4'),
(2, 'เก็บสำรอง', '1,2,3,4'),
(3, 'ยกเลิกใช้งาน', '1,2,3,4'),
(4, 'รอจัดการกาก', '1,2,3,4'),
(5, 'กำลังสั่งนำเข้า', '1,2,3,4'),
(6, 'ขอสำรอง', '1,2,3,4');

-- --------------------------------------------------------

--
-- Table structure for table `tb_m_material_type`
--

CREATE TABLE IF NOT EXISTS `tb_m_material_type` (
  `id` int(11) NOT NULL,
  `name` varchar(200) DEFAULT NULL,
  `branch_group_id` varchar(45) DEFAULT NULL,
  `description` varchar(200) DEFAULT NULL
) ENGINE=InnoDB DEFAULT CHARSET=utf8;

--
-- Dumping data for table `tb_m_material_type`
--

INSERT INTO `tb_m_material_type` (`id`, `name`, `branch_group_id`, `description`) VALUES
(1, 'ประเภทวัสดุกัมมันตรังสี 1', '1,2,3,4', '(วัสดุกัมมันตรังสีทีเป็นอันตรายสูงสุด)'),
(2, 'ประเภทวัสดุกัมมันตรังสี 2', '1,2,3,4', '(วัสดุกัมมันตรังสีที่เป็นอันตรายมาก)'),
(3, 'ประเภทวัสดุกัมมันตรังสี 3', '1,2,3,4', '(วัสดกัมมันตรังสีที่เป็นอันตราย)'),
(4, 'ประเภทวัสดุกัมมันตรังสี 4', '1,2,3,4', '(วัสดุกัมมันตรังสีที่มีโอกาสเป็นอันตราย)'),
(5, 'ประเภทวัสดุกัมมันตรังสี 5', '1,2,3,4', '(วัสดุกัมมันตรังสีที่ไม่เป็นอันตราย)');

-- --------------------------------------------------------

--
-- Table structure for table `tb_m_phisical_status`
--

CREATE TABLE IF NOT EXISTS `tb_m_phisical_status` (
  `id` int(11) NOT NULL,
  `name` varchar(200) DEFAULT NULL,
  `branch_group_id` varchar(45) DEFAULT NULL
) ENGINE=InnoDB DEFAULT CHARSET=utf8;

--
-- Dumping data for table `tb_m_phisical_status`
--

INSERT INTO `tb_m_phisical_status` (`id`, `name`, `branch_group_id`) VALUES
(1, 'ของแข็ง', '1,2,3,4'),
(2, 'ของเหลว', '1,2,3,4'),
(3, 'ก๊าซ', '1,2,3,4');

-- --------------------------------------------------------

--
-- Table structure for table `tb_m_position`
--

CREATE TABLE IF NOT EXISTS `tb_m_position` (
  `id` int(11) NOT NULL,
  `name` varchar(200) DEFAULT NULL
) ENGINE=InnoDB DEFAULT CHARSET=utf8;

--
-- Dumping data for table `tb_m_position`
--

INSERT INTO `tb_m_position` (`id`, `name`) VALUES
(1, 'แพทย์'),
(2, 'พยาบาล'),
(3, 'นักวิทยาศาสตร์'),
(4, 'นักรังสี'),
(5, 'การแพทย์'),
(6, 'คนงาน'),
(7, 'อื่น ๆ');

-- --------------------------------------------------------

--
-- Table structure for table `tb_m_power_unit`
--

CREATE TABLE IF NOT EXISTS `tb_m_power_unit` (
  `id` int(11) NOT NULL,
  `name` varchar(45) DEFAULT NULL,
  `name_en` varchar(45) DEFAULT NULL,
  `branch_group_id` varchar(45) DEFAULT NULL
) ENGINE=InnoDB DEFAULT CHARSET=utf8;

--
-- Dumping data for table `tb_m_power_unit`
--

INSERT INTO `tb_m_power_unit` (`id`, `name`, `name_en`, `branch_group_id`) VALUES
(1, 'กิโลโวลต์ ', 'kV', '1,2,3'),
(2, 'เมกกะอิเล็คตรอนโวลต์ ', 'MV/MeV', '1'),
(3, 'เมกะอิเล็กตอนโวลต์', 'MeV', '3'),
(4, 'มิลลิแอมป์', 'mA', '1,2,3'),
(5, ' มิลลิแอมแปร์เซคันส์', 'mAs  ', '2'),
(6, 'มิลลิโวลต์', 'mV', '1'),
(7, 'เทสลาร์', 'T', '1');

-- --------------------------------------------------------

--
-- Table structure for table `tb_m_radioactive_elements`
--

CREATE TABLE IF NOT EXISTS `tb_m_radioactive_elements` (
  `id` int(11) NOT NULL,
  `name` varchar(200) DEFAULT NULL,
  `branch_group_id` varchar(45) DEFAULT NULL,
  `type` varchar(1) DEFAULT NULL COMMENT '1=Seal,2=UnSeal'
) ENGINE=InnoDB AUTO_INCREMENT=1000 DEFAULT CHARSET=utf8;

--
-- Dumping data for table `tb_m_radioactive_elements`
--

INSERT INTO `tb_m_radioactive_elements` (`id`, `name`, `branch_group_id`, `type`) VALUES
(1, 'Am-241', '1', '1'),
(2, 'Ba-133', '1,3,4', '1'),
(3, 'Co-57', '1,3,4', '1'),
(4, 'Co-60', '1,3,4', '1'),
(5, 'Cs-137', '1,3,4', '1'),
(6, 'Ge-68', '3', '1'),
(7, 'Hg-203', '1', '1'),
(8, 'I-129', '3,4', '1'),
(9, 'Ir-192   ', '1', '1'),
(10, 'Mn-54', '1', '1'),
(11, 'Na-22', '1,3,4', '1'),
(12, 'Sr-90', '1,4', '1'),
(13, 'Ru-106', '1', '1'),
(14, 'Y-88', '1', '1'),
(15, 'Cr-51', '3,4', '2'),
(16, 'F-18', '3,4', '2'),
(17, 'Ga-67', '3,4', '2'),
(18, 'Ga-68', '3', '2'),
(19, 'Ho-67', '3', '2'),
(20, 'I-131', '3,4', '2'),
(21, 'Lu-177', '3,4', '2'),
(22, 'Mo-99/Tc-99m', '3,4', '2'),
(23, 'Tl-210  ', '3', '2'),
(24, 'Ti-201', '4', '2'),
(25, 'Sr-89', '3,4', '2'),
(26, 'Sr-90', '4', '2'),
(27, 'Sm-153', '1,3', '2'),
(28, 'I-125', '1', '1'),
(29, 'C-14', '4', '2'),
(30, 'Ca-45', '4', '2'),
(31, 'H-3', '4', '2'),
(32, 'P-32', '4', '2'),
(33, 'Po-210', '4', '1'),
(34, 'Eu-152', '3', '1'),
(35, 'C-11', '3', '2'),
(36, 'I-123', '3', '2'),
(37, 'I-124', '3', '2'),
(38, 'I-125', '3', '2'),
(39, 'In-111', '3', '2'),
(40, 'N-13', '3', '2'),
(41, 'O-15', '3', '2'),
(42, 'Ra-223', '3', '2'),
(43, 'Rb-82', '3', '2'),
(44, 'Re-186', '3', '2'),
(45, 'Re-188', '3', '2'),
(46, 'Tc-99m', '3', '2'),
(47, 'W-188/Re-188', '1,3', '2'),
(48, 'Y-90', '3', '2'),
(49, 'Zr-89', '3', '2'),
(50, '44', '2', '2'),
(999, 'อื่น ๆ (โปรดระบุ)', '1,2,3,4', '1');

-- --------------------------------------------------------

--
-- Table structure for table `tb_m_rad_machine`
--

CREATE TABLE IF NOT EXISTS `tb_m_rad_machine` (
  `id` int(11) NOT NULL,
  `name` varchar(200) DEFAULT NULL,
  `branch_group_id` varchar(45) DEFAULT NULL,
  `code_usage_id` int(11) DEFAULT NULL,
  `power_unit_id` int(11) DEFAULT NULL,
  `seq` int(11) DEFAULT NULL
) ENGINE=InnoDB DEFAULT CHARSET=utf8;

--
-- Dumping data for table `tb_m_rad_machine`
--

INSERT INTO `tb_m_rad_machine` (`id`, `name`, `branch_group_id`, `code_usage_id`, `power_unit_id`, `seq`) VALUES
(1, 'CT scan ', '2', 29, 1, 0),
(2, 'Mobile CT ', '2', 29, 1, 0),
(3, 'Portable X-ray ', '2', 29, 1, 0),
(4, 'General X-ray ', '2', 29, 1, 0),
(5, 'Mobile X-ray ', '2', 29, 1, 0),
(6, 'Fluoroscopy ', '2', 29, 1, 0),
(7, 'Bone Densitometer ', '2,3', 29, 0, 0),
(8, 'Mammography', '2', 29, 1, 0),
(9, 'Single-Plane Digital Subtraction Angiography : Single-Plane DSA ', '2', 29, 1, 0),
(10, 'Bi-Plane Digital Subtraction Angiography : Bi-Plane DSA', '2', 29, 1, 0),
(11, 'Dental X-ray ', '2', 29, 1, 0),
(12, 'C-Arm X-ray ', '2', 29, 1, 0),
(13, 'O-Arm X-ray ', '2', 29, 1, 0),
(14, 'SPECT/CT', '3', 29, 0, 0),
(15, 'PET/CT', '3', 29, 0, 0),
(16, 'Cyclotron', '3', 32, 0, 0),
(17, 'Bone Mineral Densitometer', '3', 32, 0, 0),
(18, 'Superficial X-ray  ', '1', 30, 1, 0),
(19, 'Linear Accelerator ', '1', 31, 6, 0),
(20, 'CyberKnife ', '1', 31, 6, 0),
(21, 'Tomotherapy ', '1', 31, 6, 0),
(22, 'Medical Linear Accelerator ', '1', 31, 6, 0),
(23, 'IORT', '1', 31, 3, 0),
(24, '-', '1', 32, 3, 0),
(25, '-', '1', 33, 3, 0),
(26, 'Conventional Simulator ', '1', 35, 1, 0),
(27, 'CT-Simulator ', '1', 35, 1, 0),
(28, 'C Arm X-ray ', '1', 35, 1, 0),
(29, 'MR-Simulator ', '1', 35, 7, 0),
(30, 'Proton beam ', '1', 36, 3, 0),
(31, 'Ion beam ', '1', 36, 3, 0),
(32, 'Dental cone beam CT', '2', 34, 1, 0),
(33, 'Dental Micro CT', '2', 34, 1, 0),
(999, 'อื่น ๆ โปรดระบุ', '1,2,3,4', NULL, NULL, NULL);

-- --------------------------------------------------------

--
-- Table structure for table `tb_m_report_department`
--

CREATE TABLE IF NOT EXISTS `tb_m_report_department` (
  `id` int(11) NOT NULL,
  `name` varchar(200) DEFAULT NULL,
  `branch_group_id` varchar(45) DEFAULT NULL
) ENGINE=InnoDB DEFAULT CHARSET=utf8;

--
-- Dumping data for table `tb_m_report_department`
--

INSERT INTO `tb_m_report_department` (`id`, `name`, `branch_group_id`) VALUES
(1, 'กรมวิทยาศาสตร์การแพทย์', '1,2,3,4'),
(2, 'สถาบันเทคโนโลยีนิวเคลียร์แห่งชาติ (องค์การมหาชน)', '1,2,3,4');

-- --------------------------------------------------------

--
-- Table structure for table `tb_m_room`
--

CREATE TABLE IF NOT EXISTS `tb_m_room` (
  `id` int(11) NOT NULL,
  `name` varchar(200) DEFAULT NULL,
  `number` varchar(45) DEFAULT NULL,
  `floor` int(11) DEFAULT '0',
  `room_plan` varchar(100) DEFAULT NULL,
  `building_id` varchar(45) DEFAULT NULL,
  `fac` varchar(100) NOT NULL
) ENGINE=InnoDB DEFAULT CHARSET=utf8;

--
-- Dumping data for table `tb_m_room`
--

INSERT INTO `tb_m_room` (`id`, `name`, `number`, `floor`, `room_plan`, `building_id`, `fac`) VALUES
(4, 'รังสีวิทยา', '502', 5, NULL, 'ศูนย์โรคหัวใจสมเด็จพระราชินีนาถ', 'แพทยศาสตร์ศิริราชพยาบาล'),
(9, 'รังสีวินิจฉัย', '204', 2, NULL, 'โรงพยาบาลสัตว์', 'สัตวแพทยศาสตร์ '),
(10, 'รังสีวิทยา', '506', 5, NULL, 'ศูนย์โรคหัวใจสมเด็จพระบรมราชินีนาถ ', 'แพทยศาสตร์ศิริราชพยาบาล'),
(11, 'รังสีรักษา', '504', 5, NULL, 'ศูนย์โรคหัวใจสมเด็จพระบรมราชินีนาถ ', 'แพทยศาสตร์ศิริราชพยาบาล');

-- --------------------------------------------------------

--
-- Table structure for table `tb_m_setting`
--

CREATE TABLE IF NOT EXISTS `tb_m_setting` (
  `id` int(11) NOT NULL,
  `name` varchar(45) DEFAULT NULL,
  `value` varchar(45) DEFAULT NULL
) ENGINE=InnoDB DEFAULT CHARSET=utf8;

--
-- Dumping data for table `tb_m_setting`
--

INSERT INTO `tb_m_setting` (`id`, `name`, `value`) VALUES
(1, 'แจ้งเตือน (ช่วงที่ 1)', '180'),
(2, 'แจ้งเตือน (ช่วงที่ 2)', '60');

-- --------------------------------------------------------

--
-- Table structure for table `tb_m_title`
--

CREATE TABLE IF NOT EXISTS `tb_m_title` (
  `id` int(11) NOT NULL,
  `name` varchar(45) DEFAULT NULL
) ENGINE=InnoDB AUTO_INCREMENT=9 DEFAULT CHARSET=utf8;

--
-- Dumping data for table `tb_m_title`
--

INSERT INTO `tb_m_title` (`id`, `name`) VALUES
(1, 'นาย'),
(2, 'นาง'),
(3, 'นางสาว'),
(4, 'อาจารย์'),
(5, 'ผู้ช่วยศาสตราจารย์'),
(6, 'รองศาสตราจารย์'),
(7, 'ศาสตราจารย์'),
(8, 'ศาสตราจารย์เกียรติคุณ');

-- --------------------------------------------------------

--
-- Table structure for table `tb_m_types_of_radioactive_waste`
--

CREATE TABLE IF NOT EXISTS `tb_m_types_of_radioactive_waste` (
  `id` int(11) NOT NULL,
  `name` varchar(200) DEFAULT NULL,
  `branch_group_id` varchar(45) DEFAULT NULL,
  `description` varchar(200) DEFAULT NULL
) ENGINE=InnoDB DEFAULT CHARSET=utf8;

--
-- Dumping data for table `tb_m_types_of_radioactive_waste`
--

INSERT INTO `tb_m_types_of_radioactive_waste` (`id`, `name`, `branch_group_id`, `description`) VALUES
(1, 'กากกัมมันตรังสีระดับสูง', '3,4', 'กากกัมมันตรังสีระดับสูง (104-106  Ci/m3)        ได้แก่ กากกัมมันตรังสีในสภาพของแข็งและของเหลวที่ได้จากการฟอกเชื้อเพลิงนิวเคลียร์ และกากกัมมันตรังสีอื่นๆ ที่มีระดับรังสีสูง'),
(2, 'กากกัมมันตรังสีระดับต่ำและปานกลาง', '3,4', 'กากกัมมันตรังสีระดับต่ำและปานกลาง (10-6 -1 Ci/m3)            ได้แก่ กากกัมมันตรังสีระดับต่ำและของเสียที่เกิดจากการปฏิบัติงานที่เกี่ยวข้องกับวัสดุกัมมันตรังสี เช่น ถุงมือ เสื้อผ้า อุปกรณ์ที่ทำจากกระดาษ');

-- --------------------------------------------------------

--
-- Table structure for table `tb_m_unit`
--

CREATE TABLE IF NOT EXISTS `tb_m_unit` (
  `id` int(11) NOT NULL,
  `name` varchar(45) DEFAULT NULL,
  `branch_group_id` varchar(45) DEFAULT NULL
) ENGINE=InnoDB AUTO_INCREMENT=10 DEFAULT CHARSET=utf8mb4;

--
-- Dumping data for table `tb_m_unit`
--

INSERT INTO `tb_m_unit` (`id`, `name`, `branch_group_id`) VALUES
(1, 'Bq', '1,2,3'),
(2, 'mCi', '1,3,4'),
(4, 'Lb', '2,3'),
(5, 'MBq', '1,3'),
(6, 'Ci', '1,3'),
(7, 'kBq', '1'),
(8, 'µCi', '4'),
(9, 'Kg', '3');

-- --------------------------------------------------------

--
-- Table structure for table `tb_m_unit2`
--

CREATE TABLE IF NOT EXISTS `tb_m_unit2` (
  `id` int(11) NOT NULL,
  `name` varchar(45) DEFAULT NULL,
  `branch_group_id` varchar(45) DEFAULT NULL
) ENGINE=InnoDB AUTO_INCREMENT=10 DEFAULT CHARSET=utf8mb4;

--
-- Dumping data for table `tb_m_unit2`
--

INSERT INTO `tb_m_unit2` (`id`, `name`, `branch_group_id`) VALUES
(7, 'ml ', '4'),
(8, 'ul', '4'),
(9, 'อื่นๆ โปรดระบุ', '4');

-- --------------------------------------------------------

--
-- Table structure for table `tb_m_usage_status`
--

CREATE TABLE IF NOT EXISTS `tb_m_usage_status` (
  `id` int(11) NOT NULL,
  `name` varchar(200) DEFAULT NULL,
  `branch_group_id` varchar(45) DEFAULT NULL
) ENGINE=InnoDB DEFAULT CHARSET=utf8;

--
-- Dumping data for table `tb_m_usage_status`
--

INSERT INTO `tb_m_usage_status` (`id`, `name`, `branch_group_id`) VALUES
(1, 'ใช้งานอยู่', '1,2,3'),
(2, 'หมดสภาพการใช้งาน', '3'),
(3, 'บริจาค', '1,2,3'),
(4, 'ส่งคืนพัสดุ', '1,2,3'),
(5, 'ยกเลิกการใช้งาน', '1,2,3'),
(7, 'กำลังสั่งนำเข้า', '3');

-- --------------------------------------------------------

--
-- Table structure for table `tb_m_use_type`
--

CREATE TABLE IF NOT EXISTS `tb_m_use_type` (
  `id` int(11) NOT NULL,
  `name` varchar(200) DEFAULT NULL,
  `description` varchar(200) DEFAULT NULL,
  `branch_group_id` varchar(45) DEFAULT NULL
) ENGINE=InnoDB DEFAULT CHARSET=utf8;

--
-- Dumping data for table `tb_m_use_type`
--

INSERT INTO `tb_m_use_type` (`id`, `name`, `description`, `branch_group_id`) VALUES
(1, 'Fixed', 'ลักษณะการใช้งานติดตั้งถาวร ไม่มีการเคลื่อนย้าย', '1,2,3,4'),
(2, 'Mobile', 'ลักษณะการใช้งานแบบเคลื่อนย้ายได้', '1,2,3,4'),
(3, 'Portable', 'ลักษณะการใช้งานแบบหิ้วได้', '1,2,3,4'),
(4, 'Stationary', 'ลักษณะการใช้งานแบบติดตั้งประจำที่', '1,2,3,4');

-- --------------------------------------------------------

--
-- Table structure for table `tb_m_utilization`
--

CREATE TABLE IF NOT EXISTS `tb_m_utilization` (
  `id` int(11) NOT NULL,
  `name` varchar(200) DEFAULT NULL,
  `branch_group_id` varchar(45) DEFAULT NULL
) ENGINE=InnoDB DEFAULT CHARSET=utf8;

--
-- Dumping data for table `tb_m_utilization`
--

INSERT INTO `tb_m_utilization` (`id`, `name`, `branch_group_id`) VALUES
(1, 'ถ่ายภาพรังสี', '3'),
(2, 'ผลิตสารกัมมันตรังสี', '3'),
(3, 'วินิจฉัยโรคเพื่อการรักษา', '1'),
(4, 'รักษาโรค', '1'),
(5, 'การแพทย์', '2'),
(6, 'ศึกษาวิจัย', '2');

-- --------------------------------------------------------

--
-- Table structure for table `users_logged`
--

CREATE TABLE IF NOT EXISTS `users_logged` (
  `USER_ID` int(11) NOT NULL,
  `IP_ADDRESS` varchar(20) NOT NULL,
  `SESSION_ID` varchar(255) NOT NULL,
  `LAST_SIGN_IN_DATE` datetime NOT NULL,
  `UPDATE_BY` varchar(25) NOT NULL,
  `CREATE_DATE` datetime NOT NULL,
  `UPDATE_DATE` datetime NOT NULL
) ENGINE=InnoDB DEFAULT CHARSET=utf8;

-- --------------------------------------------------------

--
-- Table structure for table `users_login`
--

CREATE TABLE IF NOT EXISTS `users_login` (
  `id` int(11) NOT NULL,
  `role_id` int(11) NOT NULL,
  `username` varchar(100) DEFAULT NULL,
  `password` varchar(100) DEFAULT '1234',
  `latest_login` datetime DEFAULT NULL,
  `email` varchar(50) DEFAULT NULL,
  `create_by` int(11) DEFAULT NULL,
  `create_date` datetime DEFAULT NULL,
  `status` varchar(1) DEFAULT 'A',
  `is_force_change_password` bit(1) DEFAULT b'0',
  `title_id` int(11) DEFAULT NULL,
  `first_name` varchar(45) DEFAULT NULL,
  `last_name` varchar(45) DEFAULT NULL,
  `mobile_phone` varchar(45) DEFAULT NULL,
  `department_id` int(11) DEFAULT NULL,
  `update_by` int(11) DEFAULT NULL,
  `update_date` date DEFAULT NULL,
  `branch_group_id` int(11) DEFAULT NULL
) ENGINE=InnoDB AUTO_INCREMENT=275 DEFAULT CHARSET=utf8;

--
-- Dumping data for table `users_login`
--

INSERT INTO `users_login` (`id`, `role_id`, `username`, `password`, `latest_login`, `email`, `create_by`, `create_date`, `status`, `is_force_change_password`, `title_id`, `first_name`, `last_name`, `mobile_phone`, `department_id`, `update_by`, `update_date`, `branch_group_id`) VALUES
(1, 1, 'admin', '161ebd7d45089b3446ee4e0d86dbcf92', '2015-03-05 17:10:31', 'pawit1357@hotmail.com', 0, '2015-02-13 15:43:58', 'A', b'0', 1, 'COSHEM', '-', '-', -1, 1, '2016-07-31', 1),
(2, 2, 'cochem01', 'bb725bb008e426a1f3fcc5521324ff52', '2016-03-21 21:25:13', 'cochem01@mahidol.ac.th', 1, '2016-03-21 21:25:13', 'A', b'0', 1, 'cochem01', ' ', '0000000000', -1, 1, '2016-07-31', 1),
(15, 2, 'cochem03', 'c8d1a976fc07087cb93b38d362ede091', NULL, 'cochem03@mahidol.ac.th', 1, '2016-06-18 14:07:04', 'A', b'0', 1, 'cochem03', ' ', '0000000000', -1, 1, '2016-07-31', 1),
(16, 2, 'cochem02', 'd9e688ddb0f75ddd697c55f9e2e6c433', NULL, 'cochem01@mahidol.ac.th', 1, '2016-07-31 06:56:00', 'A', b'1', 1, 'cochem02', ' ', '0000000000', -1, 1, '2016-07-31', 1),
(39, 2, 'puangpen', '81dc9bdb52d04dc20036dbd8313ed055', NULL, 'puangpen.tan@mahidol.ac.th', 1, '2016-09-22 02:22:53', 'A', b'1', 4, 'พวงเพ็ญ', 'ตั้งบุญดวงจิตร', '0869040315', -1, 1, '2016-09-23', 1),
(40, 2, 'pipat', '81dc9bdb52d04dc20036dbd8313ed055', NULL, 'pipat.chi@mahidol.ac.th', 1, '2016-09-22 02:29:04', 'A', b'1', 6, 'พิพัฒน์', 'เชี่ยววิทย์', '0863604757', -1, 1, '2016-09-23', 1),
(41, 2, 'malulee', '81dc9bdb52d04dc20036dbd8313ed055', NULL, 'malulee.tun@mahidol.ac.th', 1, '2016-09-22 02:46:18', 'A', b'1', 6, 'มลุลี', 'ตัณฑวิรุฬ', '0819876307', -1, 1, '2016-09-23', 1),
(42, 2, 'surat', '81dc9bdb52d04dc20036dbd8313ed055', NULL, 'surat.vin@mahidol.ac.th', 1, '2016-09-22 02:48:27', 'A', b'1', 5, 'สุรัตน์', 'วินิจสร', '08 9695 7905', -1, 1, '2016-09-23', 1),
(43, 2, 'somjai', '81dc9bdb52d04dc20036dbd8313ed055', NULL, 'somjai.dan@mahidol.ac.th', 1, '2016-09-22 02:49:22', 'A', b'1', 5, 'สมใจ', 'แดงประเสริฐ', '0822243494', -1, 1, '2016-09-23', 1),
(44, 2, 'sirinun', '81dc9bdb52d04dc20036dbd8313ed055', NULL, 'sirinun.wis@mahidol.ac.th', 1, '2016-09-22 02:55:29', 'A', b'1', 5, 'ศิรินันท์', 'วิเศษสินธุ์', '0909923868', -1, 1, '2016-09-23', 1),
(45, 2, 'apichart', '81dc9bdb52d04dc20036dbd8313ed055', NULL, 'apichart.non@mahidol.ac.th', 1, '2016-09-22 03:14:05', 'A', b'1', 5, 'อภิชาต', 'นนท์ประเสริฐ', '0819888736', -1, 1, '2016-09-23', 1),
(46, 2, 'sawwanee', '81dc9bdb52d04dc20036dbd8313ed055', NULL, 'sawwanee.asa@mahidol.ac.th', 1, '2016-09-22 04:24:25', 'A', b'1', 5, 'เสาวนีย์', 'อัศวผาติบุญ', '0891640720', -1, 1, '2016-09-23', 1),
(47, 2, 'nuanpen', '81dc9bdb52d04dc20036dbd8313ed055', NULL, 'nuanpen.dam@mahidol.ac.th', 1, '2016-09-22 04:25:58', 'A', b'1', 4, 'นวลเพ็ญ', 'ดำรงกิจอุดม', '0850985173', -1, 1, '2016-09-23', 1),
(48, 2, 'itt', '81dc9bdb52d04dc20036dbd8313ed055', NULL, 'Itt.sub@mahidol.ac.th', 1, '2016-09-22 04:25:58', 'A', b'1', 1, 'อิษฎ์', 'สุบินมงคล', '0844639555', -1, 1, '2016-09-23', 1),
(49, 2, 'wirote', '81dc9bdb52d04dc20036dbd8313ed055', NULL, 'wirote.cha@mahidol.ac.th', 1, '2016-09-23 02:45:17', 'A', b'1', 4, 'วิโรจน์', 'ช่างม่วง', '0897979759', -1, 1, '2016-09-23', 1),
(50, 1, 'aon', '81dc9bdb52d04dc20036dbd8313ed055', NULL, 'salapao63@hotmail.com', 1, '2016-10-04 02:53:43', 'A', b'0', 3, 'บังอร', 'แกมรัมย์', '0856109388', -1, 50, '2016-10-04', 1),
(51, 2, 'vanussarin', '81dc9bdb52d04dc20036dbd8313ed055', NULL, 'vanussarin.por@mahidol', 50, '2016-10-06 04:04:34', 'A', b'0', 3, 'วีนัส', 'วิเศษแสง', '0909905250', -1, 51, '2016-10-06', 1),
(52, 17, 'patoomporn', '81dc9bdb52d04dc20036dbd8313ed055', NULL, 'bo.teddybear@hotmail.com', 50, '2016-10-06 04:13:59', 'A', b'0', 3, 'ปทุมพร', 'แก้วประชุม', '087-560-9969', -1, 1, '2017-03-20', 1),
(53, 2, 'chumpot ', '81dc9bdb52d04dc20036dbd8313ed055', NULL, 'chumpot.kak@mahidol.ac.th', 50, '2016-10-06 04:26:12', 'A', b'0', 5, 'จุมพฎ', 'คัคนาพร', '089-97642618', -1, 53, '2016-12-07', 1),
(56, 3, 'manoch', '81dc9bdb52d04dc20036dbd8313ed055', NULL, 'manoch.lek@mahidol.ac.th', 50, '2016-12-03 07:02:56', 'A', b'0', 1, 'มาโนชญ์', 'เหล็กดำรง', '0-2441-4400', -1, 56, '2016-12-15', 1),
(72, 22, 'VS_01', '81dc9bdb52d04dc20036dbd8313ed055', NULL, 'salapao63@hotmail.com', 1, '2017-03-22 13:52:26', 'A', b'0', 3, 'สุพัตรา', 'ชาวสวน', '0874608542', -1, 1, '2017-04-25', 1),
(73, 23, 'VS_02', '81dc9bdb52d04dc20036dbd8313ed055', NULL, 'poosamut_036@hotmail.com', 1, '2017-03-23 02:50:31', 'A', b'0', 3, 'มัลลิกา', 'ศรีชมพู', '0837289945', -1, 1, '2017-04-25', 1),
(74, 24, 'VS_03', '81dc9bdb52d04dc20036dbd8313ed055', NULL, 'bangon456987@gmail.com', 1, '2017-03-23 02:53:47', 'A', b'0', 3, 'ถิรวรรณ', 'บุญวงศ์', '0856109388', -1, 1, '2017-04-25', 1),
(126, 25, 'CHUMPOT_SI', 'ec6a6536ca304edf844d1d248a4f08dc', '2017-05-20 12:19:53', 'kakanaporn@yahoo.com', 1, '2017-05-20 12:19:53', 'A', b'0', 5, 'จุมพฎ  ', 'คัคนาพร', '0897642618', 1, 126, '2017-05-23', 1),
(189, 25, 'CHUMPOT_SI', '81dc9bdb52d04dc20036dbd8313ed055', '2017-05-20 12:27:40', 'CHUMPOT_SI@mahidol.ac.th', 1, '2017-05-20 12:27:40', 'A', b'0', 1, 'ผศ.จุมพฎ  คัคนาพร', '', '', 1, 1, '2017-05-20', 1),
(190, 25, 'PORNPIROM_SI', 'ec6a6536ca304edf844d1d248a4f08dc', '2017-05-20 12:27:40', 'PORNPIROM_SI@mahidol.ac.th', 1, '2017-05-20 12:27:40', 'A', b'0', 1, 'นายพรภิรมย์ ', 'เหล่าจันอัน', '024197814', 1, 190, '2017-05-23', 1),
(191, 25, 'KANITTA_SI', 'ec6a6536ca304edf844d1d248a4f08dc', '2017-05-20 12:27:40', 'KANITTA_SI@mahidol.ac.th', 1, '2017-05-20 12:27:40', 'A', b'0', 3, ' นางสาวกนิตตา ', 'คำปล้อง', '024197814', 1, 191, '2017-05-23', 1),
(192, 25, 'JUREEPORN_SI', 'ec6a6536ca304edf844d1d248a4f08dc', '2017-05-20 12:27:40', 'JUREEPORN_SI@mahidol.ac.th', 1, '2017-05-20 12:27:40', 'A', b'0', 3, 'จุรีพร ', 'อัศวรัตนภักดี', '02-4196220', 1, 192, '2017-05-23', 3),
(193, 25, 'NUCHAREE_SI', '2e99bf4e42962410038bc6fa4ce40d97', '2017-05-20 12:27:40', 'NUCHAREE_SI@mahidol.ac.th', 1, '2017-05-20 12:27:40', 'A', b'0', 3, 'นางสาวนุชรีย์  ', 'พูลเอียด', '02-4196210', 1, 193, '2017-05-23', 3),
(194, 25, 'VENUS_SI', '1c592e3481c4df3b64a4dd38fae38280', '2017-05-20 12:27:40', 'VENUS_SI@mahidol.ac.th', 1, '2017-05-20 12:27:40', 'A', b'0', 3, 'วีนัส ', 'วิเศษแสง', '0909905250', 1, 194, '2017-05-23', 2),
(195, 25, 'PHAIRUT_SI', 'ec6a6536ca304edf844d1d248a4f08dc', '2017-05-20 12:27:40', 'PHAIRUT_SI@mahidol.ac.th', 1, '2017-05-20 12:27:40', 'A', b'0', 1, 'นายไพรัตน์  มุณี', 'มุณี', '0847118483', 1, 195, '2017-05-23', 2),
(196, 25, 'SUWAT_SI', '81dc9bdb52d04dc20036dbd8313ed055', '2017-05-20 12:27:40', 'SUWAT_SI@mahidol.ac.th', 1, '2017-05-20 12:27:40', 'A', b'0', 1, 'สุวัฒน์', 'วัฒนอาภรณ์ชัย', '0851341483', 1, 196, '2017-05-23', 2),
(197, 25, 'NARUEMOL _SI', '81dc9bdb52d04dc20036dbd8313ed055', '2017-05-20 12:27:40', 'NARUEMOL _SI@mahidol.ac.th', 1, '2017-05-20 12:27:40', 'A', b'0', 3, 'นางสาวนฤมล', 'แจ่มศรี', '0896010342', 1, 197, '2017-05-23', 2),
(198, 25, 'PRATUMPORN_SI', '30ed55b89373c25492993b3d004440ff', '2017-05-20 12:27:40', 'bo.teddybear@hotmail.com', 1, '2017-05-20 12:27:40', 'A', b'0', 3, 'ปทุมพร', 'แก้วประชุม', '024197451', 1, 198, '2017-05-23', 2),
(199, 25, 'SAOWANEE_RA', '81dc9bdb52d04dc20036dbd8313ed055', '2017-05-20 12:27:40', 'SAOWANEE_RA@mahidol.ac.th', 1, '2017-05-20 12:27:40', 'A', b'0', 3, 'ผศ.ดร.เสาวนีย์ อัศวผาติบุญ ', '', '', 2, 1, '2017-05-20', 1),
(200, 25, 'PUANGPEN_RA', '81dc9bdb52d04dc20036dbd8313ed055', '2017-05-20 12:27:40', 'puangpen.tan@mahidol.ac.th', 1, '2017-05-20 12:27:40', 'A', b'0', 3, 'ดร.พวงเพ็ญ  ตั้งบุญดวงจิตร', '', '0869040315', 2, 200, '2017-05-23', 1),
(201, 25, 'CHANIDA_RA', '81dc9bdb52d04dc20036dbd8313ed055', '2017-05-20 12:27:40', 'CHANIDA_RA@mahidol.ac.th', 1, '2017-05-20 12:27:40', 'A', b'0', 2, 'ชนิดา  ', 'วุฒิประเสริฐพงศ์', '0815939321', 2, 201, '2017-05-23', 1),
(202, 25, 'PRAPA_RA', '81dc9bdb52d04dc20036dbd8313ed055', '2017-05-20 12:27:40', 'PRAPA_RA@mahidol.ac.th', 1, '2017-05-20 12:27:40', 'A', b'0', 3, 'นางสาวประภา  สดโคกกรวด', '', '', 2, 1, '2017-05-20', 1),
(203, 25, 'THAWAT_RA', '81dc9bdb52d04dc20036dbd8313ed055', '2017-05-20 12:27:40', 'THAWAT_RA@mahidol.ac.th', 1, '2017-05-20 12:27:40', 'A', b'0', 1, 'นายธวัช  สิริวิลาสลักษณ์', '', '', 2, 1, '2017-05-20', 1),
(204, 25, 'NAWARAT_RA', '81dc9bdb52d04dc20036dbd8313ed055', '2017-05-20 12:27:40', 'NAWARAT_RA@mahidol.ac.th', 1, '2017-05-20 12:27:40', 'A', b'0', 3, 'นางสาวนวรัตน์  พวงสายใจ', '', '', 2, 1, '2017-05-20', 1),
(205, 25, 'NIRACHA_RA', '81dc9bdb52d04dc20036dbd8313ed055', '2017-05-20 12:27:40', 'NIRACHA_RA@mahidol.ac.th', 1, '2017-05-20 12:27:40', 'A', b'0', 3, 'นางสาวนิรชา  พันธุรัตน์', '-', '-', 2, 1, '2017-05-23', 1),
(206, 25, 'VIROJ_RA', 'ec6a6536ca304edf844d1d248a4f08dc', '2017-05-20 12:27:40', 'VIROJ_RA@mahidol.ac.th', 1, '2017-05-20 12:27:40', 'A', b'0', 1, 'วิโรจน์  ', 'ช่างม่วง', '08907979759', 2, 206, '2017-05-23', 1),
(207, 25, 'PATCHARAWALAI_RA', '81dc9bdb52d04dc20036dbd8313ed055', '2017-05-20 12:27:40', 'PATCHARAWALAI_RA@mahidol.ac.th', 1, '2017-05-20 12:27:40', 'A', b'0', 2, 'พัชรวลัย  ', 'อ้นรุ่ง', '022012481', 2, 1, '2017-05-23', 3),
(208, 25, 'SUPAWAN_GJ', 'ec6a6536ca304edf844d1d248a4f08dc', '2017-05-20 12:27:40', 'SUPAWAN_GJ@mahidol.ac.th', 1, '2017-05-20 12:27:40', 'A', b'0', 3, 'ศุภวรรณ  ', 'จิวะพงศ์', '0844490006', 3, 208, '2017-05-23', 2),
(209, 25, 'ORATHAI_GJ', '81dc9bdb52d04dc20036dbd8313ed055', '2017-05-20 12:27:40', 'ORATHAI_GJ@mahidol.ac.th', 1, '2017-05-20 12:27:40', 'A', b'0', 3, 'นางสาวอรทัย  เจากสิกร', '', '', 3, 1, '2017-05-20', 1),
(210, 25, 'NATTAPORN_ GJ', 'ec6a6536ca304edf844d1d248a4f08dc', '2017-05-20 12:27:40', 'nhtthaphon.thi@mahidol.ac.th', 1, '2017-05-20 12:27:40', 'A', b'0', 1, 'ณัฐพร', 'ธีระรังสิกุล', '0867077790', 3, 210, '2017-05-23', 1),
(211, 25, 'SOMYING_GJ', '1c592e3481c4df3b64a4dd38fae38280', '2017-05-20 12:27:40', 'SOMYING_GJ@mahidol.ac.th', 1, '2017-05-20 12:27:40', 'A', b'0', 3, 'นางสาวสมหญิง', '  สว่างสุวรรณ', '0811726938', 3, 211, '2017-05-23', 1),
(212, 25, 'CHUTINATHON_EN', '81dc9bdb52d04dc20036dbd8313ed055', '2017-05-20 12:27:40', 'CHUTINATHON_EN@mahidol.ac.th', 1, '2017-05-20 12:27:40', 'A', b'0', 2, 'นางชุตินธร  มูลทองน้อย', '', '', 4, 1, '2017-05-20', 1),
(213, 25, 'NUANPEN_MT', '81dc9bdb52d04dc20036dbd8313ed055', '2017-05-20 12:27:40', 'NUANPEN_MT@mahidol.ac.th', 1, '2017-05-20 12:27:40', 'A', b'0', 3, 'ดร.นวลเพ็ญ  ดำรงกิจอุดม', ' ดำรงกิจอุดม', '0850985173', 5, 213, '2017-05-23', 1),
(214, 25, 'THANATHORN_MT', '81dc9bdb52d04dc20036dbd8313ed055', '2017-05-20 12:27:40', 'THANATHORN_MT@mahidol.ac.th', 1, '2017-05-20 12:27:40', 'A', b'0', 3, 'นางสาวธนธร  ', 'จงเจริญกมล', '024414375 ต่อ2837', 5, 214, '2017-05-23', 2),
(215, 25, 'KULATHIDA_MT', '81dc9bdb52d04dc20036dbd8313ed055', '2017-05-20 12:27:40', 'kuntida.pod@mahidol.ac.th', 1, '2017-05-20 12:27:40', 'A', b'0', 2, 'นางกุลธิดา  ', 'โพธิ์แดง', '0922575985', 5, 215, '2017-05-23', 2),
(216, 25, 'PITAK_SC', 'ec6a6536ca304edf844d1d248a4f08dc', '2017-05-20 12:27:40', 'PITAK_SC@mahidol.ac.th', 1, '2017-05-20 12:27:40', 'A', b'0', 1, 'นายพิทักษ์ ', 'คำแหงพล', '022015110', 6, 216, '2017-05-23', 1),
(217, 25, 'CHATCHAWAL_SC', '81dc9bdb52d04dc20036dbd8313ed055', '2017-05-20 12:27:40', 'chatchawan.san@mahidol.ac.th', 1, '2017-05-20 12:27:40', 'A', b'0', 1, 'นายชัชวาล  ', 'แสงดิษฐ์', '0819811404', 6, 217, '2017-05-23', 4),
(218, 25, 'SIRIWAN_SC', '81dc9bdb52d04dc20036dbd8313ed055', '2017-05-20 12:27:40', 'SIRIWAN_SC@mahidol.ac.th', 1, '2017-05-20 12:27:40', 'A', b'0', 3, 'นางสาวสิริวัลย์  อิสาละวัน', '', '', 6, 1, '2017-05-20', 1),
(219, 25, 'RUNGLAWAN_SC', '81dc9bdb52d04dc20036dbd8313ed055', '2017-05-20 12:27:40', 'RUNGLAWAN_SC@mahidol.ac.th', 1, '2017-05-20 12:27:40', 'A', b'0', 2, 'นางรุ่งลาวรรณ  เชวงเกียรติกุล', '', '', 6, 1, '2017-05-20', 1),
(220, 25, 'CHITTRA_SC', '81dc9bdb52d04dc20036dbd8313ed055', '2017-05-20 12:27:40', 'CHITTRA_SC@mahidol.ac.th', 1, '2017-05-20 12:27:40', 'A', b'0', 2, 'นางจิตรา  ลิ้มทองกุล', '', '', 6, 1, '2017-05-20', 1),
(221, 25, 'WASSANA_SC', '81dc9bdb52d04dc20036dbd8313ed055', '2017-05-20 12:27:40', 'WASSANA_SC@mahidol.ac.th', 1, '2017-05-20 12:27:40', 'A', b'0', 2, 'นางวาสนา  แสงอำนาจ', '', '', 6, 1, '2017-05-20', 1),
(222, 25, 'PAVEENA_SC', '81dc9bdb52d04dc20036dbd8313ed055', '2017-05-20 12:27:40', 'paveena.cho@mahidol.ac.th', 1, '2017-05-20 12:27:40', 'A', b'0', 2, 'นางปวีณา ', 'ยามานนท์', '0818372734', 6, 222, '2017-05-23', 4),
(223, 25, 'NATTACHAI_PH', '81dc9bdb52d04dc20036dbd8313ed055', '2017-05-20 12:27:40', 'nattachai.pan@mahidol.ac.th', 1, '2017-05-20 12:27:40', 'A', b'0', 1, 'นายณัฐชัย', 'ภาณุโสภณ', '0850444329', 7, 223, '2017-05-23', 4),
(224, 25, 'PHATCHAREE_PH', 'ec6a6536ca304edf844d1d248a4f08dc', '2017-05-20 12:27:40', 'Phatcharee.chu@mahidol.ac.th', 1, '2017-05-20 12:27:40', 'A', b'0', 3, 'พัชรี  ', 'ช่วยเมือง', '0862841142', 7, 224, '2017-05-23', 4),
(225, 25, 'KIATTISAK_TM', 'ec6a6536ca304edf844d1d248a4f08dc', '2017-05-20 12:27:40', 'KIATTISAK_TM@mahidol.ac.th', 1, '2017-05-20 12:27:40', 'A', b'0', 1, 'นายเกียรติศักดิ์  ', 'พรมภักดิ์', '0878510878', 8, 225, '2017-05-23', 2),
(226, 25, 'PRUEKSA_VS', 'ec6a6536ca304edf844d1d248a4f08dc', '2017-05-20 12:27:40', 'PRUEKSA_VS@mahidol.ac.th', 1, '2017-05-20 12:27:40', 'A', b'0', 3, 'สพ.ญ. พฤกษา  ', 'จุฬพันธ์ทอง', '0869809655', 9, 226, '2017-05-23', 2),
(227, 25, 'PAVINEE_VS', '81dc9bdb52d04dc20036dbd8313ed055', '2017-05-20 12:27:40', 'PHANEE_VS@mahidol.ac.th', 1, '2017-05-20 12:27:40', 'A', b'0', 3, 'นางสาวภาณี  พันธุ์ศิริ', '-', '-', 9, 227, '2017-05-23', 1),
(228, 25, 'FONTHIP_VS', '81dc9bdb52d04dc20036dbd8313ed055', '2017-05-20 12:27:40', 'FONTHIP_VS@mahidol.ac.th', 1, '2017-05-20 12:27:40', 'A', b'0', 3, 'นางสาวฝนทิพย์', 'รัตนกาล', '0890309868', 9, 228, '2017-05-23', 2),
(229, 25, 'WANASANAN_VS', 'b20fe2537190e4ffdc04a39131835943', '2017-05-20 12:27:40', 'WANASANAN_VS@mahidol.ac.th', 1, '2017-05-20 12:27:40', 'A', b'0', 3, 'นางสาววนัสนันท์  ', 'สายแก้ว', '0942622528', 9, 229, '2017-05-23', 2),
(230, 25, 'MONTRI_EG', '81dc9bdb52d04dc20036dbd8313ed055', '2017-05-20 12:27:40', 'MONTRI_EG@mahidol.ac.th', 1, '2017-05-20 12:27:40', 'A', b'0', 1, 'นายมนตรี  เปรมเจริญ', '', '', 10, 1, '2017-05-20', 1),
(231, 25, 'SONTI_EG', '81dc9bdb52d04dc20036dbd8313ed055', '2017-05-20 12:27:40', 'SONTI_EG@mahidol.ac.th', 1, '2017-05-20 12:27:40', 'A', b'0', 1, 'นายสนธิ  การาชนนท์', '', '', 10, 1, '2017-05-20', 1),
(232, 25, 'WEERACHAT_NT', '81dc9bdb52d04dc20036dbd8313ed055', '2017-05-20 12:27:40', 'WEERACHAT_NT@mahidol.ac.th', 1, '2017-05-20 12:27:40', 'A', b'0', 1, 'นายวีรชาติ  ศรีจันทร์', '', '', 11, 1, '2017-05-20', 1),
(233, 25, 'SARANYA_DT', '81dc9bdb52d04dc20036dbd8313ed055', '2017-05-20 12:27:40', 'SARANYA_DT@mahidol.ac.th', 1, '2017-05-20 12:27:40', 'A', b'0', 3, 'นางสาวศรัญญา  ไชยกันทะ', '', '', 12, 1, '2017-05-20', 1),
(234, 25, 'SUPANNEE_DT', 'ec6a6536ca304edf844d1d248a4f08dc', '2017-05-20 12:27:40', 'SUPANNEE_DT@mahidol.ac.th', 1, '2017-05-20 12:27:40', 'A', b'0', 3, 'นางสาวสุพรรณี  ', 'สุยะหลาน', '0894994510', 12, 234, '2017-05-23', 1),
(235, 25, 'ANUCHIT_DT', 'e10adc3949ba59abbe56e057f20f883e', '2017-05-20 12:27:40', 'ANUJIT.KOM@mahidol.ac.th', 1, '2017-05-20 12:27:40', 'A', b'0', 3, 'อนุจิตต์  ', 'คงผอม', '0841691950', 12, 235, '2017-05-23', 1),
(236, 25, 'TANANYA_SCIF', '81dc9bdb52d04dc20036dbd8313ed055', '2017-05-20 12:27:40', 'TANANYA_SCIF@mahidol.ac.th', 1, '2017-05-20 12:27:40', 'A', b'0', 3, 'นางสาวธนัญญา  ', 'ศูนย์คุ้ม', '02-441-9522', 13, 236, '2017-05-23', 4),
(237, 25, 'JANEJIRA_KA', '81dc9bdb52d04dc20036dbd8313ed055', '2017-05-20 12:27:40', 'janjira.sra@mahidol.ac.th', 1, '2017-05-20 12:27:40', 'A', b'0', 3, 'นางสาวเจนจิรา', 'สระทองยุ้ง', '08 5223 3158', 14, 237, '2017-05-23', 4),
(238, 25, 'EKKACHAK_KA', 'ec6a6536ca304edf844d1d248a4f08dc', '2017-05-20 12:27:40', 'ekkachak.cha@mahidol.ac.th', 1, '2017-05-20 12:27:40', 'A', b'0', 1, 'นายเอกจักร์', 'จันทร์ดอน', '090-9895117', 14, 238, '2017-05-23', 1),
(239, 26, 'SI_STAFF', '81dc9bdb52d04dc20036dbd8313ed055', '2017-05-20 12:59:02', 'SI_STAFF@mahidol.ac.th', 1, '2017-05-20 12:59:02', 'A', b'0', 1, 'SI_STAFF', '', '', 1, 1, '2017-05-20', 1),
(240, 26, 'RA_STAFF', '81dc9bdb52d04dc20036dbd8313ed055', '2017-05-20 12:59:02', 'RA_STAFF@mahidol.ac.th', 1, '2017-05-20 12:59:02', 'A', b'0', 3, 'RA_STAFF', '', '', 2, 1, '2017-05-20', 1),
(241, 26, 'GJ_STAFF', '81dc9bdb52d04dc20036dbd8313ed055', '2017-05-20 12:59:02', 'GJ_STAFF@mahidol.ac.th', 1, '2017-05-20 12:59:02', 'A', b'0', 3, 'GJ_STAFF', '', '', 3, 1, '2017-05-20', 1),
(242, 26, 'EN_STAFF', '81dc9bdb52d04dc20036dbd8313ed055', '2017-05-20 12:59:02', 'EN_STAFF@mahidol.ac.th', 1, '2017-05-20 12:59:02', 'A', b'0', 2, 'EN_STAFF', '', '', 4, 1, '2017-05-20', 1),
(243, 26, 'MT_STAFF', '81dc9bdb52d04dc20036dbd8313ed055', '2017-05-20 12:59:02', 'MT_STAFF@mahidol.ac.th', 1, '2017-05-20 12:59:02', 'A', b'0', 3, 'MT_STAFF', '', '', 5, 1, '2017-05-20', 1),
(244, 26, 'SC_STAFF', '81dc9bdb52d04dc20036dbd8313ed055', '2017-05-20 12:59:02', 'SC_STAFF@mahidol.ac.th', 1, '2017-05-20 12:59:02', 'A', b'0', 1, 'SC_STAFF', '', '', 6, 1, '2017-05-20', 1),
(245, 26, 'PH_STAFF', '81dc9bdb52d04dc20036dbd8313ed055', '2017-05-20 12:59:02', 'PH_STAFF@mahidol.ac.th', 1, '2017-05-20 12:59:02', 'A', b'0', 1, 'PH_STAFF', '', '', 7, 1, '2017-05-20', 1),
(246, 26, 'TM_STAFF', '81dc9bdb52d04dc20036dbd8313ed055', '2017-05-20 12:59:02', 'TM_STAFF@mahidol.ac.th', 1, '2017-05-20 12:59:02', 'A', b'0', 1, 'TM_STAFF', '', '', 8, 1, '2017-05-20', 1),
(247, 26, 'VS_STAFF', '81dc9bdb52d04dc20036dbd8313ed055', '2017-05-20 12:59:02', 'VS_STAFF@mahidol.ac.th', 1, '2017-05-20 12:59:02', 'A', b'0', 3, 'VS_STAFF', '', '', 9, 1, '2017-05-20', 1),
(248, 26, 'EG_STAFF', '81dc9bdb52d04dc20036dbd8313ed055', '2017-05-20 12:59:02', 'EG_STAFF@mahidol.ac.th', 1, '2017-05-20 12:59:02', 'A', b'0', 1, 'EG_STAFF', '', '', 10, 1, '2017-05-20', 1),
(249, 26, 'NT_STAFF', '81dc9bdb52d04dc20036dbd8313ed055', '2017-05-20 12:59:02', 'NT_STAFF@mahidol.ac.th', 1, '2017-05-20 12:59:02', 'A', b'0', 1, 'NT_STAFF', '', '', 11, 1, '2017-05-20', 1),
(250, 26, 'DT_STAFF', '81dc9bdb52d04dc20036dbd8313ed055', '2017-05-20 12:59:02', 'DT_STAFF@mahidol.ac.th', 1, '2017-05-20 12:59:02', 'A', b'0', 3, 'DT_STAFF', '', '', 12, 1, '2017-05-20', 1),
(251, 26, 'SCIF_STAFF', 'ec6a6536ca304edf844d1d248a4f08dc', '2017-05-20 12:59:02', 'SCIF_STAFF@mahidol.ac.th', 1, '2017-05-20 12:59:02', 'A', b'0', 3, 'SCIF_STAFF', 'OP', '02-441-9522', 13, 251, '2017-05-23', 4),
(252, 26, 'KA_STAFF', '81dc9bdb52d04dc20036dbd8313ed055', '2017-05-20 12:59:02', 'KA_STAFF@mahidol.ac.th', 1, '2017-05-20 12:59:02', 'A', b'0', 3, 'KA_STAFF', '', '', 14, 1, '2017-05-20', 1),
(253, 27, 'SI_EXECUTIVE', '81dc9bdb52d04dc20036dbd8313ed055', '2017-05-20 13:01:50', 'SI_EXECUTIVE@mahidol.ac.th', 1, '2017-05-20 13:01:50', 'A', b'0', 1, 'SI_EXECUTIVE', '', '', 1, 1, '2017-05-20', 1),
(254, 27, 'RA_EXECUTIVE', '81dc9bdb52d04dc20036dbd8313ed055', '2017-05-20 13:01:50', 'RA_EXECUTIVE@mahidol.ac.th', 1, '2017-05-20 13:01:50', 'A', b'0', 3, 'RA_EXECUTIVE', '', '', 2, 1, '2017-05-20', 1),
(255, 27, 'GJ_EXECUTIVE', '81dc9bdb52d04dc20036dbd8313ed055', '2017-05-20 13:01:50', 'GJ_EXECUTIVE@mahidol.ac.th', 1, '2017-05-20 13:01:50', 'A', b'0', 3, 'GJ_EXECUTIVE', '', '', 3, 1, '2017-05-20', 1),
(256, 27, 'EN_EXECUTIVE', '81dc9bdb52d04dc20036dbd8313ed055', '2017-05-20 13:01:50', 'EN_EXECUTIVE@mahidol.ac.th', 1, '2017-05-20 13:01:50', 'A', b'0', 2, 'EN_EXECUTIVE', '', '', 4, 1, '2017-05-20', 1),
(257, 27, 'MT_EXECUTIVE', '81dc9bdb52d04dc20036dbd8313ed055', '2017-05-20 13:01:50', 'MT_EXECUTIVE@mahidol.ac.th', 1, '2017-05-20 13:01:50', 'A', b'0', 3, 'MT_EXECUTIVE', '', '', 5, 1, '2017-05-20', 1),
(258, 27, 'SC_EXECUTIVE', '81dc9bdb52d04dc20036dbd8313ed055', '2017-05-20 13:01:50', 'SC_EXECUTIVE@mahidol.ac.th', 1, '2017-05-20 13:01:50', 'A', b'0', 1, 'SC_EXECUTIVE', '', '', 6, 1, '2017-05-20', 1),
(259, 27, 'PH_EXECUTIVE', '81dc9bdb52d04dc20036dbd8313ed055', '2017-05-20 13:01:50', 'PH_EXECUTIVE@mahidol.ac.th', 1, '2017-05-20 13:01:50', 'A', b'0', 1, 'PH_EXECUTIVE', '', '', 7, 1, '2017-05-20', 1),
(260, 27, 'TM_EXECUTIVE', '81dc9bdb52d04dc20036dbd8313ed055', '2017-05-20 13:01:50', 'TM_EXECUTIVE@mahidol.ac.th', 1, '2017-05-20 13:01:50', 'A', b'0', 1, 'TM_EXECUTIVE', '', '', 8, 1, '2017-05-20', 1),
(261, 27, 'VS_EXECUTIVE', '81dc9bdb52d04dc20036dbd8313ed055', '2017-05-20 13:01:50', 'VS_EXECUTIVE@mahidol.ac.th', 1, '2017-05-20 13:01:50', 'A', b'0', 3, 'VS_EXECUTIVE', '', '', 9, 1, '2017-05-20', 1),
(262, 27, 'EG_EXECUTIVE', '81dc9bdb52d04dc20036dbd8313ed055', '2017-05-20 13:01:50', 'EG_EXECUTIVE@mahidol.ac.th', 1, '2017-05-20 13:01:50', 'A', b'0', 1, 'EG_EXECUTIVE', '', '', 10, 1, '2017-05-20', 1),
(263, 27, 'NT_EXECUTIVE', '81dc9bdb52d04dc20036dbd8313ed055', '2017-05-20 13:01:50', 'NT_EXECUTIVE@mahidol.ac.th', 1, '2017-05-20 13:01:50', 'A', b'0', 1, 'NT_EXECUTIVE', '', '', 11, 1, '2017-05-20', 1),
(264, 27, 'DT_EXECUTIVE', '81dc9bdb52d04dc20036dbd8313ed055', '2017-05-20 13:01:50', 'DT_EXECUTIVE@mahidol.ac.th', 1, '2017-05-20 13:01:50', 'A', b'0', 3, 'DT_EXECUTIVE', '', '', 12, 1, '2017-05-20', 1),
(265, 27, 'SCIF_EXECUTIVE', '81dc9bdb52d04dc20036dbd8313ed055', '2017-05-20 13:01:50', 'SCIF_EXECUTIVE@mahidol.ac.th', 1, '2017-05-20 13:01:50', 'A', b'0', 3, 'SCIF_EXECUTIVE', '', '', 13, 1, '2017-05-20', 1),
(266, 27, 'KA_EXECUTIVE', '81dc9bdb52d04dc20036dbd8313ed055', '2017-05-20 13:01:50', 'KA_EXECUTIVE@mahidol.ac.th', 1, '2017-05-20 13:01:50', 'A', b'0', 3, 'KA_EXECUTIVE', '', '', 14, 1, '2017-05-20', 1),
(267, 25, 'TANAPORT_DT', '81dc9bdb52d04dc20036dbd8313ed055', NULL, 'TANAPORT_DT@mahidol.ac.th', 1, '2017-05-20 06:13:54', 'A', b'0', 3, 'ธนาพร', 'สมหน่อ', '-', 12, 267, '2017-05-23', 2),
(268, 25, 'PATTANA_CH', 'ec6a6536ca304edf844d1d248a4f08dc', NULL, 'PATTANA_CH@mahidol.ac.th', 1, '2017-05-20 06:22:00', 'A', b'0', 1, 'พัฒนา', 'เอี่ยมกระสิทธิ์', '-', 15, 268, '2017-05-23', 1),
(269, 25, 'PIPAT_SI', '81dc9bdb52d04dc20036dbd8313ed055', NULL, 'PIPAT_SI@mahidol.ac.th', 1, '2017-05-20 06:23:42', 'A', b'0', 1, 'รศ.นพ.พิพัฒน์', 'เชี่ยววิทย์', '-', 1, 269, '2017-05-20', 1),
(270, 25, 'pawit_si', 'ec6a6536ca304edf844d1d248a4f08dc', '2017-05-22 20:32:21', 'pawit_si@mahidol.ac.th', 1, '2017-05-22 20:32:21', 'A', b'0', 3, 'พฤกษา', 'จุฬพันธ์ทอง', '0869809655', 1, 270, '2017-05-23', 2),
(271, 25, 'WORACHART', '81dc9bdb52d04dc20036dbd8313ed055', '2017-05-22 20:32:32', 'WORACHART@mahidol.ac.th', 1, '2017-05-22 20:32:32', 'A', b'0', 1, 'ศ.เกียรติคุณวรชาติ สิรวราภรณ์', '', '', 1, 1, '2017-05-22', 1),
(272, 25, 'WITSANUKORN_SI', '81dc9bdb52d04dc20036dbd8313ed055', '2017-05-23 07:23:39', 'WITSANUKORN_SI@mahidol.ac.th', 1, '2017-05-23 07:23:39', 'A', b'0', 1, 'นายวิษนุกร  อุ้มทรัพย์', '-', '-', 1, 272, '2017-05-23', 2),
(273, 25, 'KHUMMOOK_SI', '81dc9bdb52d04dc20036dbd8313ed055', '2017-05-23 07:23:39', 'KHUMMOOK_SI@mahidol.ac.th', 1, '2017-05-23 07:23:39', 'A', b'0', 3, 'น.ส.คำมุก  ครองยุทธ', '', '', 1, 1, '2017-05-23', 1),
(274, 25, 'CHOMPUNOOT_SI', '81dc9bdb52d04dc20036dbd8313ed055', '2017-05-23 07:23:39', 'CHOMPUNOOT_SI@mahidol.ac.th', 1, '2017-05-23 07:23:39', 'A', b'0', 3, 'น.ส.ชมพูนุช  หาญนันทวิวัฒน์', '', '', 1, 1, '2017-05-23', 1);

-- --------------------------------------------------------

--
-- Table structure for table `users_role`
--

CREATE TABLE IF NOT EXISTS `users_role` (
  `ROLE_ID` int(11) NOT NULL,
  `ROLE_NAME` varchar(50) NOT NULL,
  `variable_name` varchar(45) DEFAULT NULL,
  `ROLE_DESC` varchar(100) DEFAULT NULL,
  `UPDATE_BY` varchar(25) NOT NULL,
  `CREATE_DATE` date NOT NULL,
  `UPDATE_DATE` date NOT NULL
) ENGINE=InnoDB DEFAULT CHARSET=utf8;

--
-- Dumping data for table `users_role`
--

INSERT INTO `users_role` (`ROLE_ID`, `ROLE_NAME`, `variable_name`, `ROLE_DESC`, `UPDATE_BY`, `CREATE_DATE`, `UPDATE_DATE`) VALUES
(1, 'ADMIN', 'ADMIN', 'SYSTEM', '1', '2017-03-23', '2017-03-23'),
(2, 'STAFF', 'STAFF', '-', '1', '2017-03-18', '2017-03-18'),
(3, 'EXCUTIVE', 'EXECUTIVE', '-', '50', '2016-12-03', '2016-12-03'),
(5, 'ROLE_USER_RADIOTHERAPY', 'USER', 'รังสีรักษา', '1', '2017-03-18', '2017-03-18'),
(6, 'ROLE_USER_DIAGNOSTIC_RADIOLOGY', 'USER', 'รังสีวินิจฉัย', '1', '2017-03-19', '2017-03-19'),
(7, 'ROLE_USER_LABORATORY', 'USER', 'ห้องปฏิบัติการ', '1', '2017-03-18', '2017-03-18'),
(8, 'ROLE_USER_NUCLEAR_MEDICINE', 'USER', 'เวชศาสตร์นิวเคลียร์', '1', '2017-03-18', '2017-03-18'),
(9, 'ROLE_STAFF_RADIOTHERAPY', 'STAFF', 'รังสีวินิจฉัย(Staff)', '1', '2017-04-11', '2017-04-11'),
(10, 'ROLE_EXECUTIVE_RADIOTHERAPY', 'EXECUTIVE', 'รังสีวินิจฉัย(Executive)', '1', '2017-04-08', '2017-04-08'),
(11, 'ROLE_STAFF_DIAGNOSTIC_RADIOLOGY', 'STAFF', 'รังสีวินิจฉัย', '1', '2017-03-21', '2017-03-21'),
(12, 'ROLE_EXECUTIVE_DIAGNOSTIC_RADIOLOGY	', 'EXECUTIVE', 'รังสีวินิจฉัย', '1', '2017-03-21', '2017-03-21'),
(13, 'ROLE_STAFF_LABORATORY', 'STAFF', 'ห้องปฏิบัติการ', '1', '2017-03-21', '2017-03-21'),
(14, 'ROLE_EXECUTIVE_LABORATORY', 'EXECUTIVE', 'ห้องปฏิบัติการ', '1', '2017-03-21', '2017-03-21'),
(15, 'ROLE_STAFF_NUCLEAR_MEDICINE', 'STAFF', 'เวชศาสตร์นิวเคลียร์', '1', '2017-03-21', '2017-03-21'),
(16, 'ROLE_EXECUTIVE_NUCLEAR_MEDICINE', 'EXECUTIVE', 'เวชศาสตร์นิวเคลียร์	', '1', '2017-03-21', '2017-03-21'),
(17, 'ประทุมพร แก้วประชุม', 'STAFF', '', '1', '2017-03-22', '2017-03-22'),
(18, 'บังอร อาญาเมือง', 'USER', '-', '1', '2017-03-22', '2017-03-22'),
(19, 'บังอร แกมรัมย์', 'STAFF', '-', '1', '2017-03-21', '2017-03-21'),
(20, 'บังอร สุมรัมย์ ', 'EXECUTIVE', '-', '1', '2017-04-07', '2017-04-07'),
(21, 'ROLE_USER_RADIOTHERAPY', 'USER', '', '1', '2017-03-22', '2017-03-22'),
(22, 'ROLE_USER_RADIOTHERAPY_VS_01', 'USER', '', '1', '2017-05-16', '2017-05-16'),
(23, 'ROLE_STAFF_RADIOTHERAPY_VS_02', 'STAFF', NULL, '1', '2017-05-16', '2017-05-16'),
(24, 'ROLD_EXECUTIVE_RADIOTHERAPY_VS_03', 'EXECUTIVE', NULL, '1', '2017-05-16', '2017-05-16'),
(25, 'TRAIN-USER', 'USER', NULL, '1', '2017-05-20', '2017-05-20'),
(26, 'TRAIN-STAFF', 'STAFF', NULL, '1', '2017-05-21', '2017-05-21'),
(27, 'TRAIN-EXECUTIVE', 'EXECUTIVE', NULL, '1', '2017-05-21', '2017-05-21');

--
-- Indexes for dumped tables
--

--
-- Indexes for table `menu`
--
ALTER TABLE `menu`
  ADD PRIMARY KEY (`MENU_ID`);

--
-- Indexes for table `menu_role`
--
ALTER TABLE `menu_role`
  ADD PRIMARY KEY (`ID`),
  ADD KEY `mr_fk01_idx` (`MENU_ID`);

--
-- Indexes for table `tb_answers`
--
ALTER TABLE `tb_answers`
  ADD PRIMARY KEY (`id`);

--
-- Indexes for table `tb_form1`
--
ALTER TABLE `tb_form1`
  ADD PRIMARY KEY (`id`),
  ADD KEY `form1_fk02_idx` (`code_usage_id`),
  ADD KEY `form1_fk03_idx` (`maufacturer_id`),
  ADD KEY `form1_fk04_idx` (`use_type_id`),
  ADD KEY `form1_fk05_idx` (`power_unit_id`),
  ADD KEY `form1_fk07_idx` (`usage_status_id`),
  ADD KEY `from1_fk09_idx` (`create_by`),
  ADD KEY `form1_fk10_idx` (`update_by`);

--
-- Indexes for table `tb_form2`
--
ALTER TABLE `tb_form2`
  ADD PRIMARY KEY (`id`),
  ADD KEY `form2_fk10_idx` (`create_by`),
  ADD KEY `form2_fk11_idx` (`update_by`);

--
-- Indexes for table `tb_form3`
--
ALTER TABLE `tb_form3`
  ADD PRIMARY KEY (`id`),
  ADD KEY `from3_fk08_idx` (`create_by`),
  ADD KEY `from3_fk09_idx` (`update_by`);

--
-- Indexes for table `tb_form4`
--
ALTER TABLE `tb_form4`
  ADD PRIMARY KEY (`id`),
  ADD KEY `form4_fk02_idx` (`create_by`),
  ADD KEY `form4_fk03_idx` (`update_by`);

--
-- Indexes for table `tb_form5`
--
ALTER TABLE `tb_form5`
  ADD PRIMARY KEY (`id`),
  ADD KEY `form5_fk01_idx` (`types_of_radioactive_waste_id`),
  ADD KEY `form5_fk02_idx` (`phisical_status_id`),
  ADD KEY `form5_fk04_idx` (`create_by`),
  ADD KEY `form5_fk05_idx` (`update_by`),
  ADD KEY `form5_fk06_idx` (`rad_or_maximum_weight_unit_id`);

--
-- Indexes for table `tb_form6`
--
ALTER TABLE `tb_form6`
  ADD PRIMARY KEY (`id`);

--
-- Indexes for table `tb_form7`
--
ALTER TABLE `tb_form7`
  ADD PRIMARY KEY (`id`),
  ADD KEY `form7_fk01_idx` (`department_id`);

--
-- Indexes for table `tb_form8`
--
ALTER TABLE `tb_form8`
  ADD PRIMARY KEY (`id`),
  ADD KEY `form8_fk01_idx` (`create_by`),
  ADD KEY `form8_fk02_idx` (`update_by`),
  ADD KEY `form8_fk03_idx` (`owner_department_id`);

--
-- Indexes for table `tb_information`
--
ALTER TABLE `tb_information`
  ADD PRIMARY KEY (`id`);

--
-- Indexes for table `tb_m_branch`
--
ALTER TABLE `tb_m_branch`
  ADD PRIMARY KEY (`id`);

--
-- Indexes for table `tb_m_code_usage`
--
ALTER TABLE `tb_m_code_usage`
  ADD PRIMARY KEY (`id`);

--
-- Indexes for table `tb_m_company_operates`
--
ALTER TABLE `tb_m_company_operates`
  ADD PRIMARY KEY (`id`);

--
-- Indexes for table `tb_m_dealer_company`
--
ALTER TABLE `tb_m_dealer_company`
  ADD PRIMARY KEY (`id`);

--
-- Indexes for table `tb_m_department`
--
ALTER TABLE `tb_m_department`
  ADD PRIMARY KEY (`id`);

--
-- Indexes for table `tb_m_faculty`
--
ALTER TABLE `tb_m_faculty`
  ADD PRIMARY KEY (`id`);

--
-- Indexes for table `tb_m_inspection_agency`
--
ALTER TABLE `tb_m_inspection_agency`
  ADD PRIMARY KEY (`id`);

--
-- Indexes for table `tb_m_manufacturer`
--
ALTER TABLE `tb_m_manufacturer`
  ADD PRIMARY KEY (`id`);

--
-- Indexes for table `tb_m_material_status`
--
ALTER TABLE `tb_m_material_status`
  ADD PRIMARY KEY (`id`);

--
-- Indexes for table `tb_m_material_type`
--
ALTER TABLE `tb_m_material_type`
  ADD PRIMARY KEY (`id`);

--
-- Indexes for table `tb_m_phisical_status`
--
ALTER TABLE `tb_m_phisical_status`
  ADD PRIMARY KEY (`id`);

--
-- Indexes for table `tb_m_position`
--
ALTER TABLE `tb_m_position`
  ADD PRIMARY KEY (`id`);

--
-- Indexes for table `tb_m_power_unit`
--
ALTER TABLE `tb_m_power_unit`
  ADD PRIMARY KEY (`id`);

--
-- Indexes for table `tb_m_radioactive_elements`
--
ALTER TABLE `tb_m_radioactive_elements`
  ADD PRIMARY KEY (`id`);

--
-- Indexes for table `tb_m_rad_machine`
--
ALTER TABLE `tb_m_rad_machine`
  ADD PRIMARY KEY (`id`);

--
-- Indexes for table `tb_m_report_department`
--
ALTER TABLE `tb_m_report_department`
  ADD PRIMARY KEY (`id`);

--
-- Indexes for table `tb_m_room`
--
ALTER TABLE `tb_m_room`
  ADD PRIMARY KEY (`id`);

--
-- Indexes for table `tb_m_setting`
--
ALTER TABLE `tb_m_setting`
  ADD PRIMARY KEY (`id`);

--
-- Indexes for table `tb_m_title`
--
ALTER TABLE `tb_m_title`
  ADD PRIMARY KEY (`id`);

--
-- Indexes for table `tb_m_types_of_radioactive_waste`
--
ALTER TABLE `tb_m_types_of_radioactive_waste`
  ADD PRIMARY KEY (`id`);

--
-- Indexes for table `tb_m_unit`
--
ALTER TABLE `tb_m_unit`
  ADD PRIMARY KEY (`id`);

--
-- Indexes for table `tb_m_unit2`
--
ALTER TABLE `tb_m_unit2`
  ADD PRIMARY KEY (`id`);

--
-- Indexes for table `tb_m_usage_status`
--
ALTER TABLE `tb_m_usage_status`
  ADD PRIMARY KEY (`id`);

--
-- Indexes for table `tb_m_use_type`
--
ALTER TABLE `tb_m_use_type`
  ADD PRIMARY KEY (`id`);

--
-- Indexes for table `tb_m_utilization`
--
ALTER TABLE `tb_m_utilization`
  ADD PRIMARY KEY (`id`);

--
-- Indexes for table `users_login`
--
ALTER TABLE `users_login`
  ADD PRIMARY KEY (`id`),
  ADD KEY `fk_role_id_idx` (`role_id`),
  ADD KEY `fk_title_id_2_idx` (`title_id`),
  ADD KEY `fk_department_id_idx` (`department_id`);

--
-- Indexes for table `users_role`
--
ALTER TABLE `users_role`
  ADD PRIMARY KEY (`ROLE_ID`);

--
-- AUTO_INCREMENT for dumped tables
--

--
-- AUTO_INCREMENT for table `menu_role`
--
ALTER TABLE `menu_role`
  MODIFY `ID` int(11) NOT NULL AUTO_INCREMENT,AUTO_INCREMENT=11342;
--
-- AUTO_INCREMENT for table `tb_answers`
--
ALTER TABLE `tb_answers`
  MODIFY `id` int(11) NOT NULL AUTO_INCREMENT,AUTO_INCREMENT=2558;
--
-- AUTO_INCREMENT for table `tb_form1`
--
ALTER TABLE `tb_form1`
  MODIFY `id` int(11) NOT NULL AUTO_INCREMENT,AUTO_INCREMENT=252;
--
-- AUTO_INCREMENT for table `tb_form2`
--
ALTER TABLE `tb_form2`
  MODIFY `id` int(11) NOT NULL AUTO_INCREMENT,AUTO_INCREMENT=197;
--
-- AUTO_INCREMENT for table `tb_form3`
--
ALTER TABLE `tb_form3`
  MODIFY `id` int(11) NOT NULL AUTO_INCREMENT,AUTO_INCREMENT=79;
--
-- AUTO_INCREMENT for table `tb_form4`
--
ALTER TABLE `tb_form4`
  MODIFY `id` int(11) NOT NULL AUTO_INCREMENT,AUTO_INCREMENT=1604;
--
-- AUTO_INCREMENT for table `tb_form5`
--
ALTER TABLE `tb_form5`
  MODIFY `id` int(11) NOT NULL AUTO_INCREMENT,AUTO_INCREMENT=99;
--
-- AUTO_INCREMENT for table `tb_form6`
--
ALTER TABLE `tb_form6`
  MODIFY `id` int(11) NOT NULL AUTO_INCREMENT,AUTO_INCREMENT=86;
--
-- AUTO_INCREMENT for table `tb_form7`
--
ALTER TABLE `tb_form7`
  MODIFY `id` int(11) NOT NULL AUTO_INCREMENT,AUTO_INCREMENT=1143;
--
-- AUTO_INCREMENT for table `tb_form8`
--
ALTER TABLE `tb_form8`
  MODIFY `id` int(11) NOT NULL AUTO_INCREMENT,AUTO_INCREMENT=98;
--
-- AUTO_INCREMENT for table `tb_information`
--
ALTER TABLE `tb_information`
  MODIFY `id` int(11) NOT NULL AUTO_INCREMENT;
--
-- AUTO_INCREMENT for table `tb_m_radioactive_elements`
--
ALTER TABLE `tb_m_radioactive_elements`
  MODIFY `id` int(11) NOT NULL AUTO_INCREMENT,AUTO_INCREMENT=1000;
--
-- AUTO_INCREMENT for table `tb_m_title`
--
ALTER TABLE `tb_m_title`
  MODIFY `id` int(11) NOT NULL AUTO_INCREMENT,AUTO_INCREMENT=9;
--
-- AUTO_INCREMENT for table `tb_m_unit`
--
ALTER TABLE `tb_m_unit`
  MODIFY `id` int(11) NOT NULL AUTO_INCREMENT,AUTO_INCREMENT=10;
--
-- AUTO_INCREMENT for table `tb_m_unit2`
--
ALTER TABLE `tb_m_unit2`
  MODIFY `id` int(11) NOT NULL AUTO_INCREMENT,AUTO_INCREMENT=10;
--
-- AUTO_INCREMENT for table `users_login`
--
ALTER TABLE `users_login`
  MODIFY `id` int(11) NOT NULL AUTO_INCREMENT,AUTO_INCREMENT=275;
--
-- Constraints for dumped tables
--

--
-- Constraints for table `tb_form1`
--
ALTER TABLE `tb_form1`
  ADD CONSTRAINT `form1_fk02` FOREIGN KEY (`code_usage_id`) REFERENCES `tb_m_code_usage` (`id`) ON DELETE NO ACTION ON UPDATE NO ACTION,
  ADD CONSTRAINT `form1_fk03` FOREIGN KEY (`maufacturer_id`) REFERENCES `tb_m_manufacturer` (`id`) ON DELETE NO ACTION ON UPDATE NO ACTION,
  ADD CONSTRAINT `form1_fk04` FOREIGN KEY (`use_type_id`) REFERENCES `tb_m_use_type` (`id`) ON DELETE NO ACTION ON UPDATE NO ACTION,
  ADD CONSTRAINT `form1_fk05` FOREIGN KEY (`power_unit_id`) REFERENCES `tb_m_power_unit` (`id`) ON DELETE NO ACTION ON UPDATE NO ACTION,
  ADD CONSTRAINT `form1_fk07` FOREIGN KEY (`usage_status_id`) REFERENCES `tb_m_usage_status` (`id`) ON DELETE NO ACTION ON UPDATE NO ACTION,
  ADD CONSTRAINT `form1_fk09` FOREIGN KEY (`create_by`) REFERENCES `users_login` (`id`) ON DELETE NO ACTION ON UPDATE NO ACTION,
  ADD CONSTRAINT `form1_fk10` FOREIGN KEY (`update_by`) REFERENCES `users_login` (`id`) ON DELETE NO ACTION ON UPDATE NO ACTION;

--
-- Constraints for table `tb_form2`
--
ALTER TABLE `tb_form2`
  ADD CONSTRAINT `form2_fk10` FOREIGN KEY (`create_by`) REFERENCES `users_login` (`id`) ON DELETE NO ACTION ON UPDATE NO ACTION,
  ADD CONSTRAINT `form2_fk11` FOREIGN KEY (`update_by`) REFERENCES `users_login` (`id`) ON DELETE NO ACTION ON UPDATE NO ACTION;

--
-- Constraints for table `tb_form3`
--
ALTER TABLE `tb_form3`
  ADD CONSTRAINT `from3_fk08` FOREIGN KEY (`create_by`) REFERENCES `users_login` (`id`) ON DELETE NO ACTION ON UPDATE NO ACTION,
  ADD CONSTRAINT `from3_fk09` FOREIGN KEY (`update_by`) REFERENCES `users_login` (`id`) ON DELETE NO ACTION ON UPDATE NO ACTION;

--
-- Constraints for table `tb_form4`
--
ALTER TABLE `tb_form4`
  ADD CONSTRAINT `form4_fk02` FOREIGN KEY (`create_by`) REFERENCES `users_login` (`id`) ON DELETE NO ACTION ON UPDATE NO ACTION,
  ADD CONSTRAINT `form4_fk03` FOREIGN KEY (`update_by`) REFERENCES `users_login` (`id`) ON DELETE NO ACTION ON UPDATE NO ACTION;

--
-- Constraints for table `tb_form5`
--
ALTER TABLE `tb_form5`
  ADD CONSTRAINT `form5_fk01` FOREIGN KEY (`types_of_radioactive_waste_id`) REFERENCES `tb_m_material_type` (`id`) ON DELETE NO ACTION ON UPDATE NO ACTION,
  ADD CONSTRAINT `form5_fk02` FOREIGN KEY (`phisical_status_id`) REFERENCES `tb_m_phisical_status` (`id`) ON DELETE NO ACTION ON UPDATE NO ACTION,
  ADD CONSTRAINT `form5_fk04` FOREIGN KEY (`create_by`) REFERENCES `users_login` (`id`) ON DELETE NO ACTION ON UPDATE NO ACTION,
  ADD CONSTRAINT `form5_fk05` FOREIGN KEY (`update_by`) REFERENCES `users_login` (`id`) ON DELETE NO ACTION ON UPDATE NO ACTION;

--
-- Constraints for table `tb_form8`
--
ALTER TABLE `tb_form8`
  ADD CONSTRAINT `form8_fk01` FOREIGN KEY (`create_by`) REFERENCES `users_login` (`id`) ON DELETE NO ACTION ON UPDATE NO ACTION,
  ADD CONSTRAINT `form8_fk02` FOREIGN KEY (`update_by`) REFERENCES `users_login` (`id`) ON DELETE NO ACTION ON UPDATE NO ACTION,
  ADD CONSTRAINT `form8_fk03` FOREIGN KEY (`owner_department_id`) REFERENCES `tb_m_department` (`id`) ON DELETE NO ACTION ON UPDATE NO ACTION;

--
-- Constraints for table `users_login`
--
ALTER TABLE `users_login`
  ADD CONSTRAINT `fk_department_id` FOREIGN KEY (`department_id`) REFERENCES `tb_m_department` (`id`) ON DELETE NO ACTION ON UPDATE NO ACTION,
  ADD CONSTRAINT `fk_role_id` FOREIGN KEY (`role_id`) REFERENCES `users_role` (`ROLE_ID`) ON DELETE NO ACTION ON UPDATE NO ACTION,
  ADD CONSTRAINT `fk_title_id_2` FOREIGN KEY (`title_id`) REFERENCES `tb_m_title` (`id`) ON DELETE NO ACTION ON UPDATE NO ACTION;

/*!40101 SET CHARACTER_SET_CLIENT=@OLD_CHARACTER_SET_CLIENT */;
/*!40101 SET CHARACTER_SET_RESULTS=@OLD_CHARACTER_SET_RESULTS */;
/*!40101 SET COLLATION_CONNECTION=@OLD_COLLATION_CONNECTION */;
