-- phpMyAdmin SQL Dump
-- version 4.4.15.5
-- http://www.phpmyadmin.net
--
-- Host: mdc.mahidol
-- Generation Time: Jan 22, 2017 at 08:20 PM
-- Server version: 5.6.11
-- PHP Version: 5.6.11-1ubuntu3

SET SQL_MODE = "NO_AUTO_VALUE_ON_ZERO";
SET time_zone = "+00:00";


/*!40101 SET @OLD_CHARACTER_SET_CLIENT=@@CHARACTER_SET_CLIENT */;
/*!40101 SET @OLD_CHARACTER_SET_RESULTS=@@CHARACTER_SET_RESULTS */;
/*!40101 SET @OLD_COLLATION_CONNECTION=@@COLLATION_CONNECTION */;
/*!40101 SET NAMES utf8mb4 */;

--
-- Database: `radbasewww`
--

-- --------------------------------------------------------

--
-- Table structure for table `menu`
--

CREATE TABLE IF NOT EXISTS `menu` (
  `MENU_ID` int(11) NOT NULL,
  `MENU_ICON` varchar(50) DEFAULT NULL,
  `MENU_NAME` varchar(100) NOT NULL,
  `URL_NAVIGATE` varchar(100) DEFAULT NULL,
  `MENU_TAG` varchar(100) DEFAULT NULL,
  `PREVIOUS_MENU_ID` int(11) DEFAULT NULL,
  `DISPLAY_ORDER` int(11) NOT NULL,
  `UPDATE_BY` varchar(25) NOT NULL,
  `CREATE_DATE` date DEFAULT NULL,
  `UPDATE_DATE` date DEFAULT NULL
) ENGINE=InnoDB DEFAULT CHARSET=utf8;

--
-- Dumping data for table `menu`
--

INSERT INTO `menu` (`MENU_ID`, `MENU_ICON`, `MENU_NAME`, `URL_NAVIGATE`, `MENU_TAG`, `PREVIOUS_MENU_ID`, `DISPLAY_ORDER`, `UPDATE_BY`, `CREATE_DATE`, `UPDATE_DATE`) VALUES
(1, 'icon-screen-desktop', 'บันทึกข้อมูล', NULL, NULL, -1, 1, 'SYSTEM', '2016-03-20', '2015-02-13'),
(2, 'icon-grid', 'ข้อมูลผู้ใช้', NULL, NULL, -1, 2, 'SYSTEM', '2015-02-13', '2015-02-13'),
(3, 'icon-settings', 'ข้อมูลหลัก', NULL, NULL, -1, 3, 'SYSTEM', '2015-02-13', '2015-02-13'),
(4, 'fa fa-code', 'รหัสประเภทการใช้งาน', '/index.php/MCodeUsage', 'MCodeUsage|Create|Update', 3, 1, 'SYSTEM', '2015-02-13', '2015-02-13'),
(5, 'fa fa-code', 'ลักษณะการใช้งาน', '/index.php/MUseType', 'MUseType|Create|Update', 3, 2, 'SYSTEM', '2015-02-13', '2015-02-13'),
(6, 'fa fa-code', 'หน่วยกำลังไฟ', '/index.php/MPowerUnit', 'MPowerUnit|Create|Update', 3, 3, 'SYSTEM', '2015-02-13', '2015-02-13'),
(7, 'fa fa-building', 'ห้อง/สถานที่', '/index.php/MRoom', 'MRoom|Create|Update', 3, 4, 'SYSTEM', '2015-02-13', '2015-02-13'),
(8, 'fa fa-ship', 'บริษัทผู้แทนจำหน่าย (ที่อยู่)', '/index.php/MDealerCompany', 'MDealerCompany|Create|Update', 3, 5, 'SYSTEM', '2015-02-13', '2015-02-13'),
(9, 'fa fa-cube', 'ประเภทวัสดุ', '/index.php/MMaterialType', 'MMaterialType|Create|Update', 3, 6, 'SYSTEM', '2015-02-13', '2015-02-13'),
(10, 'fa fa-code', 'สมบัติทางกายภาพ', '/index.php/MPhisicalStatus', 'MPhisicalStatus|Create|Update', 3, 7, 'SYSTEM', '2015-02-13', '2015-02-13'),
(11, 'fa fa-ship', 'บริษัทผู้ผลิต', '/index.php/MManufacturer', 'MManufacturer|Create|Update', 3, 8, 'SYSTEM', '2015-02-13', '2015-02-13'),
(12, 'fa fa-server', 'ชื่อเครื่องกำเนิดรังสี', '/index.php/MRadMachine', 'MRadMachine|Create|Update', 3, 9, 'SYSTEM', '2015-02-13', '2015-02-13'),
(13, 'fa fa-code', 'ธาตุ-เลขมวล', '/index.php/MRadioactiveElement', 'MRadioactiveElement|Create|Update', 3, 10, 'SYSTEM', '2015-02-13', '2015-02-13'),
(14, 'fa fa-university', 'หน่วยงาน', '/index.php/MDepartment', 'MDepartment|Create|Update', 3, 11, 'SYSTEM', '2015-02-13', '2015-02-13'),
(15, 'fa fa-user', 'ผู้ใช้', '/index.php/Users', 'Users|Create|Update', 2, 1, 'SYSTEM', '2015-02-13', '2015-02-13'),
(16, 'fa fa-users', 'กลุ่มผู้ใช้', '/index.php/UsersRole', 'UserRole|Create|Update', 2, 2, 'SYSTEM', '2015-02-13', '2015-02-13'),
(18, 'fa fa-edit', 'เครื่องกำเนิดรังสี', '/index.php/Form1', 'Form1|Create|Update', 1, 1, 'SYSTEM', '2015-02-13', '2015-02-13'),
(19, 'fa fa-edit', '    ชนิดปิดผนึก', '/index.php/Form2', 'Form2|Create|Update', 33, 1, 'SYSTEM', '2015-02-13', '2015-02-13'),
(20, 'fa fa-edit', 'การเคลื่อนย้ายวัสดุกัมมันตรังสี', '/index.php/Form3', 'Form3|Create|Update', 1, 3, 'SYSTEM', '2015-02-13', '2015-02-13'),
(21, 'fa fa-tasks', 'บุคลากรผู้ปฏิบัติงานทางรังสี', '#', '', 1, 8, 'SYSTEM', '2015-02-13', '2015-02-13'),
(22, 'fa fa-edit', 'การกำจัดขยะรังสี', '/index.php/Form5', 'Form5|Create|Update', 1, 4, 'SYSTEM', '2015-02-13', '2015-02-13'),
(23, 'fa fa-edit', 'อุบัติเหตุทางรังสี', '/index.php/Form6', 'Form6|Create|Update', 1, 5, 'SYSTEM', '2015-02-13', '2015-02-13'),
(24, 'fa fa-edit', 'การอบรมทางรังสี', '/index.php/Form7', 'Form7|Create|Update', 1, 6, 'SYSTEM', '2015-02-13', '2015-02-13'),
(25, 'fa fa-puzzle-piece', 'ตำแหน่ง', '/index.php/MPosition', 'MPosition|Create|Update', 3, 12, 'SYSTEM', '2016-05-31', '2016-05-31'),
(26, 'fa fa-puzzle-piece', 'คำนำหน้าชื่อ', '/index.php/MTitle', 'MTitle|Create|Update', 3, 13, 'SYSTEM', '2016-05-31', '2016-05-31'),
(27, 'fa fa-edit', '    ชนิดไม่ปิดผนึก', '/index.php/Frm21', 'Frm21|Create|Update', 33, 2, 'SYSTEM', '2016-05-30', '2016-06-30'),
(28, 'fa fa-gear', 'ตั้งค่าระบบ', '/index.php/MSetting', 'MSetting|Create|Update', 3, 14, 'SYSTEM', '2016-05-30', '2016-05-30'),
(29, 'fa fa-pie-chart', 'อบรมทางรังสี', '/index.php/Report07', 'Report|R37', 30, 6, 'SYSTEM', '2016-07-02', '2016-07-02'),
(30, 'icon-book-open', 'พิมพ์รายงานต่าง ๆ', '', NULL, -1, 4, 'SYSTEM', '2016-07-02', '2016-07-02'),
(31, 'fa fa-edit', 'รายชื่อคณะกรรมการความปลอดภัยทางรังสี', '/index.php/Form8', 'Form8|Create|Update', 1, 7, 'SYSTEM', '2016-07-09', '2016-07-09'),
(32, 'fa fa-edit', 'แบบรายงานความปลอดภัยทางรังสี', '/index.php/FormQuestionnaire', 'FormQuestionnaire|Create|Update', 1, 9, 'SYSTEM', '2016-07-09', '2016-07-09'),
(33, 'fa fa-tasks', 'วัสดุกัมมันตรังสี', '#', NULL, 1, 2, 'SYSTEM', '2016-07-24', '2016-07-24'),
(34, 'fa fa-edit', 'ปริมาณรังสีที่ได้รับ', '/index.php/Form4', 'Form4|Create|Update', 21, 1, 'SYSTEM', '2016-07-24', '2016-07-24'),
(35, 'fa fa-tasks', 'สรุปผล', '#', NULL, 1, 0, 'SYSTEM', '2016-07-24', '2016-07-24'),
(36, 'fa fa-edit', 'ปริมาณรังสีที่ได้รับ', '/index.php/Report/R372', 'Report|R372', 29, 1, 'SYSTEM', '2016-07-24', '2016-07-24'),
(37, 'fa fa-edit', 'การอบรมทางรังสี', '/index.php/Report/R373', 'Report|R373', 29, 2, 'SYSTEM', '2016-07-24', '2016-07-24'),
(38, 'fa fa-pie-chart', 'เครื่องกำเนิดรังสี', '/index.php/Report01', 'Report|R32', 30, 1, 'SYSTEM', '2016-07-24', '2016-07-24'),
(39, 'fa fa-pie-chart', 'การเคลื่อนย้ายวัสดุกัมมันตรังสี', '/index.php/Report04', 'Report|R34', 30, 3, 'SYSTEM', '2016-07-24', '2016-07-24'),
(40, 'fa fa-pie-chart', 'การกำจัดขยะรังสี', '/index.php/Report05', 'Report|R35', 30, 4, 'SYSTEM', '2016-07-24', '2016-07-24'),
(41, 'fa fa-pie-chart', 'อุบัติเหตุทางรังสี', '/index.php/Report06', 'Report|R36', 30, 5, 'SYSTEM', '2016-07-24', '2016-07-24'),
(42, 'fa fa-pie-chart', 'วัสดุกัมมันตรังสี', '#', NULL, 30, 2, 'SYSTEM', '2016-07-24', '2016-07-24'),
(43, 'fa fa-edit', 'ชนิดปิดผนึก', '/index.php/Report02', 'Report|R331', 42, 1, 'SYSETEM', '2016-07-24', '2016-07-24'),
(44, 'fa fa-edit', 'ชนิดไม่ปิดผนึก', '/index.php/Report03', 'Report|R332', 42, 2, 'SYSTEM', '2016-07-24', '2016-07-24'),
(45, 'fa fa-code', 'หน่วยปริมาณ', '/index.php/MUnit', 'MUnit|Create|Update', 3, 15, 'SYSTEM', '2016-09-25', '2016-09-25'),
(46, 'fa fa-pie-chart', 'รายชื่อคณะกรรมการความปลอดภัยทางรังสี', '/index.php/Report08', 'Report|R38', 30, 7, 'SYSTEM', '2016-07-24', '2016-07-24'),
(47, 'fa fa-pie-chart', 'แบบรายงานความปลอดภัยทางรังสี', '/index.php/Report10', 'Report|R39', 30, 9, 'SYSTEM', '2016-07-24', '2016-07-24'),
(48, 'fa fa-pie-chart', 'บุคลากรผู้ปฏิบัติงานทางรังสี', '#', '', 30, 8, 'SYSTEM', '2016-07-24', '2016-07-24'),
(49, 'fa fa-pie-chart', 'ปริมาณรังสีที่ได้รับ', '/index.php/Report09', 'Report|R372', 48, 10, 'SYSTEM', '2016-07-24', '2016-07-24');

-- --------------------------------------------------------

--
-- Table structure for table `menu_role`
--

CREATE TABLE IF NOT EXISTS `menu_role` (
  `ROLE_ID` int(11) NOT NULL,
  `MENU_ID` int(11) NOT NULL,
  `IS_ACTIVE` bit(1) DEFAULT NULL,
  `IS_REQUIRED_ACTION` bit(1) DEFAULT NULL,
  `IS_CREATE` bit(1) DEFAULT NULL,
  `IS_EDIT` bit(1) DEFAULT NULL,
  `IS_DELETE` bit(1) DEFAULT NULL,
  `UPDATE_BY` varchar(25) NOT NULL,
  `CREATE_DATE` date NOT NULL,
  `UPDATE_DATE` date NOT NULL
) ENGINE=InnoDB DEFAULT CHARSET=utf8;

--
-- Dumping data for table `menu_role`
--

INSERT INTO `menu_role` (`ROLE_ID`, `MENU_ID`, `IS_ACTIVE`, `IS_REQUIRED_ACTION`, `IS_CREATE`, `IS_EDIT`, `IS_DELETE`, `UPDATE_BY`, `CREATE_DATE`, `UPDATE_DATE`) VALUES
(1, 1, b'1', b'0', b'1', b'1', b'1', '1', '2016-09-25', '2016-09-25'),
(1, 2, b'1', b'0', b'1', b'1', b'1', '1', '2016-09-25', '2016-09-25'),
(1, 3, b'1', b'0', b'1', b'1', b'1', '1', '2016-09-25', '2016-09-25'),
(1, 4, b'1', b'0', b'1', b'1', b'1', '1', '2016-09-25', '2016-09-25'),
(1, 5, b'1', b'0', b'1', b'1', b'1', '1', '2016-09-25', '2016-09-25'),
(1, 6, b'1', b'0', b'1', b'1', b'1', '1', '2016-09-25', '2016-09-25'),
(1, 7, b'1', b'0', b'1', b'1', b'1', '1', '2016-09-25', '2016-09-25'),
(1, 8, b'1', b'0', b'1', b'1', b'1', '1', '2016-09-25', '2016-09-25'),
(1, 9, b'1', b'0', b'1', b'1', b'1', '1', '2016-09-25', '2016-09-25'),
(1, 10, b'1', b'0', b'1', b'1', b'1', '1', '2016-09-25', '2016-09-25'),
(1, 11, b'1', b'0', b'1', b'1', b'1', '1', '2016-09-25', '2016-09-25'),
(1, 12, b'1', b'0', b'1', b'1', b'1', '1', '2016-09-25', '2016-09-25'),
(1, 13, b'1', b'0', b'1', b'1', b'1', '1', '2016-09-25', '2016-09-25'),
(1, 14, b'1', b'0', b'1', b'1', b'1', '1', '2016-09-25', '2016-09-25'),
(1, 15, b'1', b'0', b'1', b'1', b'1', '1', '2016-09-25', '2016-09-25'),
(1, 16, b'1', b'0', b'1', b'1', b'1', '1', '2016-09-25', '2016-09-25'),
(1, 18, b'1', b'0', b'1', b'1', b'1', '1', '2016-09-25', '2016-09-25'),
(1, 19, b'1', b'0', b'1', b'1', b'1', '1', '2016-09-25', '2016-09-25'),
(1, 20, b'1', b'0', b'1', b'1', b'1', '1', '2016-09-25', '2016-09-25'),
(1, 21, b'1', b'0', b'1', b'1', b'1', '1', '2016-09-25', '2016-09-25'),
(1, 22, b'1', b'0', b'1', b'1', b'1', '1', '2016-09-25', '2016-09-25'),
(1, 23, b'1', b'0', b'1', b'1', b'1', '1', '2016-09-25', '2016-09-25'),
(1, 24, b'1', b'0', b'1', b'1', b'1', '1', '2016-09-25', '2016-09-25'),
(1, 25, b'1', b'0', b'1', b'1', b'1', '1', '2016-09-25', '2016-09-25'),
(1, 26, b'1', b'0', b'1', b'1', b'1', '1', '2016-09-25', '2016-09-25'),
(1, 27, b'1', b'0', b'1', b'1', b'1', '1', '2016-09-25', '2016-09-25'),
(1, 28, b'1', b'0', b'1', b'1', b'1', '1', '2016-09-25', '2016-09-25'),
(1, 29, b'1', b'0', b'1', b'1', b'1', '1', '2016-09-25', '2016-09-25'),
(1, 30, b'1', b'0', b'1', b'1', b'1', '1', '2016-09-25', '2016-09-25'),
(1, 31, b'1', b'0', b'1', b'1', b'1', '1', '2016-09-25', '2016-09-25'),
(1, 32, b'1', b'0', b'1', b'1', b'1', '1', '2016-09-25', '2016-09-25'),
(1, 33, b'1', b'0', b'1', b'1', b'1', '1', '2016-09-25', '2016-09-25'),
(1, 34, b'1', b'0', b'1', b'1', b'1', '1', '2016-09-25', '2016-09-25'),
(1, 35, b'0', b'0', b'1', b'1', b'1', '1', '2016-09-25', '2016-09-25'),
(1, 36, b'1', b'0', b'1', b'1', b'1', '1', '2016-09-25', '2016-09-25'),
(1, 37, b'1', b'0', b'1', b'1', b'1', '1', '2016-09-25', '2016-09-25'),
(1, 38, b'1', b'0', b'1', b'1', b'1', '1', '2016-09-25', '2016-09-25'),
(1, 39, b'1', b'0', b'1', b'1', b'1', '1', '2016-09-25', '2016-09-25'),
(1, 40, b'1', b'0', b'1', b'1', b'1', '1', '2016-09-25', '2016-09-25'),
(1, 41, b'1', b'0', b'1', b'1', b'1', '1', '2016-09-25', '2016-09-25'),
(1, 42, b'1', b'0', b'1', b'1', b'1', '1', '2016-09-25', '2016-09-25'),
(1, 43, b'1', b'0', b'1', b'1', b'1', '1', '2016-09-25', '2016-09-25'),
(1, 44, b'1', b'0', b'1', b'1', b'1', '1', '2016-09-25', '2016-09-25'),
(1, 45, b'1', b'0', b'1', b'1', b'1', '1', '2016-09-25', '2016-09-25'),
(1, 46, b'1', b'0', b'1', b'1', b'1', '1', '2016-09-25', '2016-09-25'),
(1, 47, b'1', b'0', b'1', b'1', b'1', '1', '2016-09-25', '2016-09-25'),
(1, 48, b'1', b'0', b'1', b'1', b'1', '1', '2016-09-25', '2016-09-25'),
(1, 49, b'1', b'0', b'1', b'1', b'1', '1', '2016-09-25', '2016-09-25'),
(2, 1, b'1', b'0', b'1', b'1', b'1', '50', '2016-11-28', '2016-11-28'),
(2, 2, b'0', b'0', b'0', b'0', b'0', '50', '2016-11-28', '2016-11-28'),
(2, 3, b'1', b'0', b'1', b'1', b'1', '50', '2016-11-28', '2016-11-28'),
(2, 4, b'1', b'0', b'1', b'1', b'1', '50', '2016-11-28', '2016-11-28'),
(2, 5, b'1', b'0', b'1', b'1', b'1', '50', '2016-11-28', '2016-11-28'),
(2, 6, b'1', b'0', b'1', b'1', b'1', '50', '2016-11-28', '2016-11-28'),
(2, 7, b'1', b'0', b'1', b'1', b'1', '50', '2016-11-28', '2016-11-28'),
(2, 8, b'1', b'0', b'1', b'1', b'1', '50', '2016-11-28', '2016-11-28'),
(2, 9, b'1', b'0', b'1', b'1', b'1', '50', '2016-11-28', '2016-11-28'),
(2, 10, b'1', b'0', b'1', b'1', b'1', '50', '2016-11-28', '2016-11-28'),
(2, 11, b'1', b'0', b'1', b'1', b'1', '50', '2016-11-28', '2016-11-28'),
(2, 12, b'1', b'0', b'1', b'1', b'1', '50', '2016-11-28', '2016-11-28'),
(2, 13, b'1', b'0', b'1', b'1', b'1', '50', '2016-11-28', '2016-11-28'),
(2, 14, b'1', b'0', b'1', b'1', b'1', '50', '2016-11-28', '2016-11-28'),
(2, 15, b'0', b'0', b'0', b'0', b'0', '50', '2016-11-28', '2016-11-28'),
(2, 16, b'0', b'0', b'0', b'0', b'0', '50', '2016-11-28', '2016-11-28'),
(2, 18, b'1', b'0', b'1', b'1', b'1', '50', '2016-11-28', '2016-11-28'),
(2, 19, b'1', b'0', b'1', b'1', b'1', '50', '2016-11-28', '2016-11-28'),
(2, 20, b'1', b'0', b'1', b'1', b'1', '50', '2016-11-28', '2016-11-28'),
(2, 21, b'1', b'0', b'1', b'1', b'1', '50', '2016-11-28', '2016-11-28'),
(2, 22, b'1', b'0', b'1', b'1', b'1', '50', '2016-11-28', '2016-11-28'),
(2, 23, b'1', b'0', b'1', b'1', b'1', '50', '2016-11-28', '2016-11-28'),
(2, 24, b'1', b'0', b'1', b'1', b'1', '50', '2016-11-28', '2016-11-28'),
(2, 25, b'1', b'0', b'1', b'1', b'1', '50', '2016-11-28', '2016-11-28'),
(2, 26, b'1', b'0', b'1', b'1', b'1', '50', '2016-11-28', '2016-11-28'),
(2, 27, b'1', b'0', b'1', b'1', b'1', '50', '2016-11-28', '2016-11-28'),
(2, 28, b'1', b'0', b'1', b'1', b'1', '50', '2016-11-28', '2016-11-28'),
(2, 29, b'1', b'0', b'1', b'1', b'1', '50', '2016-11-28', '2016-11-28'),
(2, 30, b'1', b'0', b'1', b'1', b'1', '50', '2016-11-28', '2016-11-28'),
(2, 31, b'1', b'0', b'1', b'1', b'1', '50', '2016-11-28', '2016-11-28'),
(2, 32, b'0', b'0', b'1', b'1', b'1', '50', '2016-11-28', '2016-11-28'),
(2, 33, b'1', b'0', b'1', b'1', b'1', '50', '2016-11-28', '2016-11-28'),
(2, 34, b'1', b'0', b'1', b'1', b'1', '50', '2016-11-28', '2016-11-28'),
(2, 35, b'0', b'0', b'1', b'1', b'1', '50', '2016-11-28', '2016-11-28'),
(2, 36, b'0', b'0', b'0', b'0', b'0', '50', '2016-11-28', '2016-11-28'),
(2, 37, b'0', b'0', b'0', b'0', b'0', '50', '2016-11-28', '2016-11-28'),
(2, 38, b'1', b'0', b'1', b'1', b'1', '50', '2016-11-28', '2016-11-28'),
(2, 39, b'1', b'0', b'1', b'1', b'1', '50', '2016-11-28', '2016-11-28'),
(2, 40, b'1', b'0', b'1', b'1', b'1', '50', '2016-11-28', '2016-11-28'),
(2, 41, b'1', b'0', b'1', b'1', b'1', '50', '2016-11-28', '2016-11-28'),
(2, 42, b'1', b'0', b'1', b'1', b'1', '50', '2016-11-28', '2016-11-28'),
(2, 43, b'1', b'0', b'1', b'1', b'1', '50', '2016-11-28', '2016-11-28'),
(2, 44, b'1', b'0', b'1', b'1', b'1', '50', '2016-11-28', '2016-11-28'),
(2, 45, b'0', b'0', b'0', b'0', b'0', '50', '2016-11-28', '2016-11-28'),
(2, 46, b'0', b'0', b'0', b'0', b'0', '50', '2016-11-28', '2016-11-28'),
(2, 47, b'0', b'0', b'0', b'0', b'0', '50', '2016-11-28', '2016-11-28'),
(2, 48, b'0', b'0', b'0', b'0', b'0', '50', '2016-11-28', '2016-11-28'),
(2, 49, b'1', b'0', b'1', b'1', b'1', '50', '2016-11-28', '2016-11-28'),
(3, 1, b'1', b'0', b'1', b'1', b'1', '1', '2016-09-25', '2016-09-25'),
(3, 2, b'0', b'0', b'0', b'0', b'0', '1', '2016-09-25', '2016-09-25'),
(3, 3, b'0', b'0', b'0', b'0', b'0', '1', '2016-09-25', '2016-09-25'),
(3, 4, b'0', b'0', b'1', b'1', b'1', '1', '2016-09-25', '2016-09-25'),
(3, 5, b'0', b'0', b'1', b'1', b'1', '1', '2016-09-25', '2016-09-25'),
(3, 6, b'0', b'0', b'1', b'1', b'1', '1', '2016-09-25', '2016-09-25'),
(3, 7, b'0', b'0', b'1', b'1', b'1', '1', '2016-09-25', '2016-09-25'),
(3, 8, b'0', b'0', b'1', b'1', b'1', '1', '2016-09-25', '2016-09-25'),
(3, 9, b'0', b'0', b'1', b'1', b'1', '1', '2016-09-25', '2016-09-25'),
(3, 10, b'0', b'0', b'1', b'1', b'1', '1', '2016-09-25', '2016-09-25'),
(3, 11, b'0', b'0', b'1', b'1', b'1', '1', '2016-09-25', '2016-09-25'),
(3, 12, b'0', b'0', b'1', b'1', b'1', '1', '2016-09-25', '2016-09-25'),
(3, 13, b'0', b'0', b'1', b'1', b'1', '1', '2016-09-25', '2016-09-25'),
(3, 14, b'0', b'0', b'1', b'1', b'1', '1', '2016-09-25', '2016-09-25'),
(3, 15, b'0', b'0', b'1', b'1', b'1', '1', '2016-09-25', '2016-09-25'),
(3, 16, b'0', b'0', b'1', b'1', b'1', '1', '2016-09-25', '2016-09-25'),
(3, 18, b'1', b'0', b'1', b'1', b'1', '1', '2016-09-25', '2016-09-25'),
(3, 19, b'1', b'0', b'1', b'1', b'1', '1', '2016-09-25', '2016-09-25'),
(3, 20, b'1', b'0', b'1', b'1', b'1', '1', '2016-09-25', '2016-09-25'),
(3, 21, b'1', b'0', b'1', b'1', b'1', '1', '2016-09-25', '2016-09-25'),
(3, 22, b'1', b'0', b'1', b'1', b'1', '1', '2016-09-25', '2016-09-25'),
(3, 23, b'1', b'0', b'1', b'1', b'1', '1', '2016-09-25', '2016-09-25'),
(3, 24, b'1', b'0', b'1', b'1', b'1', '1', '2016-09-25', '2016-09-25'),
(3, 25, b'1', b'0', b'1', b'1', b'1', '1', '2016-09-25', '2016-09-25'),
(3, 26, b'1', b'0', b'1', b'1', b'1', '1', '2016-09-25', '2016-09-25'),
(3, 27, b'1', b'0', b'1', b'1', b'1', '1', '2016-09-25', '2016-09-25'),
(3, 28, b'0', b'0', b'0', b'0', b'0', '1', '2016-09-25', '2016-09-25'),
(3, 29, b'0', b'0', b'0', b'0', b'0', '1', '2016-09-25', '2016-09-25'),
(3, 30, b'1', b'0', b'1', b'1', b'1', '1', '2016-09-25', '2016-09-25'),
(3, 31, b'1', b'0', b'1', b'1', b'1', '1', '2016-09-25', '2016-09-25'),
(3, 32, b'1', b'0', b'1', b'1', b'1', '1', '2016-09-25', '2016-09-25'),
(3, 33, b'1', b'0', b'1', b'1', b'1', '1', '2016-09-25', '2016-09-25'),
(3, 34, b'1', b'0', b'1', b'1', b'1', '1', '2016-09-25', '2016-09-25'),
(3, 35, b'0', b'0', b'0', b'0', b'0', '1', '2016-09-25', '2016-09-25'),
(3, 36, b'1', b'0', b'1', b'1', b'1', '1', '2016-09-25', '2016-09-25'),
(3, 37, b'1', b'0', b'1', b'1', b'1', '1', '2016-09-25', '2016-09-25'),
(3, 38, b'1', b'0', b'0', b'0', b'0', '1', '2016-09-25', '2016-09-25'),
(3, 39, b'1', b'0', b'0', b'0', b'0', '1', '2016-09-25', '2016-09-25'),
(3, 40, b'1', b'0', b'0', b'0', b'0', '1', '2016-09-25', '2016-09-25'),
(3, 41, b'1', b'0', b'0', b'0', b'0', '1', '2016-09-25', '2016-09-25'),
(3, 42, b'1', b'0', b'0', b'0', b'0', '1', '2016-09-25', '2016-09-25'),
(3, 43, b'1', b'0', b'1', b'1', b'1', '1', '2016-09-25', '2016-09-25'),
(3, 44, b'1', b'0', b'1', b'1', b'1', '1', '2016-09-25', '2016-09-25'),
(4, 1, b'1', b'0', b'0', b'0', b'0', '1', '2016-12-07', '2016-12-07'),
(4, 2, b'1', b'0', b'0', b'0', b'0', '1', '2016-12-07', '2016-12-07'),
(4, 3, b'1', b'0', b'0', b'0', b'0', '1', '2016-12-07', '2016-12-07'),
(4, 4, b'1', b'0', b'0', b'0', b'0', '1', '2016-12-07', '2016-12-07'),
(4, 5, b'1', b'0', b'0', b'0', b'0', '1', '2016-12-07', '2016-12-07'),
(4, 6, b'1', b'0', b'0', b'0', b'0', '1', '2016-12-07', '2016-12-07'),
(4, 7, b'1', b'0', b'0', b'0', b'0', '1', '2016-12-07', '2016-12-07'),
(4, 8, b'1', b'0', b'0', b'0', b'0', '1', '2016-12-07', '2016-12-07'),
(4, 9, b'1', b'0', b'0', b'0', b'0', '1', '2016-12-07', '2016-12-07'),
(4, 10, b'1', b'0', b'0', b'0', b'0', '1', '2016-12-07', '2016-12-07'),
(4, 11, b'1', b'0', b'0', b'0', b'0', '1', '2016-12-07', '2016-12-07'),
(4, 12, b'1', b'0', b'0', b'0', b'0', '1', '2016-12-07', '2016-12-07'),
(4, 13, b'1', b'0', b'0', b'0', b'0', '1', '2016-12-07', '2016-12-07'),
(4, 14, b'1', b'0', b'0', b'0', b'0', '1', '2016-12-07', '2016-12-07'),
(4, 15, b'1', b'0', b'0', b'0', b'0', '1', '2016-12-07', '2016-12-07'),
(4, 16, b'1', b'0', b'0', b'0', b'0', '1', '2016-12-07', '2016-12-07'),
(4, 18, b'1', b'0', b'0', b'0', b'0', '1', '2016-12-07', '2016-12-07'),
(4, 19, b'1', b'0', b'0', b'0', b'0', '1', '2016-12-07', '2016-12-07'),
(4, 20, b'1', b'0', b'0', b'0', b'0', '1', '2016-12-07', '2016-12-07'),
(4, 21, b'1', b'0', b'0', b'0', b'0', '1', '2016-12-07', '2016-12-07'),
(4, 22, b'1', b'0', b'0', b'0', b'0', '1', '2016-12-07', '2016-12-07'),
(4, 23, b'1', b'0', b'0', b'0', b'0', '1', '2016-12-07', '2016-12-07'),
(4, 24, b'1', b'0', b'0', b'0', b'0', '1', '2016-12-07', '2016-12-07'),
(4, 25, b'1', b'0', b'0', b'0', b'0', '1', '2016-12-07', '2016-12-07'),
(4, 26, b'1', b'0', b'0', b'0', b'0', '1', '2016-12-07', '2016-12-07'),
(4, 27, b'1', b'0', b'0', b'0', b'0', '1', '2016-12-07', '2016-12-07'),
(4, 28, b'1', b'0', b'0', b'0', b'0', '1', '2016-12-07', '2016-12-07'),
(4, 29, b'1', b'0', b'0', b'0', b'0', '1', '2016-12-07', '2016-12-07'),
(4, 30, b'1', b'0', b'0', b'0', b'0', '1', '2016-12-07', '2016-12-07'),
(4, 31, b'1', b'0', b'0', b'0', b'0', '1', '2016-12-07', '2016-12-07'),
(4, 32, b'1', b'0', b'0', b'0', b'0', '1', '2016-12-07', '2016-12-07'),
(4, 33, b'1', b'0', b'0', b'0', b'0', '1', '2016-12-07', '2016-12-07'),
(4, 34, b'1', b'0', b'0', b'0', b'0', '1', '2016-12-07', '2016-12-07'),
(4, 35, b'1', b'0', b'0', b'0', b'0', '1', '2016-12-07', '2016-12-07'),
(4, 36, b'0', b'0', b'0', b'0', b'0', '1', '2016-12-07', '2016-12-07'),
(4, 37, b'0', b'0', b'0', b'0', b'0', '1', '2016-12-07', '2016-12-07'),
(4, 38, b'1', b'0', b'0', b'0', b'0', '1', '2016-12-07', '2016-12-07'),
(4, 39, b'1', b'0', b'0', b'0', b'0', '1', '2016-12-07', '2016-12-07'),
(4, 40, b'1', b'0', b'0', b'0', b'0', '1', '2016-12-07', '2016-12-07'),
(4, 41, b'1', b'0', b'0', b'0', b'0', '1', '2016-12-07', '2016-12-07'),
(4, 42, b'1', b'0', b'0', b'0', b'0', '1', '2016-12-07', '2016-12-07'),
(4, 43, b'1', b'0', b'0', b'0', b'0', '1', '2016-12-07', '2016-12-07'),
(4, 44, b'1', b'0', b'0', b'0', b'0', '1', '2016-12-07', '2016-12-07'),
(4, 45, b'1', b'0', b'0', b'0', b'0', '1', '2016-12-07', '2016-12-07'),
(4, 46, b'1', b'0', b'0', b'0', b'0', '1', '2016-12-07', '2016-12-07'),
(4, 47, b'1', b'0', b'0', b'0', b'0', '1', '2016-12-07', '2016-12-07'),
(4, 48, b'1', b'0', b'0', b'0', b'0', '1', '2016-12-07', '2016-12-07'),
(4, 49, b'1', b'0', b'0', b'0', b'0', '1', '2016-12-07', '2016-12-07'),
(5, 1, b'1', b'0', b'1', b'1', b'1', '1', '2016-06-18', '2016-06-18'),
(5, 2, b'1', b'0', b'0', b'0', b'0', '1', '2016-06-18', '2016-06-18'),
(5, 3, b'1', b'0', b'0', b'0', b'0', '1', '2016-06-18', '2016-06-18'),
(5, 4, b'1', b'0', b'1', b'1', b'1', '1', '2016-06-18', '2016-06-18'),
(5, 5, b'1', b'0', b'1', b'1', b'1', '1', '2016-06-18', '2016-06-18'),
(5, 6, b'1', b'0', b'1', b'1', b'1', '1', '2016-06-18', '2016-06-18'),
(5, 7, b'1', b'0', b'1', b'1', b'1', '1', '2016-06-18', '2016-06-18'),
(5, 8, b'1', b'0', b'1', b'1', b'1', '1', '2016-06-18', '2016-06-18'),
(5, 9, b'1', b'0', b'1', b'1', b'1', '1', '2016-06-18', '2016-06-18'),
(5, 10, b'1', b'0', b'1', b'1', b'1', '1', '2016-06-18', '2016-06-18'),
(5, 11, b'1', b'0', b'1', b'1', b'1', '1', '2016-06-18', '2016-06-18'),
(5, 12, b'1', b'0', b'1', b'1', b'1', '1', '2016-06-18', '2016-06-18'),
(5, 13, b'1', b'0', b'1', b'1', b'1', '1', '2016-06-18', '2016-06-18'),
(5, 14, b'1', b'0', b'1', b'1', b'1', '1', '2016-06-18', '2016-06-18'),
(5, 15, b'1', b'0', b'1', b'1', b'1', '1', '2016-06-18', '2016-06-18'),
(5, 16, b'1', b'0', b'1', b'1', b'1', '1', '2016-06-18', '2016-06-18'),
(5, 18, b'1', b'0', b'1', b'1', b'1', '1', '2016-06-18', '2016-06-18'),
(5, 19, b'1', b'0', b'1', b'1', b'1', '1', '2016-06-18', '2016-06-18'),
(5, 20, b'1', b'0', b'1', b'1', b'1', '1', '2016-06-18', '2016-06-18'),
(5, 21, b'1', b'0', b'1', b'1', b'1', '1', '2016-06-18', '2016-06-18'),
(5, 22, b'1', b'0', b'1', b'1', b'1', '1', '2016-06-18', '2016-06-18'),
(5, 23, b'1', b'0', b'1', b'1', b'1', '1', '2016-06-18', '2016-06-18'),
(5, 24, b'1', b'0', b'1', b'1', b'1', '1', '2016-06-18', '2016-06-18'),
(5, 25, b'1', b'0', b'1', b'1', b'1', '1', '2016-06-18', '2016-06-18'),
(5, 26, b'1', b'0', b'1', b'1', b'1', '1', '2016-06-18', '2016-06-18'),
(5, 27, b'1', b'0', b'1', b'1', b'1', '1', '2016-06-18', '2016-06-18'),
(5, 28, b'0', b'0', b'0', b'0', b'0', '1', '2016-06-18', '2016-06-18'),
(6, 1, b'1', b'0', b'1', b'0', b'0', '1', '2016-06-07', '2016-06-07'),
(6, 2, b'1', b'0', b'1', b'1', b'1', '1', '2016-06-07', '2016-06-07'),
(6, 3, b'1', b'0', b'1', b'1', b'1', '1', '2016-06-07', '2016-06-07'),
(6, 4, b'1', b'0', b'1', b'1', b'1', '1', '2016-06-07', '2016-06-07'),
(6, 5, b'1', b'0', b'1', b'1', b'1', '1', '2016-06-07', '2016-06-07'),
(6, 6, b'1', b'0', b'1', b'1', b'1', '1', '2016-06-07', '2016-06-07'),
(6, 7, b'1', b'0', b'1', b'1', b'1', '1', '2016-06-07', '2016-06-07'),
(6, 8, b'1', b'0', b'1', b'1', b'1', '1', '2016-06-07', '2016-06-07'),
(6, 9, b'1', b'0', b'1', b'1', b'1', '1', '2016-06-07', '2016-06-07'),
(6, 10, b'1', b'0', b'1', b'1', b'1', '1', '2016-06-07', '2016-06-07'),
(6, 11, b'1', b'0', b'1', b'1', b'1', '1', '2016-06-07', '2016-06-07'),
(6, 12, b'1', b'0', b'1', b'1', b'1', '1', '2016-06-07', '2016-06-07'),
(6, 13, b'1', b'0', b'1', b'1', b'1', '1', '2016-06-07', '2016-06-07'),
(6, 14, b'1', b'0', b'1', b'1', b'1', '1', '2016-06-07', '2016-06-07'),
(6, 15, b'1', b'0', b'1', b'1', b'1', '1', '2016-06-07', '2016-06-07'),
(6, 16, b'1', b'0', b'1', b'1', b'1', '1', '2016-06-07', '2016-06-07'),
(6, 18, b'1', b'0', b'1', b'1', b'1', '1', '2016-06-07', '2016-06-07'),
(6, 19, b'1', b'0', b'1', b'1', b'1', '1', '2016-06-07', '2016-06-07'),
(6, 20, b'1', b'0', b'1', b'1', b'1', '1', '2016-06-07', '2016-06-07'),
(6, 21, b'1', b'0', b'1', b'1', b'1', '1', '2016-06-07', '2016-06-07'),
(6, 22, b'1', b'0', b'1', b'1', b'1', '1', '2016-06-07', '2016-06-07'),
(6, 23, b'1', b'0', b'1', b'1', b'1', '1', '2016-06-07', '2016-06-07'),
(6, 24, b'1', b'0', b'1', b'1', b'1', '1', '2016-06-07', '2016-06-07'),
(6, 25, b'1', b'0', b'1', b'1', b'1', '1', '2016-06-07', '2016-06-07'),
(6, 26, b'1', b'0', b'1', b'1', b'1', '1', '2016-06-07', '2016-06-07'),
(6, 27, b'1', b'0', b'1', b'1', b'1', '1', '2016-06-07', '2016-06-07');

-- --------------------------------------------------------

--
-- Table structure for table `tb_answers`
--

CREATE TABLE IF NOT EXISTS `tb_answers` (
  `id` int(11) NOT NULL,
  `question_id` varchar(45) DEFAULT NULL,
  `value` varchar(200) DEFAULT NULL,
  `type` int(11) DEFAULT NULL COMMENT '1 = checkbox,2 = text,3 = table\n',
  `department_id` int(11) DEFAULT NULL,
  `create_date` date DEFAULT NULL,
  `create_by` varchar(45) DEFAULT NULL,
  `update_date` date DEFAULT NULL,
  `update_by` varchar(45) DEFAULT NULL
) ENGINE=InnoDB AUTO_INCREMENT=19 DEFAULT CHARSET=utf8;

--
-- Dumping data for table `tb_answers`
--

INSERT INTO `tb_answers` (`id`, `question_id`, `value`, `type`, `department_id`, `create_date`, `create_by`, `update_date`, `update_by`) VALUES
(1, '1', '1', 1, 4, '2016-12-05', '50', '2016-12-05', '50'),
(14, '1', '1', 1, 17, '2016-12-07', '1', '2016-12-07', '1'),
(15, '1', 'ทดสอบ', 2, 17, '2016-12-07', '1', '2016-12-07', '1'),
(16, '1', '/uploads/rptViewer.xls', 4, 17, '2016-12-07', '1', '2016-12-07', '1'),
(17, '6', '1', 1, 1, '2016-12-23', '21', '2016-12-23', '21'),
(18, '6', '/uploads/3172_4852_ส่งใบอนุญาตผลิตหรือใช้ซึ่งพลังงานปรมาณูจากเครื่องกำเนิดรังสี.pdf', 4, 1, '2016-12-23', '21', '2016-12-23', '21');

-- --------------------------------------------------------

--
-- Table structure for table `tb_form1`
--

CREATE TABLE IF NOT EXISTS `tb_form1` (
  `id` int(11) NOT NULL,
  `rad_machine_id` int(11) DEFAULT NULL,
  `name` varchar(150) DEFAULT NULL,
  `code_usage_id` int(11) DEFAULT NULL,
  `maufacturer_id` int(11) DEFAULT NULL,
  `model` varchar(45) DEFAULT NULL,
  `serial_number` varchar(45) DEFAULT NULL,
  `use_type_id` int(11) DEFAULT NULL,
  `max_power` varchar(100) DEFAULT NULL,
  `power_unit_id` int(11) DEFAULT NULL,
  `dealer_id` int(11) DEFAULT NULL,
  `license_no` varchar(45) DEFAULT NULL,
  `license_expire_date` date DEFAULT NULL,
  `supervisor_id` int(11) DEFAULT NULL,
  `mobile_number` varchar(45) DEFAULT NULL,
  `usage_status_id` int(11) DEFAULT NULL,
  `room_id` int(11) DEFAULT NULL,
  `setup_date` date DEFAULT NULL,
  `config_date` date DEFAULT NULL,
  `config_company_id` int(11) DEFAULT NULL,
  `sci_config_date` date DEFAULT NULL,
  `check_date` date DEFAULT NULL,
  `refer_doc` varchar(45) DEFAULT NULL,
  `create_by` int(11) DEFAULT NULL,
  `update_by` int(11) DEFAULT NULL,
  `create_date` date DEFAULT NULL,
  `update_date` datetime DEFAULT NULL,
  `revision` int(11) DEFAULT NULL,
  `owner_department_id` int(11) DEFAULT NULL,
  `status` varchar(1) DEFAULT 'T',
  `update_from_id` int(11) DEFAULT '0',
  `maufacturer_id_text` varchar(200) DEFAULT NULL,
  `appliance` varchar(200) DEFAULT NULL,
  `dealer_id_text` varchar(200) DEFAULT NULL,
  `supervisor_id_text` varchar(200) DEFAULT NULL,
  `room_id_text` varchar(200) DEFAULT NULL,
  `config_company_id_text` varchar(200) DEFAULT NULL,
  `rad_machine_id_text` varchar(200) DEFAULT NULL,
  `type` varchar(200) DEFAULT NULL,
  `code_usage_other` varchar(200) DEFAULT NULL
) ENGINE=InnoDB AUTO_INCREMENT=96 DEFAULT CHARSET=utf8;

--
-- Dumping data for table `tb_form1`
--

INSERT INTO `tb_form1` (`id`, `rad_machine_id`, `name`, `code_usage_id`, `maufacturer_id`, `model`, `serial_number`, `use_type_id`, `max_power`, `power_unit_id`, `dealer_id`, `license_no`, `license_expire_date`, `supervisor_id`, `mobile_number`, `usage_status_id`, `room_id`, `setup_date`, `config_date`, `config_company_id`, `sci_config_date`, `check_date`, `refer_doc`, `create_by`, `update_by`, `create_date`, `update_date`, `revision`, `owner_department_id`, `status`, `update_from_id`, `maufacturer_id_text`, `appliance`, `dealer_id_text`, `supervisor_id_text`, `room_id_text`, `config_company_id_text`, `rad_machine_id_text`, `type`, `code_usage_other`) VALUES
(50, 5, NULL, 19, 6, 'LightSpeed', '991YCO', 1, '140', 1, 3, '4XM0410/58F', '2017-05-27', 22, NULL, 1, 9, '2008-02-11', '2016-07-29', 3, '2014-04-24', NULL, 'GX33-214', 22, 22, '2016-08-05', '2016-08-05 00:00:00', 1, 1, 'F', 50, NULL, NULL, NULL, NULL, NULL, NULL, NULL, NULL, NULL),
(51, 5, NULL, 4, 2, 'Optima CT660', '63390YC9', 1, '600', 3, 1, '4XM0668/59F1', '2018-06-27', 1, NULL, 1, 5, '2016-04-25', '2016-04-25', 1, '2016-04-25', NULL, '4050/50', 20, 20, '2016-08-09', '2016-08-09 00:00:00', 1, 3, 'D', 0, NULL, NULL, NULL, NULL, NULL, NULL, NULL, NULL, NULL),
(52, 18, NULL, 6, 3, 'clinac ix', '4639', 1, '10', 2, 7, '4XM0464/59RF', '2017-04-19', 22, NULL, 1, 2, '2010-06-01', '2016-08-26', 7, '2015-08-30', NULL, '', 35, 35, '2016-09-15', '2016-09-15 00:00:00', 1, 6, 'F', 52, NULL, NULL, NULL, NULL, NULL, NULL, NULL, NULL, NULL),
(53, 18, NULL, 6, 3, 'clinac ix', '5288', 1, '15', 2, 3, '4XM0459/59RF', '2017-04-19', 22, NULL, 1, 2, '2012-07-01', '2016-09-03', 7, '2015-10-30', NULL, '', 35, 35, '2016-09-15', '2016-09-15 00:00:00', 1, 6, 'F', 53, NULL, NULL, NULL, NULL, NULL, NULL, NULL, NULL, NULL),
(54, 29, NULL, 27, 3, 'Xsthahl100', 'GM0325', 1, '100', 1, 9, '4XM0409/59R1', '2018-04-08', 22, NULL, 1, 2, '2013-04-22', '2016-01-22', 3, '2016-08-26', NULL, '', 35, 35, '2016-09-15', '2016-09-15 00:00:00', 1, 6, 'F', 54, NULL, NULL, NULL, NULL, NULL, NULL, NULL, NULL, NULL),
(55, 18, NULL, 6, 3, 'clinac ix', '4639', 1, '10', 2, 7, '4XM0464/59RF', '2017-04-19', 35, NULL, 1, 2, '2010-06-01', '2016-08-26', 7, '2015-08-30', NULL, 'วท ๐๔๐๔/๓๒๑๗', 35, 35, '2016-09-15', '2016-09-15 00:00:00', 2, 6, 'F', 52, NULL, NULL, NULL, NULL, NULL, NULL, NULL, NULL, NULL),
(56, 29, NULL, 27, 3, 'Xsthahl100', 'GM0325', 1, '100', 1, 9, '4XM0409/59R1', '2018-04-08', 35, NULL, 1, 2, '2013-04-22', '2016-01-22', 3, '2016-08-26', NULL, 'วท ๐๔๐๔/๒๘๘๒', 35, 35, '2016-09-15', '2016-09-15 00:00:00', 2, 6, 'F', 54, NULL, NULL, NULL, NULL, NULL, NULL, NULL, NULL, NULL),
(57, 18, NULL, 6, 3, 'clinac ix', '5288', 1, '15', 2, 3, '4XM0459/59RF', '2017-04-19', 35, NULL, 1, 2, '2012-07-01', '2016-09-03', 7, '2015-10-30', NULL, 'วท ๐๔๐๔/๓๒๑๖', 35, 35, '2016-09-15', '2016-09-15 00:00:00', 2, 6, 'F', 53, NULL, NULL, NULL, NULL, NULL, NULL, NULL, NULL, NULL),
(58, 23, NULL, 5, 6, 'DRX-REVOLUTION', '0666', 2, '150.3', 1, 3, '4XM0756/59F', '2016-10-28', 51, NULL, 1, 5, '2016-07-29', '2016-10-19', 3, '2016-10-19', NULL, '', 50, 50, '2016-10-19', '2016-10-19 00:00:00', 1, 4, 'F', 58, NULL, NULL, NULL, NULL, NULL, NULL, NULL, NULL, NULL),
(59, 4, NULL, 3, NULL, '2', '3', 2, '5', 2, NULL, '7', '2016-11-12', NULL, NULL, 3, NULL, '2016-11-12', '2016-11-12', NULL, '2016-11-12', NULL, '', 1, 1, '2016-11-12', '2016-11-12 00:00:00', 1, -1, 'F', 59, NULL, NULL, NULL, NULL, NULL, NULL, NULL, NULL, NULL),
(60, 4, NULL, 3, NULL, '2', '3', 2, '5', 2, NULL, '7', '2016-11-12', NULL, NULL, 3, NULL, '2016-11-12', '2016-11-12', NULL, '2016-11-12', NULL, '666', 1, 1, '2016-11-12', '2016-11-12 00:00:00', 2, -1, 'F', 59, '1', '2', '', '', '', '', NULL, NULL, NULL),
(61, 4, NULL, 3, NULL, '2', '3', 2, '5', 2, NULL, '7', '2016-11-12', NULL, NULL, 3, NULL, '2016-11-12', '2016-11-12', NULL, '2016-11-12', NULL, '666', 1, 1, '2016-11-12', '2016-11-12 00:00:00', 3, -1, 'F', 59, '1', '2', '3', '4', '', '', NULL, NULL, NULL),
(62, 4, NULL, 3, NULL, '2', '3', 2, '5', 2, NULL, '7', '2016-11-12', NULL, NULL, 3, NULL, '2016-11-12', '2016-11-12', NULL, '2016-11-12', NULL, '666', 1, 1, '2016-11-12', '2016-11-12 00:00:00', 4, -1, 'F', 59, '1', '2', '3', '4', '', '', NULL, NULL, NULL),
(63, 0, NULL, 3, NULL, '2', '3', 2, '5', 2, NULL, '7', '2016-11-12', NULL, NULL, 3, NULL, '2016-11-12', '2016-11-12', NULL, '2016-11-12', NULL, '666', 1, 1, '2016-11-12', '2016-11-12 00:00:00', 5, -1, 'D', 59, '1', '2', '3', '4', '', '', NULL, NULL, NULL),
(64, NULL, NULL, 3, NULL, 'DRX-REVOLUTION', '0667', 2, '130 k', NULL, NULL, '4XM0756/59F', '2018-07-28', NULL, NULL, 1, NULL, '2016-07-29', '2016-07-29', NULL, '2016-07-29', NULL, '', 50, 50, '2016-11-28', '2016-11-28 00:00:00', 1, 4, 'D', 0, 'CARESTREAM', 'วินิจฉัยโรคทั่วไป', '-', 'นางสาววีนัส วิเศษแสง', 'คณะแพทยศาสตร์ศิริราชพยาบาล มหาวิทยาลัยมหิดล', '-', 'Mobile Radiography', 'Mobile Radiography', ''),
(65, NULL, NULL, 3, NULL, 'FCR-MB101', '96620303', 2, '130 k', NULL, NULL, '4XM0756/59F', '2018-07-28', NULL, NULL, 1, NULL, '2016-07-29', '2016-07-29', NULL, '2016-07-29', NULL, '', 50, 50, '2016-11-28', '2016-11-28 00:00:00', 1, 4, 'F', 65, 'FUJIFILM ', 'วินิจฉัยโรคทั่วไป', '-', 'นางสาววีนัส วิเศษแสง', 'คณะแพทยศาสตร์ศิริราชพยาบาล มหาวิทยาลัยมหิดล', '-', 'Mobile Radiography', 'Mobile Radiography', ''),
(66, NULL, NULL, 1, NULL, '1111111111111111111', '2222222222222222222', 2, '130 k', NULL, NULL, '123456789123456789', '2016-12-01', NULL, NULL, 1, NULL, '2016-12-01', '2016-12-01', NULL, '2016-12-01', NULL, '123456789', 53, 53, '2016-12-01', '2016-12-01 00:00:00', 1, 1, 'D', 0, 'aaaaaaaaaaaaaaaaaaaaaa', 'วินิจฉัยโรคทั่วไป', 'bbbbbbbbbbbbbbbbbbbbbbbbbbbbbbbbbbbbbbbb', 'บังอร  แกมรัมย์', 'คณะแพทยศาสตร์ศิริราชพยาบาล มหาวิทยาลัยมหิดล', 'ddddddddddddddddddddd', 'Mobile Radiography', 'Mobile Radiography', ''),
(67, NULL, NULL, 27, NULL, '111111', '222222', 1, '130 k', NULL, NULL, '123456789', '2016-12-02', NULL, NULL, 1, NULL, '2016-12-02', '2018-12-17', NULL, '2016-12-02', NULL, '1234 XXXX', 54, 54, '2016-12-02', '2016-12-02 00:00:00', 1, 4, 'D', 0, '456789XXXXX', 'วินิจฉัยโรคทั่วไป', 'bbbbbbbbbbbbbbbbbbbbbbbbbbbbbbbbbbbbbbbb', 'นายพัฒนา เอี่ยมกระสินธุ์ ', 'ศุนย์บริหารความปลอดภัย อาชีวอนามัยและสิ่งแวดล้อม ', '-', 'Mobile Radiography', 'Mobile Radiography', 'WWWWWWWWW '),
(68, NULL, NULL, 3, NULL, 'FCR-MB101', '96620303', 2, '130 k', NULL, NULL, '4XM0756/59F', '2018-07-28', NULL, NULL, 1, NULL, '2016-07-29', '2016-07-29', NULL, '2016-07-29', NULL, '', 50, 50, '2016-12-03', '2016-12-03 00:00:00', 2, 4, 'D', 65, 'FUJIFILM ', 'วินิจฉัยโรคทั่วไป', '-', 'นางสาววีนัส วิเศษแสง', 'คณะแพทยศาสตร์ศิริราชพยาบาล มหาวิทยาลัยมหิดล', '-', 'Mobile Radiography', '', NULL),
(69, NULL, NULL, 5, NULL, 'DRX-REVOLUTION', '0666', 2, '150.3', NULL, NULL, '4XM0756/59F', '2016-10-28', NULL, NULL, 1, NULL, '2016-07-29', '2016-10-19', NULL, '2016-10-19', NULL, '', 50, 50, '2016-12-03', '2016-12-03 00:00:00', 2, 4, 'F', 58, 'CARESTREAM', 'วินิจฉัยโรคทั่วไป', '-', '-', '-', '-', '123456', '', NULL),
(70, NULL, NULL, 5, NULL, 'DRX-REVOLUTION', '0666', 2, '150.3', NULL, NULL, '4XM0756/59F', '2016-10-28', NULL, NULL, 1, NULL, '2016-07-29', '2016-10-19', NULL, '2016-10-19', NULL, '88888', 50, 50, '2016-12-03', '2016-12-03 00:00:00', 3, 4, 'F', 58, 'CARESTREAM', 'วินิจฉัยโรคทั่วไป', '-', '-', '-', '-', '123456', '', NULL),
(71, NULL, NULL, 5, NULL, 'DRX-REVOLUTION', '0666', 2, '150.3', NULL, NULL, '4XM0756/59F', '2016-10-28', NULL, NULL, 1, NULL, '2016-07-29', '2016-10-19', NULL, '2016-10-19', NULL, '88888', 50, 50, '2016-12-03', '2016-12-03 00:00:00', 4, 4, 'F', 58, 'CARESTREAM', 'วินิจฉัยโรคทั่วไป', '-', '-', '-', '-', '123456', '', NULL),
(72, NULL, NULL, 5, NULL, 'DRX-REVOLUTION', '0666', 2, '150.3', NULL, NULL, '4XM0756/59F', '2016-10-28', NULL, NULL, 1, NULL, '2016-07-29', '2016-10-19', NULL, '2016-10-19', NULL, '88888', 50, 50, '2016-12-03', '2016-12-03 00:00:00', 5, 4, 'F', 58, 'CARESTREAM', 'วินิจฉัยโรคทั่วไป', '-', '-', 'มหาวิทยาลัยมหิดล', '-', '123456', '', NULL),
(73, NULL, NULL, 5, NULL, 'DRX-REVOLUTION', '0666', 2, '150.3', NULL, NULL, '4XM0756/59F', '2016-10-28', NULL, NULL, 1, NULL, '2016-07-29', '2016-10-19', NULL, '2016-10-19', NULL, '88888', 50, 50, '2016-12-03', '2016-12-03 00:00:00', 6, 4, 'F', 58, 'CARESTREAM', 'วินิจฉัยโรคทั่วไป', '-', '-', 'มหาวิทยาลัยมหิดล', 'บริษัท เทคนิคสิ่งแวดล้อมไทย', '123456', '', NULL),
(74, NULL, NULL, 19, NULL, 'LightSpeed', '991YCO', 1, '140', NULL, NULL, '4XM0410/58F', '2017-05-27', NULL, NULL, 1, NULL, '2008-02-11', '2016-07-29', NULL, '2014-04-24', NULL, 'GX33-214', 53, 53, '2016-12-05', '2016-12-05 05:10:58', 2, 1, 'F', 50, 'xxxxxxxx', 'xxxxxxxxx', 'xxxxxxx', 'xxxxxxx', 'xxxxxx', 'xxxxxxxxx', 'xxxxxxx', '', NULL),
(75, NULL, NULL, 19, NULL, 'LightSpeed', '991YCO', 1, '140', NULL, NULL, '4XM0410/58F', '2017-05-27', NULL, NULL, 1, NULL, '2008-02-11', '2016-07-29', NULL, '2014-04-24', NULL, 'GX33-214', 53, 53, '2016-12-05', '2016-12-05 05:11:15', 3, 1, 'F', 50, 'xxxxxxxx', 'xxxxxxxxx', 'xxxxxxx', 'xxxxxxx', '1234 xxxxxx', 'xxxxxxxxx', 'xxxxxxx', '', NULL),
(76, NULL, NULL, 19, NULL, 'LightSpeed', '991YCO', 1, '140', NULL, NULL, '4XM0410/58F', '2017-05-27', NULL, NULL, 1, NULL, '2008-02-11', '2016-07-29', NULL, '2014-04-24', NULL, 'GX33-214', 53, 53, '2016-12-05', '2016-12-05 05:11:39', 4, 1, 'D', 50, 'xxxxxxxx', 'xxxxxxxxx', 'xxxxxxx', 'xxxxxxx', '1234 xxxxxx', 'xxxxxxxxx', '555555 xxxxxxx', '', NULL),
(77, NULL, NULL, 5, NULL, 'DRX-REVOLUTION', '0666', 2, '150.3', NULL, NULL, '4XM0756/59F', '2016-10-28', NULL, NULL, 1, NULL, '2016-07-29', '2016-10-19', NULL, '2016-10-19', NULL, '88888', 54, 54, '2016-12-05', '2016-12-05 05:12:57', 7, 4, 'F', 58, 'CARESTREAM', 'วินิจฉัยโรคทั่วไป', 'xxxxxxxxx', '-', 'มหาวิทยาลัยมหิดล', 'บริษัท เทคนิคสิ่งแวดล้อมไทย', '123456xxxxxxx', '', NULL),
(78, NULL, NULL, 5, NULL, 'DRX-REVOLUTION', '0666', 2, '150.3  kvm', NULL, NULL, '4XM0756/59F', '2016-10-28', NULL, NULL, 1, NULL, '2016-07-29', '2016-10-19', NULL, '2016-10-19', NULL, '88888', 54, 54, '2016-12-05', '2016-12-05 05:13:37', 8, 4, 'D', 58, 'CARESTREAM', 'วินิจฉัยโรคทั่วไป', 'xxxxxxxxx', '-', 'มหาวิทยาลัยมหิดล', 'บริษัท เทคนิคสิ่งแวดล้อมไทย', '123456xxxxxxx', '', NULL),
(79, NULL, NULL, 5, NULL, 'FCR-MB101', '96620303', 2, '130 kv 200 mAs', NULL, NULL, '4XM0756/59F', '2018-07-28', NULL, NULL, 1, NULL, '2016-07-29', '2016-07-29', NULL, '2016-07-29', NULL, '', 50, 50, '2016-12-06', '2016-12-06 07:11:45', 1, 4, 'F', 79, 'FUJIFILM ', 'วินิจฉัยโรคทั่วไป', '-', 'นางสาววีนัส วิเศษแสง', 'คณะแพทยศาสตร์ศิริราชพยาบาล มหาวิทยาลัยมหิดล', '-', 'Mobile Radiography', '-', ''),
(80, NULL, NULL, 5, NULL, 'FCR-MB101', '96620303', 2, '130 kv 200 mAs', NULL, NULL, '4XM0756/59F', '2018-07-28', NULL, NULL, 1, NULL, '2016-07-29', '2016-07-29', NULL, '2016-07-29', NULL, 'วท 0404/5228', 50, 50, '2016-12-06', '2016-12-06 07:32:36', 2, 4, 'F', 79, 'FUJIFILM ', 'วินิจฉัยโรคทั่วไป', '-', 'นางสาววีนัส วิเศษแสง', 'คณะแพทยศาสตร์ศิริราชพยาบาล มหาวิทยาลัยมหิดล', '-', 'Mobile Radiography', '-', NULL),
(81, NULL, NULL, 6, NULL, 'clinac ix', '4639', 1, '10', NULL, NULL, '4XM0464/59RF', '2017-04-19', NULL, NULL, 1, NULL, '2010-06-01', '2016-08-26', NULL, '2015-08-30', NULL, 'วท 0404/3217', 50, 50, '2016-12-06', '2016-12-06 10:24:17', 3, 4, 'T', 52, '-', '-', '-', '-', '-', '-', '-', '-', NULL),
(82, NULL, NULL, 27, NULL, 'Xsthahl100', 'GM0325', 1, '100', NULL, NULL, '4XM0409/59R1', '2018-04-08', NULL, NULL, 1, NULL, '2013-04-22', '2016-01-22', NULL, '2016-08-26', NULL, 'วท 0404/2882', 50, 50, '2016-12-06', '2016-12-06 10:25:28', 3, 4, 'T', 54, '-', '-', '-', '-', '-', '-', '-', '-', NULL),
(83, NULL, NULL, 6, NULL, 'clinac ix', '5288', 1, '15', NULL, NULL, '4XM0459/59RF', '2017-04-19', NULL, NULL, 1, NULL, '2012-07-01', '2016-09-03', NULL, '2015-10-30', NULL, 'วท 0404/3216', 50, 50, '2016-12-06', '2016-12-06 10:26:26', 3, 4, 'T', 53, '-', '-', '-', '-', '-', '-', '-', '', NULL),
(84, NULL, NULL, 5, NULL, 'FCR-MB101', '96620303', 2, '130 kv 200 mAs', NULL, NULL, '4XM0756/59F', '2018-07-28', NULL, NULL, 1, NULL, '2016-07-29', '2016-07-29', NULL, '2016-07-29', NULL, 'วท 0404/5228', 50, 50, '2016-12-06', '2016-12-06 10:26:43', 3, 4, 'T', 79, 'FUJIFILM ', 'วินิจฉัยโรคทั่วไป', '-', 'นางสาววีนัส วิเศษแสง', 'คณะแพทยศาสตร์ศิริราชพยาบาล มหาวิทยาลัยมหิดล', '-', 'Mobile Radiography', '', NULL),
(85, NULL, NULL, 3, NULL, 'FCR-MB101', '96620303', 1, '130 kv 200 mAs', NULL, NULL, '4XM0756/59F', '2016-12-06', NULL, NULL, 1, NULL, '2016-12-06', '2016-12-06', NULL, '2016-12-06', NULL, 'วท XXXXXX', 53, 53, '2016-12-06', '2016-12-06 11:26:57', 1, 1, 'F', 85, 'aaaaaaaaaaaaaaaaaaaaaa', 'วินิจฉัยโรคทั่วไป', 'xxxxxxxxx', 'XXXXXXX XXXXXXX', '1234 xxxxxx', 'ddddddddddddddddddddd', 'Mobile Radiography', '-', ''),
(86, NULL, NULL, 3, NULL, 'FCR-MB101', '96620303', 1, '130 kv 200 mAs', NULL, NULL, '4XM0756/59F', '2016-12-06', NULL, NULL, 1, NULL, '2016-12-06', '2016-12-06', NULL, '2016-12-06', NULL, 'วท XXXXXX', 53, 53, '2016-12-06', '2016-12-06 11:27:21', 2, 1, 'F', 85, 'aaaaaaaaaaaaaaaaaaaaaa', 'วินิจฉัยโรคทั่วไป', 'xxxxxxxxx', 'XXXXXXX XXXXXXX', '1234 xxxxxx', 'ddddddddddddddddddddd', 'Mobile Radiography', '-', NULL),
(87, NULL, NULL, 2, NULL, 'หมายเลขรุ่น', 'หมายเลขเครื่องกำเนิดรังสี', 3, 'กำลัง/พลังงานสูงสุด', NULL, NULL, 'ลขที่ใบอนุญาต', '2016-12-07', NULL, NULL, 2, NULL, '2016-12-07', '2016-12-22', NULL, '2016-12-07', NULL, '็H01', 1, 1, '2016-12-07', '2016-12-07 01:04:25', 1, -1, 'F', 87, 'ผู้ผลิต:*', 'การใช้ประโยชน์', 'บริษัทผู้แทนจำหน่าย (ที่อยู่):', 'ชื่อผู้ดูแลประจำเครื่อง:*', 'สถานะการใช้งาน:', 'บริษัทผู้ปรับเทียบเครื่องมือ', 'ชื่อเครื่องมือ', 'ชนิด:', ''),
(88, NULL, NULL, 2, NULL, 'หมายเลขรุ่น', 'หมายเลขเครื่องกำเนิดรังสี', 3, 'กำลัง/พลังงานสูงสุด', NULL, NULL, 'ลขที่ใบอนุญาต', '2016-12-07', NULL, NULL, 2, NULL, '2016-12-07', '2016-12-22', NULL, '2016-12-07', NULL, '็H01', 1, 1, '2016-12-07', '2016-12-07 01:04:44', 2, -1, 'F', 87, 'ผู้ผลิต:*', 'การใช้ประโยชน์', 'บริษัทผู้แทนจำหน่าย (ที่อยู่):', 'ชื่อผู้ดูแลประจำเครื่อง:*', 'สถานะการใช้งาน:', 'บริษัทผู้ปรับเทียบเครื่องมือ', 'ชื่อเครื่องมือ', 'ชนิด:', NULL),
(89, NULL, NULL, 2, NULL, 'หมายเลขรุ่น', 'หมายเลขเครื่องกำเนิดรังสี', 3, 'กำลัง/พลังงานสูงสุด', NULL, NULL, 'ลขที่ใบอนุญาต', '2016-12-07', NULL, NULL, 2, NULL, '2016-12-07', '2016-12-22', NULL, '2016-12-07', NULL, 'H', 1, 1, '2016-12-07', '2016-12-07 01:05:07', 3, -1, 'D', 87, 'ผู้ผลิต:*', 'การใช้ประโยชน์', 'บริษัทผู้แทนจำหน่าย (ที่อยู่):', 'ชื่อผู้ดูแลประจำเครื่อง:*', 'สถานะการใช้งาน:', 'บริษัทผู้ปรับเทียบเครื่องมือ', 'ชื่อเครื่องมือ', 'ชนิด:', NULL),
(90, NULL, NULL, 4, NULL, 'DRX-REVOLUTION', '0667', 2, '150 kv 320 mAs', NULL, NULL, '4XM0756/59F', '2018-07-28', NULL, NULL, 1, NULL, '2014-01-31', '2014-02-05', NULL, '2016-12-20', NULL, '', 51, 51, '2016-12-20', '2016-12-20 08:31:37', 1, 1, 'F', 90, 'CARESTREAM', 'วินิจฉัยโรคทั่วไป', 'บริษัทแคร์สตรีม เฮลธ์(ประเทศไทย)จำกัด อาคารเกษมทรัพย์ ชั้น 2 89/1 หมู่ 14 ถนนวิภาวดีรังสิต จอมพล จตุจักร กทม.10900', 'นายวสันต์ ปันเขื่อนขัตติ์', 'หน่วยเอกซเรย์เคลื่อนที่ ตึก 72ปีชั้น 1 รพ.ศิริราช', 'กรมวิทยาศาสตร์การแพทย์', 'เครื่องเอกซเรย์เคลื่อนที่ระบบดิจิตอล Carestream', 'Mobile Radiography', ''),
(91, NULL, NULL, 4, NULL, 'DRX-REVOLUTION', '0667', 2, '150 kv 320 mAs', NULL, NULL, '4XM0756/59F', '2018-07-28', NULL, NULL, 1, NULL, '2014-01-31', '2014-02-05', NULL, '2015-11-05', NULL, '', 21, 21, '2016-12-23', '2016-12-23 07:56:48', 2, 1, 'F', 90, 'CARESTREAM', 'วินิจฉัยโรคทั่วไป', 'บริษัทแคร์สตรีม เฮลธ์(ประเทศไทย)จำกัด อาคารเกษมทรัพย์ ชั้น 2 89/1 หมู่ 14 ถนนวิภาวดีรังสิต จอมพล จตุจักร กทม.10900', 'นายวสันต์ ปันเขื่อนขัตติ์', 'หน่วยเอกซเรย์เคลื่อนที่ ตึก 72ปีชั้น 1 รพ.ศิริราช', 'กรมวิทยาศาสตร์การแพทย์', 'เครื่องเอกซเรย์เคลื่อนที่ระบบดิจิตอล Carestream', 'Mobile Radiography', NULL),
(92, NULL, NULL, 4, NULL, 'DRX-REVOLUTION', '0667', 2, '150 kv 320 mAs', NULL, NULL, '4XM0756/59F', '2018-07-28', NULL, NULL, 1, NULL, '2014-01-31', '2014-11-05', NULL, '2015-11-05', NULL, '', 21, 21, '2016-12-23', '2016-12-23 07:57:30', 3, 1, 'T', 90, 'CARESTREAM', 'วินิจฉัยโรคทั่วไป', 'บริษัทแคร์สตรีม เฮลธ์(ประเทศไทย)จำกัด อาคารเกษมทรัพย์ ชั้น 2 89/1 หมู่ 14 ถนนวิภาวดีรังสิต จอมพล จตุจักร กทม.10900', 'นายวสันต์ ปันเขื่อนขัตติ์', 'หน่วยเอกซเรย์เคลื่อนที่ ตึก 72ปีชั้น 1 รพ.ศิริราช', 'กรมวิทยาศาสตร์การแพทย์', 'เครื่องเอกซเรย์เคลื่อนที่ระบบดิจิตอล Carestream', 'Mobile Radiography', NULL),
(93, NULL, NULL, 4, NULL, 'DRX-Revolution', '0666', 2, '150 kv 320 mAs', NULL, NULL, '4XM0756/59F', '2018-07-28', NULL, NULL, 1, NULL, '2016-12-23', '2016-12-23', NULL, '2015-11-05', NULL, '', 21, 21, '2016-12-23', '2016-12-23 08:06:22', 1, 1, 'T', 0, 'carestream', 'วินิจฉัยโรคทั่วไป', 'บริษัทแคร์สตรีม เฮลธ์(ประเทศไทย)จำกัด อาคารเกษมทรัพย์ ชั้น 2 89/1 หมู่ 14 ถนนวิภาวดีรังสิต จอมพล จตุจักร กทม.10900', 'นายวสันต์ ปันเขื่อนขัตติ์', 'หน่วยเอกซเรย์เคลื่อนที่ ตึก 72ปีชั้น 1 รพ.ศิริราช', 'กรมวิทยาศาสตร์การแพทย์', 'เครื่องเอกซเรย์เคลื่อนที่ระบบดิจิตอล Carestream', 'mobile radiography', ''),
(94, NULL, NULL, 3, NULL, 'FCR-MB101', '96620303', 1, '130 kv 200 mAs', NULL, NULL, '4XM0756/59F', '2016-12-06', NULL, NULL, 1, NULL, '2016-12-06', '2016-12-06', NULL, '2016-12-06', NULL, 'วท XXXXXX', 21, 21, '2016-12-23', '2016-12-23 08:06:43', 3, 1, 'D', 85, 'aaaaaaaaaaaaaaaaaaaaaa', 'วินิจฉัยโรคทั่วไป', 'xxxxxxxxx', 'XXXXXXX XXXXXXX', '1234 xxxxxx', 'ddddddddddddddddddddd', 'Mobile Radiography', '-', NULL),
(95, NULL, NULL, 1, NULL, '1111111111111111111', '1', 1, '130 k', NULL, NULL, '1', '2017-01-17', NULL, NULL, 2, NULL, '2017-01-17', '2017-01-17', NULL, '2017-01-17', NULL, '', 71, 71, '2017-01-17', '2017-01-17 04:23:22', 1, 3, 'D', 0, '1', '1', '1', '1', 'ศุนย์บริหารความปลอดภัย อาชีวอนามัยและสิ่งแวดล้อม ', '12', '123456', '1', '');

-- --------------------------------------------------------

--
-- Table structure for table `tb_form2`
--

CREATE TABLE IF NOT EXISTS `tb_form2` (
  `id` int(11) NOT NULL,
  `type` int(11) DEFAULT NULL,
  `ref_doc` varchar(20) DEFAULT NULL,
  `code_usage_id` int(11) DEFAULT NULL,
  `bpm_usage_status_id` int(11) DEFAULT NULL,
  `bpm_radioactive_elements_id` int(11) DEFAULT NULL,
  `bpm_manufacturer_id` int(11) DEFAULT NULL,
  `bpm_model` varchar(20) DEFAULT NULL,
  `bpm_phisical_id` int(11) DEFAULT NULL,
  `bpm_no` varchar(45) DEFAULT NULL,
  `bpm_volume` varchar(45) DEFAULT NULL,
  `bpm_as_of_date` date DEFAULT NULL,
  `bpm_number` varchar(100) DEFAULT NULL,
  `machine_manufacturer_id` int(11) DEFAULT NULL,
  `machine_model` varchar(20) DEFAULT NULL,
  `machine_number` varchar(20) DEFAULT NULL,
  `machine_radioactive_highest` double DEFAULT NULL,
  `room_id` int(11) DEFAULT NULL,
  `machine_vendor_id` int(11) DEFAULT NULL,
  `material_status_id` int(11) DEFAULT NULL,
  `cause_increase_decrease` varchar(100) DEFAULT NULL,
  `license_no` varchar(20) DEFAULT NULL,
  `license_expire_date` date DEFAULT NULL,
  `supervisor_id` int(11) DEFAULT NULL,
  `create_by` int(11) DEFAULT NULL,
  `create_date` date DEFAULT NULL,
  `update_by` int(11) DEFAULT NULL,
  `update_date` datetime DEFAULT NULL,
  `revision` int(11) DEFAULT NULL,
  `owner_department_id` int(11) DEFAULT NULL,
  `status` varchar(1) DEFAULT 'T',
  `update_from_id` int(11) DEFAULT '0',
  `bpm_volume_unit_id` int(11) DEFAULT NULL,
  `machine_radioactive_highest_unit_id` int(11) DEFAULT NULL,
  `bpm_manufacturer_id_text` varchar(200) DEFAULT NULL,
  `machine_manufacturer_id_text` varchar(200) DEFAULT NULL,
  `room_id_text` varchar(200) DEFAULT NULL,
  `machine_vendor_id_text` varchar(200) DEFAULT NULL,
  `supervisor_id_text` varchar(200) DEFAULT NULL,
  `code_usage_other` varchar(200) DEFAULT NULL,
  `bpm_radioactive_name` varchar(200) DEFAULT NULL
) ENGINE=InnoDB AUTO_INCREMENT=22 DEFAULT CHARSET=utf8;

--
-- Dumping data for table `tb_form2`
--

INSERT INTO `tb_form2` (`id`, `type`, `ref_doc`, `code_usage_id`, `bpm_usage_status_id`, `bpm_radioactive_elements_id`, `bpm_manufacturer_id`, `bpm_model`, `bpm_phisical_id`, `bpm_no`, `bpm_volume`, `bpm_as_of_date`, `bpm_number`, `machine_manufacturer_id`, `machine_model`, `machine_number`, `machine_radioactive_highest`, `room_id`, `machine_vendor_id`, `material_status_id`, `cause_increase_decrease`, `license_no`, `license_expire_date`, `supervisor_id`, `create_by`, `create_date`, `update_by`, `update_date`, `revision`, `owner_department_id`, `status`, `update_from_id`, `bpm_volume_unit_id`, `machine_radioactive_highest_unit_id`, `bpm_manufacturer_id_text`, `machine_manufacturer_id_text`, `room_id_text`, `machine_vendor_id_text`, `supervisor_id_text`, `code_usage_other`, `bpm_radioactive_name`) VALUES
(1, 1, '1234', 1, 1, 1, NULL, 'bbbbbbbbbbbbbbbbbb', 1, 'ccccccccccccccccccccccc', '150.15  ', '2016-12-03', '5 กล่อง ', NULL, 'eeeeeeeeeeeeeeeeeeee', '1234xxxxx', 150.2, NULL, NULL, 1, 'มีการใช้งานมากทำให้ต้องสั่งซื้อสินค้าเพิ่มมากขึ้น', '1้้้้้้234  hhhhhhh', '2016-12-03', NULL, 50, '2016-12-03', 50, '2016-12-03 00:00:00', 1, 4, 'D', 0, 1, 1, 'aaaaaaaaaaaaaaaaaaaaa', 'dddddddddddddddddd', 'ffffffffffffffffffffffffffff', 'ggggggggggggg', 'บังอร   แกมรัมย์ ', '', NULL),
(2, 1, '1234', 1, 1, 1, NULL, 'bbbbbbbbbbbbbbbbbb', 1, 'ccccccccccccccccccccccc', '150.15  ', '2016-12-03', '5 กล่อง ', NULL, 'eeeeeeeeeeeeeeeeeeee', '1234xxxxx', 150.2, NULL, NULL, 1, 'มีการใช้งานมากทำให้ต้องสั่งซื้อสินค้าเพิ่มมากขึ้น', '1้้้้้้234  hhhhhhh', '2016-12-03', NULL, 50, '2016-12-03', 50, '2016-12-03 00:00:00', 1, 4, 'F', 2, 1, 2, 'aaaaaaaaaaaaaaaaaaaaa', 'dddddddddddddddddd', 'ffffffffffffffffffffffffffff', 'ggggggggggggg', 'บังอร   แกมรัมย์ ', '', NULL),
(3, 1, '1234', 27, 1, 1, NULL, 'bbbbbbbbbbbbbbbbbb', 1, 'ccccccccccccccccccccccc', '150.15  ', '2016-12-03', '5 กล่อง ', NULL, 'eeeeeeeeeeeeeeeeeeee', '1234xxxxx', 150.2, NULL, NULL, 1, 'มีการใช้งานมากทำให้ต้องสั่งซื้อสินค้าเพิ่มมากขึ้น', '1้้้้้้234  hhhhhhh', '2016-12-03', NULL, 50, '2016-12-03', 50, '2016-12-03 00:00:00', 2, 4, 'F', 2, 1, 2, 'aaaaaaaaaaaaaaaaaaaaa', 'dddddddddddddddddd', 'ffffffffffffffffffffffffffff', 'ggggggggggggg', 'บังอร   แกมรัมย์ ', '123456789', NULL),
(4, 1, '1234', 27, 1, 1, NULL, 'bbbbbbbbbbbbbbbbbb', 1, 'ccccccccccccccccccccccc', '150.15  ', '2016-12-03', '5 กล่อง ', NULL, 'eeeeeeeeeeeeeeeeeeee', '1234xxxxx', 150.2, NULL, NULL, 1, 'มีการใช้งานมากทำให้ต้องสั่งซื้อสินค้าเพิ่มมากขึ้น', '1้้้้้้234  hhhhhhh', '2016-12-03', NULL, 50, '2016-12-03', 50, '2016-12-03 00:00:00', 3, 4, 'F', 2, 1, 2, 'aaaaaaaaaaaaaaaaaaaaa', 'dddddddddddddddddd', 'ffffffffffffffffffffffffffff', 'ggggggggggggg', 'บังอร   แกมรัมย์ ', '123456789', NULL),
(5, 1, '1234', 27, 1, 1, NULL, 'bbbbbbbbbbbbbbbbbb', 1, 'ccccccccccccccccccccccc', '150.15  ', '2016-12-03', '5 กล่อง ', NULL, 'eeeeeeeeeeeeeeeeeeee', '1234xxxxx', 150.2, NULL, NULL, 1, 'มีการใช้งานมากทำให้ต้องสั่งซื้อสินค้าเพิ่มมากขึ้น', '1้้้้้้234  hhhhhhh', '2016-12-03', NULL, 1, '2016-12-03', 1, '2016-12-03 00:00:00', 3, -1, 'D', 2, 1, 2, 'aaaaaaaaaaaaaaaaaaaaa', 'dddddddddddddddddd', 'ffffffffffffffffffffffffffff', 'ggggggggggggg', 'บังอร   แกมรัมย์ ', '123456789', 'xxx'),
(6, 1, '1234', 27, 1, 1, NULL, 'bbbbbbbbbbbbbbbbbb', 1, 'ccccccccccccccccccccccc', '150.15  ', '2016-12-03', '5 กล่อง ', NULL, 'eeeeeeeeeeeeeeeeeeee', '1234xxxxx', 150.2, NULL, NULL, 1, 'มีการใช้งานมากทำให้ต้องสั่งซื้อสินค้าเพิ่มมากขึ้น', '1้้้้้้234  hhhhhhh', '2016-12-03', NULL, 50, '2016-12-03', 50, '2016-12-03 00:00:00', 4, 4, 'F', 2, 1, 2, 'aaaaaaaaaaaaaaaaaaaaa', 'dddddddddddddddddd', 'ffffffffffffffffffffffffffff', 'ggggggggggggg', 'บังอร   แกมรัมย์ ', '123456789', 'แบเรียม'),
(7, 1, '1234', 27, 1, 1, NULL, 'bbbbbbbbbbbbbbbbbb', 1, 'ccccccccccccccccccccccc', '150.15  ', '2016-12-03', '5 กล่อง ', NULL, 'eeeeeeeeeeeeeeeeeeee', '1234xxxxx', 150.2, NULL, NULL, 1, 'มีการใช้งานมากทำให้ต้องสั่งซื้อสินค้าเพิ่มมากขึ้น', '1้้้้้้234  hhhhhhh', '2016-12-03', NULL, 50, '2016-12-03', 50, '2016-12-03 00:00:00', 5, 4, 'F', 2, 1, 2, 'aaaaaaaaaaaaaaaaaaaaa', 'dddddddddddddddddd', 'ffffffffffffffffffffffffffff', 'ggggggggggggg', 'บังอร   แกมรัมย์ ', '123456789', 'แบเรียม'),
(8, 1, '1234', 27, 1, 1, NULL, 'bbbbbbbbbbbbbbbbbb', 1, 'ccccccccccccccccccccccc', '150.15  ', '2016-12-03', '5 กล่อง ', NULL, 'eeeeeeeeeeeeeeeeeeee', '1234xxxxx', 150.2, NULL, NULL, 1, 'มีการใช้งานมากทำให้ต้องสั่งซื้อสินค้าเพิ่มมากขึ้น', '1้้้้้้234  hhhhhhh', '2016-12-03', NULL, 50, '2016-12-03', 50, '2016-12-03 00:00:00', 6, 4, 'F', 2, 1, 2, 'aaaaaaaaaaaaaaaaaaaaa', 'dddddddddddddddddd', 'ffffffffffffffffffffffffffff', 'ggggggggggggg', 'บังอร   แกมรัมย์ ', '123456789', 'แบเรียม'),
(9, 1, '1234', 27, 1, 1, NULL, 'bbbbbbbbbbbbbbbbbb', 1, 'ccccccccccccccccccccccc', '150.15  ', '2016-12-03', '5 กล่อง ', NULL, 'eeeeeeeeeeeeeeeeeeee', '1234xxxxx', 150.2, NULL, NULL, 1, 'มีการใช้งานมากทำให้ต้องสั่งซื้อสินค้าเพิ่มมากขึ้น', '1้้้้้้234  hhhhhhh', '2016-12-03', NULL, 50, '2016-12-03', 50, '2016-12-03 00:00:00', 7, 4, 'F', 2, 1, 2, 'aaaaaaaaaaaaaaaaaaaaa', 'dddddddddddddddddd', 'ffffffffffffffffffffffffffff', 'ggggggggggggg', 'บังอร   แกมรัมย์ ', '123456789', 'แบเรียม'),
(10, 1, '1234', 27, 1, 1, NULL, 'bbbbbbbbbbbbbbbbbb', 1, 'ccccccccccccccccccccccc', '150.15  ', '2016-12-03', '5 กล่อง ', NULL, 'eeeeeeeeeeeeeeeeeeee', '1234xxxxx', 150.2, NULL, NULL, 1, 'มีการใช้งานมากทำให้ต้องสั่งซื้อสินค้าเพิ่มมากขึ้น', '1้้้้้้234  hhhhhhh', '2016-12-03', NULL, 50, '2016-12-03', 50, '2016-12-03 00:00:00', 8, 4, 'D', 2, 1, 2, 'aaaaaaaaaaaaaaaaaaaaa', 'dddddddddddddddddd', 'ffffffffffffffffffffffffffff', 'ggggggggggggg', 'บังอร   แกมรัมย์ ', '123456789', 'แบเรียม'),
(11, 2, '1234', 1, 1, 27, NULL, 'bbbbbbbbbbbbbbbbbb', 1, 'ccccccccccccccccccccccc', '150.15  ', '2016-12-03', '7 กล่อง ', NULL, 'eeeeeeeeeeeeeeeeeeee', '1234xxxxx', 150.2, NULL, NULL, 1, 'มีการใช้งานมากทำให้ต้องสั่งซื้อสินค้าเพิ่มมากขึ้น', '1้้้้้้234  hhhhhhh', '2016-12-03', NULL, 50, '2016-12-03', 50, '2016-12-03 00:00:00', 1, 4, 'F', 11, 1, 1, 'aaaaaaaaaaaaaaaaaaaaa', 'dddddddddddddddddd', 'ffffffffffffffffffffffffffff', 'ggggggggggggg', 'บังอร   แกมรัมย์ ', '', 'aaaaaaa'),
(12, 1, '1234', 1, 1, 1, NULL, 'bbbbbbbbbbbbbbbbbb', 1, 'ccccccccccccccccccccccc', '150.15  ', '2016-12-05', '7 กล่อง ', NULL, 'eeeeeeeeeeeeeeeeeeee', '1234xxxxx', 150.2, NULL, NULL, 1, 'มีการใช้งานมากทำให้ต้องสั่งซื้อสินค้าเพิ่มมากขึ้น', '1้้้้้้234  hhhhhhh', '2016-12-05', NULL, 53, '2016-12-05', 53, '2016-12-05 05:39:28', 1, 1, 'F', 12, 1, 1, 'aaaaaaaaaaaaaaaaaaaaa', 'dddddddddddddddddd', 'ffffffffffffffffffffffffffff', 'ggggggggggggg', 'บังอร   แกมรัมย์ ', '', 'แบเรียม'),
(13, 1, 'XXXX1234', 3, 1, 1, NULL, '1234 bbbbbbbb', 1, '1234 cccccccccc', '150.15  ', '2016-12-05', '7 กล่อง ', NULL, 'eeeeeeeeeeeeeeeeeeee', '1234xxxxx', 150.2, NULL, NULL, 1, 'เนื่องจาก XXXXXX', '56789 XXXXX', '2016-12-30', NULL, 50, '2016-12-06', 50, '2016-12-06 10:33:36', 2, 4, 'F', 12, 1, 1, 'บริษัท XXXXXX', 'dddddddddddddddddd', 'ห้องปฏิบัติการ XXXXXX', 'เลขที่ XXXXX ', 'นางสาว XXXXXX', '', 'แบเรียม-133'),
(14, 2, '1234 XXXX', 3, 1, 1, NULL, '1234 bbbb', 1, '1234 cccc', '150.15  ', '2016-12-03', '7 กล่อง ', NULL, '1234 eeee', '56789 xxxxx', 150.2, NULL, NULL, 1, 'เนื่องจาก XXXXXX', '56789 HHHHH', '2018-12-26', NULL, 50, '2016-12-06', 50, '2016-12-06 10:37:22', 2, 4, 'T', 11, 1, 1, 'บริษัท XXXXXX', 'บริษัท dddd', 'ห้องปฏิบัติการ XXXXXX', 'เลขที่ XXXXX ', 'นาย XXXX', '', 'แบเรียม-133'),
(15, 1, 'H01', 1, 3, 4, NULL, 'รุ่น/รหัสสินค้า:', 2, 'หมายเลข', 'ปริมาณ', '2016-12-07', '29 คน', NULL, 'รุ่น/รหัสสินค้า :*', 'หมายเลข', 32.222, NULL, NULL, 2, 'เหตุแห่งการเพิ่มขึ้นหรือลดลง:*', 'เลขที่ใบอนุญา', '2016-12-07', NULL, 1, '2016-12-07', 1, '2016-12-07 01:06:45', 1, -1, 'F', 15, 2, 2, 'ผู้ผลิต:', 'ผู้ผลิต', 'ชื่อห้อง/สถานที่เก็บ/ติดตั้งหรือใช้ง', 'บริษัทผู้แทนจำหน่วย (ที่อยู่):*', 'เลขที่ใบอนุญา', '', 'ชื่อวัสดุกัมมันตรังสี'),
(16, 1, 'H01', 27, 3, 4, NULL, 'รุ่น/รหัสสินค้า:', 2, 'หมายเลข', 'ปริมาณ', '2016-12-07', '29 คน', NULL, 'รุ่น/รหัสสินค้า :*', 'หมายเลข', 32.222, NULL, NULL, 2, 'เหตุแห่งการเพิ่มขึ้นหรือลดลง:*', 'เลขที่ใบอนุญา', '2016-12-07', NULL, 1, '2016-12-07', 1, '2016-12-07 01:06:57', 2, -1, 'F', 15, 2, 2, 'ผู้ผลิต:', 'ผู้ผลิต', 'ชื่อห้อง/สถานที่เก็บ/ติดตั้งหรือใช้ง', 'บริษัทผู้แทนจำหน่วย (ที่อยู่):*', 'เลขที่ใบอนุญา', '999', 'ชื่อวัสดุกัมมันตรังสี'),
(17, 1, 'H01', 27, 3, 4, NULL, 'รุ่น/รหัสสินค้า:', 2, 'หมายเลข', 'ปริมาณ', '2016-12-07', '29 คน', NULL, 'รุ่น/รหัสสินค้า :*', 'หมายเลข', 32.222, NULL, NULL, 2, 'เหตุแห่งการเพิ่มขึ้นหรือลดลง:*', 'เลขที่ใบอนุญา', '2016-12-07', NULL, 1, '2016-12-07', 1, '2016-12-07 01:07:02', 3, -1, 'D', 15, 2, 2, 'ผู้ผลิต:', 'ผู้ผลิต', 'ชื่อห้อง/สถานที่เก็บ/ติดตั้งหรือใช้ง', 'บริษัทผู้แทนจำหน่วย (ที่อยู่):*', 'เลขที่ใบอนุญา', '999', 'ชื่อวัสดุกัมมันตรังสี'),
(18, 2, 'H01', 4, 4, 3, NULL, 'รุ่น/รหัสสินค้', 2, 'หมายเลข:*', 'ปริมาณ:*', '2016-12-07', '29', NULL, 'รุ่น/รหัสสินค้า :*', 'หมายเลข ', 11, NULL, NULL, 1, 'เหตุแห่งการเพิ่มขึ้นหรือลดลง:*', 'เลขที่ใบอนุญาต:*', '2016-12-07', NULL, 1, '2016-12-07', 1, '2016-12-07 01:09:21', 1, -1, 'F', 18, 4, 3, 'ผลิต', 'ผลิต', 'ชื่อห้อง/สถานที่เก็บ/ติดตั้งหรือใช้งาน :*', 'บริษัทผู้แทนจำหน่วย (ที่อยู่):*', 'ผู้ดูแลวัสดุกัมมันตรังสี :*', '', 'ชื่อวัสดุกัมมันตรังสี:'),
(19, 2, 'H01', 27, 4, 3, NULL, 'รุ่น/รหัสสินค้', 2, 'หมายเลข:*', 'ปริมาณ:*', '2016-12-07', '29', NULL, 'รุ่น/รหัสสินค้า :*', 'หมายเลข ', 11, NULL, NULL, 1, 'เหตุแห่งการเพิ่มขึ้นหรือลดลง:*', 'เลขที่ใบอนุญาต:*', '2016-12-07', NULL, 1, '2016-12-07', 1, '2016-12-07 01:09:35', 2, -1, 'F', 18, 4, 3, 'ผลิต', 'ผลิต', 'ชื่อห้อง/สถานที่เก็บ/ติดตั้งหรือใช้งาน :*', 'บริษัทผู้แทนจำหน่วย (ที่อยู่):*', 'ผู้ดูแลวัสดุกัมมันตรังสี :*', 'xxxxx', 'ชื่อวัสดุกัมมันตรังสี:'),
(20, 2, 'H01', 27, 4, 3, NULL, 'รุ่น/รหัสสินค้', 2, 'หมายเลข:*', 'ปริมาณ:*', '2016-12-07', '29', NULL, 'รุ่น/รหัสสินค้า :*', 'หมายเลข ', 11, NULL, NULL, 1, 'เหตุแห่งการเพิ่มขึ้นหรือลดลง:*', 'เลขที่ใบอนุญาต:*', '2016-12-07', NULL, 1, '2016-12-07', 1, '2016-12-07 01:09:40', 3, -1, 'D', 18, 4, 3, 'ผลิต', 'ผลิต', 'ชื่อห้อง/สถานที่เก็บ/ติดตั้งหรือใช้งาน :*', 'บริษัทผู้แทนจำหน่วย (ที่อยู่):*', 'ผู้ดูแลวัสดุกัมมันตรังสี :*', 'xxxxx', 'ชื่อวัสดุกัมมันตรังสี:'),
(21, 1, 'XXXX1234', 3, 1, 1, NULL, '1234 bbbbbbbb', 1, '1234 cccccccccc', '150.15  ', '2016-12-05', '7 กล่อง ', NULL, 'eeeeeeeeeeeeeeeeeeee', '1234xxxxx', 150.2, NULL, NULL, 1, 'เนื่องจาก XXXXXX', '56789 XXXXX', '2016-12-30', NULL, 50, '2016-12-07', 50, '2016-12-07 01:30:02', 3, 4, 'T', 12, 1, 1, 'บริษัท XXXXXX', 'dddddddddddddddddd', 'ห้องปฏิบัติการ XXXXXX', 'เลขที่ XXXXX ', 'นางสาว XXXXXX', '', 'Barium-133');

-- --------------------------------------------------------

--
-- Table structure for table `tb_form3`
--

CREATE TABLE IF NOT EXISTS `tb_form3` (
  `id` int(11) NOT NULL,
  `bpm_radioactive_elements_id` int(11) NOT NULL,
  `bpm_manufacturer_id` int(11) DEFAULT NULL,
  `bpm_model` varchar(45) NOT NULL,
  `bpm_phisical_id` int(11) NOT NULL,
  `bpm_volume` double NOT NULL,
  `bpm_as_of_date` date NOT NULL,
  `bpm_number` varchar(10) NOT NULL,
  `bpm_no` varchar(45) NOT NULL,
  `machine_manufacturer_id` int(11) DEFAULT NULL,
  `machine_model` varchar(45) NOT NULL,
  `machine_number` varchar(45) NOT NULL,
  `machine_radioactive_highest` double NOT NULL,
  `from_room_id` int(11) DEFAULT NULL,
  `to_room_id` int(11) DEFAULT NULL,
  `date_from` date NOT NULL,
  `date_to` date NOT NULL,
  `supervisor_id` int(11) DEFAULT NULL,
  `bpm_manufacturer_id_text` varchar(200) DEFAULT NULL,
  `bpm_radioactive_name` varchar(200) DEFAULT NULL,
  `create_by` int(11) NOT NULL,
  `create_date` date NOT NULL,
  `update_by` int(11) NOT NULL,
  `update_date` datetime DEFAULT NULL,
  `revision` int(11) NOT NULL,
  `ref_doc` varchar(45) DEFAULT NULL,
  `owner_department_id` int(11) DEFAULT NULL,
  `status` varchar(1) DEFAULT 'T',
  `update_from_id` int(11) DEFAULT '0',
  `bpm_volume_unit_id` varchar(200) DEFAULT NULL,
  `machine_manufacturer_id_text` varchar(200) NOT NULL,
  `machine_radioactive_highest_unit_id` int(11) NOT NULL,
  `from_room_id_text` varchar(200) NOT NULL,
  `to_room_id_text` varchar(200) NOT NULL,
  `supervisor_id_text` varchar(200) NOT NULL
) ENGINE=InnoDB AUTO_INCREMENT=9 DEFAULT CHARSET=utf8;

--
-- Dumping data for table `tb_form3`
--

INSERT INTO `tb_form3` (`id`, `bpm_radioactive_elements_id`, `bpm_manufacturer_id`, `bpm_model`, `bpm_phisical_id`, `bpm_volume`, `bpm_as_of_date`, `bpm_number`, `bpm_no`, `machine_manufacturer_id`, `machine_model`, `machine_number`, `machine_radioactive_highest`, `from_room_id`, `to_room_id`, `date_from`, `date_to`, `supervisor_id`, `bpm_manufacturer_id_text`, `bpm_radioactive_name`, `create_by`, `create_date`, `update_by`, `update_date`, `revision`, `ref_doc`, `owner_department_id`, `status`, `update_from_id`, `bpm_volume_unit_id`, `machine_manufacturer_id_text`, `machine_radioactive_highest_unit_id`, `from_room_id_text`, `to_room_id_text`, `supervisor_id_text`) VALUES
(1, 1, NULL, 'dsfaf', 3, 23323, '2016-12-03', '0', 'asdfasf', NULL, 'asdf', 'dsaf', 23, NULL, NULL, '2016-12-03', '2016-12-03', NULL, 'sdafasf', 'dasf', 1, '2016-12-03', 1, '2016-12-03 00:00:00', 1, 'dsaf', -1, 'F', 1, '2', 'asdf', 2, '23', '32', '23'),
(2, 1, NULL, 'dsfaf', 3, 23323, '2016-12-03', '0', 'asdfasf', NULL, 'asdf', 'dsaf', 23, NULL, NULL, '2016-12-03', '2016-12-03', NULL, 'sdafasf', 'dasf', 50, '2016-12-03', 50, '2016-12-03 00:00:00', 2, 'dsaf', 4, 'F', 1, '2', 'asdf', 2, '23', '32', '23'),
(3, 1, NULL, 'dsfaf', 3, 23323, '2016-12-03', '99', 'asdfasf', NULL, 'asdf', 'dsaf', 23, NULL, NULL, '2016-12-03', '2016-12-03', NULL, 'sdafasf', 'dasf', 1, '2016-12-03', 1, '2016-12-03 00:00:00', 3, 'dsaf', -1, 'F', 1, '2', 'asdf', 2, '23', '32', '23'),
(4, 1, NULL, 'dsfaf', 3, 23323, '2016-12-03', '99 คน', 'asdfasf', NULL, 'asdf', 'dsaf', 23, NULL, NULL, '2016-12-03', '2016-12-03', NULL, 'sdafasf', 'dasf', 50, '2016-12-03', 50, '2016-12-03 00:00:00', 4, 'dsaf', 4, 'F', 1, '2', 'asdf', 2, '23', '32', '23'),
(5, 1, NULL, 'dsfaf', 3, 23323, '2016-12-03', '99 คน', 'asdfasf', NULL, 'asdf', 'dsaf', 23, NULL, NULL, '2016-12-03', '2016-12-03', NULL, 'sdafasf', 'dasf', 50, '2016-12-03', 50, '2016-12-03 00:00:00', 5, 'dsaf', 4, 'T', 1, '2', 'asdf', 2, '23', '32', '23'),
(6, 5, NULL, 'bbbb', 1, 150.15, '2016-12-05', '4 กล่อง ', 'cccc', NULL, 'ffff', 'gggg', 150.2, NULL, NULL, '2016-12-05', '2016-12-05', NULL, 'aaaa', 'โคบอลล์ 57', 53, '2016-12-05', 53, '2016-12-05 06:43:00', 1, 'dddddddddddddddddddddddddddd', 1, 'T', 0, '1', 'dddd1234', 1, 'hhhh', 'mmmm', 'บังอร แกมรัมย'),
(7, 5, NULL, 'asdf', 2, 232332, '2016-12-07', 'a3223', 'asdf', NULL, '2332', '23', 23, NULL, NULL, '2016-12-07', '2016-12-07', NULL, 'asdfasdf', 'dsfaf', 1, '2016-12-07', 1, '2016-12-07 01:10:43', 1, 'ทะเบียนอ้างอิง:(H01)', -1, 'F', 7, '3', '23', 2, '232', '34xsadf', '233223'),
(8, 5, NULL, 'asdf', 2, 232332, '2016-12-07', 'a3223', 'asdf', NULL, '2332', '23', 23, NULL, NULL, '2016-12-07', '2016-12-07', NULL, 'asdfasdf', 'dsfaf', 1, '2016-12-07', 1, '2016-12-07 01:10:56', 2, 'ทะเบียนอ้างอิง:(H01)---', -1, 'D', 7, '3', '23', 2, '232', '34xsadf', '233223');

-- --------------------------------------------------------

--
-- Table structure for table `tb_form4`
--

CREATE TABLE IF NOT EXISTS `tb_form4` (
  `id` int(11) NOT NULL,
  `name` varchar(50) DEFAULT NULL,
  `hp_10_volume` double DEFAULT NULL,
  `hp_007_volume` double DEFAULT NULL,
  `hp_3_volume` double DEFAULT NULL,
  `report_date` date DEFAULT NULL,
  `report_period_id` int(11) DEFAULT NULL,
  `position_id` int(11) DEFAULT NULL,
  `rso_license_no` varchar(20) DEFAULT NULL,
  `rso_license_expire_date` date DEFAULT NULL,
  `is_rso_staff` varchar(1) DEFAULT NULL,
  `create_by` int(11) DEFAULT NULL,
  `create_date` date DEFAULT NULL,
  `update_by` int(11) DEFAULT NULL,
  `update_date` datetime DEFAULT NULL,
  `revision` int(11) DEFAULT NULL,
  `owner_department_id` int(11) DEFAULT NULL,
  `status` varchar(1) DEFAULT 'T',
  `update_from_id` int(11) DEFAULT '0',
  `result` varchar(1) DEFAULT NULL,
  `year` int(11) DEFAULT NULL,
  `description` varchar(250) DEFAULT NULL,
  `file_path` varchar(200) DEFAULT NULL
) ENGINE=InnoDB AUTO_INCREMENT=23 DEFAULT CHARSET=utf8;

--
-- Dumping data for table `tb_form4`
--

INSERT INTO `tb_form4` (`id`, `name`, `hp_10_volume`, `hp_007_volume`, `hp_3_volume`, `report_date`, `report_period_id`, `position_id`, `rso_license_no`, `rso_license_expire_date`, `is_rso_staff`, `create_by`, `create_date`, `update_by`, `update_date`, `revision`, `owner_department_id`, `status`, `update_from_id`, `result`, `year`, `description`, `file_path`) VALUES
(12, NULL, NULL, NULL, NULL, NULL, NULL, NULL, NULL, NULL, NULL, 1, '2016-08-21', 1, '2016-08-21 00:00:00', 1, -1, 'F', 12, NULL, NULL, 'xxx', '/uploads/test.xls'),
(13, NULL, NULL, NULL, NULL, NULL, NULL, NULL, NULL, NULL, NULL, NULL, NULL, 1, '2016-08-21 00:00:00', 2, -1, 'D', 12, NULL, NULL, 'xxx', NULL),
(14, NULL, NULL, NULL, NULL, NULL, NULL, NULL, NULL, NULL, NULL, 17, '2016-08-21', 17, '2016-08-21 00:00:00', 1, 3, 'D', 0, NULL, NULL, NULL, '/uploads/TR-OS-Excel.rpt'),
(15, NULL, NULL, NULL, NULL, NULL, NULL, NULL, NULL, NULL, NULL, 17, '2016-08-21', 17, '2016-08-21 00:00:00', 1, 3, 'F', 15, NULL, NULL, 'adsfafasf', '/uploads/IM_PN_BAY.rpt'),
(16, NULL, NULL, NULL, NULL, NULL, NULL, NULL, NULL, NULL, NULL, NULL, NULL, 17, '2016-08-21 00:00:00', 2, 3, 'D', 15, NULL, NULL, 'adsfafasf', '/uploads/als-issue-20160806.txt'),
(17, NULL, NULL, NULL, NULL, NULL, NULL, NULL, NULL, NULL, NULL, 53, '2016-12-02', 53, '2016-12-02 00:00:00', 1, 1, 'F', 17, NULL, NULL, 'ปริมาณรังสีที่ได้รับ ของคณะแพทยศาสตร์ศิริราชพยาบาล มหาวิทยาลัยมหิดล ประจำปี XXXX', '/uploads/RSO-2557 ของ สทน..pdf'),
(18, NULL, NULL, NULL, NULL, NULL, NULL, NULL, NULL, NULL, NULL, 54, '2016-12-02', 54, '2016-12-02 00:00:00', 1, 4, 'D', 0, NULL, NULL, 'ปริมาณรังสีที่ได้รับ ของคณะแพทยศาสตร์ศิริราชพยาบาล มหาวิทยาลัยมหิดล ประจำปี XXXX', '/uploads/RSO-2557 ของ สทน..pdf'),
(19, NULL, NULL, NULL, NULL, NULL, NULL, NULL, NULL, NULL, NULL, NULL, NULL, 50, '2016-12-05 04:49:46', 2, 4, 'F', 17, NULL, NULL, 'ปริมาณรังสีที่ได้รับ ของคณะแพทยศาสตร์ศิริราชพยาบาล มหาวิทยาลัยมหิดล ประจำปี XXXX', '/uploads/aaaaaaaaaaaa.pdf'),
(20, NULL, NULL, NULL, NULL, NULL, NULL, NULL, NULL, NULL, NULL, NULL, NULL, 50, '2016-12-06 10:49:36', 3, 4, 'F', 17, NULL, NULL, 'XXXXXXXXXXXXXXXXXXXXXXXXXXXXXXX', '/uploads/aaaaaaaaaaaa.pdf'),
(21, NULL, NULL, NULL, NULL, NULL, NULL, NULL, NULL, NULL, NULL, 1, '2016-12-07', 1, '2016-12-07 01:23:26', 1, -1, 'T', 0, NULL, NULL, 'adsfasf', '/uploads/ประชุมคณะกรรมการความปลอดภัยทางรังสี  7-12-59.pptx'),
(22, NULL, NULL, NULL, NULL, NULL, NULL, NULL, NULL, NULL, NULL, NULL, NULL, 1, '2016-12-07 01:23:30', 4, -1, 'T', 17, NULL, NULL, 'XXXXXXXXXXXXXXXXXXXXXXXXXXXXXXX', '/uploads/aaaaaaaaaaaa.pdf');

-- --------------------------------------------------------

--
-- Table structure for table `tb_form5`
--

CREATE TABLE IF NOT EXISTS `tb_form5` (
  `id` int(11) NOT NULL,
  `clear_date` date NOT NULL,
  `material_type_id` int(11) NOT NULL,
  `name` varchar(20) NOT NULL,
  `phisical_status_id` int(11) NOT NULL,
  `rad_or_maximum_weight` double NOT NULL,
  `department_id` int(11) DEFAULT NULL,
  `create_by` int(11) DEFAULT NULL,
  `create_date` date DEFAULT NULL,
  `update_by` int(11) NOT NULL,
  `update_date` datetime DEFAULT NULL,
  `revision` int(11) NOT NULL,
  `owner_department_id` int(11) DEFAULT NULL,
  `status` varchar(1) DEFAULT 'T',
  `update_from_id` int(11) DEFAULT '0',
  `rad_or_maximum_weight_unit_id` varchar(200) DEFAULT NULL,
  `department_id_text` varchar(200) DEFAULT NULL
) ENGINE=InnoDB AUTO_INCREMENT=8 DEFAULT CHARSET=utf8;

--
-- Dumping data for table `tb_form5`
--

INSERT INTO `tb_form5` (`id`, `clear_date`, `material_type_id`, `name`, `phisical_status_id`, `rad_or_maximum_weight`, `department_id`, `create_by`, `create_date`, `update_by`, `update_date`, `revision`, `owner_department_id`, `status`, `update_from_id`, `rad_or_maximum_weight_unit_id`, `department_id_text`) VALUES
(1, '2016-12-01', 5, 'aaaaaa', 1, 145.16, NULL, 50, '2016-12-01', 50, '2016-12-01 00:00:00', 1, 4, 'D', 0, '1', 'bbbbbb'),
(2, '2016-12-02', 5, 'aaaaaa', 1, 145.16, NULL, 53, '2016-12-02', 53, '2016-12-02 00:00:00', 1, 1, 'F', 2, '1', 'bbbbbb'),
(3, '2016-12-02', 5, 'aaaaaa', 1, 145.16, NULL, NULL, NULL, 50, '2016-12-03 00:00:00', 2, 4, 'F', 2, '1', 'bbbbbb'),
(4, '2016-12-02', 5, 'aaaaaa', 1, 145.16, NULL, NULL, NULL, 50, '2016-12-03 00:00:00', 3, 4, 'F', 2, '1', 'bbbbbb'),
(5, '2016-12-02', 5, 'XXXXX', 1, 145.16, NULL, NULL, NULL, 50, '2016-12-06 10:38:25', 4, 4, 'T', 2, '1', 'บริษัท XXXXX'),
(6, '2016-12-07', 2, 'ewewew', 3, 223, NULL, 1, '2016-12-07', 1, '2016-12-07 01:12:56', 1, -1, 'F', 6, '1', '3223'),
(7, '2016-12-07', 2, 'ewewew', 3, 223, NULL, NULL, NULL, 1, '2016-12-07 01:13:06', 2, -1, 'D', 6, '1', '3223');

-- --------------------------------------------------------

--
-- Table structure for table `tb_form6`
--

CREATE TABLE IF NOT EXISTS `tb_form6` (
  `id` int(11) NOT NULL,
  `ref_doc` varchar(20) DEFAULT NULL,
  `bpm_radioactive_elements_id` int(11) DEFAULT NULL,
  `bpm_manufacturer_id` int(11) DEFAULT NULL,
  `bpm_model` varchar(20) DEFAULT NULL,
  `bpm_phisical_id` int(11) DEFAULT NULL,
  `bpm_volume` double DEFAULT NULL,
  `bpm_as_of_date` date DEFAULT NULL,
  `bpm_number` int(11) DEFAULT NULL,
  `machine_manufacturer_id` int(11) DEFAULT NULL,
  `machine_model` varchar(20) DEFAULT NULL,
  `machine_number` varchar(20) DEFAULT NULL,
  `machine_radioactive_highest` double DEFAULT NULL,
  `room_id` int(11) DEFAULT NULL,
  `previous_leaks` double DEFAULT NULL,
  `after_leaks` double DEFAULT NULL,
  `accident_type_id` int(11) DEFAULT NULL,
  `accident_date` date DEFAULT NULL,
  `accident_room_id` int(11) DEFAULT NULL,
  `accident_situation` varchar(200) DEFAULT NULL,
  `accident_cause` varchar(200) DEFAULT NULL,
  `accident_count` varchar(20) DEFAULT NULL,
  `accident_estimated_loss` int(11) DEFAULT NULL,
  `accident_Prevention` text,
  `document_path` varchar(100) DEFAULT NULL,
  `create_by` int(11) DEFAULT NULL,
  `create_date` date DEFAULT NULL,
  `update_by` int(11) DEFAULT NULL,
  `update_date` datetime DEFAULT NULL,
  `revision` int(11) DEFAULT NULL,
  `bpm_no` varchar(45) DEFAULT NULL,
  `owner_department_id` int(11) DEFAULT NULL,
  `status` varchar(1) DEFAULT 'T',
  `update_from_id` int(11) DEFAULT '0',
  `bpm_manufacturer_id_text` varchar(200) DEFAULT NULL,
  `bpm_volume_unit_id` int(11) DEFAULT NULL,
  `machine_manufacturer_id_text` varchar(200) DEFAULT NULL,
  `machine_radioactive_highest_volumne` varchar(200) DEFAULT NULL,
  `machine_radioactive_highest_unit_id` int(11) DEFAULT NULL,
  `room_id_text` varchar(200) DEFAULT NULL,
  `previous_leaks_unit_id` int(11) DEFAULT NULL,
  `after_leaks_unit_id` int(11) DEFAULT NULL,
  `accident_room_id_text` varchar(200) DEFAULT NULL,
  `bpm_radioactive_name` varchar(200) DEFAULT NULL
) ENGINE=InnoDB AUTO_INCREMENT=33 DEFAULT CHARSET=utf8;

--
-- Dumping data for table `tb_form6`
--

INSERT INTO `tb_form6` (`id`, `ref_doc`, `bpm_radioactive_elements_id`, `bpm_manufacturer_id`, `bpm_model`, `bpm_phisical_id`, `bpm_volume`, `bpm_as_of_date`, `bpm_number`, `machine_manufacturer_id`, `machine_model`, `machine_number`, `machine_radioactive_highest`, `room_id`, `previous_leaks`, `after_leaks`, `accident_type_id`, `accident_date`, `accident_room_id`, `accident_situation`, `accident_cause`, `accident_count`, `accident_estimated_loss`, `accident_Prevention`, `document_path`, `create_by`, `create_date`, `update_by`, `update_date`, `revision`, `bpm_no`, `owner_department_id`, `status`, `update_from_id`, `bpm_manufacturer_id_text`, `bpm_volume_unit_id`, `machine_manufacturer_id_text`, `machine_radioactive_highest_volumne`, `machine_radioactive_highest_unit_id`, `room_id_text`, `previous_leaks_unit_id`, `after_leaks_unit_id`, `accident_room_id_text`, `bpm_radioactive_name`) VALUES
(1, '32', 2, 3, '23', 2, 32, '2016-08-22', 23, 3, '32', '32', 32, 2, 23, 23, 1, '2016-08-09', 3, '', '', NULL, NULL, '', NULL, 1, '2016-08-19', 1, '2016-08-19 00:00:00', 0, '32', -1, 'D', 0, NULL, NULL, NULL, NULL, NULL, NULL, NULL, NULL, NULL, NULL),
(2, 'xxxx1234 ', 2, NULL, 'bbbbbbbbbbbbbbbbbbbb', 1, 150.15, '2016-12-02', 4, NULL, 'eeeeeeeeeeeeeeeee', 'ffffffffffffffffffff', 150.2, NULL, 150.25, 150, 1, '2016-12-02', NULL, 'iiiiiiiiiiiiiiiiiiii', 'jjjjjjjjjjjjjjjjjjjj', '10', 200000, 'kkkkkkkkkkkkkkkkkkkk', NULL, 53, '2016-12-02', 53, '2016-12-02 00:00:00', 1, 'ccccccccccccccccccccccccc', 1, 'F', 2, 'aaaaaaaaaaaaaaaaaaaaaaaaaaaaaaa', 1, 'dddddddddddddddd', '150.20', 1, 'gggggggggggggggg', 1, 1, 'hhhhhhhhhhhhhhhhhhhhhhhhhhhhhhhhhhhhh', NULL),
(3, 'xxxx1234 ', 2, NULL, 'bbbbbbbbbbbbbbbbbbbb', 1, 150.15, '2016-12-02', 4, NULL, 'eeeeeeeeeeeeeeeee', 'ffffffffffffffffffff', NULL, NULL, 150.25, 150, 1, '2016-12-02', NULL, 'iiiiiiiiiiiiiiiiiiii', 'jjjjjjjjjjjjjjjjjjjj', '10', 200000, 'kkkkkkkkkkkkkkkkkkkk', NULL, 50, '2016-12-03', 50, '2016-12-03 00:00:00', 2, 'ccccccccccccccccccccccccc', 4, 'F', 2, 'aaaaaaaaaaaaaaaaaaaaaaaaaaaaaaa', 1, 'dddddddddddddddd', '150.20', 1, 'gggggggggggggggg', 1, 1, 'คณะวิศวกรรมศาสตร์ มหาวิทยาลัยมหิดล จังหวัดนครปฐม', NULL),
(4, 'xxxx1234 ', 2, NULL, 'bbbbbbbbbbbbbbbbbbbb', 1, 150.15, '2016-12-02', 4, NULL, 'eeeeeeeeeeeeeeeee', 'ffffffffffffffffffff', NULL, NULL, 150.25, 150, 1, '2016-12-02', NULL, 'iiiiiiiiiiiiiiiiiiii', 'jjjjjjjjjjjjjjjjjjjj', '10', 200000, 'kkkkkkkkkkkkkkkkkkkk', NULL, 50, '2016-12-03', 50, '2016-12-03 00:00:00', 3, 'ccccccccccccccccccccccccc', 4, 'F', 2, 'aaaaaaaaaaaaaaaaaaaaaaaaaaaaaaa', 1, 'dddddddddddddddd', '150.20', 1, 'gggggggggggggggg', 1, 1, 'คณะวิศวกรรมศาสตร์ มหาวิทยาลัยมหิดล จังหวัดนครปฐม', NULL),
(5, 'xxxx1234 ', 2, NULL, 'bbbbbbbbbbbbbbbbbbbb', 1, 150.15, '2016-12-02', 4, NULL, 'eeeeeeeeeeeeeeeee', 'ffffffffffffffffffff', NULL, NULL, 150.25, 150, 1, '2016-12-02', NULL, 'iiiiiiiiiiiiiiiiiiii   ', 'jjjjjjjjjjjjjjjjjjjj   ', '10', 200000, 'kkkkkkkkkkkkkkkkkkkk', NULL, 50, '2016-12-03', 50, '2016-12-03 00:00:00', 4, 'ccccccccccccccccccccccccc', 4, 'F', 2, 'aaaaaaaaaaaaaaaaaaaaaaaaaaaaaaa', 1, 'dddddddddddddddd', '150.20', 1, 'gggggggggggggggg12333', 1, 1, 'คณะวิศวกรรมศาสตร์ มหาวิทยาลัยมหิดล จังหวัดนครปฐม', NULL),
(6, 'xxxx1234 ', 2, NULL, 'bbbbbbbbbbbbbbbbbbbb', 1, 150.15, '2016-12-02', 4, NULL, 'eeeeeeeeeeeeeeeee', 'ffffffffffffffffffff', NULL, NULL, 150.25, 150, 1, '2016-12-02', NULL, 'iiiiiiiiiiiiiiiiiiii   ', 'jjjjjjjjjjjjjjjjjjjj   ', '10', 200000, 'kkkkkkkkkkkkkkkkkkkk', NULL, 50, '2016-12-03', 50, '2016-12-03 00:00:00', 5, 'ccccccccccccccccccccccccc', 4, 'F', 2, 'aaaaaaaaaaaaaaaaaaaaaaaaaaaaaaa', 1, 'dddddddddddddddd', '150.20', 1, 'gggggggggggggggg12333', 1, 1, 'คณะวิศวกรรมศาสตร์ มหาวิทยาลัยมหิดล จังหวัดนครปฐม', '7777'),
(7, 'xxxx1234 ', 2, NULL, 'bbbbbbbbbbbbbbbbbbbb', 1, 150.15, '2016-12-02', 4, NULL, 'eeeeeeeeeeeeeeeee', 'ffffffffffffffffffff', NULL, NULL, 150.25, 150, 1, '2016-12-02', NULL, 'iiiiiiiiiiiiiiiiiiii   ', 'jjjjjjjjjjjjjjjjjjjj   ', '10', 200000, 'kkkkkkkkkkkkkkkkkkkk', NULL, 50, '2016-12-03', 50, '2016-12-03 00:00:00', 6, 'ccccccccccccccccccccccccc', 4, 'F', 2, 'aaaaaaaaaaaaaaaaaaaaaaaaaaaaaaa', 1, 'dddddddddddddddd', '150.20', 1, 'gggggggggggggggg12333', 1, 1, 'คณะวิศวกรรมศาสตร์ มหาวิทยาลัยมหิดล จังหวัดนครปฐม', '7777'),
(8, 'xxxx1234 ', 2, NULL, 'bbbbbbbbbbbbbbbbbbbb', 1, 150.15, '2016-12-02', 4, NULL, 'eeeeeeeeeeeeeeeee', 'ffffffffffffffffffff', NULL, NULL, 150.25, 150, 1, '2016-12-02', NULL, 'iiiiiiiiiiiiiiiiiiii   ', 'jjjjjjjjjjjjjjjjjjjj   ', '10', 200000, 'kkkkkkkkkkkkkkkkkkkk', NULL, 50, '2016-12-03', 50, '2016-12-03 00:00:00', 7, 'ccccccccccccccccccccccccc', 4, 'F', 2, 'aaaaaaaaaaaaaaaaaaaaaaaaaaaaaaa', 1, 'dddddddddddddddd', '150.20', 1, 'gggggggggggggggg12333', 1, 1, 'คณะวิศวกรรมศาสตร์ มหาวิทยาลัยมหิดล จังหวัดนครปฐม', '7777'),
(9, 'xxxx1234 ', 2, NULL, 'bbbbbbbbbbbbbbbbbbbb', 1, 150.15, '2016-12-02', 4, NULL, 'eeeeeeeeeeeeeeeee', 'ffffffffffffffffffff', NULL, NULL, 150.25, 150, 1, '2016-12-02', NULL, 'iiiiiiiiiiiiiiiiiiii   ', 'jjjjjjjjjjjjjjjjjjjj   ', '10', 200000, 'kkkkkkkkkkkkkkkkkkkk', NULL, 50, '2016-12-03', 50, '2016-12-03 00:00:00', 8, 'ccccccccccccccccccccccccc', 4, 'F', 2, 'aaaaaaaaaaaaaaaaaaaaaaaaaaaaaaa', 1, 'dddddddddddddddd', '150.20', 1, 'gggggggggggggggg12333', 1, 1, 'คณะวิศวกรรมศาสตร์ มหาวิทยาลัยมหิดล จังหวัดนครปฐม', '7777'),
(10, 'xxxx1234 ', 2, NULL, 'bbbbbbbbbbbbbbbbbbbb', 1, 150.15, '2016-12-02', 4, NULL, 'eeeeeeeeeeeeeeeee', 'ffffffffffffffffffff', NULL, NULL, 150.25, 150, 1, '2016-12-02', NULL, 'iiiiiiiiiiiiiiiiiiii   ', 'jjjjjjjjjjjjjjjjjjjj   ', '10 คน', 200000, 'kkkkkkkkkkkkkkkkkkkk', NULL, 50, '2016-12-03', 50, '2016-12-03 00:00:00', 9, 'ccccccccccccccccccccccccc', 4, 'F', 2, 'aaaaaaaaaaaaaaaaaaaaaaaaaaaaaaa', 1, 'dddddddddddddddd', '150.20', 1, 'gggggggggggggggg12333', 1, 1, 'คณะวิศวกรรมศาสตร์ มหาวิทยาลัยมหิดล จังหวัดนครปฐม', '7777'),
(11, 'xxxx1234 ', 2, NULL, 'bbbbbbbbbbbbbbbbbbbb', 1, 150.15, '2016-12-02', 4, NULL, 'eeeeeeeeeeeeeeeee', 'ffffffffffffffffffff', NULL, NULL, 150.25, 150, 1, '2016-12-02', NULL, 'iiiiiiiiiiiiiiiiiiii   ', 'jjjjjjjjjjjjjjjjjjjj   ', '10 คน', 200000, 'kkkkkkkkkkkkkkkkkkkk', NULL, 1, '2016-12-03', 1, '2016-12-03 00:00:00', 10, 'ccccccccccccccccccccccccc', -1, 'D', 2, 'aaaaaaaaaaaaaaaaaaaaaaaaaaaaaaa', 1, 'dddddddddddddddd', '150.20', 1, 'gggggggggggggggg12333', 1, 1, 'คณะวิศวกรรมศาสตร์ มหาวิทยาลัยมหิดล จังหวัดนครปฐม', '7777'),
(12, 'xxxx1234 ', 2, NULL, 'bbbbbbbbbbbbbbbbbbbb', 1, 150.15, '2016-12-02', 4, NULL, 'eeeeeeeeeeeeeeeee', 'ffffffffffffffffffff', NULL, NULL, 150.25, 150, 1, '2016-12-02', NULL, 'iiiiiiiiiiiiiiiiiiii   ', 'jjjjjjjjjjjjjjjjjjjj   ', '10 คน', 200000, 'kkkkkkkkkkkkkkkkkkkk', NULL, 50, '2016-12-03', 50, '2016-12-03 00:00:00', 10, 'ccccccccccccccccccccccccc', 4, 'F', 2, 'aaaaaaaaaaaaaaaaaaaaaaaaaaaaaaa', 1, 'dddddddddddddddd', '150.20', 1, 'gggggggggggggggg12333', 1, 1, 'คณะวิศวกรรมศาสตร์ มหาวิทยาลัยมหิดล จังหวัดนครปฐม', '7777'),
(13, 'xxxx1234 ', 2, NULL, 'bbbbbbbbbbbbbbbbbbbb', 1, 150.15, '2016-12-02', 4, NULL, 'eeeeeeeeeeeeeeeee', 'ffffffffffffffffffff', NULL, NULL, 150.25, 150, 1, '2016-12-02', NULL, 'iiiiiiiiiiiiiiiiiiii   ', 'jjjjjjjjjjjjjjjjjjjj   ', '10 คน', 200000, 'kkkkkkkkkkkkkkkkkkkk', NULL, 50, '2016-12-03', 50, '2016-12-03 00:00:00', 11, 'ccccccccccccccccccccccccc', 4, 'F', 2, 'aaaaaaaaaaaaaaaaaaaaaaaaaaaaaaa', 1, 'dddddddddddddddd', '150.20', 1, 'gggggggggggggggg12333', 1, 1, 'คณะวิศวกรรมศาสตร์ มหาวิทยาลัยมหิดล จังหวัดนครปฐม', '7777'),
(14, 'xxxx1234 ', 2, NULL, 'bbbbbbbbbbbbbbbbbbbb', 1, 150.15, '2016-12-02', 4, NULL, 'eeeeeeeeeeeeeeeee', 'ffffffffffffffffffff', NULL, NULL, 150.25, 150, 1, '2016-12-02', NULL, 'iiiiiiiiiiiiiiiiiiii   ', 'jjjjjjjjjjjjjjjjjjjj   ', '10 คน', 200000, 'kkkkkkkkkkkkkkkkkkkk', NULL, 1, '2016-12-03', 1, '2016-12-03 00:00:00', 12, 'ccccccccccccccccccccccccc', -1, 'F', 2, 'aaaaaaaaaaaaaaaaaaaaaaaaaaaaaaa', 1, 'dddddddddddddddd', '150.20', 1, 'gggggggggggggggg12333', 1, 1, 'คณะวิศวกรรมศาสตร์ มหาวิทยาลัยมหิดล จังหวัดนครปฐม', '7777'),
(15, 'xxxx1234 ', 2, NULL, 'bbbbbbbbbbbbbbbbbbbb', 1, 150.15, '2016-12-02', 4, NULL, 'eeeeeeeeeeeeeeeee', 'ffffffffffffffffffff', NULL, NULL, 150.25, 150, 1, '2016-12-02', NULL, 'iiiiiiiiiiiiiiiiiiii   ', 'jjjjjjjjjjjjjjjjjjjj   ', '10 คน', 200000, 'kkkkkkkkkkkkkkkkkkkk', NULL, 1, '2016-12-03', 1, '2016-12-03 00:00:00', 13, 'ccccccccccccccccccccccccc', -1, 'F', 2, 'aaaaaaaaaaaaaaaaaaaaaaaaaaaaaaa', 1, 'dddddddddddddddd', '150.20', 1, 'gggggggggggggggg12333', 1, 1, 'คณะวิศวกรรมศาสตร์ มหาวิทยาลัยมหิดล จังหวัดนครปฐม', '7777'),
(16, 'xxxx1234 ', 2, NULL, 'bbbbbbbbbbbbbbbbbbbb', 1, 150.15, '2016-12-02', 4, NULL, 'eeeeeeeeeeeeeeeee', 'ffffffffffffffffffff', NULL, NULL, 150.25, 150, 1, '2016-12-02', NULL, 'iiiiiiiiiiiiiiiiiiii   ', 'jjjjjjjjjjjjjjjjjjjj   ', '10 คน', 200000, 'kkkkkkkkkkkkkkkkkkkk', '/uploads/LHHeader-h1.png', 1, '2016-12-03', 1, '2016-12-03 00:00:00', 14, 'ccccccccccccccccccccccccc', -1, 'F', 2, 'aaaaaaaaaaaaaaaaaaaaaaaaaaaaaaa', 1, 'dddddddddddddddd', '150.20', 1, 'gggggggggggggggg12333', 1, 1, 'คณะวิศวกรรมศาสตร์ มหาวิทยาลัยมหิดล จังหวัดนครปฐม', '7777'),
(17, 'xxxx1234 ', 2, NULL, 'bbbbbbbbbbbbbbbbbbbb', 1, 150.15, '2016-12-02', 4, NULL, 'eeeeeeeeeeeeeeeee', 'ffffffffffffffffffff', NULL, NULL, 150.25, 150, 1, '2016-12-02', NULL, 'iiiiiiiiiiiiiiiiiiii   ', 'jjjjjjjjjjjjjjjjjjjj   ', '10 คน', 200000, 'kkkkkkkkkkkkkkkkkkkk', '/uploads/คู่มือ MU RAD-base (ร่าง).pdf', 50, '2016-12-03', 50, '2016-12-03 00:00:00', 15, 'ccccccccccccccccccccccccc', 4, 'F', 2, 'aaaaaaaaaaaaaaaaaaaaaaaaaaaaaaa', 1, 'dddddddddddddddd', '150.20', 1, 'gggggggggggggggg12333', 1, 1, 'คณะวิศวกรรมศาสตร์ มหาวิทยาลัยมหิดล จังหวัดนครปฐม', '7777'),
(18, 'xxxx1234 ', 2, NULL, 'bbbbbbbbbbbbbbbbbbbb', 1, 150.15, '2016-12-02', 4, NULL, 'eeeeeeeeeeeeeeeee', 'ffffffffffffffffffff', NULL, NULL, 150.25, 150, 1, '2016-12-02', NULL, 'iiiiiiiiiiiiiiiiiiii   ', 'jjjjjjjjjjjjjjjjjjjj   ', '10 คน', 200000, 'kkkkkkkkkkkkkkkkkkkk', '/uploads/abc.docx', 50, '2016-12-03', 50, '2016-12-03 00:00:00', 16, 'ccccccccccccccccccccccccc', 4, 'F', 2, 'aaaaaaaaaaaaaaaaaaaaaaaaaaaaaaa', 1, 'dddddddddddddddd', '150.20', 1, 'gggggggggggggggg12333', 1, 1, 'คณะวิศวกรรมศาสตร์ มหาวิทยาลัยมหิดล จังหวัดนครปฐม', '7777'),
(19, 'xxxx1234 ', 2, NULL, 'bbbbbbbbbbbbbbbbbbbb', 1, 150.15, '2016-12-02', 4, NULL, 'eeeeeeeeeeeeeeeee', 'ffffffffffffffffffff', NULL, NULL, 150.25, 150, 1, '2016-12-02', NULL, 'iiiiiiiiiiiiiiiiiiii   ', 'jjjjjjjjjjjjjjjjjjjj   ', '10 คน', 200000, 'kkkkkkkkkkkkkkkkkkkk', '/uploads/abc.pdf', 50, '2016-12-03', 50, '2016-12-03 00:00:00', 17, 'ccccccccccccccccccccccccc', 4, 'F', 2, 'aaaaaaaaaaaaaaaaaaaaaaaaaaaaaaa', 1, 'dddddddddddddddd', '150.20', 1, 'gggggggggggggggg12333', 1, 1, 'คณะวิศวกรรมศาสตร์ มหาวิทยาลัยมหิดล จังหวัดนครปฐม', '7777'),
(20, 'xxxx1234 ', 2, NULL, 'bbbbbbbbbbbbbbbbbbbb', 1, 150.15, '2016-12-02', 4, NULL, 'eeeeeeeeeeeeeeeee', 'ffffffffffffffffffff', NULL, NULL, 150.25, 150, 1, '2016-12-02', NULL, 'iiiiiiiiiiiiiiiiiiii   ', 'jjjjjjjjjjjjjjjjjjjj   ', '10 คน', 200000, 'kkkkkkkkkkkkkkkkkkkk', '/uploads/graphic device-05.png', 50, '2016-12-05', 50, '2016-12-05 00:00:00', 18, 'ccccccccccccccccccccccccc', 4, 'F', 2, 'aaaaaaaaaaaaaaaaaaaaaaaaaaaaaaa', 1, 'dddddddddddddddd', '150.20', 1, 'gggggggggggggggg12333', 1, 1, 'คณะวิศวกรรมศาสตร์ มหาวิทยาลัยมหิดล จังหวัดนครปฐม', '7777'),
(21, 'xxxx1234 ', 2, NULL, 'bbbbbbbbbbbbbbbbbbbb', 1, 150.15, '2016-12-02', 4, NULL, 'eeeeeeeeeeeeeeeee', 'ffffffffffffffffffff', NULL, NULL, 150.25, 150, 1, '2016-12-02', NULL, 'iiiiiiiiiiiiiiiiiiii   ', 'jjjjjjjjjjjjjjjjjjjj   ', '10 คน', 200000, 'kkkkkkkkkkkkkkkkkkkk', '/uploads/ปัญญาของแผ่นดิน.png', 50, '2016-12-05', 50, '2016-12-05 00:00:00', 19, 'ccccccccccccccccccccccccc', 4, 'F', 2, 'aaaaaaaaaaaaaaaaaaaaaaaaaaaaaaa', 1, 'dddddddddddddddd', '150.20', 1, 'gggggggggggggggg12333', 1, 1, 'คณะวิศวกรรมศาสตร์ มหาวิทยาลัยมหิดล จังหวัดนครปฐม', '7777'),
(22, 'xxxx1234 ', 2, NULL, 'bbbbbbbbbbbbbbbbbbbb', 1, 150.15, '2016-12-02', 4, NULL, 'eeeeeeeeeeeeeeeee', 'ffffffffffffffffffff', NULL, NULL, 150.25, 150, 1, '2016-12-02', NULL, 'iiiiiiiiiiiiiiiiiiii   ', 'jjjjjjjjjjjjjjjjjjjj   ', '10 คน', 200000, 'kkkkkkkkkkkkkkkkkkkk', '/uploads/ปัญญาของแผ่นดิน.png', 50, '2016-12-05', 50, '2016-12-05 00:00:00', 20, 'ccccccccccccccccccccccccc', 4, 'F', 2, 'aaaaaaaaaaaaaaaaaaaaaaaaaaaaaaa', 1, 'dddddddddddddddd', '150.20', 1, 'gggggggggggggggg12333', 1, 1, 'คณะวิศวกรรมศาสตร์ มหาวิทยาลัยมหิดล จังหวัดนครปฐม', '7777'),
(23, 'xxxx1234 ', 2, NULL, 'bbbbbbbbbbbbbbbbbbbb', 1, 150.15, '2016-12-02', 4, NULL, 'eeeeeeeeeeeeeeeee', 'ffffffffffffffffffff', NULL, NULL, 150.25, 150, 1, '2016-12-02', NULL, 'iiiiiiiiiiiiiiiiiiii   ', 'jjjjjjjjjjjjjjjjjjjj   ', '10 คน', 200000, 'kkkkkkkkkkkkkkkkkkkk', '/uploads/graphic device-01.png', 50, '2016-12-05', 50, '2016-12-05 00:00:00', 21, 'ccccccccccccccccccccccccc', 4, 'F', 2, 'aaaaaaaaaaaaaaaaaaaaaaaaaaaaaaa', 1, 'dddddddddddddddd', '150.20', 1, 'gggggggggggggggg12333', 1, 1, 'คณะวิศวกรรมศาสตร์ มหาวิทยาลัยมหิดล จังหวัดนครปฐม', '7777'),
(24, 'xxxx1234 ', 1, NULL, 'bbbbbbbbbbbbbbbbbbbb', 1, 150.15, '2016-12-05', 4, NULL, 'eeeeeeeeeeeeeeeee', 'ffffffffffffffffffff', NULL, NULL, 150.25, 150, 1, '2016-12-05', NULL, '1. ฑฑฑฑฑฑฑฑฑฑฑฑฑฑฑฑฑฑฑฑฑฑฑฑ\r\n2. หหหหหหหหหหหหหหหหหหหหห\r\n3.ออออออออออออออออ', '1. อออออออออออออออออ', '10 คน ', NULL, '1. แแแแแแแแแแ\r\n2. ปป', '/uploads/aaaaaaaaaaaa.pdf', 53, '2016-12-05', 53, '2016-12-05 07:24:24', 1, 'ccccccccccccccccccccccccc', 1, 'F', 24, 'aaaaaaaaaaaaaaaaaaaaaaaaaaaaaaa', 1, 'dddddddddddddddd', '150.20', 1, 'gggggggggggggggg', 1, 1, 'ฤฤฤฤฤฤฤฤฤฤฤฤฤฤฤฤฤฤฤฤฤฤฤฤฤ', '1234567993'),
(25, 'xxxx1234 ', 1, NULL, 'bbbbbbbbbbbbbbbbbbbb', 1, 150.15, '2016-12-05', 4, NULL, 'eeeeeeeeeeeeeeeee', 'ffffffffffffffffffff', NULL, NULL, 150.25, 150, 1, '2016-12-05', NULL, '1. ฑฑฑฑฑฑฑฑฑฑฑฑฑฑฑฑฑฑฑฑฑฑฑฑ\r\n2. หหหหหหหหหหหหหหหหหหหหห\r\n3.ออออออออออออออออ', '1. อออออออออออออออออออออ\r\n2. ดดดดดดดดดดดดดดดดดด\r\n3. กกกกกกกกกกกกกกกกกกกกกกก', '10 คน ', 20000, '1. แแแแแแแแแแออสสสสสสสสสสสสสสสสสสส\r\n2. ปปปปปปปปปปปปปปปปป', '/uploads/aaaaaaaaaaaa.pdf', 53, '2016-12-05', 53, '2016-12-05 07:25:04', 2, 'ccccccccccccccccccccccccc', 1, 'D', 24, 'aaaaaaaaaaaaaaaaaaaaaaaaaaaaaaa', 1, 'dddddddddddddddd', '150.20', 1, 'gggggggggggggggg', 1, 1, 'ฤฤฤฤฤฤฤฤฤฤฤฤฤฤฤฤฤฤฤฤฤฤฤฤฤ', '1234567993'),
(26, '1234 XXXX', 1, NULL, '1234 bbbb', 1, 150.15, '2016-12-02', 4, NULL, 'eeee 1234 ', '1234 FFFF', NULL, NULL, 150.25, 150, 1, '2016-12-02', NULL, '1. AAAAAAAAAAAAAAAAAAAAAAAAAAAA\r\n2. BBBBBBBBBBBBBBBBBBBBBBBBBBBB\r\n3. CCCCCCCCCCCCCCCCCCCCCCCCCCCC', '1. DDDDDDDDDDDDDDDDDDDDDDDDD\r\n2. EEEEEEEEEEEEEEEEEEEEEEEEEEEE\r\n3. KKKKKKKKKKKKKKKKKKKKKKKKKKKK', '10 คน', 200000, '1. YYYYYYYYYYYYYYYYYYYYYYYYYYYY\r\n2. LLLLLLLLLLLLLLLLLLLLLLLLLLLLLLLL\r\n3. PPPPPPPPPPPPPPPPPPPPPPPPPPPP', '/uploads/graphic device-01.png', 50, '2016-12-06', 50, '2016-12-06 10:43:23', 22, 'cccc 1234 ', 4, 'F', 2, 'บริษัท XXXX', 1, 'บริษัท DDDD', '150.20', 1, 'ห้องปฏิบัติการ GGGG ', 1, 1, 'คณะ XXXXX มหาวิทยาลัยมหิดล จังหวัดนครปฐม', 'แบเรียม-133'),
(27, '1234 XXXX', 1, NULL, '1234 bbbb', 1, 150.15, '2016-12-02', 4, NULL, 'eeee 1234 ', '1234 FFFF', NULL, NULL, 150.25, 150, 1, '2016-12-02', NULL, '1. AAAAAAAAAAAAAAAAAAAA\r\n2. BBBBBBBBBBBBBBBBBBBB\r\n3. CCCCCCCCCCCCCCCCCCCC', '1. DDDDDDDDDDDDDDDDDD\r\n2. EEEEEEEEEEEEEEEEEEEE\r\n3. KKKKKKKKKKKKKKKKKKKK', '10 คน', 200000, '1. YYYYYYYYYYYYYYYYYYYYYYYYYYYY\r\n2. LLLLLLLLLLLLLLLLLLLLLLLLLLLLLLLL\r\n3. PPPPPPPPPPPPPPPPPPPPPPPPPPPP', '/uploads/graphic device-01.png', 50, '2016-12-06', 50, '2016-12-06 10:44:05', 23, 'cccc 1234 ', 4, 'F', 2, 'บริษัท XXXX', 1, 'บริษัท DDDD', '150.20', 1, 'ห้องปฏิบัติการ GGGG ', 1, 1, 'คณะ XXXXX มหาวิทยาลัยมหิดล จังหวัดนครปฐม', 'แบเรียม-133'),
(28, '1234 XXXX', 1, NULL, '1234 bbbb', 1, 150.15, '2016-12-02', 4, NULL, 'eeee 1234 ', '1234 FFFF', NULL, NULL, 150.25, 150, 1, '2016-12-02', NULL, '1. AAAAAAAAAAAA\r\n2. BBBBBBBBBBBB\r\n3. CCCCCCCCCCCC', '1. DDDDDDDDDD\r\n2. EEEEEEEEEEEE\r\n3. KKKKKKKKKKKK', '10 คน', 200000, '1. YYYYYYYYYYY\r\n2. LLLLLLLLLLLLL\r\n3. PPPPPPPPPPPP', '/uploads/graphic device-01.png', 50, '2016-12-06', 50, '2016-12-06 10:44:51', 24, 'cccc 1234 ', 4, 'T', 2, 'บริษัท XXXX', 1, 'บริษัท DDDD', '150.20', 1, 'ห้องปฏิบัติการ GGGG ', 1, 1, 'คณะ XXXXX มหาวิทยาลัยมหิดล จังหวัดนครปฐม', 'แบเรียม-133'),
(29, 'h01', 1, NULL, 'รุ่น/รหัสสินค้า:*', 2, 232, '2016-12-07', 32, NULL, 'รุ่น/รหัสสินค้า :*', 'หมายเลข :*', NULL, NULL, 32, 32, 1, '2016-12-07', NULL, '', '', '', NULL, '', NULL, 1, '2016-12-07', 1, '2016-12-07 01:15:03', 1, 'หมายเลข:*', -1, 'F', 29, 'ผลิต', 2, 'ผู้ผลิต:*', '322', 2, 'ชื่อห้อง/สถานที่เก็บติดตั้งหรือใช้งาน :*', 1, 2, '32323', 'xxx'),
(30, 'h01', 1, NULL, 'รุ่น/รหัสสินค้า:*', 2, 232, '2016-12-07', 32, NULL, 'รุ่น/รหัสสินค้า :*', 'หมายเลข :*', NULL, NULL, 32, 32, 1, '2016-12-07', NULL, '', '', '', NULL, '', '/uploads/Blank Letter Head - EL (1).doc', 1, '2016-12-07', 1, '2016-12-07 01:15:14', 2, 'หมายเลข:*', -1, 'F', 29, 'ผลิต', 2, 'ผู้ผลิต:*', '322', 2, 'ชื่อห้อง/สถานที่เก็บติดตั้งหรือใช้งาน :*', 1, 2, '32323', 'xxx'),
(31, 'h01', 1, NULL, 'รุ่น/รหัสสินค้า:*', 2, 232, '2016-12-07', 32, NULL, 'รุ่น/รหัสสินค้า :*', 'หมายเลข :*', NULL, NULL, 32, 32, 1, '2016-12-07', NULL, '', '', '', NULL, 'weewew', '/uploads/Blank Letter Head - EL (1).doc', 1, '2016-12-07', 1, '2016-12-07 01:15:32', 3, 'หมายเลข:*', -1, 'F', 29, 'ผลิต', 2, 'ผู้ผลิต:*', '322', 2, 'ชื่อห้อง/สถานที่เก็บติดตั้งหรือใช้งาน :*', 1, 2, '32323', 'xxx'),
(32, 'h01', 1, NULL, 'รุ่น/รหัสสินค้า:*', 2, 232, '2016-12-07', 32, NULL, 'รุ่น/รหัสสินค้า :*', 'หมายเลข :*', NULL, NULL, 32, 32, 1, '2016-12-07', NULL, '', '', '', NULL, 'weewew', '/uploads/Blank Letter Head - EL (1).doc', 1, '2016-12-07', 1, '2016-12-07 01:15:38', 4, 'หมายเลข:*', -1, 'T', 29, 'ผลิต', 2, 'ผู้ผลิต:*', '322', 2, 'ชื่อห้อง/สถานที่เก็บติดตั้งหรือใช้งาน :*', 1, 2, '32323', 'xxx');

-- --------------------------------------------------------

--
-- Table structure for table `tb_form7`
--

CREATE TABLE IF NOT EXISTS `tb_form7` (
  `id` int(11) NOT NULL,
  `name` varchar(200) DEFAULT NULL,
  `course` varchar(200) DEFAULT NULL,
  `department_id` int(11) DEFAULT NULL,
  `training_date` date DEFAULT NULL,
  `create_by` int(11) DEFAULT NULL,
  `create_date` date DEFAULT NULL,
  `update_by` int(11) DEFAULT NULL,
  `update_date` datetime DEFAULT NULL,
  `revision` int(11) DEFAULT NULL,
  `owner_department_id` int(11) DEFAULT NULL,
  `status` varchar(1) DEFAULT 'T',
  `update_from_id` int(11) DEFAULT '0',
  `department_id_text` varchar(200) DEFAULT NULL,
  `document_path` varchar(200) DEFAULT NULL,
  `machine_manufacturer_id_text` varchar(200) DEFAULT NULL,
  `machine_radioactive_highest_unit_id` varchar(200) DEFAULT NULL,
  `from_room_id_text` varchar(200) DEFAULT NULL,
  `to_room_id_text` varchar(200) DEFAULT NULL,
  `supervisor_id_text` varchar(200) DEFAULT NULL
) ENGINE=InnoDB AUTO_INCREMENT=468 DEFAULT CHARSET=utf8;

--
-- Dumping data for table `tb_form7`
--

INSERT INTO `tb_form7` (`id`, `name`, `course`, `department_id`, `training_date`, `create_by`, `create_date`, `update_by`, `update_date`, `revision`, `owner_department_id`, `status`, `update_from_id`, `department_id_text`, `document_path`, `machine_manufacturer_id_text`, `machine_radioactive_highest_unit_id`, `from_room_id_text`, `to_room_id_text`, `supervisor_id_text`) VALUES
(3, 'นายอิษฏ์  สุบินมงคล', 'การป้องกันอันตรายจาก', 4, '2014-09-03', 20, '2016-08-09', 20, '2016-08-09 00:00:00', 1, 3, 'F', 3, NULL, NULL, NULL, NULL, NULL, NULL, NULL),
(4, 'นายอิษฏ์  สุบินมงคล', 'การป้องกันอันตรายจาก', NULL, '2014-09-03', NULL, NULL, 50, '2016-12-01 00:00:00', 2, 4, 'F', 3, 'ศูนย์บริหารความปลอดภัย อาชีวอนามัยและสิ่งแวดล้อม มหาวิทยาลัยมหิดล   ', NULL, NULL, NULL, NULL, NULL, NULL),
(5, 'นายอิษฏ์  สุบินมงคล', 'การป้องกันอันตรายจากรังสี', NULL, '2014-09-03', NULL, NULL, 50, '2016-12-01 00:00:00', 3, 4, 'F', 3, 'ศูนย์บริหารความปลอดภัย อาชีวอนามัยและสิ่งแวดล้อม มหาวิทยาลัยมหิดล   ', NULL, NULL, NULL, NULL, NULL, NULL),
(6, 'นางสาวปทุมพร  แก้วประทุม', 'แนวปฏิบัติความปลอดภัยทางรังสีในการปฏิบัติงาน', 1, '2016-12-02', 53, '2016-12-02', 53, '2016-12-02 00:00:00', 1, 1, 'F', 6, 'ศูนย์บริหารความปลอดภัย อาชีวอนามัยและสิ่งแวดล้อม มหาวิทยาลัยมหิดล   ', NULL, NULL, NULL, NULL, NULL, NULL),
(7, NULL, NULL, 4, '1970-01-01', 50, '2016-12-05', 50, '2016-12-05 00:00:00', 1, 4, 'D', 0, NULL, NULL, NULL, NULL, NULL, NULL, NULL),
(8, NULL, NULL, 4, '1970-01-01', 50, '2016-12-05', 50, '2016-12-05 00:00:00', 1, 4, 'D', 0, NULL, NULL, NULL, NULL, NULL, NULL, NULL),
(9, 'ชื่อ - สกุล', 'ตำแหน่ง', 4, '1970-01-01', 50, '2016-12-05', 50, '2016-12-05 00:00:00', 1, 4, 'D', 0, NULL, NULL, NULL, NULL, NULL, NULL, NULL),
(10, 'ศาสตราจารย์คลินิก นายแพทย์ อุดม คชินทร', 'อธิการบดี', 4, '1970-01-01', 50, '2016-12-05', 50, '2016-12-05 00:00:00', 1, 4, 'F', 10, NULL, NULL, NULL, NULL, NULL, NULL, NULL),
(11, 'ศาสตราจารย์ นายแพทย์บรรจง   มไหสวริยะ ', 'รองอธิการบดี', 4, '1970-01-01', 50, '2016-12-05', 50, '2016-12-05 00:00:00', 1, 4, 'T', 0, NULL, NULL, NULL, NULL, NULL, NULL, NULL),
(12, 'รองศาสตราจารย์ นายแพทย์ประดิษฐ์  สมประกิจ', 'รองอธิการบดีฝ่ายการคลังและแผนงาน', 4, '1970-01-01', 50, '2016-12-05', 50, '2016-12-05 00:00:00', 1, 4, 'T', 0, NULL, NULL, NULL, NULL, NULL, NULL, NULL),
(13, 'ศาสตราจารย์คลินิก นายแพทย์โชคชัย   เมธีไตรรัตน์', 'รองอธิการบดีฝ่ายบริหาร', 4, '1970-01-01', 50, '2016-12-05', 50, '2016-12-05 00:00:00', 1, 4, 'T', 0, NULL, NULL, NULL, NULL, NULL, NULL, NULL),
(14, 'ศาสตราจารย์ ดร.ศันสนีย์  ไชยโรจน์', 'รองอธิการบดีฝ่ายวิจัยและวิเทศสัมพันธ์', 4, '1970-01-01', 50, '2016-12-05', 50, '2016-12-05 00:00:00', 1, 4, 'T', 0, NULL, NULL, NULL, NULL, NULL, NULL, NULL),
(15, 'ศาสตราจารย์คลินิก นายแพทย์สุวัฒน์ เบญจพลพิทักษ์', 'รองอธิการบดีฝ่ายการศึกษา', 4, '1970-01-01', 50, '2016-12-05', 50, '2016-12-05 00:00:00', 1, 4, 'T', 0, NULL, NULL, NULL, NULL, NULL, NULL, NULL),
(16, 'รองศาสตราจารย์ นายแพทย์ธันย์   สุภัทรพันธุ์', 'รองอธิการบดีฝ่ายทรัพยากรบุคคล', 4, '1970-01-01', 50, '2016-12-05', 50, '2016-12-05 00:00:00', 1, 4, 'T', 0, NULL, NULL, NULL, NULL, NULL, NULL, NULL),
(17, 'รองศาสตราจารย์ ดร.กิติกร  จามรดุสิต', 'รองอธิการบดีฝ่ายสิ่งแวดล้อมและการพัฒนาอย่างยั่งยืน', 4, '1970-01-01', 50, '2016-12-05', 50, '2016-12-05 00:00:00', 1, 4, 'T', 0, NULL, NULL, NULL, NULL, NULL, NULL, NULL),
(18, 'รองศาสตราจารย์ นายแพทย์ปรีชา  สุนทรานันท์', 'รองอธิการบดีฝ่ายกิจการนักศึกษาและศิษย์เก่าสัมพันธ์', 4, '1970-01-01', 50, '2016-12-05', 50, '2016-12-05 00:00:00', 1, 4, 'T', 0, NULL, NULL, NULL, NULL, NULL, NULL, NULL),
(19, 'รองศาสตราจารย์ ดร. ภก.สมภพ  ประธานธุรารักษ์', 'รองอธิการบดีฝ่ายพัฒนาคุณภาพ', 4, '1970-01-01', 50, '2016-12-05', 50, '2016-12-05 00:00:00', 1, 4, 'T', 0, NULL, NULL, NULL, NULL, NULL, NULL, NULL),
(20, 'ดร.บุญนิตย์ มัธยมจันทร์', 'รองอธิการบดีฝ่ายสารสนเทศ', 4, '1970-01-01', 50, '2016-12-05', 50, '2016-12-05 00:00:00', 1, 4, 'T', 0, NULL, NULL, NULL, NULL, NULL, NULL, NULL),
(21, 'ผู้ช่วยศาสตราจารย์เชิญโชค   ศรขวัญ', 'รองอธิการบดีฝ่ายวิทยาเขตกาญจนบุรี', 4, '1970-01-01', 50, '2016-12-05', 50, '2016-12-05 00:00:00', 1, 4, 'T', 0, NULL, NULL, NULL, NULL, NULL, NULL, NULL),
(22, 'นายแพทย์หรรษา  แต้ศิริ ', 'รองอธิการบดีฝ่ายโครงการจัดตั้งวิทยาเขตอำนาจเจริญ', 4, '1970-01-01', 50, '2016-12-05', 50, '2016-12-05 00:00:00', 1, 4, 'T', 0, NULL, NULL, NULL, NULL, NULL, NULL, NULL),
(23, 'นายแพทย์เกษตร  อมันตกุล', 'รองอธิการบดีฝ่ายโครงการจัดตั้งวิทยาเขตนครสวรรค์', 4, '1970-01-01', 50, '2016-12-05', 50, '2016-12-05 00:00:00', 1, 4, 'T', 0, NULL, NULL, NULL, NULL, NULL, NULL, NULL),
(24, NULL, NULL, 4, '1970-01-01', 50, '2016-12-05', 50, '2016-12-05 00:00:00', 1, 4, 'T', 0, NULL, NULL, NULL, NULL, NULL, NULL, NULL),
(25, NULL, NULL, 4, '1970-01-01', 50, '2016-12-05', 50, '2016-12-05 00:00:00', 1, 4, 'T', 0, NULL, NULL, NULL, NULL, NULL, NULL, NULL),
(26, NULL, NULL, 4, '1970-01-01', 50, '2016-12-05', 50, '2016-12-05 00:00:00', 1, 4, 'T', 0, NULL, NULL, NULL, NULL, NULL, NULL, NULL),
(27, NULL, NULL, 4, '1970-01-01', 50, '2016-12-05', 50, '2016-12-05 00:00:00', 1, 4, 'T', 0, NULL, NULL, NULL, NULL, NULL, NULL, NULL),
(28, 'ชื่อ - สกุล', 'ตำแหน่ง', 4, '1970-01-01', 50, '2016-12-05', 50, '2016-12-05 00:00:00', 1, 4, 'T', 0, NULL, NULL, NULL, NULL, NULL, NULL, NULL),
(29, 'นางศิริลักษณ์ เกี่ยวข้อง', 'ผู้ช่วยอธิการบดีฝ่ายพัฒนาคุณภาพ', 4, '1970-01-01', 50, '2016-12-05', 50, '2016-12-05 00:00:00', 1, 4, 'T', 0, NULL, NULL, NULL, NULL, NULL, NULL, NULL),
(30, 'ดร.ระพี บุญเปลื้อง', 'ผู้ช่วยอธิการบดีฝ่ายวิเทศสัมพันธ์', 4, '1970-01-01', 50, '2016-12-05', 50, '2016-12-05 00:00:00', 1, 4, 'T', 0, NULL, NULL, NULL, NULL, NULL, NULL, NULL),
(31, 'รองศาสตราจารย์ ดร.ชุติพร อนุตริยะ', 'ผู้ช่วยอธิการบดีฝ่ายการศึกษา', 4, '1970-01-01', 50, '2016-12-05', 50, '2016-12-05 00:00:00', 1, 4, 'T', 0, NULL, NULL, NULL, NULL, NULL, NULL, NULL),
(32, 'รองศาตตราจารย์แพทย์หญิงสุภาวดี ประคุณหังสิต', 'ผู้ช่วยอธิการบดีฝ่ายการศึกษา', 4, '1970-01-01', 50, '2016-12-05', 50, '2016-12-05 00:00:00', 1, 4, 'T', 0, NULL, NULL, NULL, NULL, NULL, NULL, NULL),
(33, 'ดร.พัฒนาช พัฒนะศรี', 'ผู้ช่วยอธิการบดีฝ่ายวิจัย', 4, '1970-01-01', 50, '2016-12-05', 50, '2016-12-05 00:00:00', 1, 4, 'T', 0, NULL, NULL, NULL, NULL, NULL, NULL, NULL),
(34, 'ดร.นายแพทย์บดินทร์ ทรัพย์สมบูรณ์', 'ผู้ช่วยอธิการบดีฝ่ายสารสนเทศ', 4, '1970-01-01', 50, '2016-12-05', 50, '2016-12-05 00:00:00', 1, 4, 'T', 0, NULL, NULL, NULL, NULL, NULL, NULL, NULL),
(35, 'ดร.อรลัชชา ศิวรักษ์', 'ผู้ช่วยอธิการบดีฝ่ายบริหาร', 4, '1970-01-01', 50, '2016-12-05', 50, '2016-12-05 00:00:00', 1, 4, 'T', 0, NULL, NULL, NULL, NULL, NULL, NULL, NULL),
(36, 'ดร.วิริยะ เตชะรุ่งโรจน์', 'ผู้ช่วยอธิการบดีฝ่ายบริหาร', 4, '1970-01-01', 50, '2016-12-05', 50, '2016-12-05 00:00:00', 1, 4, 'T', 0, NULL, NULL, NULL, NULL, NULL, NULL, NULL),
(37, 'ดร.วรสุดา สุขารมณ์', 'ผู้ช่วยอธิการบดีฝ่ายวิทยาเขต กาญจนบุรี', 4, '1970-01-01', 50, '2016-12-05', 50, '2016-12-05 00:00:00', 1, 4, 'T', 0, NULL, NULL, NULL, NULL, NULL, NULL, NULL),
(38, 'แพทย์หญิง มนทกานติ์   โอประเสริฐสวัสดิ์', 'ผู้ช่วยอธิการบดีฝ่ายโครงการจัดตั้ง วิทยาเขตนครสวรรค์', 4, '1970-01-01', 50, '2016-12-05', 50, '2016-12-05 00:00:00', 1, 4, 'T', 0, NULL, NULL, NULL, NULL, NULL, NULL, NULL),
(39, 'ศาสตราจารย์ ดร.วิลาศ วูวงศ์', 'ที่ปรึกษาอธิการบดีฝ่ายการศึกษา', 4, '1970-01-01', 50, '2016-12-05', 50, '2016-12-05 00:00:00', 1, 4, 'T', 0, NULL, NULL, NULL, NULL, NULL, NULL, NULL),
(40, 'รองศาตราจารย์ศรีสนิท อินทรมณี', 'ที่ปรึกษาอธิการบดีฝ่ายการศึกษา', 4, '1970-01-01', 50, '2016-12-05', 50, '2016-12-05 00:00:00', 1, 4, 'T', 0, NULL, NULL, NULL, NULL, NULL, NULL, NULL),
(41, NULL, NULL, 4, '1970-01-01', 50, '2016-12-05', 50, '2016-12-05 00:00:00', 1, 4, 'T', 0, NULL, NULL, NULL, NULL, NULL, NULL, NULL),
(42, NULL, NULL, 4, '1970-01-01', 50, '2016-12-05', 50, '2016-12-05 00:00:00', 1, 4, 'T', 0, NULL, NULL, NULL, NULL, NULL, NULL, NULL),
(43, NULL, NULL, 4, '1970-01-01', 50, '2016-12-05', 50, '2016-12-05 00:00:00', 1, 4, 'T', 0, NULL, NULL, NULL, NULL, NULL, NULL, NULL),
(44, NULL, NULL, 4, '1970-01-01', 50, '2016-12-05', 50, '2016-12-05 00:00:00', 1, 4, 'T', 0, NULL, NULL, NULL, NULL, NULL, NULL, NULL),
(45, NULL, NULL, 4, '1970-01-01', 50, '2016-12-05', 50, '2016-12-05 00:00:00', 1, 4, 'T', 0, NULL, NULL, NULL, NULL, NULL, NULL, NULL),
(46, NULL, NULL, 4, '1970-01-01', 50, '2016-12-05', 50, '2016-12-05 00:00:00', 1, 4, 'T', 0, NULL, NULL, NULL, NULL, NULL, NULL, NULL),
(47, NULL, NULL, 4, '1970-01-01', 50, '2016-12-05', 50, '2016-12-05 00:00:00', 1, 4, 'T', 0, NULL, NULL, NULL, NULL, NULL, NULL, NULL),
(48, 'ชื่อ - สกุล', 'ตำแหน่ง', 4, '1970-01-01', 50, '2016-12-05', 50, '2016-12-05 00:00:00', 1, 4, 'T', 0, NULL, NULL, NULL, NULL, NULL, NULL, NULL),
(49, 'ศาสตราจารย์ ดร.แพทย์หญิงพัชรีย์ เลิศฤทธิ์', 'บัณฑิตวิทยาลัย', 4, '1970-01-01', 50, '2016-12-05', 50, '2016-12-05 00:00:00', 1, 4, 'T', 0, NULL, NULL, NULL, NULL, NULL, NULL, NULL),
(50, 'ศาสตราจารย์ ดร.ทพญ. วรานันท์ บัวจีบ', 'คณะทันตแพทยศาสตร์', 4, '1970-01-01', 50, '2016-12-05', 50, '2016-12-05 00:00:00', 1, 4, 'T', 0, NULL, NULL, NULL, NULL, NULL, NULL, NULL),
(51, 'ศาสตราจารย์ ดร.ฉัตรเฉลิม   อิศรางกูร ณ อยุธยา', 'คณะเทคนิคการแพทย์', 4, '1970-01-01', 50, '2016-12-05', 50, '2016-12-05 00:00:00', 1, 4, 'T', 0, NULL, NULL, NULL, NULL, NULL, NULL, NULL),
(52, 'รองศาสตราจารย์ ดร.ยาใจ สิทธิมงคล', 'คณะพยาบาลศาสตร์', 4, '1970-01-01', 50, '2016-12-05', 50, '2016-12-05 00:00:00', 1, 4, 'T', 0, NULL, NULL, NULL, NULL, NULL, NULL, NULL),
(53, 'ศาสตราจารย์ นายแพทย์ปิยะมิตร ศรีธรา', 'คณะแพทยศาสตร์โรงพยาบาลรามาธิบดี', 4, '1970-01-01', 50, '2016-12-05', 50, '2016-12-05 00:00:00', 1, 4, 'T', 0, NULL, NULL, NULL, NULL, NULL, NULL, NULL),
(54, 'ศาสตราจารย์ ประสิทธิ์ วัฒนาภา', 'คณะแพทยศาสตร์ศิริราชพยาบาล', 4, '1970-01-01', 50, '2016-12-05', 50, '2016-12-05 00:00:00', 1, 4, 'T', 0, NULL, NULL, NULL, NULL, NULL, NULL, NULL),
(55, 'รองศาสตราจารย์ ดร.ภญ.สุวัฒนา จุฬาวัฒนทล', 'คณะเภสัชศาสตร์', 4, '1970-01-01', 50, '2016-12-05', 50, '2016-12-05 00:00:00', 1, 4, 'T', 0, NULL, NULL, NULL, NULL, NULL, NULL, NULL),
(56, 'รองศาสตราจารย์ ดร.สิทธิวัฒน์ เลิศศิริ', 'คณะวิทยาศาสตร์', 4, '1970-01-01', 50, '2016-12-05', 50, '2016-12-05 00:00:00', 1, 4, 'T', 0, NULL, NULL, NULL, NULL, NULL, NULL, NULL),
(57, 'ผู้ช่วยศาสตราจารย์ ดร.จักรกฤษณ์ ศุทธากรณ์', 'คณะวิศวกรรมศาสตร์', 4, '1970-01-01', 50, '2016-12-05', 50, '2016-12-05 00:00:00', 1, 4, 'T', 0, NULL, NULL, NULL, NULL, NULL, NULL, NULL),
(58, 'รองศาสตราจารย์ นายแพทย์ประตาป สิงหศิวานนท์', 'คณะเวชศาสตร์เขตร้อน', 4, '1970-01-01', 50, '2016-12-05', 50, '2016-12-05 00:00:00', 1, 4, 'T', 0, NULL, NULL, NULL, NULL, NULL, NULL, NULL),
(59, 'รองศาสตราจารย์ ดร.ลือชัย ศรีเงินยวง', 'คณะสังคมศาสตร์และมนุษยศาสตร์', 4, '1970-01-01', 50, '2016-12-05', 50, '2016-12-05 00:00:00', 1, 4, 'T', 0, NULL, NULL, NULL, NULL, NULL, NULL, NULL),
(60, 'รองศาสตราจาร์ปานเทพ รัตนากร', 'คณะสัตวแพทยศาสตร์', 4, '1970-01-01', 50, '2016-12-05', 50, '2016-12-05 00:00:00', 1, 4, 'T', 0, NULL, NULL, NULL, NULL, NULL, NULL, NULL),
(61, 'รองศาสตราจารย์ ดร.ประยูร ฟองสถิตย์กุล ', 'คณะสาธารณสุขศาสตร์', 4, '1970-01-01', 50, '2016-12-05', 50, '2016-12-05 00:00:00', 1, 4, 'T', 0, NULL, NULL, NULL, NULL, NULL, NULL, NULL),
(62, 'รองศาสตราจารย์ ดร. กัมปนาท ภักดีกุล', 'คณะสิ่งแวดล้อมและทรัพยากรศาสตร์', 4, '1970-01-01', 50, '2016-12-05', 50, '2016-12-05 00:00:00', 1, 4, 'T', 0, NULL, NULL, NULL, NULL, NULL, NULL, NULL),
(63, 'ผู้ช่วยศาสตราจารย์ ดร.อภิลักษณ์  เกษมผลกูล', 'คณะศิลปศาสตร์', 4, '1970-01-01', 50, '2016-12-05', 50, '2016-12-05 00:00:00', 1, 4, 'T', 0, NULL, NULL, NULL, NULL, NULL, NULL, NULL),
(64, NULL, NULL, 4, '1970-01-01', 50, '2016-12-05', 50, '2016-12-05 00:00:00', 1, 4, 'T', 0, NULL, NULL, NULL, NULL, NULL, NULL, NULL),
(65, NULL, NULL, 4, '1970-01-01', 50, '2016-12-05', 50, '2016-12-05 00:00:00', 1, 4, 'T', 0, NULL, NULL, NULL, NULL, NULL, NULL, NULL),
(66, NULL, NULL, 4, '1970-01-01', 50, '2016-12-05', 50, '2016-12-05 00:00:00', 1, 4, 'T', 0, NULL, NULL, NULL, NULL, NULL, NULL, NULL),
(67, NULL, NULL, 4, '1970-01-01', 50, '2016-12-05', 50, '2016-12-05 00:00:00', 1, 4, 'T', 0, NULL, NULL, NULL, NULL, NULL, NULL, NULL),
(68, 'ชื่อ - สกุล', 'ตำแหน่ง', 4, '1970-01-01', 50, '2016-12-05', 50, '2016-12-05 00:00:00', 1, 4, 'T', 0, NULL, NULL, NULL, NULL, NULL, NULL, NULL),
(69, 'รองศาสตราจารย์รุ่งทิวา วัจฉละฐิติ', 'คณะกายภาพบำบัด', 4, '1970-01-01', 50, '2016-12-05', 50, '2016-12-05 00:00:00', 1, 4, 'T', 0, NULL, NULL, NULL, NULL, NULL, NULL, NULL),
(70, 'รองศาสตราจารย์เจริญศรี   มิตรภานนท์', 'คณะเทคโนโลยีสารสนเทศและการสื่อสาร', 4, '1970-01-01', 50, '2016-12-05', 50, '2016-12-05 00:00:00', 1, 4, 'T', 0, NULL, NULL, NULL, NULL, NULL, NULL, NULL),
(71, 'รองศาสตราจารย์ นายแพทย์สุวัฒน์ เบญจพลพิทักษ์', 'รักษาราชการแทน คณบดีวิทยาลัยการจัดการ', 4, '1970-01-01', 50, '2016-12-05', 50, '2016-12-05 00:00:00', 1, 4, 'T', 0, NULL, NULL, NULL, NULL, NULL, NULL, NULL),
(72, 'รองศาสตราจารย์พิทยา จารุพูนผล', 'วิทยาลัยนานาชาติ', 4, '1970-01-01', 50, '2016-12-05', 50, '2016-12-05 00:00:00', 1, 4, 'T', 0, NULL, NULL, NULL, NULL, NULL, NULL, NULL),
(73, 'ผู้ช่วยศาสตราจารย์ ดร.พิมพา ขจรธรรม', 'วิทยาลัยราชสุดา', 4, '1970-01-01', 50, '2016-12-05', 50, '2016-12-05 00:00:00', 1, 4, 'T', 0, NULL, NULL, NULL, NULL, NULL, NULL, NULL),
(74, 'รองศาสตราจารย์สุกรี เจริญสุข', 'วิทยาลัยดุริยางคศิลป์', 4, '1970-01-01', 50, '2016-12-05', 50, '2016-12-05 00:00:00', 1, 4, 'T', 0, NULL, NULL, NULL, NULL, NULL, NULL, NULL),
(75, 'อาจารย์ นายแพทย์ชนินทร์ ล่ำซำ', 'วิทยาลัยวิทยาศาสตร์และเทคโนโลยีการกีฬา', 4, '1970-01-01', 50, '2016-12-05', 50, '2016-12-05 00:00:00', 1, 4, 'T', 0, NULL, NULL, NULL, NULL, NULL, NULL, NULL),
(76, 'รองศาสตราจารย์ นายแพทย์ธันย์ สุภัทรพันธุ์', 'รักษาการคณบดีวิทยาลัยศาสนศึกษา', 4, '1970-01-01', 50, '2016-12-05', 50, '2016-12-05 00:00:00', 1, 4, 'T', 0, NULL, NULL, NULL, NULL, NULL, NULL, NULL),
(77, 'ศาสตราจารย์ สุภา เพ่งพิศ', 'สถาบันพัฒนาสุขภาพอาเซียน', 4, '1970-01-01', 50, '2016-12-05', 50, '2016-12-05 00:00:00', 1, 4, 'T', 0, NULL, NULL, NULL, NULL, NULL, NULL, NULL),
(78, 'รองศาสตราจารย์รศรินทร์ เกรย์', 'สถาบันวิจัยประชากรและสังคม', 4, '1970-01-01', 50, '2016-12-05', 50, '2016-12-05 00:00:00', 1, 4, 'T', 0, NULL, NULL, NULL, NULL, NULL, NULL, NULL),
(79, 'รองศาสตราจารย์ ดร.ขวัญจิต ศศิวงศาโรจน์', 'สถาบันวิจัยภาษาและวัฒนธรรมเอเชีย', 4, '1970-01-01', 50, '2016-12-05', 50, '2016-12-05 00:00:00', 1, 4, 'T', 0, NULL, NULL, NULL, NULL, NULL, NULL, NULL),
(80, 'รองศาสตราจารย์ ดร.รัชนี คงคาฉุยฉาย', 'สถาบันโภชนาการ', 4, '1970-01-01', 50, '2016-12-05', 50, '2016-12-05 00:00:00', 1, 4, 'T', 0, NULL, NULL, NULL, NULL, NULL, NULL, NULL),
(81, 'ศาสตราจารย์ นพ.ประเสริฐ เอื้อวรากุล', 'สถาบันชีววิทยาศาสตร์โมเลกุล', 4, '1970-01-01', 50, '2016-12-05', 50, '2016-12-05 00:00:00', 1, 4, 'T', 0, NULL, NULL, NULL, NULL, NULL, NULL, NULL),
(82, 'รองศาสตราจารย์ นพ.สุริยเดว ทรีปาตี', 'สถาบันแห่งชาติเพื่อการพัฒนาเด็กและครอบครัว', 4, '1970-01-01', 50, '2016-12-05', 50, '2016-12-05 00:00:00', 1, 4, 'T', 0, NULL, NULL, NULL, NULL, NULL, NULL, NULL),
(83, 'ศาสตราจารย์ นายแพทย์บรรจง มไหสวริยะ  ', 'รักษาการแทนผู้อำนวยการสถาบันนวัตกรรมการเรียนรู้', 4, '1970-01-01', 50, '2016-12-05', 50, '2016-12-05 00:00:00', 1, 4, 'T', 0, NULL, NULL, NULL, NULL, NULL, NULL, NULL),
(84, 'รองศาสตราจารย์ นายแพทย์ประดิษฐ์ สมประกิจ', 'รักษาการแทนผู้อำนวยการศูนย์สัตว์ทดลองแห่งชาติ', 4, '1970-01-01', 50, '2016-12-05', 50, '2016-12-05 00:00:00', 1, 4, 'T', 0, NULL, NULL, NULL, NULL, NULL, NULL, NULL),
(85, NULL, NULL, 4, '1970-01-01', 50, '2016-12-05', 50, '2016-12-05 00:00:00', 1, 4, 'T', 0, NULL, NULL, NULL, NULL, NULL, NULL, NULL),
(86, NULL, NULL, 4, '1970-01-01', 50, '2016-12-05', 50, '2016-12-05 00:00:00', 1, 4, 'T', 0, NULL, NULL, NULL, NULL, NULL, NULL, NULL),
(87, NULL, NULL, 4, '1970-01-01', 50, '2016-12-05', 50, '2016-12-05 00:00:00', 1, 4, 'T', 0, NULL, NULL, NULL, NULL, NULL, NULL, NULL),
(88, 'ชื่อ - สกุล', 'ตำแหน่ง', 4, '1970-01-01', 50, '2016-12-05', 50, '2016-12-05 00:00:00', 1, 4, 'T', 0, NULL, NULL, NULL, NULL, NULL, NULL, NULL),
(89, 'รองศาสตราจารย์ นพ.สุพรชัย กองพัฒนากุล', 'ศูนย์ตรวจสอบสารต้องห้ามในนักกีฬา', 4, '1970-01-01', 50, '2016-12-05', 50, '2016-12-05 00:00:00', 1, 4, 'T', 0, NULL, NULL, NULL, NULL, NULL, NULL, NULL),
(90, 'ดร. รุจเรขา วิทยาวุฑฒิกุล', 'หอสมุดและคลังความรู้', 4, '1970-01-01', 50, '2016-12-05', 50, '2016-12-05 00:00:00', 1, 4, 'T', 0, NULL, NULL, NULL, NULL, NULL, NULL, NULL),
(91, 'ผู้ช่วยศาสตราจารย์ กุลณสรรค์   สายขุน', 'สำนักงานสภามหาวิทยาลัยมหิดล', 4, '1970-01-01', 50, '2016-12-05', 50, '2016-12-05 00:00:00', 1, 4, 'T', 0, NULL, NULL, NULL, NULL, NULL, NULL, NULL),
(92, 'ดร. ธนิต ชังถาวร', 'สถาบันบริหารจัดการเทคโนโลยีและนวัตกรรม', 4, '1970-01-01', 50, '2016-12-05', 50, '2016-12-05 00:00:00', 1, 4, 'T', 0, NULL, NULL, NULL, NULL, NULL, NULL, NULL),
(93, NULL, NULL, 4, '1970-01-01', 50, '2016-12-05', 50, '2016-12-05 00:00:00', 1, 4, 'T', 0, NULL, NULL, NULL, NULL, NULL, NULL, NULL),
(94, NULL, NULL, 4, '1970-01-01', 50, '2016-12-05', 50, '2016-12-05 00:00:00', 1, 4, 'T', 0, NULL, NULL, NULL, NULL, NULL, NULL, NULL),
(95, NULL, NULL, 4, '1970-01-01', 50, '2016-12-05', 50, '2016-12-05 00:00:00', 1, 4, 'T', 0, NULL, NULL, NULL, NULL, NULL, NULL, NULL),
(96, NULL, NULL, 4, '1970-01-01', 50, '2016-12-05', 50, '2016-12-05 00:00:00', 1, 4, 'T', 0, NULL, NULL, NULL, NULL, NULL, NULL, NULL),
(97, NULL, NULL, 4, '1970-01-01', 50, '2016-12-05', 50, '2016-12-05 00:00:00', 1, 4, 'T', 0, NULL, NULL, NULL, NULL, NULL, NULL, NULL),
(98, NULL, NULL, 4, '1970-01-01', 50, '2016-12-05', 50, '2016-12-05 00:00:00', 1, 4, 'T', 0, NULL, NULL, NULL, NULL, NULL, NULL, NULL),
(99, NULL, NULL, 4, '1970-01-01', 50, '2016-12-05', 50, '2016-12-05 00:00:00', 1, 4, 'T', 0, NULL, NULL, NULL, NULL, NULL, NULL, NULL),
(100, NULL, NULL, 4, '1970-01-01', 50, '2016-12-05', 50, '2016-12-05 00:00:00', 1, 4, 'T', 0, NULL, NULL, NULL, NULL, NULL, NULL, NULL),
(101, NULL, NULL, 4, '1970-01-01', 50, '2016-12-05', 50, '2016-12-05 00:00:00', 1, 4, 'T', 0, NULL, NULL, NULL, NULL, NULL, NULL, NULL),
(102, NULL, NULL, 4, '1970-01-01', 50, '2016-12-05', 50, '2016-12-05 00:00:00', 1, 4, 'T', 0, NULL, NULL, NULL, NULL, NULL, NULL, NULL),
(103, NULL, NULL, 4, '1970-01-01', 50, '2016-12-05', 50, '2016-12-05 00:00:00', 1, 4, 'T', 0, NULL, NULL, NULL, NULL, NULL, NULL, NULL),
(104, NULL, NULL, 4, '1970-01-01', 50, '2016-12-05', 50, '2016-12-05 00:00:00', 1, 4, 'T', 0, NULL, NULL, NULL, NULL, NULL, NULL, NULL),
(105, NULL, NULL, 4, '1970-01-01', 50, '2016-12-05', 50, '2016-12-05 00:00:00', 1, 4, 'T', 0, NULL, NULL, NULL, NULL, NULL, NULL, NULL),
(106, NULL, NULL, 4, '1970-01-01', 50, '2016-12-05', 50, '2016-12-05 00:00:00', 1, 4, 'T', 0, NULL, NULL, NULL, NULL, NULL, NULL, NULL),
(107, NULL, NULL, 4, '1970-01-01', 50, '2016-12-05', 50, '2016-12-05 00:00:00', 1, 4, 'T', 0, NULL, NULL, NULL, NULL, NULL, NULL, NULL),
(108, 'ชื่อ - สกุล', 'ตำแหน่ง', 4, '1970-01-01', 50, '2016-12-05', 50, '2016-12-05 00:00:00', 1, 4, 'T', 0, NULL, NULL, NULL, NULL, NULL, NULL, NULL),
(109, 'นางอรัญญา ภู่สันติพงษ์', 'ผู้อำนวยการกองพัฒนาคุณภาพ', 4, '1970-01-01', 50, '2016-12-05', 50, '2016-12-05 00:00:00', 1, 4, 'T', 0, NULL, NULL, NULL, NULL, NULL, NULL, NULL),
(110, 'นายนิพนธ์ ครุฑเครือศรี', 'ผู้อำนวยการกองบริหารงานทั่วไป', 4, '1970-01-01', 50, '2016-12-05', 50, '2016-12-05 00:00:00', 1, 4, 'T', 0, NULL, NULL, NULL, NULL, NULL, NULL, NULL),
(111, 'นางจริยา ปัญญา', 'ผู้อำนวยการกองทรัพยากรบุคคล', 4, '1970-01-01', 50, '2016-12-05', 50, '2016-12-05 00:00:00', 1, 4, 'T', 0, NULL, NULL, NULL, NULL, NULL, NULL, NULL),
(112, 'นางกีรติ สอนคุ้ม', 'ผู้อำนวยการกองกิจการนักศึกษา', 4, '1970-01-01', 50, '2016-12-05', 50, '2016-12-05 00:00:00', 1, 4, 'T', 0, NULL, NULL, NULL, NULL, NULL, NULL, NULL),
(113, 'นางสาวอนุช จิระวันชัยกุล', 'ผู้อำนวยการกองคลัง', 4, '1970-01-01', 50, '2016-12-05', 50, '2016-12-05 00:00:00', 1, 4, 'T', 0, NULL, NULL, NULL, NULL, NULL, NULL, NULL),
(114, 'นายธีรพันธุ์ วิมลสาระวงค์', 'ผู้อำนวยการกองเทคโนโลยีสารสนเทศ', 4, '1970-01-01', 50, '2016-12-05', 50, '2016-12-05 00:00:00', 1, 4, 'T', 0, NULL, NULL, NULL, NULL, NULL, NULL, NULL),
(115, 'นางสาวปวีณา ลาวัณย์ศิริ', 'ผู้อำนวยการกองแผนงาน', 4, '1970-01-01', 50, '2016-12-05', 50, '2016-12-05 00:00:00', 1, 4, 'T', 0, NULL, NULL, NULL, NULL, NULL, NULL, NULL),
(116, 'นางรัตนา เพ็ชรอุไร', 'ผู้อำนวยการกองบริหารงานวิจัย', 4, '1970-01-01', 50, '2016-12-05', 50, '2016-12-05 00:00:00', 1, 4, 'T', 0, NULL, NULL, NULL, NULL, NULL, NULL, NULL),
(117, 'นางสาววรรณพิมล เสนาแพทย์ภากร', 'ผู้อำนวยการกองแผนงาน\n ผู้อำนวยการกองวิเทศสัมพันธ์\n ผู้อำนวยการกองบริหารงานวิจัย\n', 4, '1970-01-01', 50, '2016-12-05', 50, '2016-12-05 00:00:00', 1, 4, 'T', 0, NULL, NULL, NULL, NULL, NULL, NULL, NULL),
(118, 'นายบุญชู แจ้งเจริญกิจ', 'ผู้อำนวยการกองกฎหมาย', 4, '1970-01-01', 50, '2016-12-05', 50, '2016-12-05 00:00:00', 1, 4, 'T', 0, NULL, NULL, NULL, NULL, NULL, NULL, NULL),
(119, 'นายสมชาติ พนาเกษม ', 'ผู้อำนวยการกองบริหารการศึกษา', 4, '1970-01-01', 50, '2016-12-05', 50, '2016-12-05 00:00:00', 1, 4, 'T', 0, NULL, NULL, NULL, NULL, NULL, NULL, NULL),
(120, 'ผู้ช่วยศาสตราจารย์ นายแพทย์ธีระ กลลดาเรืองไกร', 'รักษาการผู้อำนวยการศูนย์การแพทย์กาญจนาภิเษก', 4, '1970-01-01', 50, '2016-12-05', 50, '2016-12-05 00:00:00', 1, 4, 'T', 0, NULL, NULL, NULL, NULL, NULL, NULL, NULL),
(121, 'นายมาโนชญ์ เหล็กดำรง ', 'ผู้อำนวยการกองกายภาพและสิ่งแวดล้อม', 4, '1970-01-01', 50, '2016-12-05', 50, '2016-12-05 00:00:00', 1, 4, 'T', 0, NULL, NULL, NULL, NULL, NULL, NULL, NULL),
(122, 'นายปัญญา ธำรงธีระกุล', 'ผู้อำนวยการศูนย์บริหารสินทรัพย์', 4, '1970-01-01', 50, '2016-12-05', 50, '2016-12-05 00:00:00', 1, 4, 'T', 0, NULL, NULL, NULL, NULL, NULL, NULL, NULL),
(123, 'นายธรรญา สุขสมัย ', 'ผู้อำนวยการศูนย์บริหารจัดการความเสี่ยง', 4, '1970-01-01', 50, '2016-12-05', 50, '2016-12-05 00:00:00', 1, 4, 'T', 0, NULL, NULL, NULL, NULL, NULL, NULL, NULL),
(124, NULL, NULL, 4, '1970-01-01', 50, '2016-12-05', 50, '2016-12-05 00:00:00', 1, 4, 'T', 0, NULL, NULL, NULL, NULL, NULL, NULL, NULL),
(125, NULL, NULL, 4, '1970-01-01', 50, '2016-12-05', 50, '2016-12-05 00:00:00', 1, 4, 'T', 0, NULL, NULL, NULL, NULL, NULL, NULL, NULL),
(126, NULL, NULL, 4, '1970-01-01', 50, '2016-12-05', 50, '2016-12-05 00:00:00', 1, 4, 'T', 0, NULL, NULL, NULL, NULL, NULL, NULL, NULL),
(127, NULL, NULL, 4, '1970-01-01', 50, '2016-12-05', 50, '2016-12-05 00:00:00', 1, 4, 'T', 0, NULL, NULL, NULL, NULL, NULL, NULL, NULL),
(128, 'ชื่อ - สกุล', 'ตำแหน่ง', 4, '1970-01-01', 50, '2016-12-05', 50, '2016-12-05 00:00:00', 1, 4, 'T', 0, NULL, NULL, NULL, NULL, NULL, NULL, NULL),
(129, 'นางสุวรรณา เจนสวัสดิ์พงศ์', 'รักษาการผู้อำนวยการศูนย์ตรวจสอบภายใน', 4, '1970-01-01', 50, '2016-12-05', 50, '2016-12-05 00:00:00', 1, 4, 'T', 0, NULL, NULL, NULL, NULL, NULL, NULL, NULL),
(130, 'ศาสตราจารย์พรรณแข มไหสวริยะ ', 'ผู้อำนวยการศูนย์ส่งเสริมจริยธรรมการวิจัยในคน', 4, '1970-01-01', 50, '2016-12-05', 50, '2016-12-05 00:00:00', 1, 4, 'T', 0, NULL, NULL, NULL, NULL, NULL, NULL, NULL),
(131, 'รองศาสตราจารย์ วริยา ชินวรรโณ', 'ผู้อำนวยการโรงเรียนสาธิตนานาชาติ', 4, '1970-01-01', 50, '2016-12-05', 50, '2016-12-05 00:00:00', 1, 4, 'T', 0, NULL, NULL, NULL, NULL, NULL, NULL, NULL),
(132, 'ผู้ช่วยศาสตราจารย์ ดร.สุรพงษ์ เลิศสิทธิชัย', 'ผู้อำนวยการโครงการจัดตั้งศูนย์เศรษฐกิจสร้างสรรค์', 4, '1970-01-01', 50, '2016-12-05', 50, '2016-12-05 00:00:00', 1, 4, 'T', 0, NULL, NULL, NULL, NULL, NULL, NULL, NULL),
(133, 'ดร.เอกพันธุ์ ปิณฑวณิช', 'สถาบันสิทธิมนุษยชนและสันติศึกษา', 4, '1970-01-01', 50, '2016-12-05', 50, '2016-12-05 00:00:00', 1, 4, 'T', 0, NULL, NULL, NULL, NULL, NULL, NULL, NULL),
(134, 'รองศาสตราจารย์ชัชวาลย์ ศิลปกิจ', 'ศูนย์จิตตปัญญาศึกษา', 4, '1970-01-01', 50, '2016-12-05', 50, '2016-12-05 00:00:00', 1, 4, 'T', 0, NULL, NULL, NULL, NULL, NULL, NULL, NULL),
(135, NULL, NULL, 4, '1970-01-01', 50, '2016-12-05', 50, '2016-12-05 00:00:00', 1, 4, 'T', 0, NULL, NULL, NULL, NULL, NULL, NULL, NULL),
(136, NULL, NULL, 4, '1970-01-01', 50, '2016-12-05', 50, '2016-12-05 00:00:00', 1, 4, 'T', 0, NULL, NULL, NULL, NULL, NULL, NULL, NULL),
(137, NULL, NULL, 4, '1970-01-01', 50, '2016-12-05', 50, '2016-12-05 00:00:00', 1, 4, 'T', 0, NULL, NULL, NULL, NULL, NULL, NULL, NULL),
(138, NULL, NULL, 4, '1970-01-01', 50, '2016-12-05', 50, '2016-12-05 00:00:00', 1, 4, 'T', 0, NULL, NULL, NULL, NULL, NULL, NULL, NULL),
(139, NULL, NULL, 4, '1970-01-01', 50, '2016-12-05', 50, '2016-12-05 00:00:00', 1, 4, 'T', 0, NULL, NULL, NULL, NULL, NULL, NULL, NULL),
(140, NULL, NULL, 4, '1970-01-01', 50, '2016-12-05', 50, '2016-12-05 00:00:00', 1, 4, 'T', 0, NULL, NULL, NULL, NULL, NULL, NULL, NULL),
(141, NULL, NULL, 4, '1970-01-01', 50, '2016-12-05', 50, '2016-12-05 00:00:00', 1, 4, 'T', 0, NULL, NULL, NULL, NULL, NULL, NULL, NULL),
(142, NULL, NULL, 4, '1970-01-01', 50, '2016-12-05', 50, '2016-12-05 00:00:00', 1, 4, 'T', 0, NULL, NULL, NULL, NULL, NULL, NULL, NULL),
(143, NULL, NULL, 4, '1970-01-01', 50, '2016-12-05', 50, '2016-12-05 00:00:00', 1, 4, 'T', 0, NULL, NULL, NULL, NULL, NULL, NULL, NULL),
(144, NULL, NULL, 4, '1970-01-01', 50, '2016-12-05', 50, '2016-12-05 00:00:00', 1, 4, 'T', 0, NULL, NULL, NULL, NULL, NULL, NULL, NULL),
(145, NULL, NULL, 4, '1970-01-01', 50, '2016-12-05', 50, '2016-12-05 00:00:00', 1, 4, 'T', 0, NULL, NULL, NULL, NULL, NULL, NULL, NULL),
(146, 'ชื่อ - สกุล', 'ตำแหน่ง', 4, '1970-01-01', 50, '2016-12-05', 50, '2016-12-05 00:00:00', 1, 4, 'T', 0, NULL, NULL, NULL, NULL, NULL, NULL, NULL),
(147, 'ศาสตราจารย์คลินิก นายแพทย์ อุดม คชินทร', 'อธิการบดี', 4, '1970-01-01', 50, '2016-12-05', 50, '2016-12-05 00:00:00', 1, 4, 'T', 0, NULL, NULL, NULL, NULL, NULL, NULL, NULL),
(148, 'ศาสตราจารย์ นายแพทย์บรรจง   มไหสวริยะ ', 'รองอธิการบดี', 4, '1970-01-01', 50, '2016-12-05', 50, '2016-12-05 00:00:00', 1, 4, 'T', 0, NULL, NULL, NULL, NULL, NULL, NULL, NULL),
(149, 'รองศาสตราจารย์ นายแพทย์ประดิษฐ์  สมประกิจ', 'รองอธิการบดีฝ่ายการคลังและแผนงาน', 4, '1970-01-01', 50, '2016-12-05', 50, '2016-12-05 00:00:00', 1, 4, 'T', 0, NULL, NULL, NULL, NULL, NULL, NULL, NULL),
(150, 'ศาสตราจารย์คลินิก นายแพทย์โชคชัย   เมธีไตรรัตน์', 'รองอธิการบดีฝ่ายบริหาร', 4, '1970-01-01', 50, '2016-12-05', 50, '2016-12-05 00:00:00', 1, 4, 'T', 0, NULL, NULL, NULL, NULL, NULL, NULL, NULL),
(151, 'ศาสตราจารย์ ดร.ศันสนีย์  ไชยโรจน์', 'รองอธิการบดีฝ่ายวิจัยและวิเทศสัมพันธ์', 4, '1970-01-01', 50, '2016-12-05', 50, '2016-12-05 00:00:00', 1, 4, 'T', 0, NULL, NULL, NULL, NULL, NULL, NULL, NULL),
(152, 'ศาสตราจารย์คลินิก นายแพทย์สุวัฒน์ เบญจพลพิทักษ์', 'รองอธิการบดีฝ่ายการศึกษา', 4, '1970-01-01', 50, '2016-12-05', 50, '2016-12-05 00:00:00', 1, 4, 'T', 0, NULL, NULL, NULL, NULL, NULL, NULL, NULL),
(153, 'รองศาสตราจารย์ นายแพทย์ธันย์   สุภัทรพันธุ์', 'รองอธิการบดีฝ่ายทรัพยากรบุคคล', 4, '1970-01-01', 50, '2016-12-05', 50, '2016-12-05 00:00:00', 1, 4, 'T', 0, NULL, NULL, NULL, NULL, NULL, NULL, NULL),
(154, 'รองศาสตราจารย์ ดร.กิติกร  จามรดุสิต', 'รองอธิการบดีฝ่ายสิ่งแวดล้อมและการพัฒนาอย่างยั่งยืน', 4, '1970-01-01', 50, '2016-12-05', 50, '2016-12-05 00:00:00', 1, 4, 'T', 0, NULL, NULL, NULL, NULL, NULL, NULL, NULL),
(155, 'รองศาสตราจารย์ นายแพทย์ปรีชา  สุนทรานันท์', 'รองอธิการบดีฝ่ายกิจการนักศึกษาและศิษย์เก่าสัมพันธ์', 4, '1970-01-01', 50, '2016-12-05', 50, '2016-12-05 00:00:00', 1, 4, 'T', 0, NULL, NULL, NULL, NULL, NULL, NULL, NULL),
(156, 'รองศาสตราจารย์ ดร. ภก.สมภพ  ประธานธุรารักษ์', 'รองอธิการบดีฝ่ายพัฒนาคุณภาพ', 4, '1970-01-01', 50, '2016-12-05', 50, '2016-12-05 00:00:00', 1, 4, 'T', 0, NULL, NULL, NULL, NULL, NULL, NULL, NULL),
(157, 'ดร.บุญนิตย์ มัธยมจันทร์', 'รองอธิการบดีฝ่ายสารสนเทศ', 4, '1970-01-01', 50, '2016-12-05', 50, '2016-12-05 00:00:00', 1, 4, 'T', 0, NULL, NULL, NULL, NULL, NULL, NULL, NULL),
(158, 'ผู้ช่วยศาสตราจารย์เชิญโชค   ศรขวัญ', 'รองอธิการบดีฝ่ายวิทยาเขตกาญจนบุรี', 4, '1970-01-01', 50, '2016-12-05', 50, '2016-12-05 00:00:00', 1, 4, 'T', 0, NULL, NULL, NULL, NULL, NULL, NULL, NULL),
(159, 'นายแพทย์หรรษา  แต้ศิริ ', 'รองอธิการบดีฝ่ายโครงการจัดตั้งวิทยาเขตอำนาจเจริญ', 4, '1970-01-01', 50, '2016-12-05', 50, '2016-12-05 00:00:00', 1, 4, 'T', 0, NULL, NULL, NULL, NULL, NULL, NULL, NULL),
(160, 'นายแพทย์เกษตร  อมันตกุล', 'รองอธิการบดีฝ่ายโครงการจัดตั้งวิทยาเขตนครสวรรค์', 4, '1970-01-01', 50, '2016-12-05', 50, '2016-12-05 00:00:00', 1, 4, 'T', 0, NULL, NULL, NULL, NULL, NULL, NULL, NULL),
(161, NULL, NULL, 4, '1970-01-01', 50, '2016-12-05', 50, '2016-12-05 00:00:00', 1, 4, 'T', 0, NULL, NULL, NULL, NULL, NULL, NULL, NULL),
(162, NULL, NULL, 4, '1970-01-01', 50, '2016-12-05', 50, '2016-12-05 00:00:00', 1, 4, 'T', 0, NULL, NULL, NULL, NULL, NULL, NULL, NULL),
(163, NULL, NULL, 4, '1970-01-01', 50, '2016-12-05', 50, '2016-12-05 00:00:00', 1, 4, 'T', 0, NULL, NULL, NULL, NULL, NULL, NULL, NULL),
(164, NULL, NULL, 4, '1970-01-01', 50, '2016-12-05', 50, '2016-12-05 00:00:00', 1, 4, 'T', 0, NULL, NULL, NULL, NULL, NULL, NULL, NULL),
(165, 'ชื่อ - สกุล', 'ตำแหน่ง', 4, '1970-01-01', 50, '2016-12-05', 50, '2016-12-05 00:00:00', 1, 4, 'T', 0, NULL, NULL, NULL, NULL, NULL, NULL, NULL),
(166, 'นางศิริลักษณ์ เกี่ยวข้อง', 'ผู้ช่วยอธิการบดีฝ่ายพัฒนาคุณภาพ', 4, '1970-01-01', 50, '2016-12-05', 50, '2016-12-05 00:00:00', 1, 4, 'T', 0, NULL, NULL, NULL, NULL, NULL, NULL, NULL),
(167, 'ดร.ระพี บุญเปลื้อง', 'ผู้ช่วยอธิการบดีฝ่ายวิเทศสัมพันธ์', 4, '1970-01-01', 50, '2016-12-05', 50, '2016-12-05 00:00:00', 1, 4, 'T', 0, NULL, NULL, NULL, NULL, NULL, NULL, NULL),
(168, 'รองศาสตราจารย์ ดร.ชุติพร อนุตริยะ', 'ผู้ช่วยอธิการบดีฝ่ายการศึกษา', 4, '1970-01-01', 50, '2016-12-05', 50, '2016-12-05 00:00:00', 1, 4, 'T', 0, NULL, NULL, NULL, NULL, NULL, NULL, NULL),
(169, 'รองศาตตราจารย์แพทย์หญิงสุภาวดี ประคุณหังสิต', 'ผู้ช่วยอธิการบดีฝ่ายการศึกษา', 4, '1970-01-01', 50, '2016-12-05', 50, '2016-12-05 00:00:00', 1, 4, 'T', 0, NULL, NULL, NULL, NULL, NULL, NULL, NULL),
(170, 'ดร.พัฒนาช พัฒนะศรี', 'ผู้ช่วยอธิการบดีฝ่ายวิจัย', 4, '1970-01-01', 50, '2016-12-05', 50, '2016-12-05 00:00:00', 1, 4, 'T', 0, NULL, NULL, NULL, NULL, NULL, NULL, NULL),
(171, 'ดร.นายแพทย์บดินทร์ ทรัพย์สมบูรณ์', 'ผู้ช่วยอธิการบดีฝ่ายสารสนเทศ', 4, '1970-01-01', 50, '2016-12-05', 50, '2016-12-05 00:00:00', 1, 4, 'T', 0, NULL, NULL, NULL, NULL, NULL, NULL, NULL),
(172, 'ดร.อรลัชชา ศิวรักษ์', 'ผู้ช่วยอธิการบดีฝ่ายบริหาร', 4, '1970-01-01', 50, '2016-12-05', 50, '2016-12-05 00:00:00', 1, 4, 'T', 0, NULL, NULL, NULL, NULL, NULL, NULL, NULL),
(173, 'ดร.วิริยะ เตชะรุ่งโรจน์', 'ผู้ช่วยอธิการบดีฝ่ายบริหาร', 4, '1970-01-01', 50, '2016-12-05', 50, '2016-12-05 00:00:00', 1, 4, 'T', 0, NULL, NULL, NULL, NULL, NULL, NULL, NULL),
(174, 'ดร.วรสุดา สุขารมณ์', 'ผู้ช่วยอธิการบดีฝ่ายวิทยาเขต กาญจนบุรี', 4, '1970-01-01', 50, '2016-12-05', 50, '2016-12-05 00:00:00', 1, 4, 'T', 0, NULL, NULL, NULL, NULL, NULL, NULL, NULL),
(175, 'แพทย์หญิง มนทกานติ์   โอประเสริฐสวัสดิ์', 'ผู้ช่วยอธิการบดีฝ่ายโครงการจัดตั้ง วิทยาเขตนครสวรรค์', 4, '1970-01-01', 50, '2016-12-05', 50, '2016-12-05 00:00:00', 1, 4, 'T', 0, NULL, NULL, NULL, NULL, NULL, NULL, NULL),
(176, 'ศาสตราจารย์ ดร.วิลาศ วูวงศ์', 'ที่ปรึกษาอธิการบดีฝ่ายการศึกษา', 4, '1970-01-01', 50, '2016-12-05', 50, '2016-12-05 00:00:00', 1, 4, 'T', 0, NULL, NULL, NULL, NULL, NULL, NULL, NULL),
(177, 'รองศาตราจารย์ศรีสนิท อินทรมณี', 'ที่ปรึกษาอธิการบดีฝ่ายการศึกษา', 4, '1970-01-01', 50, '2016-12-05', 50, '2016-12-05 00:00:00', 1, 4, 'T', 0, NULL, NULL, NULL, NULL, NULL, NULL, NULL),
(178, NULL, NULL, 4, '1970-01-01', 50, '2016-12-05', 50, '2016-12-05 00:00:00', 1, 4, 'T', 0, NULL, NULL, NULL, NULL, NULL, NULL, NULL),
(179, NULL, NULL, 4, '1970-01-01', 50, '2016-12-05', 50, '2016-12-05 00:00:00', 1, 4, 'T', 0, NULL, NULL, NULL, NULL, NULL, NULL, NULL),
(180, NULL, NULL, 4, '1970-01-01', 50, '2016-12-05', 50, '2016-12-05 00:00:00', 1, 4, 'T', 0, NULL, NULL, NULL, NULL, NULL, NULL, NULL),
(181, NULL, NULL, 4, '1970-01-01', 50, '2016-12-05', 50, '2016-12-05 00:00:00', 1, 4, 'T', 0, NULL, NULL, NULL, NULL, NULL, NULL, NULL),
(182, NULL, NULL, 4, '1970-01-01', 50, '2016-12-05', 50, '2016-12-05 00:00:00', 1, 4, 'T', 0, NULL, NULL, NULL, NULL, NULL, NULL, NULL),
(183, NULL, NULL, 4, '1970-01-01', 50, '2016-12-05', 50, '2016-12-05 00:00:00', 1, 4, 'T', 0, NULL, NULL, NULL, NULL, NULL, NULL, NULL),
(184, NULL, NULL, 4, '1970-01-01', 50, '2016-12-05', 50, '2016-12-05 00:00:00', 1, 4, 'T', 0, NULL, NULL, NULL, NULL, NULL, NULL, NULL),
(185, 'ชื่อ - สกุล', 'ตำแหน่ง', 4, '1970-01-01', 50, '2016-12-05', 50, '2016-12-05 00:00:00', 1, 4, 'T', 0, NULL, NULL, NULL, NULL, NULL, NULL, NULL),
(186, 'ศาสตราจารย์ ดร.แพทย์หญิงพัชรีย์ เลิศฤทธิ์', 'บัณฑิตวิทยาลัย', 4, '1970-01-01', 50, '2016-12-05', 50, '2016-12-05 00:00:00', 1, 4, 'T', 0, NULL, NULL, NULL, NULL, NULL, NULL, NULL),
(187, 'ศาสตราจารย์ ดร.ทพญ. วรานันท์ บัวจีบ', 'คณะทันตแพทยศาสตร์', 4, '1970-01-01', 50, '2016-12-05', 50, '2016-12-05 00:00:00', 1, 4, 'T', 0, NULL, NULL, NULL, NULL, NULL, NULL, NULL),
(188, 'ศาสตราจารย์ ดร.ฉัตรเฉลิม   อิศรางกูร ณ อยุธยา', 'คณะเทคนิคการแพทย์', 4, '1970-01-01', 50, '2016-12-05', 50, '2016-12-05 00:00:00', 1, 4, 'T', 0, NULL, NULL, NULL, NULL, NULL, NULL, NULL),
(189, 'รองศาสตราจารย์ ดร.ยาใจ สิทธิมงคล', 'คณะพยาบาลศาสตร์', 4, '1970-01-01', 50, '2016-12-05', 50, '2016-12-05 00:00:00', 1, 4, 'T', 0, NULL, NULL, NULL, NULL, NULL, NULL, NULL),
(190, 'ศาสตราจารย์ นายแพทย์ปิยะมิตร ศรีธรา', 'คณะแพทยศาสตร์โรงพยาบาลรามาธิบดี', 4, '1970-01-01', 50, '2016-12-05', 50, '2016-12-05 00:00:00', 1, 4, 'T', 0, NULL, NULL, NULL, NULL, NULL, NULL, NULL),
(191, 'ศาสตราจารย์ ประสิทธิ์ วัฒนาภา', 'คณะแพทยศาสตร์ศิริราชพยาบาล', 4, '1970-01-01', 50, '2016-12-05', 50, '2016-12-05 00:00:00', 1, 4, 'T', 0, NULL, NULL, NULL, NULL, NULL, NULL, NULL),
(192, 'รองศาสตราจารย์ ดร.ภญ.สุวัฒนา จุฬาวัฒนทล', 'คณะเภสัชศาสตร์', 4, '1970-01-01', 50, '2016-12-05', 50, '2016-12-05 00:00:00', 1, 4, 'T', 0, NULL, NULL, NULL, NULL, NULL, NULL, NULL),
(193, 'รองศาสตราจารย์ ดร.สิทธิวัฒน์ เลิศศิริ', 'คณะวิทยาศาสตร์', 4, '1970-01-01', 50, '2016-12-05', 50, '2016-12-05 00:00:00', 1, 4, 'T', 0, NULL, NULL, NULL, NULL, NULL, NULL, NULL),
(194, 'ผู้ช่วยศาสตราจารย์ ดร.จักรกฤษณ์ ศุทธากรณ์', 'คณะวิศวกรรมศาสตร์', 4, '1970-01-01', 50, '2016-12-05', 50, '2016-12-05 00:00:00', 1, 4, 'T', 0, NULL, NULL, NULL, NULL, NULL, NULL, NULL),
(195, 'รองศาสตราจารย์ นายแพทย์ประตาป สิงหศิวานนท์', 'คณะเวชศาสตร์เขตร้อน', 4, '1970-01-01', 50, '2016-12-05', 50, '2016-12-05 00:00:00', 1, 4, 'T', 0, NULL, NULL, NULL, NULL, NULL, NULL, NULL),
(196, 'รองศาสตราจารย์ ดร.ลือชัย ศรีเงินยวง', 'คณะสังคมศาสตร์และมนุษยศาสตร์', 4, '1970-01-01', 50, '2016-12-05', 50, '2016-12-05 00:00:00', 1, 4, 'T', 0, NULL, NULL, NULL, NULL, NULL, NULL, NULL),
(197, 'รองศาสตราจาร์ปานเทพ รัตนากร', 'คณะสัตวแพทยศาสตร์', 4, '1970-01-01', 50, '2016-12-05', 50, '2016-12-05 00:00:00', 1, 4, 'T', 0, NULL, NULL, NULL, NULL, NULL, NULL, NULL),
(198, 'รองศาสตราจารย์ ดร.ประยูร ฟองสถิตย์กุล ', 'คณะสาธารณสุขศาสตร์', 4, '1970-01-01', 50, '2016-12-05', 50, '2016-12-05 00:00:00', 1, 4, 'T', 0, NULL, NULL, NULL, NULL, NULL, NULL, NULL),
(199, 'รองศาสตราจารย์ ดร. กัมปนาท ภักดีกุล', 'คณะสิ่งแวดล้อมและทรัพยากรศาสตร์', 4, '1970-01-01', 50, '2016-12-05', 50, '2016-12-05 00:00:00', 1, 4, 'T', 0, NULL, NULL, NULL, NULL, NULL, NULL, NULL),
(200, 'ผู้ช่วยศาสตราจารย์ ดร.อภิลักษณ์  เกษมผลกูล', 'คณะศิลปศาสตร์', 4, '1970-01-01', 50, '2016-12-05', 50, '2016-12-05 00:00:00', 1, 4, 'T', 0, NULL, NULL, NULL, NULL, NULL, NULL, NULL),
(201, NULL, NULL, 4, '1970-01-01', 50, '2016-12-05', 50, '2016-12-05 00:00:00', 1, 4, 'T', 0, NULL, NULL, NULL, NULL, NULL, NULL, NULL),
(202, NULL, NULL, 4, '1970-01-01', 50, '2016-12-05', 50, '2016-12-05 00:00:00', 1, 4, 'T', 0, NULL, NULL, NULL, NULL, NULL, NULL, NULL),
(203, NULL, NULL, 4, '1970-01-01', 50, '2016-12-05', 50, '2016-12-05 00:00:00', 1, 4, 'T', 0, NULL, NULL, NULL, NULL, NULL, NULL, NULL),
(204, NULL, NULL, 4, '1970-01-01', 50, '2016-12-05', 50, '2016-12-05 00:00:00', 1, 4, 'T', 0, NULL, NULL, NULL, NULL, NULL, NULL, NULL),
(205, 'ชื่อ - สกุล', 'ตำแหน่ง', 4, '1970-01-01', 50, '2016-12-05', 50, '2016-12-05 00:00:00', 1, 4, 'T', 0, NULL, NULL, NULL, NULL, NULL, NULL, NULL),
(206, 'รองศาสตราจารย์รุ่งทิวา วัจฉละฐิติ', 'คณะกายภาพบำบัด', 4, '1970-01-01', 50, '2016-12-05', 50, '2016-12-05 00:00:00', 1, 4, 'T', 0, NULL, NULL, NULL, NULL, NULL, NULL, NULL),
(207, 'รองศาสตราจารย์เจริญศรี   มิตรภานนท์', 'คณะเทคโนโลยีสารสนเทศและการสื่อสาร', 4, '1970-01-01', 50, '2016-12-05', 50, '2016-12-05 00:00:00', 1, 4, 'T', 0, NULL, NULL, NULL, NULL, NULL, NULL, NULL),
(208, 'รองศาสตราจารย์ นายแพทย์สุวัฒน์ เบญจพลพิทักษ์', 'รักษาราชการแทน คณบดีวิทยาลัยการจัดการ', 4, '1970-01-01', 50, '2016-12-05', 50, '2016-12-05 00:00:00', 1, 4, 'T', 0, NULL, NULL, NULL, NULL, NULL, NULL, NULL),
(209, 'รองศาสตราจารย์พิทยา จารุพูนผล', 'วิทยาลัยนานาชาติ', 4, '1970-01-01', 50, '2016-12-05', 50, '2016-12-05 00:00:00', 1, 4, 'T', 0, NULL, NULL, NULL, NULL, NULL, NULL, NULL),
(210, 'ผู้ช่วยศาสตราจารย์ ดร.พิมพา ขจรธรรม', 'วิทยาลัยราชสุดา', 4, '1970-01-01', 50, '2016-12-05', 50, '2016-12-05 00:00:00', 1, 4, 'T', 0, NULL, NULL, NULL, NULL, NULL, NULL, NULL),
(211, 'รองศาสตราจารย์สุกรี เจริญสุข', 'วิทยาลัยดุริยางคศิลป์', 4, '1970-01-01', 50, '2016-12-05', 50, '2016-12-05 00:00:00', 1, 4, 'T', 0, NULL, NULL, NULL, NULL, NULL, NULL, NULL),
(212, 'อาจารย์ นายแพทย์ชนินทร์ ล่ำซำ', 'วิทยาลัยวิทยาศาสตร์และเทคโนโลยีการกีฬา', 4, '1970-01-01', 50, '2016-12-05', 50, '2016-12-05 00:00:00', 1, 4, 'T', 0, NULL, NULL, NULL, NULL, NULL, NULL, NULL),
(213, 'รองศาสตราจารย์ นายแพทย์ธันย์ สุภัทรพันธุ์', 'รักษาการคณบดีวิทยาลัยศาสนศึกษา', 4, '1970-01-01', 50, '2016-12-05', 50, '2016-12-05 00:00:00', 1, 4, 'T', 0, NULL, NULL, NULL, NULL, NULL, NULL, NULL),
(214, 'ศาสตราจารย์ สุภา เพ่งพิศ', 'สถาบันพัฒนาสุขภาพอาเซียน', 4, '1970-01-01', 50, '2016-12-05', 50, '2016-12-05 00:00:00', 1, 4, 'T', 0, NULL, NULL, NULL, NULL, NULL, NULL, NULL),
(215, 'รองศาสตราจารย์รศรินทร์ เกรย์', 'สถาบันวิจัยประชากรและสังคม', 4, '1970-01-01', 50, '2016-12-05', 50, '2016-12-05 00:00:00', 1, 4, 'T', 0, NULL, NULL, NULL, NULL, NULL, NULL, NULL),
(216, 'รองศาสตราจารย์ ดร.ขวัญจิต ศศิวงศาโรจน์', 'สถาบันวิจัยภาษาและวัฒนธรรมเอเชีย', 4, '1970-01-01', 50, '2016-12-05', 50, '2016-12-05 00:00:00', 1, 4, 'T', 0, NULL, NULL, NULL, NULL, NULL, NULL, NULL),
(217, 'รองศาสตราจารย์ ดร.รัชนี คงคาฉุยฉาย', 'สถาบันโภชนาการ', 4, '1970-01-01', 50, '2016-12-05', 50, '2016-12-05 00:00:00', 1, 4, 'T', 0, NULL, NULL, NULL, NULL, NULL, NULL, NULL),
(218, 'ศาสตราจารย์ นพ.ประเสริฐ เอื้อวรากุล', 'สถาบันชีววิทยาศาสตร์โมเลกุล', 4, '1970-01-01', 50, '2016-12-05', 50, '2016-12-05 00:00:00', 1, 4, 'T', 0, NULL, NULL, NULL, NULL, NULL, NULL, NULL),
(219, 'รองศาสตราจารย์ นพ.สุริยเดว ทรีปาตี', 'สถาบันแห่งชาติเพื่อการพัฒนาเด็กและครอบครัว', 4, '1970-01-01', 50, '2016-12-05', 50, '2016-12-05 00:00:00', 1, 4, 'T', 0, NULL, NULL, NULL, NULL, NULL, NULL, NULL),
(220, 'ศาสตราจารย์ นายแพทย์บรรจง มไหสวริยะ  ', 'รักษาการแทนผู้อำนวยการสถาบันนวัตกรรมการเรียนรู้', 4, '1970-01-01', 50, '2016-12-05', 50, '2016-12-05 00:00:00', 1, 4, 'T', 0, NULL, NULL, NULL, NULL, NULL, NULL, NULL),
(221, 'รองศาสตราจารย์ นายแพทย์ประดิษฐ์ สมประกิจ', 'รักษาการแทนผู้อำนวยการศูนย์สัตว์ทดลองแห่งชาติ', 4, '1970-01-01', 50, '2016-12-05', 50, '2016-12-05 00:00:00', 1, 4, 'T', 0, NULL, NULL, NULL, NULL, NULL, NULL, NULL),
(222, NULL, NULL, 4, '1970-01-01', 50, '2016-12-05', 50, '2016-12-05 00:00:00', 1, 4, 'T', 0, NULL, NULL, NULL, NULL, NULL, NULL, NULL),
(223, NULL, NULL, 4, '1970-01-01', 50, '2016-12-05', 50, '2016-12-05 00:00:00', 1, 4, 'T', 0, NULL, NULL, NULL, NULL, NULL, NULL, NULL),
(224, NULL, NULL, 4, '1970-01-01', 50, '2016-12-05', 50, '2016-12-05 00:00:00', 1, 4, 'T', 0, NULL, NULL, NULL, NULL, NULL, NULL, NULL),
(225, 'ชื่อ - สกุล', 'ตำแหน่ง', 4, '1970-01-01', 50, '2016-12-05', 50, '2016-12-05 00:00:00', 1, 4, 'T', 0, NULL, NULL, NULL, NULL, NULL, NULL, NULL),
(226, 'รองศาสตราจารย์ นพ.สุพรชัย กองพัฒนากุล', 'ศูนย์ตรวจสอบสารต้องห้ามในนักกีฬา', 4, '1970-01-01', 50, '2016-12-05', 50, '2016-12-05 00:00:00', 1, 4, 'T', 0, NULL, NULL, NULL, NULL, NULL, NULL, NULL),
(227, 'ดร. รุจเรขา วิทยาวุฑฒิกุล', 'หอสมุดและคลังความรู้', 4, '1970-01-01', 50, '2016-12-05', 50, '2016-12-05 00:00:00', 1, 4, 'T', 0, NULL, NULL, NULL, NULL, NULL, NULL, NULL),
(228, 'ผู้ช่วยศาสตราจารย์ กุลณสรรค์   สายขุน', 'สำนักงานสภามหาวิทยาลัยมหิดล', 4, '1970-01-01', 50, '2016-12-05', 50, '2016-12-05 00:00:00', 1, 4, 'T', 0, NULL, NULL, NULL, NULL, NULL, NULL, NULL),
(229, 'ดร. ธนิต ชังถาวร', 'สถาบันบริหารจัดการเทคโนโลยีและนวัตกรรม', 4, '1970-01-01', 50, '2016-12-05', 50, '2016-12-05 00:00:00', 1, 4, 'T', 0, NULL, NULL, NULL, NULL, NULL, NULL, NULL),
(230, NULL, NULL, 4, '1970-01-01', 50, '2016-12-05', 50, '2016-12-05 00:00:00', 1, 4, 'T', 0, NULL, NULL, NULL, NULL, NULL, NULL, NULL),
(231, NULL, NULL, 4, '1970-01-01', 50, '2016-12-05', 50, '2016-12-05 00:00:00', 1, 4, 'T', 0, NULL, NULL, NULL, NULL, NULL, NULL, NULL),
(232, NULL, NULL, 4, '1970-01-01', 50, '2016-12-05', 50, '2016-12-05 00:00:00', 1, 4, 'T', 0, NULL, NULL, NULL, NULL, NULL, NULL, NULL),
(233, NULL, NULL, 4, '1970-01-01', 50, '2016-12-05', 50, '2016-12-05 00:00:00', 1, 4, 'T', 0, NULL, NULL, NULL, NULL, NULL, NULL, NULL),
(234, NULL, NULL, 4, '1970-01-01', 50, '2016-12-05', 50, '2016-12-05 00:00:00', 1, 4, 'T', 0, NULL, NULL, NULL, NULL, NULL, NULL, NULL),
(235, NULL, NULL, 4, '1970-01-01', 50, '2016-12-05', 50, '2016-12-05 00:00:00', 1, 4, 'T', 0, NULL, NULL, NULL, NULL, NULL, NULL, NULL),
(236, NULL, NULL, 4, '1970-01-01', 50, '2016-12-05', 50, '2016-12-05 00:00:00', 1, 4, 'T', 0, NULL, NULL, NULL, NULL, NULL, NULL, NULL),
(237, NULL, NULL, 4, '1970-01-01', 50, '2016-12-05', 50, '2016-12-05 00:00:00', 1, 4, 'T', 0, NULL, NULL, NULL, NULL, NULL, NULL, NULL),
(238, NULL, NULL, 4, '1970-01-01', 50, '2016-12-05', 50, '2016-12-05 00:00:00', 1, 4, 'T', 0, NULL, NULL, NULL, NULL, NULL, NULL, NULL),
(239, NULL, NULL, 4, '1970-01-01', 50, '2016-12-05', 50, '2016-12-05 00:00:00', 1, 4, 'T', 0, NULL, NULL, NULL, NULL, NULL, NULL, NULL),
(240, NULL, NULL, 4, '1970-01-01', 50, '2016-12-05', 50, '2016-12-05 00:00:00', 1, 4, 'T', 0, NULL, NULL, NULL, NULL, NULL, NULL, NULL),
(241, NULL, NULL, 4, '1970-01-01', 50, '2016-12-05', 50, '2016-12-05 00:00:00', 1, 4, 'T', 0, NULL, NULL, NULL, NULL, NULL, NULL, NULL),
(242, NULL, NULL, 4, '1970-01-01', 50, '2016-12-05', 50, '2016-12-05 00:00:00', 1, 4, 'T', 0, NULL, NULL, NULL, NULL, NULL, NULL, NULL),
(243, NULL, NULL, 4, '1970-01-01', 50, '2016-12-05', 50, '2016-12-05 00:00:00', 1, 4, 'T', 0, NULL, NULL, NULL, NULL, NULL, NULL, NULL),
(244, NULL, NULL, 4, '1970-01-01', 50, '2016-12-05', 50, '2016-12-05 00:00:00', 1, 4, 'T', 0, NULL, NULL, NULL, NULL, NULL, NULL, NULL),
(245, 'ชื่อ - สกุล', 'ตำแหน่ง', 4, '1970-01-01', 50, '2016-12-05', 50, '2016-12-05 00:00:00', 1, 4, 'T', 0, NULL, NULL, NULL, NULL, NULL, NULL, NULL),
(246, 'นางอรัญญา ภู่สันติพงษ์', 'ผู้อำนวยการกองพัฒนาคุณภาพ', 4, '1970-01-01', 50, '2016-12-05', 50, '2016-12-05 00:00:00', 1, 4, 'T', 0, NULL, NULL, NULL, NULL, NULL, NULL, NULL),
(247, 'นายนิพนธ์ ครุฑเครือศรี', 'ผู้อำนวยการกองบริหารงานทั่วไป', 4, '1970-01-01', 50, '2016-12-05', 50, '2016-12-05 00:00:00', 1, 4, 'T', 0, NULL, NULL, NULL, NULL, NULL, NULL, NULL),
(248, 'นางจริยา ปัญญา', 'ผู้อำนวยการกองทรัพยากรบุคคล', 4, '1970-01-01', 50, '2016-12-05', 50, '2016-12-05 00:00:00', 1, 4, 'T', 0, NULL, NULL, NULL, NULL, NULL, NULL, NULL),
(249, 'นางกีรติ สอนคุ้ม', 'ผู้อำนวยการกองกิจการนักศึกษา', 4, '1970-01-01', 50, '2016-12-05', 50, '2016-12-05 00:00:00', 1, 4, 'T', 0, NULL, NULL, NULL, NULL, NULL, NULL, NULL),
(250, 'นางสาวอนุช จิระวันชัยกุล', 'ผู้อำนวยการกองคลัง', 4, '1970-01-01', 50, '2016-12-05', 50, '2016-12-05 00:00:00', 1, 4, 'T', 0, NULL, NULL, NULL, NULL, NULL, NULL, NULL),
(251, 'นายธีรพันธุ์ วิมลสาระวงค์', 'ผู้อำนวยการกองเทคโนโลยีสารสนเทศ', 4, '1970-01-01', 50, '2016-12-05', 50, '2016-12-05 00:00:00', 1, 4, 'T', 0, NULL, NULL, NULL, NULL, NULL, NULL, NULL),
(252, 'นางสาวปวีณา ลาวัณย์ศิริ', 'ผู้อำนวยการกองแผนงาน', 4, '1970-01-01', 50, '2016-12-05', 50, '2016-12-05 00:00:00', 1, 4, 'T', 0, NULL, NULL, NULL, NULL, NULL, NULL, NULL),
(253, 'นางรัตนา เพ็ชรอุไร', 'ผู้อำนวยการกองบริหารงานวิจัย', 4, '1970-01-01', 50, '2016-12-05', 50, '2016-12-05 00:00:00', 1, 4, 'T', 0, NULL, NULL, NULL, NULL, NULL, NULL, NULL),
(254, 'นางสาววรรณพิมล เสนาแพทย์ภากร', 'ผู้อำนวยการกองแผนงาน\n ผู้อำนวยการกองวิเทศสัมพันธ์\n ผู้อำนวยการกองบริหารงานวิจัย\n', 4, '1970-01-01', 50, '2016-12-05', 50, '2016-12-05 00:00:00', 1, 4, 'T', 0, NULL, NULL, NULL, NULL, NULL, NULL, NULL),
(255, 'นายบุญชู แจ้งเจริญกิจ', 'ผู้อำนวยการกองกฎหมาย', 4, '1970-01-01', 50, '2016-12-05', 50, '2016-12-05 00:00:00', 1, 4, 'T', 0, NULL, NULL, NULL, NULL, NULL, NULL, NULL),
(256, 'นายสมชาติ พนาเกษม ', 'ผู้อำนวยการกองบริหารการศึกษา', 4, '1970-01-01', 50, '2016-12-05', 50, '2016-12-05 00:00:00', 1, 4, 'F', 256, NULL, NULL, NULL, NULL, NULL, NULL, NULL),
(257, 'ผู้ช่วยศาสตราจารย์ นายแพทย์ธีระ กลลดาเรืองไกร', 'รักษาการผู้อำนวยการศูนย์การแพทย์กาญจนาภิเษก', 4, '1970-01-01', 50, '2016-12-05', 50, '2016-12-05 00:00:00', 1, 4, 'F', 257, NULL, NULL, NULL, NULL, NULL, NULL, NULL),
(258, 'นายมาโนชญ์ เหล็กดำรง ', 'ผู้อำนวยการกองกายภาพและสิ่งแวดล้อม', 4, '1970-01-01', 50, '2016-12-05', 50, '2016-12-05 00:00:00', 1, 4, 'T', 0, NULL, NULL, NULL, NULL, NULL, NULL, NULL),
(259, 'นายปัญญา ธำรงธีระกุล', 'ผู้อำนวยการศูนย์บริหารสินทรัพย์', 4, '1970-01-01', 50, '2016-12-05', 50, '2016-12-05 00:00:00', 1, 4, 'T', 0, NULL, NULL, NULL, NULL, NULL, NULL, NULL),
(260, 'นายธรรญา สุขสมัย ', 'ผู้อำนวยการศูนย์บริหารจัดการความเสี่ยง', 4, '1970-01-01', 50, '2016-12-05', 50, '2016-12-05 00:00:00', 1, 4, 'T', 0, NULL, NULL, NULL, NULL, NULL, NULL, NULL),
(261, NULL, NULL, 4, '1970-01-01', 50, '2016-12-05', 50, '2016-12-05 00:00:00', 1, 4, 'D', 0, NULL, NULL, NULL, NULL, NULL, NULL, NULL),
(262, NULL, NULL, 4, '1970-01-01', 50, '2016-12-05', 50, '2016-12-05 00:00:00', 1, 4, 'D', 0, NULL, NULL, NULL, NULL, NULL, NULL, NULL),
(263, NULL, NULL, 4, '1970-01-01', 50, '2016-12-05', 50, '2016-12-05 00:00:00', 1, 4, 'D', 0, NULL, NULL, NULL, NULL, NULL, NULL, NULL),
(264, NULL, NULL, 4, '1970-01-01', 50, '2016-12-05', 50, '2016-12-05 00:00:00', 1, 4, 'T', 0, NULL, NULL, NULL, NULL, NULL, NULL, NULL),
(265, 'ชื่อ - สกุล', 'ตำแหน่ง', 4, '1970-01-01', 50, '2016-12-05', 50, '2016-12-05 00:00:00', 1, 4, 'D', 0, NULL, NULL, NULL, NULL, NULL, NULL, NULL),
(266, 'นางสุวรรณา เจนสวัสดิ์พงศ์', 'รักษาการผู้อำนวยการศูนย์ตรวจสอบภายใน', 4, '1970-01-01', 50, '2016-12-05', 50, '2016-12-05 00:00:00', 1, 4, 'T', 0, NULL, NULL, NULL, NULL, NULL, NULL, NULL),
(267, 'ศาสตราจารย์พรรณแข มไหสวริยะ ', 'ผู้อำนวยการศูนย์ส่งเสริมจริยธรรมการวิจัยในคน', 4, '1970-01-01', 50, '2016-12-05', 50, '2016-12-05 00:00:00', 1, 4, 'T', 0, NULL, NULL, NULL, NULL, NULL, NULL, NULL),
(268, 'รองศาสตราจารย์ วริยา ชินวรรโณ', 'ผู้อำนวยการโรงเรียนสาธิตนานาชาติ', 4, '1970-01-01', 50, '2016-12-05', 50, '2016-12-05 00:00:00', 1, 4, 'T', 0, NULL, NULL, NULL, NULL, NULL, NULL, NULL),
(269, 'ผู้ช่วยศาสตราจารย์ ดร.สุรพงษ์ เลิศสิทธิชัย', 'ผู้อำนวยการโครงการจัดตั้งศูนย์เศรษฐกิจสร้างสรรค์', 4, '1970-01-01', 50, '2016-12-05', 50, '2016-12-05 00:00:00', 1, 4, 'T', 0, NULL, NULL, NULL, NULL, NULL, NULL, NULL),
(270, 'ดร.เอกพันธุ์ ปิณฑวณิช', 'สถาบันสิทธิมนุษยชนและสันติศึกษา', 4, '1970-01-01', 50, '2016-12-05', 50, '2016-12-05 00:00:00', 1, 4, 'T', 0, NULL, NULL, NULL, NULL, NULL, NULL, NULL),
(271, 'รองศาสตราจารย์ชัชวาลย์ ศิลปกิจ', 'ศูนย์จิตตปัญญาศึกษา', 4, '1970-01-01', 50, '2016-12-05', 50, '2016-12-05 00:00:00', 1, 4, 'T', 0, NULL, NULL, NULL, NULL, NULL, NULL, NULL),
(272, NULL, NULL, 4, '1970-01-01', 50, '2016-12-05', 50, '2016-12-05 00:00:00', 1, 4, 'T', 0, NULL, NULL, NULL, NULL, NULL, NULL, NULL),
(273, NULL, NULL, 4, '1970-01-01', 50, '2016-12-05', 50, '2016-12-05 00:00:00', 1, 4, 'T', 0, NULL, NULL, NULL, NULL, NULL, NULL, NULL),
(274, NULL, NULL, 4, '1970-01-01', 50, '2016-12-05', 50, '2016-12-05 00:00:00', 1, 4, 'T', 0, NULL, NULL, NULL, NULL, NULL, NULL, NULL),
(275, NULL, NULL, 4, '1970-01-01', 50, '2016-12-05', 50, '2016-12-05 00:00:00', 1, 4, 'T', 0, NULL, NULL, NULL, NULL, NULL, NULL, NULL),
(276, NULL, NULL, 4, '1970-01-01', 50, '2016-12-05', 50, '2016-12-05 00:00:00', 1, 4, 'T', 0, NULL, NULL, NULL, NULL, NULL, NULL, NULL),
(277, NULL, NULL, 4, '1970-01-01', 50, '2016-12-05', 50, '2016-12-05 00:00:00', 1, 4, 'T', 0, NULL, NULL, NULL, NULL, NULL, NULL, NULL),
(278, NULL, NULL, 4, '1970-01-01', 50, '2016-12-05', 50, '2016-12-05 00:00:00', 1, 4, 'T', 0, NULL, NULL, NULL, NULL, NULL, NULL, NULL),
(279, NULL, NULL, 4, '1970-01-01', 50, '2016-12-05', 50, '2016-12-05 00:00:00', 1, 4, 'T', 0, NULL, NULL, NULL, NULL, NULL, NULL, NULL),
(280, NULL, NULL, 4, '1970-01-01', 50, '2016-12-05', 50, '2016-12-05 00:00:00', 1, 4, 'T', 0, NULL, NULL, NULL, NULL, NULL, NULL, NULL),
(281, 'นายอิษฏ์  สุบินมงคล', 'การป้องกันอันตรายจากรังสี', NULL, '2014-09-03', NULL, NULL, 1, '2016-12-05 00:00:00', 4, -1, 'T', 3, 'ศูนย์บริหารความปลอดภัย อาชีวอนามัยและสิ่งแวดล้อม มหาวิทยาลัยมหิดล   ', '/uploads/itech-bug.txt', NULL, NULL, NULL, NULL, NULL),
(282, 'นางสาวปทุมพร  แก้วประทุม', 'แนวปฏิบัติความปลอดภัยทางรังสีในการปฏิบัติงาน', NULL, '2016-12-02', NULL, NULL, 1, '2016-12-05 00:00:00', 2, -1, 'T', 6, 'ศูนย์บริหารความปลอดภัย อาชีวอนามัยและสิ่งแวดล้อม มหาวิทยาลัยมหิดล   ', '/uploads/radbase.txt', NULL, NULL, NULL, NULL, NULL),
(283, 'ศาสตราจารย์คลินิก นายแพทย์ อุดม คชินทร', 'อธิการบดี', NULL, '1970-01-01', NULL, NULL, 1, '2016-12-05 00:00:00', 2, -1, 'T', 10, '-', '/uploads/als-remark.txt', NULL, NULL, NULL, NULL, NULL),
(284, 'นายสมชาติ พนาเกษม ', 'ผู้อำนวยการกองบริหารการศึกษา', NULL, '1970-01-01', NULL, NULL, 1, '2016-12-05 00:00:00', 2, -1, 'T', 256, '-', '/uploads/als-remark.txt', NULL, NULL, NULL, NULL, NULL),
(285, '12345678999', 'gggggggggggggggggggggggggggggggggggggggggggggggg', 4, '2016-12-05', 50, '2016-12-05', 50, '2016-12-05 00:00:00', 1, 4, 'F', 285, 'ศูนย์บริหารความปลอดภัย อาชีวอนามัยและสิ่งแวดล้อม มหาวิทยาลัยมหิดล   ', '/uploads/graphic device-05.png', NULL, NULL, NULL, NULL, NULL),
(286, '12345678999', 'gggggggggggggggggggggggggggggggggggggggggggggggg', NULL, '2016-12-05', NULL, NULL, 50, '2016-12-05 00:00:00', 2, 4, 'F', 285, 'ศูนย์บริหารความปลอดภัย อาชีวอนามัยและสิ่งแวดล้อม มหาวิทยาลัยมหิดล   ', '/uploads/aaaaaaaaaaaa.pdf', NULL, NULL, NULL, NULL, NULL),
(287, 'ผู้ช่วยศาสตราจารย์ นายแพทย์ธีระ กลลดาเรืองไกร', 'รักษาการผู้อำนวยการศูนย์การแพทย์กาญจนาภิเษก', NULL, '1970-01-01', NULL, NULL, 1, '2016-12-05 04:38:26', 2, -1, 'T', 257, '-', '/uploads/radbase-issue.txt', NULL, NULL, NULL, NULL, NULL),
(288, '12345678999aaaaaa', 'gggggggggggggggggggggggggggggggggggggggggggggggg', NULL, '2016-12-05', NULL, NULL, 50, '2016-12-05 04:39:02', 3, 4, 'D', 285, 'ศูนย์บริหารความปลอดภัย อาชีวอนามัยและสิ่งแวดล้อม มหาวิทยาลัยมหิดล   ', '/uploads/aaaaaaaaaaaa.pdf', NULL, NULL, NULL, NULL, NULL),
(289, '888888888888888888888888888888888', '9999999999999999999999999999', 4, '2016-12-05', 50, '2016-12-05', 50, '2016-12-05 04:40:53', 1, 4, 'F', 289, '000000000000000000000000000000000000', '/uploads/aaaaaaaaaaaa.pdf', NULL, NULL, NULL, NULL, NULL);
INSERT INTO `tb_form7` (`id`, `name`, `course`, `department_id`, `training_date`, `create_by`, `create_date`, `update_by`, `update_date`, `revision`, `owner_department_id`, `status`, `update_from_id`, `department_id_text`, `document_path`, `machine_manufacturer_id_text`, `machine_radioactive_highest_unit_id`, `from_room_id_text`, `to_room_id_text`, `supervisor_id_text`) VALUES
(290, '8888888888888888', '9999999999999999999999999999', NULL, '2016-12-05', NULL, NULL, 50, '2016-12-05 04:42:39', 2, 4, 'D', 289, '0000000000000000000000000', '/uploads/aaaaaaaaaaaa.pdf', NULL, NULL, NULL, NULL, NULL),
(291, 'นางสาวปทุมพร  แก้วประทุม', 'แนวปฏิบัติความปลอดภัยทางรังสีในการปฏิบัติงาน', 1, '2016-12-05', 53, '2016-12-05', 53, '2016-12-05 07:26:53', 1, 1, 'F', 291, 'ศูนย์บริหารความปลอดภัย อาชีวอนามัยและสิ่งแวดล้อม มหาวิทยาลัยมหิดล   ', '/uploads/aaaaaaaaaaaa.pdf', NULL, NULL, NULL, NULL, NULL),
(292, 'นางสาวAAAAAAA   BBBBBBB', 'แนวปฏิบัติความปลอดภัยทางรังสีในการปฏิบัติงาน', NULL, '2016-12-05', NULL, NULL, 50, '2016-12-06 10:46:53', 2, 4, 'T', 291, 'ศูนย์บริหารความปลอดภัย อาชีวอนามัยและสิ่งแวดล้อม มหาวิทยาลัยมหิดล   ', '/uploads/aaaaaaaaaaaa.pdf', NULL, NULL, NULL, NULL, NULL),
(293, 'xxx', '232', -1, '2016-12-07', 1, '2016-12-07', 1, '2016-12-07 01:17:27', 1, -1, 'F', 293, '23', '/uploads/Blank Letter Head - EL (1).doc', NULL, NULL, NULL, NULL, NULL),
(294, 'xxx', '232', NULL, '2016-12-07', NULL, NULL, 1, '2016-12-07 01:17:36', 2, -1, 'T', 293, '23', '/uploads/Blank Letter Head - EL (1).doc', NULL, NULL, NULL, NULL, NULL),
(295, NULL, NULL, 1, '1970-01-01', 21, '2016-12-23', 21, '2016-12-23 08:13:16', 1, 1, 'T', 0, NULL, NULL, NULL, NULL, NULL, NULL, NULL),
(296, 'สถานปฎิบัติการทางรังสี………………………………………………………..', NULL, 1, '1970-01-01', 21, '2016-12-23', 21, '2016-12-23 08:13:16', 1, 1, 'T', 0, NULL, NULL, NULL, NULL, NULL, NULL, NULL),
(297, NULL, NULL, 1, '1970-01-01', 21, '2016-12-23', 21, '2016-12-23 08:13:16', 1, 1, 'T', 0, NULL, NULL, NULL, NULL, NULL, NULL, NULL),
(298, 'หมายเลขบัตรประชาชน', 'ชื่อ-นามสกุล', 1, '1970-01-01', 21, '2016-12-23', 21, '2016-12-23 08:13:16', 1, 1, 'T', 0, NULL, NULL, NULL, NULL, NULL, NULL, NULL),
(299, NULL, NULL, 1, '1970-01-01', 21, '2016-12-23', 21, '2016-12-23 08:13:16', 1, 1, 'T', 0, NULL, NULL, NULL, NULL, NULL, NULL, NULL),
(300, NULL, NULL, 1, '1970-01-01', 21, '2016-12-23', 21, '2016-12-23 08:13:16', 1, 1, 'T', 0, NULL, NULL, NULL, NULL, NULL, NULL, NULL),
(301, NULL, NULL, 1, '1970-01-01', 21, '2016-12-23', 21, '2016-12-23 08:13:16', 1, 1, 'T', 0, NULL, NULL, NULL, NULL, NULL, NULL, NULL),
(302, NULL, NULL, 1, '1970-01-01', 21, '2016-12-23', 21, '2016-12-23 08:13:16', 1, 1, 'T', 0, NULL, NULL, NULL, NULL, NULL, NULL, NULL),
(303, NULL, NULL, 1, '1970-01-01', 21, '2016-12-23', 21, '2016-12-23 08:13:16', 1, 1, 'T', 0, NULL, NULL, NULL, NULL, NULL, NULL, NULL),
(304, NULL, NULL, 1, '1970-01-01', 21, '2016-12-23', 21, '2016-12-23 08:13:16', 1, 1, 'D', 0, NULL, NULL, NULL, NULL, NULL, NULL, NULL),
(305, NULL, NULL, 1, '1970-01-01', 21, '2016-12-23', 21, '2016-12-23 08:13:16', 1, 1, 'D', 0, NULL, NULL, NULL, NULL, NULL, NULL, NULL),
(306, NULL, NULL, 1, '1970-01-01', 21, '2016-12-23', 21, '2016-12-23 08:13:16', 1, 1, 'T', 0, NULL, NULL, NULL, NULL, NULL, NULL, NULL),
(307, NULL, NULL, 1, '1970-01-01', 21, '2016-12-23', 21, '2016-12-23 08:13:16', 1, 1, 'T', 0, NULL, NULL, NULL, NULL, NULL, NULL, NULL),
(308, NULL, NULL, 1, '1970-01-01', 21, '2016-12-23', 21, '2016-12-23 08:13:16', 1, 1, 'T', 0, NULL, NULL, NULL, NULL, NULL, NULL, NULL),
(309, NULL, NULL, 1, '1970-01-01', 21, '2016-12-23', 21, '2016-12-23 08:13:16', 1, 1, 'T', 0, NULL, NULL, NULL, NULL, NULL, NULL, NULL),
(310, NULL, NULL, 1, '1970-01-01', 21, '2016-12-23', 21, '2016-12-23 08:13:16', 1, 1, 'T', 0, NULL, NULL, NULL, NULL, NULL, NULL, NULL),
(311, NULL, NULL, 1, '1970-01-01', 21, '2016-12-23', 21, '2016-12-23 08:13:16', 1, 1, 'T', 0, NULL, NULL, NULL, NULL, NULL, NULL, NULL),
(312, NULL, NULL, 1, '1970-01-01', 21, '2016-12-23', 21, '2016-12-23 08:13:16', 1, 1, 'T', 0, NULL, NULL, NULL, NULL, NULL, NULL, NULL),
(313, NULL, NULL, 1, '1970-01-01', 21, '2016-12-23', 21, '2016-12-23 08:13:16', 1, 1, 'T', 0, NULL, NULL, NULL, NULL, NULL, NULL, NULL),
(314, NULL, NULL, 1, '1970-01-01', 21, '2016-12-23', 21, '2016-12-23 08:13:16', 1, 1, 'T', 0, NULL, NULL, NULL, NULL, NULL, NULL, NULL),
(315, NULL, NULL, 1, '1970-01-01', 21, '2016-12-23', 21, '2016-12-23 08:13:16', 1, 1, 'T', 0, NULL, NULL, NULL, NULL, NULL, NULL, NULL),
(316, NULL, NULL, 1, '1970-01-01', 21, '2016-12-23', 21, '2016-12-23 08:13:16', 1, 1, 'T', 0, NULL, NULL, NULL, NULL, NULL, NULL, NULL),
(317, NULL, NULL, 1, '1970-01-01', 21, '2016-12-23', 21, '2016-12-23 08:13:16', 1, 1, 'T', 0, NULL, NULL, NULL, NULL, NULL, NULL, NULL),
(318, NULL, NULL, 1, '1970-01-01', 21, '2016-12-23', 21, '2016-12-23 08:13:16', 1, 1, 'T', 0, NULL, NULL, NULL, NULL, NULL, NULL, NULL),
(319, NULL, NULL, 1, '1970-01-01', 21, '2016-12-23', 21, '2016-12-23 08:13:16', 1, 1, 'D', 0, NULL, NULL, NULL, NULL, NULL, NULL, NULL),
(320, NULL, NULL, 1, '1970-01-01', 21, '2016-12-23', 21, '2016-12-23 08:17:29', 1, 1, 'T', 0, NULL, NULL, NULL, NULL, NULL, NULL, NULL),
(321, NULL, NULL, 1, '1970-01-01', 21, '2016-12-23', 21, '2016-12-23 08:17:29', 1, 1, 'T', 0, NULL, NULL, NULL, NULL, NULL, NULL, NULL),
(322, 'SAP ID', 'ชื่อ - นามสกุล', 1, '1970-01-01', 21, '2016-12-23', 21, '2016-12-23 08:17:29', 1, 1, 'T', 0, NULL, NULL, NULL, NULL, NULL, NULL, NULL),
(323, '10024031', 'น.ส. จาตุพร ญาณสุคนธ์', 1, '1970-01-01', 21, '2016-12-23', 21, '2016-12-23 08:17:29', 1, 1, 'T', 0, NULL, NULL, NULL, NULL, NULL, NULL, NULL),
(324, '10025772', 'นาย ชยธร มนต์ชัยนนท์', 1, '1970-01-01', 21, '2016-12-23', 21, '2016-12-23 08:17:29', 1, 1, 'T', 0, NULL, NULL, NULL, NULL, NULL, NULL, NULL),
(325, '10026148', 'นาย กอล์ฟ ตั้งใจ', 1, '1970-01-01', 21, '2016-12-23', 21, '2016-12-23 08:17:29', 1, 1, 'T', 0, NULL, NULL, NULL, NULL, NULL, NULL, NULL),
(326, '10029325', 'นาย อัคราพร พลบูรณ์', 1, '1970-01-01', 21, '2016-12-23', 21, '2016-12-23 08:17:29', 1, 1, 'T', 0, NULL, NULL, NULL, NULL, NULL, NULL, NULL),
(327, '10029839', 'น.ส. มานิตา แสงทอง', 1, '1970-01-01', 21, '2016-12-23', 21, '2016-12-23 08:17:29', 1, 1, 'T', 0, NULL, NULL, NULL, NULL, NULL, NULL, NULL),
(328, '10002648', 'นาง สมควร พุทธเกษร', 1, '1970-01-01', 21, '2016-12-23', 21, '2016-12-23 08:17:29', 1, 1, 'T', 0, NULL, NULL, NULL, NULL, NULL, NULL, NULL),
(329, 'A0000002', 'นางประนอม พรมแดง', 1, '1970-01-01', 21, '2016-12-23', 21, '2016-12-23 08:17:29', 1, 1, 'T', 0, NULL, NULL, NULL, NULL, NULL, NULL, NULL),
(330, '10028304', 'น.ส. ณัฐภัชศร พลล้ำ', 1, '1970-01-01', 21, '2016-12-23', 21, '2016-12-23 08:17:29', 1, 1, 'T', 0, NULL, NULL, NULL, NULL, NULL, NULL, NULL),
(331, '10003726', 'นาง พรพรรณ์ กรรณิกาธนานนท์', 1, '1970-01-01', 21, '2016-12-23', 21, '2016-12-23 08:17:29', 1, 1, 'T', 0, NULL, NULL, NULL, NULL, NULL, NULL, NULL),
(332, '10000892', 'นาง อุษา พานแก้ว', 1, '1970-01-01', 21, '2016-12-23', 21, '2016-12-23 08:17:29', 1, 1, 'T', 0, NULL, NULL, NULL, NULL, NULL, NULL, NULL),
(333, '10001819', 'น.ส. ประภา นิตยะ', 1, '1970-01-01', 21, '2016-12-23', 21, '2016-12-23 08:17:29', 1, 1, 'T', 0, NULL, NULL, NULL, NULL, NULL, NULL, NULL),
(334, '10002495', 'น.ส. สุพรรณี หอมชะเอม', 1, '1970-01-01', 21, '2016-12-23', 21, '2016-12-23 08:17:29', 1, 1, 'T', 0, NULL, NULL, NULL, NULL, NULL, NULL, NULL),
(335, '10003329', 'นาง วิวรรณจนา งามศิริอุดม', 1, '1970-01-01', 21, '2016-12-23', 21, '2016-12-23 08:17:29', 1, 1, 'T', 0, NULL, NULL, NULL, NULL, NULL, NULL, NULL),
(336, '10003722', 'นาง สุวรรณา เอี่ยมมี', 1, '1970-01-01', 21, '2016-12-23', 21, '2016-12-23 08:17:29', 1, 1, 'T', 0, NULL, NULL, NULL, NULL, NULL, NULL, NULL),
(337, '10003809', 'นาง วรรณพ ศลิษฎ์อรรถกร', 1, '1970-01-01', 21, '2016-12-23', 21, '2016-12-23 08:17:29', 1, 1, 'T', 0, NULL, NULL, NULL, NULL, NULL, NULL, NULL),
(338, '10004163', 'น.ส. ปัทมา สำรวจ', 1, '1970-01-01', 21, '2016-12-23', 21, '2016-12-23 08:17:29', 1, 1, 'T', 0, NULL, NULL, NULL, NULL, NULL, NULL, NULL),
(339, '10007577', 'น.ส. อนงค์นาถ ภูมิสุข', 1, '1970-01-01', 21, '2016-12-23', 21, '2016-12-23 08:17:29', 1, 1, 'T', 0, NULL, NULL, NULL, NULL, NULL, NULL, NULL),
(340, '10011907', 'น.ส. เวธกา เทพา', 1, '1970-01-01', 21, '2016-12-23', 21, '2016-12-23 08:17:29', 1, 1, 'T', 0, NULL, NULL, NULL, NULL, NULL, NULL, NULL),
(341, '10018172', 'นาง สุพรรณี ตัณฑโอภาส', 1, '1970-01-01', 21, '2016-12-23', 21, '2016-12-23 08:17:29', 1, 1, 'T', 0, NULL, NULL, NULL, NULL, NULL, NULL, NULL),
(342, '10024866', 'น.ส. นภาพร วรรณขาว', 1, '1970-01-01', 21, '2016-12-23', 21, '2016-12-23 08:17:29', 1, 1, 'T', 0, NULL, NULL, NULL, NULL, NULL, NULL, NULL),
(343, '10024873', 'น.ส. ภรณ์ทิพย์ แซ่แต้', 1, '1970-01-01', 21, '2016-12-23', 21, '2016-12-23 08:17:29', 1, 1, 'T', 0, NULL, NULL, NULL, NULL, NULL, NULL, NULL),
(344, '10024880', 'น.ส. ศันต์ศนีย์ จันทร์วิเศษ', 1, '1970-01-01', 21, '2016-12-23', 21, '2016-12-23 08:17:29', 1, 1, 'T', 0, NULL, NULL, NULL, NULL, NULL, NULL, NULL),
(345, '10026306', 'น.ส. ณชนก ท้าวทา', 1, '1970-01-01', 21, '2016-12-23', 21, '2016-12-23 08:17:29', 1, 1, 'T', 0, NULL, NULL, NULL, NULL, NULL, NULL, NULL),
(346, '10028266', 'น.ส. ธนิชพัญญ์ วงศ์ปราณีกุล', 1, '1970-01-01', 21, '2016-12-23', 21, '2016-12-23 08:17:29', 1, 1, 'T', 0, NULL, NULL, NULL, NULL, NULL, NULL, NULL),
(347, '10028378', 'น.ส. ปิยพัชร์ จงเจริญชัยสกุล', 1, '1970-01-01', 21, '2016-12-23', 21, '2016-12-23 08:17:29', 1, 1, 'T', 0, NULL, NULL, NULL, NULL, NULL, NULL, NULL),
(348, '10029906', 'น.ส. ณัฐลักษณ์ ศรีอิ่นแก้ว', 1, '1970-01-01', 21, '2016-12-23', 21, '2016-12-23 08:17:29', 1, 1, 'T', 0, NULL, NULL, NULL, NULL, NULL, NULL, NULL),
(349, '10029926', 'น.ส. สุกัญญา การะเกษร', 1, '1970-01-01', 21, '2016-12-23', 21, '2016-12-23 08:17:29', 1, 1, 'T', 0, NULL, NULL, NULL, NULL, NULL, NULL, NULL),
(350, '10001960', 'นาย ชูชาติ ปานนาง', 1, '1970-01-01', 21, '2016-12-23', 21, '2016-12-23 08:17:29', 1, 1, 'T', 0, NULL, NULL, NULL, NULL, NULL, NULL, NULL),
(351, '10002409', 'นาง ทองเพิ่ม จันทร์ทอง', 1, '1970-01-01', 21, '2016-12-23', 21, '2016-12-23 08:17:29', 1, 1, 'T', 0, NULL, NULL, NULL, NULL, NULL, NULL, NULL),
(352, '10003744', 'นาง สายหยุด ทองคง', 1, '1970-01-01', 21, '2016-12-23', 21, '2016-12-23 08:17:29', 1, 1, 'T', 0, NULL, NULL, NULL, NULL, NULL, NULL, NULL),
(353, '10004649', 'นาย สันติ ถาวรศักดิ์', 1, '1970-01-01', 21, '2016-12-23', 21, '2016-12-23 08:17:29', 1, 1, 'T', 0, NULL, NULL, NULL, NULL, NULL, NULL, NULL),
(354, '10005194', 'น.ส. ศิรินทร ทับทิมสุวรรณ', 1, '1970-01-01', 21, '2016-12-23', 21, '2016-12-23 08:17:29', 1, 1, 'T', 0, NULL, NULL, NULL, NULL, NULL, NULL, NULL),
(355, '10005202', 'น.ส. สุกัญญา ศรีเดชมลทอง', 1, '1970-01-01', 21, '2016-12-23', 21, '2016-12-23 08:17:29', 1, 1, 'T', 0, NULL, NULL, NULL, NULL, NULL, NULL, NULL),
(356, '10005970', 'น.ส. สมพร วงศ์สุวรรณ', 1, '1970-01-01', 21, '2016-12-23', 21, '2016-12-23 08:17:29', 1, 1, 'T', 0, NULL, NULL, NULL, NULL, NULL, NULL, NULL),
(357, '10011992', 'น.ส. ปทิดา ยศทราทรี', 1, '1970-01-01', 21, '2016-12-23', 21, '2016-12-23 08:17:29', 1, 1, 'T', 0, NULL, NULL, NULL, NULL, NULL, NULL, NULL),
(358, '10016176', 'น.ส. ชายิกา หาญมนตรี', 1, '1970-01-01', 21, '2016-12-23', 21, '2016-12-23 08:17:29', 1, 1, 'T', 0, NULL, NULL, NULL, NULL, NULL, NULL, NULL),
(359, '10018227', 'น.ส. ศิรินภา พันธ์โสภา', 1, '1970-01-01', 21, '2016-12-23', 21, '2016-12-23 08:17:29', 1, 1, 'T', 0, NULL, NULL, NULL, NULL, NULL, NULL, NULL),
(360, '10019725', 'น.ส. วิมล แซ่ก๊วย', 1, '1970-01-01', 21, '2016-12-23', 21, '2016-12-23 08:17:29', 1, 1, 'T', 0, NULL, NULL, NULL, NULL, NULL, NULL, NULL),
(361, '10023310', 'นาย พร้อมพงษ์ เคหาวิทย์', 1, '1970-01-01', 21, '2016-12-23', 21, '2016-12-23 08:17:29', 1, 1, 'T', 0, NULL, NULL, NULL, NULL, NULL, NULL, NULL),
(362, '10024940', 'น.ส. อัจราพร ศรีอินทร์', 1, '1970-01-01', 21, '2016-12-23', 21, '2016-12-23 08:17:29', 1, 1, 'T', 0, NULL, NULL, NULL, NULL, NULL, NULL, NULL),
(363, '10024962', 'น.ส. รัฐยา คิมูระ', 1, '1970-01-01', 21, '2016-12-23', 21, '2016-12-23 08:17:29', 1, 1, 'T', 0, NULL, NULL, NULL, NULL, NULL, NULL, NULL),
(364, '10029974', 'น.ส. ศศิภา มลิวัลย์', 1, '1970-01-01', 21, '2016-12-23', 21, '2016-12-23 08:17:29', 1, 1, 'T', 0, NULL, NULL, NULL, NULL, NULL, NULL, NULL),
(365, '10030195', 'นาย พงษ์พันธ์ วงศ์กาฬสินธุ์', 1, '1970-01-01', 21, '2016-12-23', 21, '2016-12-23 08:17:29', 1, 1, 'T', 0, NULL, NULL, NULL, NULL, NULL, NULL, NULL),
(366, '10019892', 'นาย ถนอมศรี ไชยสุวรรณ', 1, '1970-01-01', 21, '2016-12-23', 21, '2016-12-23 08:17:29', 1, 1, 'T', 0, NULL, NULL, NULL, NULL, NULL, NULL, NULL),
(367, '10020528', 'น.ส. มัทชุสา กัณฐรัตน์', 1, '1970-01-01', 21, '2016-12-23', 21, '2016-12-23 08:17:29', 1, 1, 'T', 0, NULL, NULL, NULL, NULL, NULL, NULL, NULL),
(368, '10022055', 'น.ส. กัญญา เกษรบัว', 1, '1970-01-01', 21, '2016-12-23', 21, '2016-12-23 08:17:29', 1, 1, 'T', 0, NULL, NULL, NULL, NULL, NULL, NULL, NULL),
(369, '10023863', 'นาย วีระพล ละวันนา', 1, '1970-01-01', 21, '2016-12-23', 21, '2016-12-23 08:17:29', 1, 1, 'T', 0, NULL, NULL, NULL, NULL, NULL, NULL, NULL),
(370, '10024817', 'น.ส. ไอริน แก้วภักดี', 1, '1970-01-01', 21, '2016-12-23', 21, '2016-12-23 08:17:29', 1, 1, 'T', 0, NULL, NULL, NULL, NULL, NULL, NULL, NULL),
(371, '10025095', 'น.ส. สุภาพร วงษ์ลคร', 1, '1970-01-01', 21, '2016-12-23', 21, '2016-12-23 08:17:29', 1, 1, 'T', 0, NULL, NULL, NULL, NULL, NULL, NULL, NULL),
(372, '10025099', 'น.ส. กฤติญา แสงชาติ', 1, '1970-01-01', 21, '2016-12-23', 21, '2016-12-23 08:17:29', 1, 1, 'T', 0, NULL, NULL, NULL, NULL, NULL, NULL, NULL),
(373, '10025101', 'น.ส. นภานันท์ สุวรรณวงค์', 1, '1970-01-01', 21, '2016-12-23', 21, '2016-12-23 08:17:29', 1, 1, 'T', 0, NULL, NULL, NULL, NULL, NULL, NULL, NULL),
(374, '10025106', 'น.ส. วรรณธมน สังวาลย์', 1, '1970-01-01', 21, '2016-12-23', 21, '2016-12-23 08:17:29', 1, 1, 'T', 0, NULL, NULL, NULL, NULL, NULL, NULL, NULL),
(375, '10028344', 'น.ส. กมลทิพย์ ผาดศรี', 1, '1970-01-01', 21, '2016-12-23', 21, '2016-12-23 08:17:29', 1, 1, 'T', 0, NULL, NULL, NULL, NULL, NULL, NULL, NULL),
(376, '10028355', 'น.ส. ปิ่นมนัส ธาราทิศ', 1, '1970-01-01', 21, '2016-12-23', 21, '2016-12-23 08:17:29', 1, 1, 'T', 0, NULL, NULL, NULL, NULL, NULL, NULL, NULL),
(377, '10027886', 'น.ส. ธัญญาพร แดงสัมฤทธิ์', 1, '1970-01-01', 21, '2016-12-23', 21, '2016-12-23 08:17:29', 1, 1, 'T', 0, NULL, NULL, NULL, NULL, NULL, NULL, NULL),
(378, '10027908', 'น.ส. โสภา วาจามั่น', 1, '1970-01-01', 21, '2016-12-23', 21, '2016-12-23 08:17:29', 1, 1, 'T', 0, NULL, NULL, NULL, NULL, NULL, NULL, NULL),
(379, '10027926', 'น.ส. เสาวลักษณ์ บุตรมนต์', 1, '1970-01-01', 21, '2016-12-23', 21, '2016-12-23 08:17:29', 1, 1, 'T', 0, NULL, NULL, NULL, NULL, NULL, NULL, NULL),
(380, '10028077', 'น.ส. สกุณีย์ ปะทะรัมย์', 1, '1970-01-01', 21, '2016-12-23', 21, '2016-12-23 08:17:29', 1, 1, 'T', 0, NULL, NULL, NULL, NULL, NULL, NULL, NULL),
(381, '10029770', 'น.ส. จุฑาลักษณ์ เดชพรม', 1, '1970-01-01', 21, '2016-12-23', 21, '2016-12-23 08:17:29', 1, 1, 'T', 0, NULL, NULL, NULL, NULL, NULL, NULL, NULL),
(382, '10029772', 'น.ส. นฤมล วงศ์ภาคำ', 1, '1970-01-01', 21, '2016-12-23', 21, '2016-12-23 08:17:29', 1, 1, 'T', 0, NULL, NULL, NULL, NULL, NULL, NULL, NULL),
(383, '10029774', 'น.ส. อรุณี หนูไธสง', 1, '1970-01-01', 21, '2016-12-23', 21, '2016-12-23 08:17:29', 1, 1, 'T', 0, NULL, NULL, NULL, NULL, NULL, NULL, NULL),
(384, '10030037', 'น.ส. นวพร เพชรแอ', 1, '1970-01-01', 21, '2016-12-23', 21, '2016-12-23 08:17:29', 1, 1, 'T', 0, NULL, NULL, NULL, NULL, NULL, NULL, NULL),
(385, '10030038', 'น.ส. มนัสพร พัฒนา', 1, '1970-01-01', 21, '2016-12-23', 21, '2016-12-23 08:17:29', 1, 1, 'T', 0, NULL, NULL, NULL, NULL, NULL, NULL, NULL),
(386, '10030039', 'น.ส. มัสลิน พงษ์วุฒิธรรม', 1, '1970-01-01', 21, '2016-12-23', 21, '2016-12-23 08:17:29', 1, 1, 'T', 0, NULL, NULL, NULL, NULL, NULL, NULL, NULL),
(387, '10030040', 'น.ส. มารศรี ฤทธิรุดเร่งพล', 1, '1970-01-01', 21, '2016-12-23', 21, '2016-12-23 08:17:29', 1, 1, 'T', 0, NULL, NULL, NULL, NULL, NULL, NULL, NULL),
(388, '10030041', 'น.ส. มิ่งขวัญ แสนใจ', 1, '1970-01-01', 21, '2016-12-23', 21, '2016-12-23 08:17:29', 1, 1, 'T', 0, NULL, NULL, NULL, NULL, NULL, NULL, NULL),
(389, '10030044', 'น.ส. วิรินดา วรรณุลัย', 1, '1970-01-01', 21, '2016-12-23', 21, '2016-12-23 08:17:29', 1, 1, 'T', 0, NULL, NULL, NULL, NULL, NULL, NULL, NULL),
(390, '10029839', 'น.ส.มานิตา สองทอง', 1, '1970-01-01', 21, '2016-12-23', 21, '2016-12-23 08:17:29', 1, 1, 'T', 0, NULL, NULL, NULL, NULL, NULL, NULL, NULL),
(391, '10005183', 'นาง ลดาวัลย์ คุ้มภิญโญบุญ', 1, '1970-01-01', 21, '2016-12-23', 21, '2016-12-23 08:17:29', 1, 1, 'T', 0, NULL, NULL, NULL, NULL, NULL, NULL, NULL),
(392, '10014004', 'น.ส. รุ่งนภา พุทธาพร', 1, '1970-01-01', 21, '2016-12-23', 21, '2016-12-23 08:17:29', 1, 1, 'T', 0, NULL, NULL, NULL, NULL, NULL, NULL, NULL),
(393, '10018622', 'น.ส. พิรุณพร ศิวิลัย', 1, '1970-01-01', 21, '2016-12-23', 21, '2016-12-23 08:17:29', 1, 1, 'T', 0, NULL, NULL, NULL, NULL, NULL, NULL, NULL),
(394, '10003152', 'น.ส. รัตนา บัณฑิตย์', 1, '1970-01-01', 21, '2016-12-23', 21, '2016-12-23 08:17:29', 1, 1, 'T', 0, NULL, NULL, NULL, NULL, NULL, NULL, NULL),
(395, '10003946', 'น.ส. อรุณี แซ่เตีย', 1, '1970-01-01', 21, '2016-12-23', 21, '2016-12-23 08:17:29', 1, 1, 'T', 0, NULL, NULL, NULL, NULL, NULL, NULL, NULL),
(396, '10021962', 'น.ส. วิสุณี ประทุมมาตย์', 1, '1970-01-01', 21, '2016-12-23', 21, '2016-12-23 08:17:29', 1, 1, 'T', 0, NULL, NULL, NULL, NULL, NULL, NULL, NULL),
(397, '10023424', 'นาง บุษยมาส ประศาสตร์ศิลป์', 1, '1970-01-01', 21, '2016-12-23', 21, '2016-12-23 08:17:29', 1, 1, 'T', 0, NULL, NULL, NULL, NULL, NULL, NULL, NULL),
(398, '10028174', 'น.ส. สุปรียา เลิศโสภาพันธ์', 1, '1970-01-01', 21, '2016-12-23', 21, '2016-12-23 08:17:29', 1, 1, 'T', 0, NULL, NULL, NULL, NULL, NULL, NULL, NULL),
(399, '10029801', 'น.ส. กาญจนา วิทยาภรณ์', 1, '1970-01-01', 21, '2016-12-23', 21, '2016-12-23 08:17:29', 1, 1, 'T', 0, NULL, NULL, NULL, NULL, NULL, NULL, NULL),
(400, '10029807', 'น.ส. นิภาพร จรโพธิ์', 1, '1970-01-01', 21, '2016-12-23', 21, '2016-12-23 08:17:29', 1, 1, 'T', 0, NULL, NULL, NULL, NULL, NULL, NULL, NULL),
(401, '10030106', 'น.ส. กนกวรรณ แพทยานันท์', 1, '1970-01-01', 21, '2016-12-23', 21, '2016-12-23 08:17:29', 1, 1, 'T', 0, NULL, NULL, NULL, NULL, NULL, NULL, NULL),
(402, '10030134', 'น.ส. วรัญญา ภวภูตานนท์', 1, '1970-01-01', 21, '2016-12-23', 21, '2016-12-23 08:17:29', 1, 1, 'T', 0, NULL, NULL, NULL, NULL, NULL, NULL, NULL),
(403, '10030142', 'น.ส. สุปราริฉัตร ยอดเพ็ชร์', 1, '1970-01-01', 21, '2016-12-23', 21, '2016-12-23 08:17:29', 1, 1, 'T', 0, NULL, NULL, NULL, NULL, NULL, NULL, NULL),
(404, '10028543', 'นาย ฐิติพงศ์ พานิช', 1, '1970-01-01', 21, '2016-12-23', 21, '2016-12-23 08:17:29', 1, 1, 'T', 0, NULL, NULL, NULL, NULL, NULL, NULL, NULL),
(405, '10020902', 'น.ส. ธีรารัตน์ แม้นพยัคฆ์', 1, '1970-01-01', 21, '2016-12-23', 21, '2016-12-23 08:17:29', 1, 1, 'T', 0, NULL, NULL, NULL, NULL, NULL, NULL, NULL),
(406, '10022588', 'น.ส. ปาริฉัตร เนตรสกุลณี', 1, '1970-01-01', 21, '2016-12-23', 21, '2016-12-23 08:17:29', 1, 1, 'T', 0, NULL, NULL, NULL, NULL, NULL, NULL, NULL),
(407, '10024191', 'น.ส. สุรัตนา ห่วงทอง', 1, '1970-01-01', 21, '2016-12-23', 21, '2016-12-23 08:17:29', 1, 1, 'T', 0, NULL, NULL, NULL, NULL, NULL, NULL, NULL),
(408, '10027218', 'น.ส. ศิริลักษณ์ สุคะตะ', 1, '1970-01-01', 21, '2016-12-23', 21, '2016-12-23 08:17:29', 1, 1, 'T', 0, NULL, NULL, NULL, NULL, NULL, NULL, NULL),
(409, '10024340', 'น.ส. หทัยชนก พิมปุ้ย', 1, '1970-01-01', 21, '2016-12-23', 21, '2016-12-23 08:17:29', 1, 1, 'T', 0, NULL, NULL, NULL, NULL, NULL, NULL, NULL),
(410, '10029046', 'น.ส. ฉัตรพร ฉลาดยิง', 1, '1970-01-01', 21, '2016-12-23', 21, '2016-12-23 08:17:29', 1, 1, 'T', 0, NULL, NULL, NULL, NULL, NULL, NULL, NULL),
(411, 'A0000001', 'นุชศรา ช่อมณี', 1, '1970-01-01', 21, '2016-12-23', 21, '2016-12-23 08:17:29', 1, 1, 'T', 0, NULL, NULL, NULL, NULL, NULL, NULL, NULL),
(412, '10013940', 'นาย วุฒิไกร คงแสนคำ', 1, '1970-01-01', 21, '2016-12-23', 21, '2016-12-23 08:17:29', 1, 1, 'T', 0, NULL, NULL, NULL, NULL, NULL, NULL, NULL),
(413, '10016512', 'น.ส. ภัสสร ธรรมอักษร', 1, '1970-01-01', 21, '2016-12-23', 21, '2016-12-23 08:17:29', 1, 1, 'T', 0, NULL, NULL, NULL, NULL, NULL, NULL, NULL),
(414, '10016581', 'น.ส. อมรรัตน์ เอกตะ', 1, '1970-01-01', 21, '2016-12-23', 21, '2016-12-23 08:17:29', 1, 1, 'T', 0, NULL, NULL, NULL, NULL, NULL, NULL, NULL),
(415, '10024042', 'น.ส. พัชรินทร์ คำชาลี', 1, '1970-01-01', 21, '2016-12-23', 21, '2016-12-23 08:17:29', 1, 1, 'T', 0, NULL, NULL, NULL, NULL, NULL, NULL, NULL),
(416, '10016005', 'อ. พญ. พวงแก้ว ธิติสกุลชัย', 1, '1970-01-01', 21, '2016-12-23', 21, '2016-12-23 08:17:29', 1, 1, 'T', 0, NULL, NULL, NULL, NULL, NULL, NULL, NULL),
(417, '10019343', 'น.ส. วรินทร์ดา อ้อนคำภา', 1, '1970-01-01', 21, '2016-12-23', 21, '2016-12-23 08:17:29', 1, 1, 'T', 0, NULL, NULL, NULL, NULL, NULL, NULL, NULL),
(418, '10003720', 'นาย สหชาติ มาฆะดิลก', 1, '1970-01-01', 21, '2016-12-23', 21, '2016-12-23 08:17:29', 1, 1, 'T', 0, NULL, NULL, NULL, NULL, NULL, NULL, NULL),
(419, '10004615', 'นาง ธัญวรรณ อาศนสุวรรณ์', 1, '1970-01-01', 21, '2016-12-23', 21, '2016-12-23 08:17:29', 1, 1, 'T', 0, NULL, NULL, NULL, NULL, NULL, NULL, NULL),
(420, '10005115', 'น.ส. รัตน์หทัย เมืองธรรม', 1, '1970-01-01', 21, '2016-12-23', 21, '2016-12-23 08:17:29', 1, 1, 'T', 0, NULL, NULL, NULL, NULL, NULL, NULL, NULL),
(421, '10006534', 'น.ส. จิราภา พลายเล็ก', 1, '1970-01-01', 21, '2016-12-23', 21, '2016-12-23 08:17:29', 1, 1, 'T', 0, NULL, NULL, NULL, NULL, NULL, NULL, NULL),
(422, '10024026', 'น.ส. กนกอร ชำนาญ', 1, '1970-01-01', 21, '2016-12-23', 21, '2016-12-23 08:17:29', 1, 1, 'T', 0, NULL, NULL, NULL, NULL, NULL, NULL, NULL),
(423, '10029449', 'นาย สัญชัย บุญชุ่ม', 1, '1970-01-01', 21, '2016-12-23', 21, '2016-12-23 08:17:29', 1, 1, 'T', 0, NULL, NULL, NULL, NULL, NULL, NULL, NULL),
(424, NULL, NULL, 1, '1970-01-01', 21, '2016-12-23', 21, '2016-12-23 08:17:29', 1, 1, 'T', 0, NULL, NULL, NULL, NULL, NULL, NULL, NULL),
(425, NULL, NULL, 1, '1970-01-01', 21, '2016-12-23', 21, '2016-12-23 08:17:29', 1, 1, 'T', 0, NULL, NULL, NULL, NULL, NULL, NULL, NULL),
(426, NULL, NULL, 1, '1970-01-01', 21, '2016-12-23', 21, '2016-12-23 08:17:29', 1, 1, 'T', 0, NULL, NULL, NULL, NULL, NULL, NULL, NULL),
(427, NULL, NULL, 1, '1970-01-01', 21, '2016-12-23', 21, '2016-12-23 08:17:29', 1, 1, 'T', 0, NULL, NULL, NULL, NULL, NULL, NULL, NULL),
(428, NULL, NULL, 1, '1970-01-01', 21, '2016-12-23', 21, '2016-12-23 08:17:29', 1, 1, 'T', 0, NULL, NULL, NULL, NULL, NULL, NULL, NULL),
(429, NULL, NULL, 1, '1970-01-01', 21, '2016-12-23', 21, '2016-12-23 08:17:29', 1, 1, 'T', 0, NULL, NULL, NULL, NULL, NULL, NULL, NULL),
(430, NULL, NULL, 1, '1970-01-01', 21, '2016-12-23', 21, '2016-12-23 08:17:29', 1, 1, 'T', 0, NULL, NULL, NULL, NULL, NULL, NULL, NULL),
(431, NULL, NULL, 1, '1970-01-01', 21, '2016-12-23', 21, '2016-12-23 08:17:29', 1, 1, 'T', 0, NULL, NULL, NULL, NULL, NULL, NULL, NULL),
(432, NULL, NULL, 1, '1970-01-01', 21, '2016-12-23', 21, '2016-12-23 08:17:29', 1, 1, 'T', 0, NULL, NULL, NULL, NULL, NULL, NULL, NULL),
(433, NULL, NULL, 1, '1970-01-01', 21, '2016-12-23', 21, '2016-12-23 08:17:29', 1, 1, 'T', 0, NULL, NULL, NULL, NULL, NULL, NULL, NULL),
(434, NULL, NULL, 1, '1970-01-01', 21, '2016-12-23', 21, '2016-12-23 08:17:29', 1, 1, 'T', 0, NULL, NULL, NULL, NULL, NULL, NULL, NULL),
(435, NULL, NULL, 1, '1970-01-01', 21, '2016-12-23', 21, '2016-12-23 08:17:29', 1, 1, 'T', 0, NULL, NULL, NULL, NULL, NULL, NULL, NULL),
(436, NULL, NULL, 1, '1970-01-01', 21, '2016-12-23', 21, '2016-12-23 08:17:29', 1, 1, 'T', 0, NULL, NULL, NULL, NULL, NULL, NULL, NULL),
(437, NULL, NULL, 1, '1970-01-01', 21, '2016-12-23', 21, '2016-12-23 08:17:29', 1, 1, 'T', 0, NULL, NULL, NULL, NULL, NULL, NULL, NULL),
(438, NULL, NULL, 1, '1970-01-01', 21, '2016-12-23', 21, '2016-12-23 08:17:29', 1, 1, 'T', 0, NULL, NULL, NULL, NULL, NULL, NULL, NULL),
(439, NULL, NULL, 1, '1970-01-01', 21, '2016-12-23', 21, '2016-12-23 08:17:29', 1, 1, 'T', 0, NULL, NULL, NULL, NULL, NULL, NULL, NULL),
(440, NULL, NULL, 1, '1970-01-01', 21, '2016-12-23', 21, '2016-12-23 08:17:29', 1, 1, 'T', 0, NULL, NULL, NULL, NULL, NULL, NULL, NULL),
(441, NULL, NULL, 1, '1970-01-01', 21, '2016-12-23', 21, '2016-12-23 08:17:29', 1, 1, 'T', 0, NULL, NULL, NULL, NULL, NULL, NULL, NULL),
(442, NULL, NULL, 1, '1970-01-01', 21, '2016-12-23', 21, '2016-12-23 08:17:29', 1, 1, 'T', 0, NULL, NULL, NULL, NULL, NULL, NULL, NULL),
(443, NULL, NULL, 1, '1970-01-01', 21, '2016-12-23', 21, '2016-12-23 08:17:29', 1, 1, 'T', 0, NULL, NULL, NULL, NULL, NULL, NULL, NULL),
(444, NULL, NULL, 1, '1970-01-01', 21, '2016-12-23', 21, '2016-12-23 08:17:29', 1, 1, 'T', 0, NULL, NULL, NULL, NULL, NULL, NULL, NULL),
(445, NULL, NULL, 1, '1970-01-01', 21, '2016-12-23', 21, '2016-12-23 08:17:29', 1, 1, 'T', 0, NULL, NULL, NULL, NULL, NULL, NULL, NULL),
(446, NULL, NULL, 1, '1970-01-01', 21, '2016-12-23', 21, '2016-12-23 08:17:29', 1, 1, 'T', 0, NULL, NULL, NULL, NULL, NULL, NULL, NULL),
(447, NULL, NULL, 1, '1970-01-01', 21, '2016-12-23', 21, '2016-12-23 08:17:29', 1, 1, 'T', 0, NULL, NULL, NULL, NULL, NULL, NULL, NULL),
(448, NULL, NULL, 1, '1970-01-01', 21, '2016-12-23', 21, '2016-12-23 08:17:29', 1, 1, 'T', 0, NULL, NULL, NULL, NULL, NULL, NULL, NULL),
(449, NULL, NULL, 1, '1970-01-01', 21, '2016-12-23', 21, '2016-12-23 08:17:29', 1, 1, 'T', 0, NULL, NULL, NULL, NULL, NULL, NULL, NULL),
(450, NULL, NULL, 1, '1970-01-01', 21, '2016-12-23', 21, '2016-12-23 08:17:29', 1, 1, 'T', 0, NULL, NULL, NULL, NULL, NULL, NULL, NULL),
(451, NULL, NULL, 1, '1970-01-01', 21, '2016-12-23', 21, '2016-12-23 08:17:29', 1, 1, 'T', 0, NULL, NULL, NULL, NULL, NULL, NULL, NULL),
(452, NULL, NULL, 1, '1970-01-01', 21, '2016-12-23', 21, '2016-12-23 08:17:29', 1, 1, 'T', 0, NULL, NULL, NULL, NULL, NULL, NULL, NULL),
(453, NULL, NULL, 1, '1970-01-01', 21, '2016-12-23', 21, '2016-12-23 08:17:29', 1, 1, 'T', 0, NULL, NULL, NULL, NULL, NULL, NULL, NULL),
(454, NULL, NULL, 1, '1970-01-01', 21, '2016-12-23', 21, '2016-12-23 08:17:29', 1, 1, 'T', 0, NULL, NULL, NULL, NULL, NULL, NULL, NULL),
(455, NULL, NULL, 1, '1970-01-01', 21, '2016-12-23', 21, '2016-12-23 08:17:29', 1, 1, 'T', 0, NULL, NULL, NULL, NULL, NULL, NULL, NULL),
(456, NULL, NULL, 1, '1970-01-01', 21, '2016-12-23', 21, '2016-12-23 08:17:29', 1, 1, 'T', 0, NULL, NULL, NULL, NULL, NULL, NULL, NULL),
(457, NULL, NULL, 1, '1970-01-01', 21, '2016-12-23', 21, '2016-12-23 08:17:29', 1, 1, 'T', 0, NULL, NULL, NULL, NULL, NULL, NULL, NULL),
(458, NULL, NULL, 1, '1970-01-01', 21, '2016-12-23', 21, '2016-12-23 08:17:29', 1, 1, 'T', 0, NULL, NULL, NULL, NULL, NULL, NULL, NULL),
(459, NULL, NULL, 1, '1970-01-01', 21, '2016-12-23', 21, '2016-12-23 08:17:29', 1, 1, 'T', 0, NULL, NULL, NULL, NULL, NULL, NULL, NULL),
(460, NULL, NULL, 1, '1970-01-01', 21, '2016-12-23', 21, '2016-12-23 08:17:29', 1, 1, 'T', 0, NULL, NULL, NULL, NULL, NULL, NULL, NULL),
(461, NULL, NULL, 1, '1970-01-01', 21, '2016-12-23', 21, '2016-12-23 08:17:29', 1, 1, 'T', 0, NULL, NULL, NULL, NULL, NULL, NULL, NULL),
(462, NULL, NULL, 1, '1970-01-01', 21, '2016-12-23', 21, '2016-12-23 08:17:29', 1, 1, 'T', 0, NULL, NULL, NULL, NULL, NULL, NULL, NULL),
(463, NULL, NULL, 1, '1970-01-01', 21, '2016-12-23', 21, '2016-12-23 08:17:29', 1, 1, 'T', 0, NULL, NULL, NULL, NULL, NULL, NULL, NULL),
(464, NULL, NULL, 1, '1970-01-01', 21, '2016-12-23', 21, '2016-12-23 08:17:29', 1, 1, 'T', 0, NULL, NULL, NULL, NULL, NULL, NULL, NULL),
(465, NULL, NULL, 1, '1970-01-01', 21, '2016-12-23', 21, '2016-12-23 08:17:29', 1, 1, 'T', 0, NULL, NULL, NULL, NULL, NULL, NULL, NULL),
(466, NULL, NULL, 1, '1970-01-01', 21, '2016-12-23', 21, '2016-12-23 08:17:29', 1, 1, 'T', 0, NULL, NULL, NULL, NULL, NULL, NULL, NULL),
(467, NULL, NULL, 1, '1970-01-01', 21, '2016-12-23', 21, '2016-12-23 08:17:29', 1, 1, 'T', 0, NULL, NULL, NULL, NULL, NULL, NULL, NULL);

-- --------------------------------------------------------

--
-- Table structure for table `tb_form8`
--

CREATE TABLE IF NOT EXISTS `tb_form8` (
  `id` int(11) NOT NULL,
  `name` varchar(200) DEFAULT NULL,
  `file_path` varchar(100) DEFAULT NULL,
  `owner_department_id` int(11) DEFAULT NULL,
  `revision` int(11) DEFAULT NULL,
  `status` varchar(1) DEFAULT NULL,
  `update_from_id` int(11) DEFAULT NULL,
  `create_date` date DEFAULT NULL,
  `create_by` int(11) DEFAULT NULL,
  `update_date` datetime DEFAULT NULL,
  `update_by` int(11) DEFAULT NULL,
  `position_id` int(11) DEFAULT NULL
) ENGINE=InnoDB AUTO_INCREMENT=40 DEFAULT CHARSET=utf8;

--
-- Dumping data for table `tb_form8`
--

INSERT INTO `tb_form8` (`id`, `name`, `file_path`, `owner_department_id`, `revision`, `status`, `update_from_id`, `create_date`, `create_by`, `update_date`, `update_by`, `position_id`) VALUES
(1, 'รองอธิการบดีฝ่ายสิ่งแวดล้อมและการพัฒนาอย่างยั11111111111111111', NULL, 4, 1, 'F', 1, '2016-11-27', 50, '2016-11-27 00:00:00', 50, NULL),
(2, 'ศาสตราจารย์เกียรติคุณวรชาติ  สิรวราภรณ์', NULL, 4, 1, 'T', NULL, '2016-11-27', 50, '2016-11-27 00:00:00', 50, NULL),
(3, 'รองศาสตราจารย์ชวลิต  วงษ์เอก', NULL, 4, 1, 'T', NULL, '2016-11-27', 50, '2016-11-27 00:00:00', 50, NULL),
(4, 'รองศาสตราจารย์มลุลี  ตัณฑวิรุฬห์ (คณะแพทยศาสต', NULL, 4, 1, 'F', 4, '2016-11-27', 50, '2016-11-27 00:00:00', 50, NULL),
(5, 'รองศาสตราจารย์มลุลี  ตัณฑวิรุฬห์ (คณะแพทยศาสต', NULL, 4, 2, 'F', 4, NULL, NULL, '2016-11-27 00:00:00', 50, NULL),
(6, 'รองศาสตราจารย์มลุลี  ตัณฑวิรุฬห์ (คณะแพทยศาสต', NULL, 4, 3, 'F', 4, NULL, NULL, '2016-11-27 00:00:00', 50, NULL),
(7, 'รองศาสตราจารย์มลุลี  ตัณฑวิรุฬห์ (คณะแพทยศาส)', NULL, 4, 4, 'F', 4, NULL, NULL, '2016-11-27 00:00:00', 50, NULL),
(8, 'รองศาสตราจารย์มลุลี  ตัณฑวิรุฬห์ ', NULL, 4, 5, 'T', 4, NULL, NULL, '2016-11-27 00:00:00', 50, NULL),
(9, 'อาจารย์กิตติศักดิ์  ชินอุดมทรัพย์', NULL, 4, 1, 'T', NULL, '2016-11-27', 50, '2016-11-27 00:00:00', 50, NULL),
(10, 'รองศาสตราจารย์พิพัฒน์  เชี่ยววิทย์', NULL, 4, 1, 'T', NULL, '2016-11-27', 50, '2016-11-27 00:00:00', 50, NULL),
(11, 'ผู้ช่วยศาสตราจารย์สุรัตน์  วินิจสร', NULL, 4, 1, 'T', NULL, '2016-11-27', 50, '2016-11-27 00:00:00', 50, NULL),
(12, 'ผู้ช่วยศาสตราจารย์สมใจ  แดงประเสริฐ    ', NULL, 4, 1, 'T', NULL, '2016-11-27', 50, '2016-11-27 00:00:00', 50, NULL),
(13, 'ผู้ช่วยศาสตราจารย์ศิรินันท์  วิเศษสินธุ์ ', NULL, 4, 1, 'T', NULL, '2016-11-27', 50, '2016-11-27 00:00:00', 50, NULL),
(14, 'ผู้ช่วยศาสตราจารย์อภิชาต  นนท์ประเสริฐ ', NULL, 4, 1, 'T', NULL, '2016-11-27', 50, '2016-11-27 00:00:00', 50, NULL),
(15, 'ผู้ช่วยศาสตราจารย์นงลักษณ์  เรืองวิเศษ', NULL, 4, 1, 'T', NULL, '2016-11-27', 50, '2016-11-27 00:00:00', 50, NULL),
(16, 'ผู้ช่วยศาสตราจารย์เสาวนีย์  อัศวผาติบุญ   ', NULL, 4, 1, 'T', NULL, '2016-11-27', 50, '2016-11-27 00:00:00', 50, NULL),
(17, 'ผู้ช่วยศาสตราจารย์จุมพฎ  คัดนาพร', NULL, 4, 1, 'T', NULL, '2016-11-27', 50, '2016-11-27 00:00:00', 50, NULL),
(18, 'อาจารย์พจี  เจาฑะเกษตริน', NULL, 4, 1, 'T', NULL, '2016-11-27', 50, '2016-11-27 00:00:00', 50, NULL),
(19, 'อาจารย์นวลเพ็ญ  ดำรงกิจอุดม', NULL, 4, 1, 'T', NULL, '2016-11-27', 50, '2016-11-27 00:00:00', 50, NULL),
(20, 'อาจารย์วิโรจน์  ช่างม่วง', NULL, 4, 1, 'T', NULL, '2016-11-27', 50, '2016-11-27 00:00:00', 50, NULL),
(21, 'นางสาววีนัส  วิเศษแสง', NULL, 4, 1, 'T', NULL, '2016-11-27', 50, '2016-11-27 00:00:00', 50, NULL),
(22, 'นายอิษฏ์  สุบินมงคล', NULL, 4, 1, 'T', NULL, '2016-11-27', 50, '2016-11-27 00:00:00', 50, NULL),
(23, 'ผู้อำนวยการกองบริหารงานวิจัย', NULL, 4, 1, 'T', NULL, '2016-11-27', 50, '2016-11-27 00:00:00', 50, NULL),
(24, 'ผู้จัดการศูนย์บริหารความปลอดภัย อาชีวอนามัยแล', NULL, 4, 1, 'F', 24, '2016-11-27', 50, '2016-11-27 00:00:00', 50, NULL),
(25, 'นางสาวปทุมพร  แก้วประชุม ', NULL, 4, 1, 'T', NULL, '2016-11-27', 50, '2016-11-27 00:00:00', 50, NULL),
(26, 'นายพัฒนา  เอี่ยมกระสินธุ์', NULL, 4, 1, 'T', NULL, '2016-11-27', 50, '2016-11-27 00:00:00', 50, NULL),
(27, 'นางสาวอัญชุลี  วัชรมุสิก    ', NULL, 4, 1, 'T', NULL, '2016-11-27', 50, '2016-11-27 00:00:00', 50, NULL),
(28, 'อาจารย์พวงเพ็ญ  ตั้งบุญดวงจิตร', NULL, 4, 1, 'T', NULL, '2016-11-27', 50, '2016-11-27 00:00:00', 50, NULL),
(29, 'นางสาววรรณวิไล  อุตรวิเชียร ', NULL, 4, 1, 'T', NULL, '2016-11-27', 50, '2016-11-27 00:00:00', 50, NULL),
(30, 'นางสาวพัชรินทร์  ไพรกุล', NULL, 4, 1, 'T', NULL, '2016-11-27', 50, '2016-11-27 00:00:00', 50, NULL),
(31, 'aaaaaaaaaaaaaaaaaaaaaaaaaaaaaaaaaaaaaaaaaaaaaaaaaaaaaaaaaaaaaaaaa', NULL, 4, 1, 'F', 31, '2016-12-05', 50, '2016-12-05 04:47:47', 50, NULL),
(32, 'aaaaaaaaaaaaaaaaaaaaaaaaaaaaaaaaaaaaaaaaaaaaaaaaaaaaaaaaaaaaaaaaa', '/uploads/aaaaaaaaaaaa.pdf', 4, 2, 'D', 31, NULL, NULL, '2016-12-05 04:48:08', 50, NULL),
(33, 'ผู้จัดการศูนย์บริหารความปลอดภัย อาชีวอนามัยและสิ่งแวดล้อม ', NULL, 4, 2, 'F', 24, NULL, NULL, '2016-12-05 07:32:21', 50, NULL),
(34, 'ผู้จัดการศูนย์บริหารความปลอดภัย อาชีวอนามัยและสิ่งแวดล้อม ', '/uploads/aaaaaaaaaaaa.pdf', 4, 3, 'T', 24, NULL, NULL, '2016-12-05 07:32:38', 50, NULL),
(35, 'รองอธิการบดีฝ่ายสิ่งแวดล้อมและการพัฒนาอย่างยังยืน', NULL, 4, 2, 'F', 1, NULL, NULL, '2016-12-05 07:40:35', 50, NULL),
(36, 'รองอธิการบดีฝ่ายสิ่งแวดล้อมและการพัฒนาอย่างยังยืน------', NULL, -1, 3, 'F', 1, NULL, NULL, '2016-12-05 07:43:52', 1, NULL),
(37, 'รองอธิการบดีฝ่ายสิ่งแวดล้อมและการพัฒนาอย่างยังยืน', '/uploads/aaaaaaaaaaaa.pdf', 4, 4, 'F', 1, NULL, NULL, '2016-12-05 07:44:16', 50, NULL),
(38, 'รองอธิการบดีฝ่ายสิ่งแวดล้อมและการพัฒนาอย่างยังยืน------', '/uploads/aaaaaaaaaaaa.pdf', -1, 5, 'F', 1, NULL, NULL, '2016-12-05 07:45:52', 1, NULL),
(39, 'รองอธิการบดีฝ่ายสิ่งแวดล้อมและการพัฒนาอย่างยังยืน', '/uploads/aaaaaaaaaaaa.pdf', 4, 6, 'T', 1, NULL, NULL, '2016-12-06 10:47:31', 50, NULL);

-- --------------------------------------------------------

--
-- Table structure for table `tb_form_questionnaire`
--

CREATE TABLE IF NOT EXISTS `tb_form_questionnaire` (
  `id` int(11) NOT NULL,
  `number` varchar(45) DEFAULT NULL,
  `question` varchar(200) DEFAULT NULL,
  `parent` int(11) DEFAULT NULL,
  `seq` varchar(45) DEFAULT NULL,
  `has_attach_file` varchar(1) DEFAULT '0',
  `has_other` varchar(1) DEFAULT '0',
  `type` int(11) DEFAULT NULL,
  `owner_department_id` int(11) DEFAULT NULL
) ENGINE=InnoDB AUTO_INCREMENT=58 DEFAULT CHARSET=utf8;

--
-- Dumping data for table `tb_form_questionnaire`
--

INSERT INTO `tb_form_questionnaire` (`id`, `number`, `question`, `parent`, `seq`, `has_attach_file`, `has_other`, `type`, `owner_department_id`) VALUES
(1, '3.1', 'การบริหารจัดการด้านความปลอดภัยทางรังสี', -1, '1', '0', '0', 1, NULL),
(2, '3.1.1', 'ส่วนงาน(คณะ) มีการแต่งตั้งคณะกรรมการและหรือแทนผู้รับผิดชอบในการกำกับ ดูแลงานด้านความปลอดภัยทางรังสีหรือไม่', 1, '1', '0', '0', 1, NULL),
(3, '3.1.2', 'ส่วนงาน(คณะ) มีแต่งตั้งคณะกรรมการพิจารณารับรองงานวิจัยด้านรังสีหรือไม่', 1, '2', '0', '0', 1, NULL),
(4, '3.1.3', 'ส่วนงาน(คณะ) มีแผนงานความปลอดภัยทางรังสีที่ครอบคลุมด้านต่าง ๆ หรือไม่', 1, '3', '0', '0', 1, NULL),
(5, '3.1.4', 'ส่วนงานมีการจัดทำเอกสารด้านความปลอดภัยในการใช้รังสีหรือไม่', 1, '4', '0', '0', 1, NULL),
(6, '3.1.5', 'มีการตรวจสอบคุณภาพและขออนุญาตมีไว้ในครอบครอง นำเข้าหรือส่งออกเครื่องกำเนิดรังสีหรือสารกัมมันตรังสี ตามมาตรฐานและกฎหมายกำหนด', 1, '5', '0', '0', 1, NULL),
(7, '3.1.6', 'มีการขึ้นทะเบียนเครื่องกำเนิดรังสีและสารกัมมันตรังสี', 1, '6', '0', '0', 1, NULL),
(8, '3.1.7', 'มีการตรวจสอบประเมินคุณภาพจากหน่วยงานที่ได้รับการรับรองมาตรฐานตามข้อกำหนดของสำนักงานปรมาณูเพื่อสันติ', 1, '7', '0', '0', 1, NULL),
(9, '3.1.8', 'มีการจัดหาวัสดุที่สามารถป้องกันรังสีได้อย่างปลอดภัย และไม่เป็นอันตรายต่อบุคคลากรและบุคคลภายนอก (เช่น เสื้อตะกั่ว แว่นตากันรังสี ฉากกำบังรังสี)', 1, '8', '0', '0', 1, NULL),
(10, '3.1.9', 'มีการควบคุมการใช้ปริมาณรังสี ตามหลัก As Low As Reasonably Achievable (ALARA) และกำกับ ดูแลให้ผลการตรวจวัดรังสีส่วนบุคคลไม่เกินเกณฑ์ที่กำหนด', 1, '9', '0', '0', 1, NULL),
(11, '3.1.10', 'มีการจัดหาอุปกรณ์วัดรังสีประจำตัวบุคคลให้กับบุคลากรที่ปฏิบัติงานเกี่ยวกับรังสี', 1, '10', '0', '0', 1, NULL),
(12, '3.1.11', 'มีการอบรมความปลอดภัยในการใช้รังสีให้กับบุคลากรก่อนปฏิบัติงานครั้งแรก', 1, '11', '0', '0', 1, NULL),
(13, '3.1.12', 'มีการอบรมทบทวนความรู้ด้านความปลอดภัยในการใช้รังสีให้กับบุคลากรอย่างน้อยปีละ 1 ครั้ง', 1, '12', '0', '0', 1, NULL),
(14, '3.1.13', 'มีระบบแจ้งเหตุ หรือการรายงานเกิดอุบัติเหตุทางรังสี', 1, '13', '0', '0', 1, NULL),
(15, '3.1.14', 'มีการตรวจสอบอุบัติเหตุทางรังสี', 1, '14', '0', '0', 1, NULL),
(16, NULL, 'มี (โปรดแนบสำเนาคำสั่งแต่งตั้งคะณะกรรมการหรือรายชื่อผู้รับผิดชอบ (Radiation Safety Officer:RSO)', 2, '1', '1', '0', 2, NULL),
(17, NULL, 'ไม่มี คาดว่าจะมีการดำเนินการเสร็จสิ้นภายใน', 2, '2', '0', '1', 2, NULL),
(18, NULL, 'มี (โปรดแนบสำเนาคำสั่งแต่งตั้งคณะกรรมการ)', 3, '1', '1', '0', 2, NULL),
(19, NULL, 'ไม่มี', 3, '2', '0', '0', 2, NULL),
(20, NULL, 'มีแผนงาน', 4, NULL, '0', '0', 2, NULL),
(21, NULL, 'ด้านการปฏิบัติงานที่เกี่ยวข้องกับการใช้รังสีที่มีผลต่อสุขภาพ', 20, '1', '0', '0', 2, NULL),
(22, NULL, 'ด้านการประเมินความเสี่ยงด้านความปลอดภัยทางรังสี', 20, '2', '0', '0', 2, NULL),
(23, NULL, 'ด้านการโต้ตอบเหตุฉุกเฉินกรณีเกิดอุบัติเหตุจากรังสี', 20, '3', '0', '0', 2, NULL),
(24, NULL, 'ด้านการกำจัดกากกัมมันตรังสี', 20, '4', '0', '0', 2, NULL),
(25, NULL, 'ด้านการกำกับดูแล ติดตามและตรวจสอบการใช้รังสีให้เป็นไปตามที่กำหมายกำหนด', 20, '5', '0', '0', 2, NULL),
(26, NULL, 'อื่น ๆ (โปรดระบุ)', 20, '6', '0', '1', 2, NULL),
(27, NULL, 'ไม่มีแผนงาน คาดว่าจะมีการดำเนินการเสร็จสิ้นภายใน', 4, '1', '0', '1', 2, NULL),
(28, NULL, 'มี', 5, '1', '0', '0', 2, NULL),
(29, NULL, 'ไม่มี คาดว่าจะมีการดำเนินการเสร็จสิ้นภายใน', 5, '2', '0', '1', 2, NULL),
(30, NULL, 'คู่มือ', 28, '1', '1', '0', 2, NULL),
(31, NULL, 'แนวปฏิบัติ', 28, '2', '1', '0', 2, NULL),
(32, NULL, 'กฎ/ระเบียบ/ข้อบังคับ', 28, '3', '1', '0', 2, NULL),
(33, NULL, 'อื่น ๆ (โปรดระบุ)', 28, '4', '1', '1', 2, NULL),
(34, NULL, 'มี', 6, '1', '0', '0', 2, NULL),
(35, NULL, 'ไม่มี คาดว่าจะมีการดำเนินการเสร็จสิ้นภายใน', 6, '2', '0', '1', 2, NULL),
(36, NULL, 'มี (โปรดแนบสำเนารายชื่อเครื่องกำเนิดรังสีและสารกัมมันตรังสีที่ขึ้นทะเบียน)', 7, '1', '1', '0', 2, NULL),
(37, NULL, 'ไม่มี คาดว่าจะมีการดำเนินการเสร็จสิ้นภายใน', 7, '2', '0', '1', 2, NULL),
(38, NULL, 'มี จากหน่วยงาน', 8, '1', '0', '0', 2, NULL),
(39, NULL, 'ไม่มี คาดว่าจะมีการดำเนินการเสร็จสิ้นภายใน', 8, '2', '0', '0', 2, NULL),
(40, NULL, 'กรมวิทยาศาสตร์การแพทย์', 38, '1', '1', '0', 2, NULL),
(41, NULL, 'อื่น ๆ (โปรดระบุ)', 38, '2', '1', '1', 2, NULL),
(42, NULL, 'มี', 9, '1', '0', '0', 2, NULL),
(43, NULL, 'ไม่มี คาดว่าจะมีการดำเนินการเสร็จสิ้นภายใน', 9, '2', '0', '1', 2, NULL),
(44, NULL, 'มี (โปรดแนบเอกสารแนวทางหรือวิธีการควบคุม)', 10, '1', '1', '0', 2, NULL),
(45, NULL, 'ไม่มี', 10, '2', '0', '0', 2, NULL),
(46, NULL, 'มี (โปรดระบุชนิดอุปกรณ์)', 11, '1', '0', '1', 2, NULL),
(47, NULL, 'ไม่มี', 11, '2', '0', '0', 2, NULL),
(48, NULL, 'มี', 12, '1', '0', '0', 2, NULL),
(49, NULL, 'ไม่มี', 12, '2', '0', '0', 2, NULL),
(50, NULL, 'มี', 13, '1', '0', '0', 2, NULL),
(51, NULL, 'ไม่มี', 13, '2', '0', '0', 2, NULL),
(52, NULL, 'มี ผ่านระบบ', 14, '1', '0', '0', 2, NULL),
(53, NULL, 'เอกสาร', 52, '1', '0', '0', 2, NULL),
(54, NULL, 'ไม่มี', 14, '2', '0', '0', 2, NULL),
(55, NULL, 'อิเล็กทรอนิกส์ (โปรดระบุชื่อ)', 52, '2', '0', '1', 2, NULL),
(56, NULL, 'มี', 15, '1', '0', '0', 2, NULL),
(57, NULL, 'ไม่มี', 15, '2', '0', '0', 2, NULL);

-- --------------------------------------------------------

--
-- Table structure for table `tb_form_questionnaire_answer`
--

CREATE TABLE IF NOT EXISTS `tb_form_questionnaire_answer` (
  `id` int(11) NOT NULL,
  `form_questionnaire_id` int(11) DEFAULT NULL,
  `other_description` varchar(200) DEFAULT NULL,
  `file_path` varchar(200) DEFAULT NULL,
  `revision` int(11) DEFAULT NULL,
  `owner_department_id` int(11) DEFAULT NULL,
  `status` varchar(1) DEFAULT NULL,
  `update_from_id` int(11) DEFAULT NULL,
  `create_by` int(11) DEFAULT NULL,
  `create_date` date DEFAULT NULL,
  `update_by` int(11) DEFAULT NULL,
  `update_date` date DEFAULT NULL
) ENGINE=InnoDB AUTO_INCREMENT=153 DEFAULT CHARSET=utf8;

--
-- Dumping data for table `tb_form_questionnaire_answer`
--

INSERT INTO `tb_form_questionnaire_answer` (`id`, `form_questionnaire_id`, `other_description`, `file_path`, `revision`, `owner_department_id`, `status`, `update_from_id`, `create_by`, `create_date`, `update_by`, `update_date`) VALUES
(115, 16, NULL, NULL, 1, 3, 'T', NULL, 20, '2016-08-02', 20, '2016-08-02'),
(116, 18, NULL, NULL, 1, 3, 'T', NULL, 20, '2016-08-02', 20, '2016-08-02'),
(117, 20, NULL, NULL, 1, 3, 'T', NULL, 20, '2016-08-02', 20, '2016-08-02'),
(118, 21, NULL, NULL, 1, 3, 'T', NULL, 20, '2016-08-02', 20, '2016-08-02'),
(119, 28, NULL, NULL, 1, 3, 'T', NULL, 20, '2016-08-02', 20, '2016-08-02'),
(120, 30, NULL, NULL, 1, 3, 'T', NULL, 20, '2016-08-02', 20, '2016-08-02'),
(121, 35, '', NULL, 1, 3, 'T', NULL, 20, '2016-08-02', 20, '2016-08-02'),
(122, 37, '', NULL, 1, 3, 'T', NULL, 20, '2016-08-02', 20, '2016-08-02'),
(123, 38, NULL, NULL, 1, 3, 'T', NULL, 20, '2016-08-02', 20, '2016-08-02'),
(124, 42, NULL, NULL, 1, 3, 'T', NULL, 20, '2016-08-02', 20, '2016-08-02'),
(125, 44, NULL, NULL, 1, 3, 'T', NULL, 20, '2016-08-02', 20, '2016-08-02'),
(126, 46, '', NULL, 1, 3, 'T', NULL, 20, '2016-08-02', 20, '2016-08-02'),
(127, 48, NULL, NULL, 1, 3, 'T', NULL, 20, '2016-08-02', 20, '2016-08-02'),
(128, 50, NULL, NULL, 1, 3, 'T', NULL, 20, '2016-08-02', 20, '2016-08-02'),
(129, 54, NULL, NULL, 1, 3, 'T', NULL, 20, '2016-08-02', 20, '2016-08-02'),
(130, 56, NULL, NULL, 1, 3, 'T', NULL, 20, '2016-08-02', 20, '2016-08-02'),
(132, 16, NULL, NULL, 1, 6, 'T', NULL, 38, '2016-08-31', 38, '2016-08-31'),
(133, 19, NULL, NULL, 1, 6, 'T', NULL, 38, '2016-08-31', 38, '2016-08-31'),
(134, 20, NULL, NULL, 1, 6, 'T', NULL, 38, '2016-08-31', 38, '2016-08-31'),
(135, 23, NULL, NULL, 1, 6, 'T', NULL, 38, '2016-08-31', 38, '2016-08-31'),
(136, 24, NULL, NULL, 1, 6, 'T', NULL, 38, '2016-08-31', 38, '2016-08-31'),
(137, 25, NULL, NULL, 1, 6, 'T', NULL, 38, '2016-08-31', 38, '2016-08-31'),
(138, 28, NULL, NULL, 1, 6, 'T', NULL, 38, '2016-08-31', 38, '2016-08-31'),
(139, 31, NULL, NULL, 1, 6, 'T', NULL, 38, '2016-08-31', 38, '2016-08-31'),
(140, 34, NULL, NULL, 1, 6, 'T', NULL, 38, '2016-08-31', 38, '2016-08-31'),
(141, 36, NULL, NULL, 1, 6, 'T', NULL, 38, '2016-08-31', 38, '2016-08-31'),
(142, 38, NULL, NULL, 1, 6, 'T', NULL, 38, '2016-08-31', 38, '2016-08-31'),
(143, 40, NULL, NULL, 1, 6, 'T', NULL, 38, '2016-08-31', 38, '2016-08-31'),
(144, 41, 'สำนักงานปรมาณูเพื่อสันติ', NULL, 1, 6, 'T', NULL, 38, '2016-08-31', 38, '2016-08-31'),
(145, 42, NULL, NULL, 1, 6, 'T', NULL, 38, '2016-08-31', 38, '2016-08-31'),
(146, 44, NULL, NULL, 1, 6, 'T', NULL, 38, '2016-08-31', 38, '2016-08-31'),
(147, 46, '', NULL, 1, 6, 'T', NULL, 38, '2016-08-31', 38, '2016-08-31'),
(148, 48, NULL, NULL, 1, 6, 'T', NULL, 38, '2016-08-31', 38, '2016-08-31'),
(149, 50, NULL, NULL, 1, 6, 'T', NULL, 38, '2016-08-31', 38, '2016-08-31'),
(150, 52, NULL, NULL, 1, 6, 'T', NULL, 38, '2016-08-31', 38, '2016-08-31'),
(151, 53, NULL, NULL, 1, 6, 'T', NULL, 38, '2016-08-31', 38, '2016-08-31'),
(152, 56, NULL, NULL, 1, 6, 'T', NULL, 38, '2016-08-31', 38, '2016-08-31');

-- --------------------------------------------------------

--
-- Table structure for table `tb_information`
--

CREATE TABLE IF NOT EXISTS `tb_information` (
  `id` int(11) NOT NULL,
  `title` varchar(45) DEFAULT NULL,
  `description` text,
  `file_path` varchar(100) DEFAULT NULL,
  `status` varchar(1) DEFAULT 'A',
  `begin_date` date DEFAULT NULL,
  `end_date` date DEFAULT NULL,
  `create_date` date DEFAULT NULL
) ENGINE=InnoDB DEFAULT CHARSET=utf8mb4;

-- --------------------------------------------------------

--
-- Table structure for table `tb_m_code_usage`
--

CREATE TABLE IF NOT EXISTS `tb_m_code_usage` (
  `id` int(11) NOT NULL,
  `name` varchar(45) DEFAULT NULL
) ENGINE=InnoDB DEFAULT CHARSET=utf8;

--
-- Dumping data for table `tb_m_code_usage`
--

INSERT INTO `tb_m_code_usage` (`id`, `name`) VALUES
(1, 'Security X-ray System'),
(2, 'Industrial X-Ray'),
(3, 'Research X-Ray'),
(4, 'Medical Diagnostic X-Ray'),
(5, 'Radiotherapy X-Ray'),
(6, 'LINAC'),
(7, 'Cyclotron'),
(8, 'Synchrotron'),
(9, 'Other'),
(16, 'Research'),
(17, 'รังสีรักษา'),
(19, 'รังสีวินิจฉัย'),
(22, 'Leakage Testing'),
(23, 'Standard Source'),
(27, 'อื่น ๆ โปรดระบุ');

-- --------------------------------------------------------

--
-- Table structure for table `tb_m_dealer_company`
--

CREATE TABLE IF NOT EXISTS `tb_m_dealer_company` (
  `id` int(11) NOT NULL,
  `name` varchar(45) DEFAULT NULL,
  `addr` varchar(45) DEFAULT NULL
) ENGINE=InnoDB DEFAULT CHARSET=utf8;

--
-- Dumping data for table `tb_m_dealer_company`
--

INSERT INTO `tb_m_dealer_company` (`id`, `name`, `addr`) VALUES
(1, 'บ.ดีเคเอสเอช จำกัด', 'dsfsdf'),
(2, 'บ.สยามเดนท์ จำกัด', NULL),
(3, 'OAEP', NULL),
(5, 'TINT', NULL),
(6, 'Perkinelmer', NULL),
(7, 'Business Alignment', '-'),
(8, 'Premier Business Inter', '-'),
(9, 'กมลสุโกศล นะคะ', '-');

-- --------------------------------------------------------

--
-- Table structure for table `tb_m_department`
--

CREATE TABLE IF NOT EXISTS `tb_m_department` (
  `id` int(11) NOT NULL,
  `name` varchar(45) DEFAULT NULL,
  `faculty_id` varchar(45) DEFAULT NULL,
  `branch_id` varchar(45) DEFAULT NULL,
  `isQues` varchar(1) DEFAULT NULL
) ENGINE=InnoDB DEFAULT CHARSET=utf8;

--
-- Dumping data for table `tb_m_department`
--

INSERT INTO `tb_m_department` (`id`, `name`, `faculty_id`, `branch_id`, `isQues`) VALUES
(-1, 'ผู้ดูแลระบบ', ' ', ' ', 'I'),
(1, '-', 'แพทยศาสตร์ศิริราชพยาบาล', ' -', 'A'),
(3, 'ศูนย์การแพทย์กาญจนาภิเษก', ' ', ' ', 'A'),
(4, 'กองกายภาพและสิ่งแวดล้อม', ' ', ' ', 'A'),
(5, 'กรรมการ', '-', '-', 'I'),
(6, 'คณะแพทยศาสตร์โรงพยาบาลรามาธิบดี', NULL, NULL, 'A'),
(7, 'ภาควิชารังสีเทคนิค', 'คณะเทคนิคการแพทย์', '-', 'A'),
(8, 'ภาควิชารังสีวินิจฉัย', 'คณะเวชศาสตร์เขตร้อน', '-', 'A'),
(9, 'ภาควิชาอายุรศาสตร์', 'คณะเวชศาสตร์เขตร้อน', '-', 'A'),
(10, 'ภาควิชารังสีวินิจฉัย', 'คณะสัตวแพทยศาสตร์', '-', 'A'),
(11, 'ภาควิชาเคมี', 'คณะวิทยาศาสตร์', '-', 'A'),
(12, 'ภาควิชาจุลชีววิทยา', 'คณะวิทยาศาสตร์', '-', 'A'),
(13, 'ภาควิชาฟิสิกส์', 'คณะวิทยาศาสตร์', '-', 'A'),
(14, 'ภาควิชาเภสัชวิทยา', 'คณะวิทยาศาสตร์', '-', 'A'),
(15, 'ภาควิชาสรีรวิทยา', 'คณะวิทยาศาสตร์', '-', 'A'),
(16, 'หน่วยวิจัยโครงสร้างและการทำงานของโปรตีน', 'คณะวิทยาศาสตร์', '-', 'A'),
(17, 'งานบริหารเครื่องมือกลาง', 'สำนักงานอธิการบดี', 'กองบริหารงานวิจัย', 'A'),
(18, 'ภาควิชารังสีวิทยา', 'คณะทันตแพทยศาสตร์', '-', 'A'),
(19, '-', 'คณะทันตแพทยศาสตร์', '-', 'A'),
(20, 'คณะทันตแพทยศาสตร์-ภาควิชารังสีวิทยา', '-', '-', 'A'),
(21, 'คณะเทคนิคการแพทย์', '-', '-', 'A');

-- --------------------------------------------------------

--
-- Table structure for table `tb_m_manufacturer`
--

CREATE TABLE IF NOT EXISTS `tb_m_manufacturer` (
  `id` int(11) NOT NULL,
  `name` varchar(45) DEFAULT NULL,
  `country_id` varchar(45) DEFAULT NULL
) ENGINE=InnoDB DEFAULT CHARSET=utf8;

--
-- Dumping data for table `tb_m_manufacturer`
--

INSERT INTO `tb_m_manufacturer` (`id`, `name`, `country_id`) VALUES
(1, 'Pacard instrument company', 'U.S.A.'),
(2, 'EG&G Berthold', 'Germany'),
(3, 'OAEP', ' ไทย'),
(4, 'TINT', 'ไทย'),
(5, 'Ludlum Measurements Inc.', '-'),
(6, 'xx', 'xx'),
(7, 'NEN Products', '-'),
(8, 'Tennelec Inc.', '-'),
(9, 'Isotope Products Laboratories', '-'),
(10, 'Eckert&Ziegler Isotope Products', '-'),
(11, 'E.I.DUPONT DE NENOURS&CO.', '-'),
(12, 'RadQual', '-'),
(13, 'รพ.กรุงเทพฯ', 'ไทย');

-- --------------------------------------------------------

--
-- Table structure for table `tb_m_material_status`
--

CREATE TABLE IF NOT EXISTS `tb_m_material_status` (
  `id` int(11) NOT NULL,
  `name` varchar(45) DEFAULT NULL
) ENGINE=InnoDB DEFAULT CHARSET=utf8;

--
-- Dumping data for table `tb_m_material_status`
--

INSERT INTO `tb_m_material_status` (`id`, `name`) VALUES
(1, 'ใช้งานปกติ'),
(2, 'เก็บสำรอง'),
(3, 'ยกเลิกใช้งาน'),
(4, 'รอจัดการกาก'),
(5, 'กำลังสั่งนำเข้า'),
(6, 'ขอสำรอง');

-- --------------------------------------------------------

--
-- Table structure for table `tb_m_material_type`
--

CREATE TABLE IF NOT EXISTS `tb_m_material_type` (
  `id` int(11) NOT NULL,
  `name` varchar(45) DEFAULT NULL
) ENGINE=InnoDB DEFAULT CHARSET=utf8;

--
-- Dumping data for table `tb_m_material_type`
--

INSERT INTO `tb_m_material_type` (`id`, `name`) VALUES
(1, 'ประเภทวัสดุกัมมันตรังสี 1'),
(2, 'ประเภทวัสดุกัมมันตรังสี 2'),
(3, 'ประเภทวัสดุกัมมันตรังสี 3'),
(4, 'ประเภทวัสดุกัมมันตรังสี 4'),
(5, 'ประเภทวัสดุกัมมันตรังสี 5');

-- --------------------------------------------------------

--
-- Table structure for table `tb_m_phisical_status`
--

CREATE TABLE IF NOT EXISTS `tb_m_phisical_status` (
  `id` int(11) NOT NULL,
  `name` varchar(45) DEFAULT NULL
) ENGINE=InnoDB DEFAULT CHARSET=utf8;

--
-- Dumping data for table `tb_m_phisical_status`
--

INSERT INTO `tb_m_phisical_status` (`id`, `name`) VALUES
(1, 'ของแข็ง'),
(2, 'ของเหลว'),
(3, 'ก๊าซ');

-- --------------------------------------------------------

--
-- Table structure for table `tb_m_position`
--

CREATE TABLE IF NOT EXISTS `tb_m_position` (
  `id` int(11) NOT NULL,
  `name` varchar(45) DEFAULT NULL
) ENGINE=InnoDB DEFAULT CHARSET=utf8;

--
-- Dumping data for table `tb_m_position`
--

INSERT INTO `tb_m_position` (`id`, `name`) VALUES
(1, 'แพทย์'),
(2, 'พยาบาล'),
(3, 'นักวิทยาศาสตร์'),
(4, 'นักรังสี'),
(5, 'การแพทย์'),
(6, 'คนงาน'),
(7, 'อื่น ๆ');

-- --------------------------------------------------------

--
-- Table structure for table `tb_m_power`
--

CREATE TABLE IF NOT EXISTS `tb_m_power` (
  `id` int(11) NOT NULL,
  `name` varchar(45) DEFAULT NULL
) ENGINE=InnoDB DEFAULT CHARSET=utf8;

--
-- Dumping data for table `tb_m_power`
--

INSERT INTO `tb_m_power` (`id`, `name`) VALUES
(1, 'kV'),
(2, 'MeV'),
(3, 'mA'),
(4, 'mAs');

-- --------------------------------------------------------

--
-- Table structure for table `tb_m_radioactive_elements`
--

CREATE TABLE IF NOT EXISTS `tb_m_radioactive_elements` (
  `id` int(11) NOT NULL,
  `name` varchar(45) DEFAULT NULL
) ENGINE=InnoDB AUTO_INCREMENT=33 DEFAULT CHARSET=utf8;

--
-- Dumping data for table `tb_m_radioactive_elements`
--

INSERT INTO `tb_m_radioactive_elements` (`id`, `name`) VALUES
(1, 'Ba-133'),
(2, 'C-11'),
(3, 'C-14'),
(4, 'Ca-137'),
(5, 'Co-57'),
(6, 'Cr-51'),
(7, 'Cs-137'),
(8, 'F-18'),
(9, 'Ga-67'),
(10, 'Ga-68'),
(11, 'H-3'),
(12, 'I-131'),
(13, 'I-125'),
(14, 'I-123'),
(15, 'I-124'),
(16, 'Ir-192'),
(17, 'In-111'),
(18, 'N-13'),
(19, 'Ni-63'),
(20, 'O-15'),
(21, 'P-32'),
(22, 'Ra-223'),
(23, 'Re-186'),
(24, 'Re-188'),
(25, 'S-35'),
(26, 'Sm-153'),
(27, 'Sr-90'),
(28, 'Tc-99m'),
(29, 'Tl-201m'),
(30, 'U-acetate'),
(31, 'Y-90'),
(32, 'Co-60');

-- --------------------------------------------------------

--
-- Table structure for table `tb_m_rad_machine`
--

CREATE TABLE IF NOT EXISTS `tb_m_rad_machine` (
  `id` int(11) NOT NULL,
  `name` varchar(150) DEFAULT NULL
) ENGINE=InnoDB DEFAULT CHARSET=utf8;

--
-- Dumping data for table `tb_m_rad_machine`
--

INSERT INTO `tb_m_rad_machine` (`id`, `name`) VALUES
(1, 'Angiogram'),
(2, 'Bone mineral densitometry'),
(3, 'Blood irradiator (Gamar)'),
(4, 'Cobalt-60 Teletherapy Machine'),
(5, 'Computerized Tomography (CT)'),
(6, 'Computed Tomography Simulator'),
(7, 'Conventional Simulator'),
(8, 'CR'),
(9, 'Cyber Knife Machine'),
(10, 'Deep X-ray Therapy machine'),
(11, 'Dential X-ray machine'),
(12, 'Digital subtraction'),
(13, 'DR'),
(14, 'Fluoroscopy X-ray'),
(15, 'Gamma Knife Machine'),
(16, 'General X-ray'),
(17, 'High Dose Rate Remote Controlled Afterloading Brachytherapy System'),
(18, 'High Energy Medical Linear Accelerator (เครื่องเร่งอนุภาคที่ผลิตโฟตอนพลังงานมากกว่า 6 MV)'),
(19, 'Low Dose Rate Remote Controlled Afterloading Brachytherapy System,'),
(20, 'Low Energy Medical Linear Accelerator (เครื่องเร่งอนุภาคที่ผลิตโฟตอนพลังงานไม่เกิน 6 MV)'),
(21, 'MRI'),
(22, 'Mammography'),
(23, 'Mobile X-ray'),
(24, 'Orthovoltage'),
(25, 'PET-CT'),
(26, 'Portable'),
(27, 'Powder X-ray diffractometer'),
(28, 'SPEC'),
(29, 'Superficial X-ray Therapy Machine'),
(30, 'X-ray fluorescence spectrometer'),
(31, 'X-ray generator');

-- --------------------------------------------------------

--
-- Table structure for table `tb_m_room`
--

CREATE TABLE IF NOT EXISTS `tb_m_room` (
  `id` int(11) NOT NULL,
  `name` varchar(45) DEFAULT NULL,
  `number` varchar(45) DEFAULT NULL,
  `building_id` varchar(45) DEFAULT NULL,
  `room_plan` varchar(100) DEFAULT NULL
) ENGINE=InnoDB DEFAULT CHARSET=utf8;

--
-- Dumping data for table `tb_m_room`
--

INSERT INTO `tb_m_room` (`id`, `name`, `number`, `building_id`, `room_plan`) VALUES
(1, 'ห้องทดลอง 1', '66', '1', '/uploads/muradbase_rpt21_01_2016-06-19.xls'),
(2, 'รังสีรักษาฯ ภ.รังสีวิทยา', NULL, '-', NULL),
(3, 'รังสีวิทยา /รังสีรักษา', NULL, '-', NULL),
(4, 'รังสีวิทยา/เวชศาสตร์นิวเคลียร์', NULL, 'ศูนย์โรคหัวใจสมเด็จพระราชินีนาถ', NULL),
(5, 'รังสีเทคนิค', NULL, 'วิทยาศาสตร์และเทคโนโลยีการแพทย์', NULL),
(6, 'รังสีวินิจฉัย', NULL, 'ตระหนักจิตหะริณสุต', NULL),
(7, 'อายุรศาสตร์ เขตร้อน', NULL, 'ตึก 50 ปี, ชั้น 4', NULL),
(8, 'อายุรศาสตร์ เขตร้อน', NULL, 'ตึก 50 ปี, ชั้น 5', NULL),
(9, 'รังสีวินิจฉัย', NULL, 'โรงพยาบาลสัตว์', NULL);

-- --------------------------------------------------------

--
-- Table structure for table `tb_m_setting`
--

CREATE TABLE IF NOT EXISTS `tb_m_setting` (
  `id` int(11) NOT NULL,
  `name` varchar(45) DEFAULT NULL,
  `value` varchar(45) DEFAULT NULL
) ENGINE=InnoDB DEFAULT CHARSET=utf8;

--
-- Dumping data for table `tb_m_setting`
--

INSERT INTO `tb_m_setting` (`id`, `name`, `value`) VALUES
(1, 'แจ้งเตือน (ช่วงที่ 1)', '180'),
(2, 'แจ้งเตือน (ช่วงที่ 2)', '60');

-- --------------------------------------------------------

--
-- Table structure for table `tb_m_title`
--

CREATE TABLE IF NOT EXISTS `tb_m_title` (
  `id` int(11) NOT NULL,
  `name` varchar(45) DEFAULT NULL
) ENGINE=InnoDB AUTO_INCREMENT=9 DEFAULT CHARSET=utf8;

--
-- Dumping data for table `tb_m_title`
--

INSERT INTO `tb_m_title` (`id`, `name`) VALUES
(1, 'นาย'),
(2, 'นาง'),
(3, 'นางสาว'),
(4, 'อาจารย์'),
(5, 'ผู้ช่วยศาสตราจารย์'),
(6, 'รองศาสตราจารย์'),
(7, 'ศาสตราจารย์'),
(8, 'ศาสตราจารย์เกียรติคุณ');

-- --------------------------------------------------------

--
-- Table structure for table `tb_m_unit`
--

CREATE TABLE IF NOT EXISTS `tb_m_unit` (
  `id` int(11) NOT NULL,
  `name` varchar(45) DEFAULT NULL
) ENGINE=InnoDB AUTO_INCREMENT=5 DEFAULT CHARSET=utf8mb4;

--
-- Dumping data for table `tb_m_unit`
--

INSERT INTO `tb_m_unit` (`id`, `name`) VALUES
(1, 'Bg'),
(2, 'Ci'),
(3, 'kg'),
(4, 'lb');

-- --------------------------------------------------------

--
-- Table structure for table `tb_m_usage_status`
--

CREATE TABLE IF NOT EXISTS `tb_m_usage_status` (
  `id` int(11) NOT NULL,
  `name` varchar(45) DEFAULT NULL
) ENGINE=InnoDB DEFAULT CHARSET=utf8;

--
-- Dumping data for table `tb_m_usage_status`
--

INSERT INTO `tb_m_usage_status` (`id`, `name`) VALUES
(1, 'ใช้งานอยู่'),
(2, 'หมดสภาพการใช้งาน'),
(3, 'บริจาค'),
(4, 'ส่งคืนพัสดุ'),
(5, 'ยกเลิกการใช้งาน'),
(6, 'รอจัดการกาก'),
(7, 'กำลังสั่งนำเข้า');

-- --------------------------------------------------------

--
-- Table structure for table `tb_m_use_type`
--

CREATE TABLE IF NOT EXISTS `tb_m_use_type` (
  `id` int(11) NOT NULL,
  `name` varchar(45) DEFAULT NULL
) ENGINE=InnoDB DEFAULT CHARSET=utf8;

--
-- Dumping data for table `tb_m_use_type`
--

INSERT INTO `tb_m_use_type` (`id`, `name`) VALUES
(1, 'Fixes'),
(2, 'Mobile'),
(3, 'Portable'),
(4, 'Stationary');

-- --------------------------------------------------------

--
-- Table structure for table `users_logged`
--

CREATE TABLE IF NOT EXISTS `users_logged` (
  `USER_ID` int(11) NOT NULL,
  `IP_ADDRESS` varchar(20) NOT NULL,
  `SESSION_ID` varchar(255) NOT NULL,
  `LAST_SIGN_IN_DATE` datetime NOT NULL,
  `UPDATE_BY` varchar(25) NOT NULL,
  `CREATE_DATE` datetime NOT NULL,
  `UPDATE_DATE` datetime NOT NULL
) ENGINE=InnoDB DEFAULT CHARSET=utf8;

-- --------------------------------------------------------

--
-- Table structure for table `users_login`
--

CREATE TABLE IF NOT EXISTS `users_login` (
  `id` int(11) NOT NULL,
  `role_id` int(11) NOT NULL,
  `username` varchar(100) DEFAULT NULL,
  `password` varchar(100) DEFAULT '1234',
  `latest_login` datetime DEFAULT NULL,
  `email` varchar(50) DEFAULT NULL,
  `create_by` int(11) DEFAULT NULL,
  `create_date` datetime DEFAULT NULL,
  `status` varchar(1) DEFAULT 'A',
  `is_force_change_password` bit(1) DEFAULT b'0',
  `title_id` int(11) DEFAULT NULL,
  `first_name` varchar(45) DEFAULT NULL,
  `last_name` varchar(45) DEFAULT NULL,
  `mobile_phone` varchar(45) DEFAULT NULL,
  `department_id` int(11) DEFAULT NULL,
  `update_by` int(11) DEFAULT NULL,
  `update_date` date DEFAULT NULL
) ENGINE=InnoDB AUTO_INCREMENT=72 DEFAULT CHARSET=utf8;

--
-- Dumping data for table `users_login`
--

INSERT INTO `users_login` (`id`, `role_id`, `username`, `password`, `latest_login`, `email`, `create_by`, `create_date`, `status`, `is_force_change_password`, `title_id`, `first_name`, `last_name`, `mobile_phone`, `department_id`, `update_by`, `update_date`) VALUES
(1, 1, 'admin', '161ebd7d45089b3446ee4e0d86dbcf92', '2015-03-05 17:10:31', 'pawit1357@hotmail.com', 0, '2015-02-13 15:43:58', 'A', b'0', 1, 'COSHEM', '-', '-', -1, 1, '2016-07-31'),
(2, 2, 'cochem01', 'bb725bb008e426a1f3fcc5521324ff52', '2016-03-21 21:25:13', 'cochem01@mahidol.ac.th', 1, '2016-03-21 21:25:13', 'A', b'0', 1, 'cochem01', ' ', '0000000000', 4, 1, '2016-07-31'),
(14, 3, 'usr01', '70868e96e218e5990e5910883835a4af', NULL, 'usr01', 1, '2016-06-05 10:50:40', 'A', b'0', 1, 'usr01', ' ', '0000000000', 3, 1, '2016-07-31'),
(15, 2, 'cochem03', 'c8d1a976fc07087cb93b38d362ede091', NULL, 'cochem03@mahidol.ac.th', 1, '2016-06-18 14:07:04', 'A', b'0', 1, 'cochem03', ' ', '0000000000', 4, 1, '2016-07-31'),
(16, 2, 'cochem02', 'd9e688ddb0f75ddd697c55f9e2e6c433', NULL, 'cochem01@mahidol.ac.th', 1, '2016-07-31 06:56:00', 'A', b'1', 1, 'cochem02', ' ', '0000000000', 4, 1, '2016-07-31'),
(17, 3, 'usr02', '970e15d60d8d5b728be5267dc7691919', NULL, 'usr02', 1, '2016-07-31 06:57:49', 'A', b'0', 1, 'usr02', ' ', '0000000000', 3, 17, '2016-08-21'),
(18, 3, 'usr03', '807627ca3fa00671977708b8b052a78e', NULL, 'usr03', 1, '2016-07-31 06:58:22', 'A', b'1', 1, 'usr03', ' ', '0000000000', 3, 1, '2016-07-31'),
(19, 3, 'usr04', '080e420a7fff930b08256da9e0289d80', NULL, 'usr04', 1, '2016-07-31 06:59:19', 'A', b'1', 1, 'usr04', ' ', '0000000000', 3, 1, '2016-07-31'),
(20, 3, 'usr05', '6078646ea7f16ba9a3d8936455a716ba', NULL, 'usr05', 1, '2016-07-31 06:59:49', 'A', b'0', 1, 'usr05', ' ', '0000000000', 3, 20, '2016-08-09'),
(21, 3, 'usr06', '36d9fba95b33caec9830b65f6156e853', NULL, 'usr06', 1, '2016-07-31 07:00:28', 'A', b'0', 1, 'usr06', ' ', '0000000000', 1, 21, '2016-08-08'),
(22, 3, 'usr07', 'fad19b201138930166c38457306efbb0', NULL, 'usr07', 1, '2016-07-31 07:00:52', 'A', b'0', 1, 'usr07', ' ', '0000000000', 1, 22, '2016-08-08'),
(23, 3, 'usr08', '15957ddf53d1eaa048bd2662ab9f2905', NULL, 'usr08', 1, '2016-07-31 07:01:18', 'A', b'1', 1, 'usr08', ' ', '0000000000', 1, 1, '2016-07-31'),
(24, 3, 'usr09', 'db075773848c5d463382a1f82aa3c4fa', NULL, 'usr09', 1, '2016-07-31 07:01:42', 'A', b'1', 1, 'usr09', ' ', '0000000000', 1, 1, '2016-07-31'),
(25, 3, 'usr10', 'd41d8cd98f00b204e9800998ecf8427e', NULL, 'usr10', 1, '2016-07-31 07:02:06', 'A', b'0', 1, 'usr10', ' ', '0000000000', 1, 25, '2016-08-08'),
(32, 3, 'usr14', 'c23028e22d67960f59ae41dcd33a5a5d', NULL, '', 1, '2016-08-01 12:35:03', 'A', b'1', 1, 'usr14', '', '', 5, 1, '2016-08-01'),
(33, 3, 'usr11', 'fede2961e811505b7ecc3cc6e415370e', NULL, '', 1, '2016-08-01 12:35:03', 'A', b'1', 1, 'usr15', '', '', 5, 1, '2016-08-01'),
(34, 3, 'usr16', 'd41d8cd98f00b204e9800998ecf8427e', NULL, '', 1, '2016-08-01 12:35:03', 'A', b'0', 1, 'usr16', '', '', 6, 34, '2016-09-02'),
(35, 3, 'usr17', '161ebd7d45089b3446ee4e0d86dbcf92', NULL, '', 1, '2016-08-01 12:35:03', 'A', b'0', 1, 'usr17', '', '', 6, 35, '2016-08-31'),
(36, 3, 'usr18', 'd41d8cd98f00b204e9800998ecf8427e', NULL, '', 1, '2016-08-01 12:35:03', 'A', b'0', 1, 'usr18', '', '', 6, 36, '2016-08-31'),
(37, 3, 'usr19', '8ca2cd2dc8842e8248ac492b898551b2', NULL, '', 1, '2016-08-01 12:35:03', 'A', b'0', 1, 'usr19', '', '', 6, 37, '2016-08-31'),
(38, 3, 'usr20', '4c82cf0800743165efa04081bc0c6814', NULL, '', 1, '2016-08-01 12:35:03', 'A', b'0', 1, 'usr20', '', '', 6, 38, '2016-08-31'),
(39, 2, 'puangpen', '81dc9bdb52d04dc20036dbd8313ed055', NULL, 'puangpen.tan@mahidol.ac.th', 1, '2016-09-22 02:22:53', 'A', b'1', 4, 'พวงเพ็ญ', 'ตั้งบุญดวงจิตร', '0869040315', 6, 1, '2016-12-15'),
(40, 2, 'pipat', '81dc9bdb52d04dc20036dbd8313ed055', NULL, 'pipat.chi@mahidol.ac.th', 1, '2016-09-22 02:29:04', 'A', b'1', 6, 'พิพัฒน์', 'เชี่ยววิทย์', '0863604757', 1, 1, '2016-12-15'),
(42, 2, 'surat', '81dc9bdb52d04dc20036dbd8313ed055', NULL, 'surat.vin@mahidol.ac.th', 1, '2016-09-22 02:48:27', 'A', b'0', 5, 'สุรัตน์', 'วินิจสร', '08 9695 7905', 1, 42, '2016-12-21'),
(43, 2, 'somjai', '81dc9bdb52d04dc20036dbd8313ed055', NULL, 'somjai.dan@mahidol.ac.th', 1, '2016-09-22 02:49:22', 'A', b'1', 5, 'สมใจ', 'แดงประเสริฐ', '0822243494', 6, 1, '2016-12-15'),
(44, 2, 'sirinun', '81dc9bdb52d04dc20036dbd8313ed055', NULL, 'sirinun.wis@mahidol.ac.th', 1, '2016-09-22 02:55:29', 'A', b'1', 5, 'ศิรินันท์', 'วิเศษสินธุ์', '0909923868', 20, 1, '2016-12-15'),
(45, 2, 'apichart', '81dc9bdb52d04dc20036dbd8313ed055', NULL, 'apichart.non@mahidol.ac.th', 1, '2016-09-22 03:14:05', 'A', b'1', 5, 'อภิชาต', 'นนท์ประเสริฐ', '0819888736', 5, 1, '2016-12-15'),
(46, 2, 'sawwanee', '81dc9bdb52d04dc20036dbd8313ed055', NULL, 'sawwanee.asa@mahidol.ac.th', 1, '2016-09-22 04:24:25', 'A', b'1', 5, 'เสาวนีย์', 'อัศวผาติบุญ', '0891640720', 6, 1, '2016-12-15'),
(47, 2, 'nuanpen', '81dc9bdb52d04dc20036dbd8313ed055', NULL, 'nuanpen.dam@mahidol.ac.th', 1, '2016-09-22 04:25:58', 'A', b'1', 4, 'นวลเพ็ญ', 'ดำรงกิจอุดม', '0850985173', 21, 1, '2016-12-15'),
(48, 2, 'itt', '81dc9bdb52d04dc20036dbd8313ed055', NULL, 'Itt.sub@mahidol.ac.th', 1, '2016-09-22 04:25:58', 'A', b'1', 1, 'อิษฎ์', 'สุบินมงคล', '0844639555', 3, 1, '2016-12-15'),
(49, 2, 'wirote', '81dc9bdb52d04dc20036dbd8313ed055', NULL, 'wirote.cha@mahidol.ac.th', 1, '2016-09-23 02:45:17', 'A', b'1', 4, 'วิโรจน์', 'ช่างม่วง', '0897979759', 6, 1, '2016-12-15'),
(50, 1, 'aon', '81dc9bdb52d04dc20036dbd8313ed055', NULL, 'salapao63@hotmail.com', 1, '2016-10-04 02:53:43', 'A', b'0', 3, 'บังอร', 'แกมรัมย์', '0856109388', 4, 50, '2016-10-04'),
(51, 2, 'venus', '81dc9bdb52d04dc20036dbd8313ed055', NULL, 'vanussarin.por@mahidol', 50, '2016-10-06 04:04:34', 'A', b'0', 3, 'วีนัส', 'วิเศษแสง', '0909905250', 1, 51, '2016-12-21'),
(52, 2, 'patoomporn', '81dc9bdb52d04dc20036dbd8313ed055', NULL, 'bo.teddybear@hotmail.com', 50, '2016-10-06 04:13:59', 'A', b'0', 3, 'ปทุมพร', 'แก้วประชุม', '087-560-9969', 1, 52, '2016-12-15'),
(53, 2, 'chumpot ', '81dc9bdb52d04dc20036dbd8313ed055', NULL, 'chumpot.kak@mahidol.ac.th', 50, '2016-10-06 04:26:12', 'A', b'0', 5, 'จุมพฎ', 'คัคนาพร', '089-97642618', 1, 53, '2016-12-15'),
(54, 3, 'Test01', '81dc9bdb52d04dc20036dbd8313ed055', NULL, 'coshem@hotmail.com', 50, '2016-11-29 01:44:02', 'A', b'0', 1, 'พัฒนา', 'เอี่ยมกระสินธุ์', '024414400', 4, 54, '2017-01-17'),
(58, 2, 'malulee', '81dc9bdb52d04dc20036dbd8313ed055', NULL, 'malulee.tun@mahidol.ac.th', 50, '2016-12-13 07:27:07', 'A', b'0', 6, 'มลุลี  ', 'ตัณฑวิรุฬห์', '08 1987 6307', 1, 58, '2016-12-21'),
(63, 2, 'worachart', 'ec6a6536ca304edf844d1d248a4f08dc', NULL, 'worachart.sir@mahidol.ac.th', 1, '2016-12-21 08:00:17', 'A', b'0', 8, 'วรชาติ ', 'สิรวราภรณ์', '08 9925 5351', 5, 50, '2016-12-27'),
(64, 2, 'Chavalit', '81dc9bdb52d04dc20036dbd8313ed055', NULL, 'Chavalit.won@mahidol.ac.th', 1, '2016-12-21 08:02:56', 'A', b'0', 6, 'ชวลิต ', 'วงษ์เอก', '08 6563 8008', 5, 64, '2016-12-21'),
(65, 2, 'kittisak', '81dc9bdb52d04dc20036dbd8313ed055', NULL, 'kittisak@oaep.go.th', 50, '2016-12-21 08:09:56', 'A', b'1', 4, 'กิตติศักดิ์ ', 'ชินอุดมทรัพย์', '08 5485 2420', 5, 50, '2016-12-21'),
(66, 1, 'pachee', '81dc9bdb52d04dc20036dbd8313ed055', NULL, 'pachee.cha@mahidol.ac.th', 50, '2016-12-21 08:13:42', 'A', b'0', 4, 'พจี ', 'เจาฑะเกษตริน', '08 1639 5521', 1, 66, '2017-01-11'),
(67, 1, 'jutamart', '81dc9bdb52d04dc20036dbd8313ed055', NULL, 'jutamart.cho@mahidol.ac.th', 50, '2016-12-21 08:21:03', 'A', b'1', 3, 'จุฑามาศ ', 'โชติพานิช', '0-2441-4400 ต่อ 1170', 4, 50, '2016-12-21'),
(68, 1, 'patcharin', '81dc9bdb52d04dc20036dbd8313ed055', NULL, 'patcharin.phk@mahidol.ac.th ', 50, '2016-12-21 08:27:26', 'A', b'1', 3, 'พัชรินทร์ ', 'ไพรกุล', ' 0-2441-4400 ต่อ 117', 4, 50, '2016-12-21'),
(69, 1, 'anchulee', '81dc9bdb52d04dc20036dbd8313ed055', NULL, 'anchulee.wat@mahidol.ac.th ', 50, '2016-12-21 08:29:41', 'A', b'1', 3, 'อัญชุลี ', 'วัชรมุสิก', '0-2441-4400 ต่อ 1172', 4, 50, '2016-12-21'),
(70, 2, 'somsak', '81dc9bdb52d04dc20036dbd8313ed055', NULL, 'somsak.dan@mahidol.ac.th', 50, '2016-12-28 05:10:03', 'A', b'1', 5, 'สมศักดิ์   ', 'แดงติ๊บ', '0 201 5777', 13, 50, '2016-12-28'),
(71, 3, 'nim', '81dc9bdb52d04dc20036dbd8313ed055', NULL, 'salapao63@hotmail.com', 50, '2017-01-06 11:32:19', 'A', b'0', 3, 'สุพัตรา', 'ชาวสวน', '0909905250', 3, 71, '2017-01-06');

-- --------------------------------------------------------

--
-- Table structure for table `users_role`
--

CREATE TABLE IF NOT EXISTS `users_role` (
  `ROLE_ID` int(11) NOT NULL,
  `ROLE_NAME` varchar(50) NOT NULL,
  `ROLE_DESC` varchar(100) DEFAULT NULL,
  `UPDATE_BY` varchar(25) NOT NULL,
  `CREATE_DATE` date NOT NULL,
  `UPDATE_DATE` date NOT NULL
) ENGINE=InnoDB DEFAULT CHARSET=utf8;

--
-- Dumping data for table `users_role`
--

INSERT INTO `users_role` (`ROLE_ID`, `ROLE_NAME`, `ROLE_DESC`, `UPDATE_BY`, `CREATE_DATE`, `UPDATE_DATE`) VALUES
(1, 'ADMIN', 'SYSTEM', '1', '2016-09-25', '2016-09-25'),
(2, 'STAFF', 'สามารถดูข้อมูลได้ทั้งหมด', '50', '2016-11-28', '2016-11-28'),
(3, 'USER', 'เปิดข้อมูลได้บางส่วนและไม่สามารถแก้ไขข้อมูล', '1', '2016-09-25', '2016-09-25'),
(4, 'EXECUTIVE', 'ข้อมูลปรากฏให้เห็นทั้งหมด แต่ไม่สามารถแก้ไขหรือลบข้อมูลได้      ', '1', '2016-12-07', '2016-12-07');

--
-- Indexes for dumped tables
--

--
-- Indexes for table `menu`
--
ALTER TABLE `menu`
  ADD PRIMARY KEY (`MENU_ID`);

--
-- Indexes for table `menu_role`
--
ALTER TABLE `menu_role`
  ADD PRIMARY KEY (`ROLE_ID`,`MENU_ID`),
  ADD KEY `mr_fk01_idx` (`MENU_ID`);

--
-- Indexes for table `tb_answers`
--
ALTER TABLE `tb_answers`
  ADD PRIMARY KEY (`id`);

--
-- Indexes for table `tb_form1`
--
ALTER TABLE `tb_form1`
  ADD PRIMARY KEY (`id`),
  ADD KEY `form1_fk02_idx` (`code_usage_id`),
  ADD KEY `form1_fk03_idx` (`maufacturer_id`),
  ADD KEY `form1_fk04_idx` (`use_type_id`),
  ADD KEY `form1_fk05_idx` (`power_unit_id`),
  ADD KEY `form1_fk07_idx` (`usage_status_id`),
  ADD KEY `from1_fk09_idx` (`create_by`),
  ADD KEY `form1_fk10_idx` (`update_by`);

--
-- Indexes for table `tb_form2`
--
ALTER TABLE `tb_form2`
  ADD PRIMARY KEY (`id`),
  ADD KEY `from2_fk01_idx` (`code_usage_id`),
  ADD KEY `form2_fk02_idx` (`bpm_radioactive_elements_id`),
  ADD KEY `form2_fk05_idx` (`bpm_phisical_id`),
  ADD KEY `form2_fk08_idx` (`supervisor_id`),
  ADD KEY `form2_fk09_idx` (`bpm_usage_status_id`),
  ADD KEY `form2_fk10_idx` (`create_by`),
  ADD KEY `form2_fk11_idx` (`update_by`),
  ADD KEY `form2_fk12_idx` (`bpm_volume_unit_id`),
  ADD KEY `form2_fk13` (`machine_radioactive_highest_unit_id`);

--
-- Indexes for table `tb_form3`
--
ALTER TABLE `tb_form3`
  ADD PRIMARY KEY (`id`),
  ADD KEY `form3_fk01_idx` (`bpm_radioactive_elements_id`),
  ADD KEY `form3_fk03_idx` (`bpm_phisical_id`),
  ADD KEY `from3_fk08_idx` (`create_by`),
  ADD KEY `from3_fk09_idx` (`update_by`);

--
-- Indexes for table `tb_form4`
--
ALTER TABLE `tb_form4`
  ADD PRIMARY KEY (`id`),
  ADD KEY `form3_fk_01_idx` (`position_id`),
  ADD KEY `form4_fk02_idx` (`create_by`),
  ADD KEY `form4_fk03_idx` (`update_by`);

--
-- Indexes for table `tb_form5`
--
ALTER TABLE `tb_form5`
  ADD PRIMARY KEY (`id`),
  ADD KEY `form5_fk01_idx` (`material_type_id`),
  ADD KEY `form5_fk02_idx` (`phisical_status_id`),
  ADD KEY `form5_fk04_idx` (`create_by`),
  ADD KEY `form5_fk05_idx` (`update_by`),
  ADD KEY `form5_fk06_idx` (`rad_or_maximum_weight_unit_id`);

--
-- Indexes for table `tb_form6`
--
ALTER TABLE `tb_form6`
  ADD PRIMARY KEY (`id`),
  ADD KEY `form6_fk02_idx` (`bpm_phisical_id`),
  ADD KEY `form6_fk06_idx` (`bpm_radioactive_elements_id`);

--
-- Indexes for table `tb_form7`
--
ALTER TABLE `tb_form7`
  ADD PRIMARY KEY (`id`),
  ADD KEY `form7_fk01_idx` (`department_id`);

--
-- Indexes for table `tb_form8`
--
ALTER TABLE `tb_form8`
  ADD PRIMARY KEY (`id`),
  ADD KEY `form8_fk01_idx` (`create_by`),
  ADD KEY `form8_fk02_idx` (`update_by`),
  ADD KEY `form8_fk03_idx` (`owner_department_id`);

--
-- Indexes for table `tb_form_questionnaire`
--
ALTER TABLE `tb_form_questionnaire`
  ADD PRIMARY KEY (`id`);

--
-- Indexes for table `tb_form_questionnaire_answer`
--
ALTER TABLE `tb_form_questionnaire_answer`
  ADD PRIMARY KEY (`id`),
  ADD KEY `fk_fqa01_idx` (`form_questionnaire_id`),
  ADD KEY `fk_fqa02_idx` (`owner_department_id`),
  ADD KEY `fk_fqa03_idx` (`create_by`),
  ADD KEY `fk_fqa04_idx` (`update_by`);

--
-- Indexes for table `tb_information`
--
ALTER TABLE `tb_information`
  ADD PRIMARY KEY (`id`);

--
-- Indexes for table `tb_m_code_usage`
--
ALTER TABLE `tb_m_code_usage`
  ADD PRIMARY KEY (`id`);

--
-- Indexes for table `tb_m_dealer_company`
--
ALTER TABLE `tb_m_dealer_company`
  ADD PRIMARY KEY (`id`);

--
-- Indexes for table `tb_m_department`
--
ALTER TABLE `tb_m_department`
  ADD PRIMARY KEY (`id`);

--
-- Indexes for table `tb_m_manufacturer`
--
ALTER TABLE `tb_m_manufacturer`
  ADD PRIMARY KEY (`id`);

--
-- Indexes for table `tb_m_material_status`
--
ALTER TABLE `tb_m_material_status`
  ADD PRIMARY KEY (`id`);

--
-- Indexes for table `tb_m_material_type`
--
ALTER TABLE `tb_m_material_type`
  ADD PRIMARY KEY (`id`);

--
-- Indexes for table `tb_m_phisical_status`
--
ALTER TABLE `tb_m_phisical_status`
  ADD PRIMARY KEY (`id`);

--
-- Indexes for table `tb_m_position`
--
ALTER TABLE `tb_m_position`
  ADD PRIMARY KEY (`id`);

--
-- Indexes for table `tb_m_power`
--
ALTER TABLE `tb_m_power`
  ADD PRIMARY KEY (`id`);

--
-- Indexes for table `tb_m_radioactive_elements`
--
ALTER TABLE `tb_m_radioactive_elements`
  ADD PRIMARY KEY (`id`);

--
-- Indexes for table `tb_m_rad_machine`
--
ALTER TABLE `tb_m_rad_machine`
  ADD PRIMARY KEY (`id`);

--
-- Indexes for table `tb_m_room`
--
ALTER TABLE `tb_m_room`
  ADD PRIMARY KEY (`id`);

--
-- Indexes for table `tb_m_setting`
--
ALTER TABLE `tb_m_setting`
  ADD PRIMARY KEY (`id`);

--
-- Indexes for table `tb_m_title`
--
ALTER TABLE `tb_m_title`
  ADD PRIMARY KEY (`id`);

--
-- Indexes for table `tb_m_unit`
--
ALTER TABLE `tb_m_unit`
  ADD PRIMARY KEY (`id`);

--
-- Indexes for table `tb_m_usage_status`
--
ALTER TABLE `tb_m_usage_status`
  ADD PRIMARY KEY (`id`);

--
-- Indexes for table `tb_m_use_type`
--
ALTER TABLE `tb_m_use_type`
  ADD PRIMARY KEY (`id`);

--
-- Indexes for table `users_login`
--
ALTER TABLE `users_login`
  ADD PRIMARY KEY (`id`),
  ADD KEY `fk_role_id_idx` (`role_id`),
  ADD KEY `fk_title_id_2_idx` (`title_id`),
  ADD KEY `fk_department_id_idx` (`department_id`);

--
-- Indexes for table `users_role`
--
ALTER TABLE `users_role`
  ADD PRIMARY KEY (`ROLE_ID`);

--
-- AUTO_INCREMENT for dumped tables
--

--
-- AUTO_INCREMENT for table `tb_answers`
--
ALTER TABLE `tb_answers`
  MODIFY `id` int(11) NOT NULL AUTO_INCREMENT,AUTO_INCREMENT=19;
--
-- AUTO_INCREMENT for table `tb_form1`
--
ALTER TABLE `tb_form1`
  MODIFY `id` int(11) NOT NULL AUTO_INCREMENT,AUTO_INCREMENT=96;
--
-- AUTO_INCREMENT for table `tb_form2`
--
ALTER TABLE `tb_form2`
  MODIFY `id` int(11) NOT NULL AUTO_INCREMENT,AUTO_INCREMENT=22;
--
-- AUTO_INCREMENT for table `tb_form3`
--
ALTER TABLE `tb_form3`
  MODIFY `id` int(11) NOT NULL AUTO_INCREMENT,AUTO_INCREMENT=9;
--
-- AUTO_INCREMENT for table `tb_form4`
--
ALTER TABLE `tb_form4`
  MODIFY `id` int(11) NOT NULL AUTO_INCREMENT,AUTO_INCREMENT=23;
--
-- AUTO_INCREMENT for table `tb_form5`
--
ALTER TABLE `tb_form5`
  MODIFY `id` int(11) NOT NULL AUTO_INCREMENT,AUTO_INCREMENT=8;
--
-- AUTO_INCREMENT for table `tb_form6`
--
ALTER TABLE `tb_form6`
  MODIFY `id` int(11) NOT NULL AUTO_INCREMENT,AUTO_INCREMENT=33;
--
-- AUTO_INCREMENT for table `tb_form7`
--
ALTER TABLE `tb_form7`
  MODIFY `id` int(11) NOT NULL AUTO_INCREMENT,AUTO_INCREMENT=468;
--
-- AUTO_INCREMENT for table `tb_form8`
--
ALTER TABLE `tb_form8`
  MODIFY `id` int(11) NOT NULL AUTO_INCREMENT,AUTO_INCREMENT=40;
--
-- AUTO_INCREMENT for table `tb_form_questionnaire`
--
ALTER TABLE `tb_form_questionnaire`
  MODIFY `id` int(11) NOT NULL AUTO_INCREMENT,AUTO_INCREMENT=58;
--
-- AUTO_INCREMENT for table `tb_form_questionnaire_answer`
--
ALTER TABLE `tb_form_questionnaire_answer`
  MODIFY `id` int(11) NOT NULL AUTO_INCREMENT,AUTO_INCREMENT=153;
--
-- AUTO_INCREMENT for table `tb_information`
--
ALTER TABLE `tb_information`
  MODIFY `id` int(11) NOT NULL AUTO_INCREMENT;
--
-- AUTO_INCREMENT for table `tb_m_radioactive_elements`
--
ALTER TABLE `tb_m_radioactive_elements`
  MODIFY `id` int(11) NOT NULL AUTO_INCREMENT,AUTO_INCREMENT=33;
--
-- AUTO_INCREMENT for table `tb_m_title`
--
ALTER TABLE `tb_m_title`
  MODIFY `id` int(11) NOT NULL AUTO_INCREMENT,AUTO_INCREMENT=9;
--
-- AUTO_INCREMENT for table `tb_m_unit`
--
ALTER TABLE `tb_m_unit`
  MODIFY `id` int(11) NOT NULL AUTO_INCREMENT,AUTO_INCREMENT=5;
--
-- AUTO_INCREMENT for table `users_login`
--
ALTER TABLE `users_login`
  MODIFY `id` int(11) NOT NULL AUTO_INCREMENT,AUTO_INCREMENT=72;
--
-- Constraints for dumped tables
--

--
-- Constraints for table `tb_form1`
--
ALTER TABLE `tb_form1`
  ADD CONSTRAINT `form1_fk02` FOREIGN KEY (`code_usage_id`) REFERENCES `tb_m_code_usage` (`id`) ON DELETE NO ACTION ON UPDATE NO ACTION,
  ADD CONSTRAINT `form1_fk03` FOREIGN KEY (`maufacturer_id`) REFERENCES `tb_m_manufacturer` (`id`) ON DELETE NO ACTION ON UPDATE NO ACTION,
  ADD CONSTRAINT `form1_fk04` FOREIGN KEY (`use_type_id`) REFERENCES `tb_m_use_type` (`id`) ON DELETE NO ACTION ON UPDATE NO ACTION,
  ADD CONSTRAINT `form1_fk05` FOREIGN KEY (`power_unit_id`) REFERENCES `tb_m_power` (`id`) ON DELETE NO ACTION ON UPDATE NO ACTION,
  ADD CONSTRAINT `form1_fk07` FOREIGN KEY (`usage_status_id`) REFERENCES `tb_m_usage_status` (`id`) ON DELETE NO ACTION ON UPDATE NO ACTION,
  ADD CONSTRAINT `form1_fk09` FOREIGN KEY (`create_by`) REFERENCES `users_login` (`id`) ON DELETE NO ACTION ON UPDATE NO ACTION,
  ADD CONSTRAINT `form1_fk10` FOREIGN KEY (`update_by`) REFERENCES `users_login` (`id`) ON DELETE NO ACTION ON UPDATE NO ACTION;

--
-- Constraints for table `tb_form2`
--
ALTER TABLE `tb_form2`
  ADD CONSTRAINT `form2_fk01` FOREIGN KEY (`code_usage_id`) REFERENCES `tb_m_code_usage` (`id`) ON DELETE NO ACTION ON UPDATE NO ACTION,
  ADD CONSTRAINT `form2_fk02` FOREIGN KEY (`bpm_radioactive_elements_id`) REFERENCES `tb_m_radioactive_elements` (`id`) ON DELETE NO ACTION ON UPDATE NO ACTION,
  ADD CONSTRAINT `form2_fk05` FOREIGN KEY (`bpm_phisical_id`) REFERENCES `tb_m_phisical_status` (`id`) ON DELETE NO ACTION ON UPDATE NO ACTION,
  ADD CONSTRAINT `form2_fk08` FOREIGN KEY (`supervisor_id`) REFERENCES `users_login` (`id`) ON DELETE NO ACTION ON UPDATE NO ACTION,
  ADD CONSTRAINT `form2_fk09` FOREIGN KEY (`bpm_usage_status_id`) REFERENCES `tb_m_usage_status` (`id`) ON DELETE NO ACTION ON UPDATE NO ACTION,
  ADD CONSTRAINT `form2_fk10` FOREIGN KEY (`create_by`) REFERENCES `users_login` (`id`) ON DELETE NO ACTION ON UPDATE NO ACTION,
  ADD CONSTRAINT `form2_fk11` FOREIGN KEY (`update_by`) REFERENCES `users_login` (`id`) ON DELETE NO ACTION ON UPDATE NO ACTION,
  ADD CONSTRAINT `form2_fk12` FOREIGN KEY (`bpm_volume_unit_id`) REFERENCES `tb_m_unit` (`id`) ON DELETE NO ACTION ON UPDATE NO ACTION,
  ADD CONSTRAINT `form2_fk13` FOREIGN KEY (`machine_radioactive_highest_unit_id`) REFERENCES `tb_m_unit` (`id`) ON DELETE NO ACTION ON UPDATE NO ACTION;

--
-- Constraints for table `tb_form3`
--
ALTER TABLE `tb_form3`
  ADD CONSTRAINT `form3_fk01` FOREIGN KEY (`bpm_radioactive_elements_id`) REFERENCES `tb_m_radioactive_elements` (`id`) ON DELETE NO ACTION ON UPDATE NO ACTION,
  ADD CONSTRAINT `form3_fk03` FOREIGN KEY (`bpm_phisical_id`) REFERENCES `tb_m_phisical_status` (`id`) ON DELETE NO ACTION ON UPDATE NO ACTION,
  ADD CONSTRAINT `from3_fk08` FOREIGN KEY (`create_by`) REFERENCES `users_login` (`id`) ON DELETE NO ACTION ON UPDATE NO ACTION,
  ADD CONSTRAINT `from3_fk09` FOREIGN KEY (`update_by`) REFERENCES `users_login` (`id`) ON DELETE NO ACTION ON UPDATE NO ACTION;

--
-- Constraints for table `tb_form4`
--
ALTER TABLE `tb_form4`
  ADD CONSTRAINT `form4_fk02` FOREIGN KEY (`create_by`) REFERENCES `users_login` (`id`) ON DELETE NO ACTION ON UPDATE NO ACTION,
  ADD CONSTRAINT `form4_fk03` FOREIGN KEY (`update_by`) REFERENCES `users_login` (`id`) ON DELETE NO ACTION ON UPDATE NO ACTION,
  ADD CONSTRAINT `form4_fk_01` FOREIGN KEY (`position_id`) REFERENCES `tb_m_position` (`id`) ON DELETE NO ACTION ON UPDATE NO ACTION;

--
-- Constraints for table `tb_form5`
--
ALTER TABLE `tb_form5`
  ADD CONSTRAINT `form5_fk01` FOREIGN KEY (`material_type_id`) REFERENCES `tb_m_material_type` (`id`) ON DELETE NO ACTION ON UPDATE NO ACTION,
  ADD CONSTRAINT `form5_fk02` FOREIGN KEY (`phisical_status_id`) REFERENCES `tb_m_phisical_status` (`id`) ON DELETE NO ACTION ON UPDATE NO ACTION,
  ADD CONSTRAINT `form5_fk04` FOREIGN KEY (`create_by`) REFERENCES `users_login` (`id`) ON DELETE NO ACTION ON UPDATE NO ACTION,
  ADD CONSTRAINT `form5_fk05` FOREIGN KEY (`update_by`) REFERENCES `users_login` (`id`) ON DELETE NO ACTION ON UPDATE NO ACTION;

--
-- Constraints for table `tb_form6`
--
ALTER TABLE `tb_form6`
  ADD CONSTRAINT `form6_fk02` FOREIGN KEY (`bpm_phisical_id`) REFERENCES `tb_m_phisical_status` (`id`) ON DELETE NO ACTION ON UPDATE NO ACTION,
  ADD CONSTRAINT `form6_fk06` FOREIGN KEY (`bpm_radioactive_elements_id`) REFERENCES `tb_m_radioactive_elements` (`id`) ON DELETE NO ACTION ON UPDATE NO ACTION;

--
-- Constraints for table `tb_form8`
--
ALTER TABLE `tb_form8`
  ADD CONSTRAINT `form8_fk01` FOREIGN KEY (`create_by`) REFERENCES `users_login` (`id`) ON DELETE NO ACTION ON UPDATE NO ACTION,
  ADD CONSTRAINT `form8_fk02` FOREIGN KEY (`update_by`) REFERENCES `users_login` (`id`) ON DELETE NO ACTION ON UPDATE NO ACTION,
  ADD CONSTRAINT `form8_fk03` FOREIGN KEY (`owner_department_id`) REFERENCES `tb_m_department` (`id`) ON DELETE NO ACTION ON UPDATE NO ACTION;

--
-- Constraints for table `tb_form_questionnaire_answer`
--
ALTER TABLE `tb_form_questionnaire_answer`
  ADD CONSTRAINT `fk_fqa01` FOREIGN KEY (`form_questionnaire_id`) REFERENCES `tb_form_questionnaire` (`id`) ON DELETE NO ACTION ON UPDATE NO ACTION,
  ADD CONSTRAINT `fk_fqa02` FOREIGN KEY (`owner_department_id`) REFERENCES `tb_m_department` (`id`) ON DELETE NO ACTION ON UPDATE NO ACTION,
  ADD CONSTRAINT `fk_fqa03` FOREIGN KEY (`create_by`) REFERENCES `users_login` (`id`) ON DELETE NO ACTION ON UPDATE NO ACTION,
  ADD CONSTRAINT `fk_fqa04` FOREIGN KEY (`update_by`) REFERENCES `users_login` (`id`) ON DELETE NO ACTION ON UPDATE NO ACTION;

--
-- Constraints for table `users_login`
--
ALTER TABLE `users_login`
  ADD CONSTRAINT `fk_department_id` FOREIGN KEY (`department_id`) REFERENCES `tb_m_department` (`id`) ON DELETE NO ACTION ON UPDATE NO ACTION,
  ADD CONSTRAINT `fk_role_id` FOREIGN KEY (`role_id`) REFERENCES `users_role` (`ROLE_ID`) ON DELETE NO ACTION ON UPDATE NO ACTION,
  ADD CONSTRAINT `fk_title_id_2` FOREIGN KEY (`title_id`) REFERENCES `tb_m_title` (`id`) ON DELETE NO ACTION ON UPDATE NO ACTION;

/*!40101 SET CHARACTER_SET_CLIENT=@OLD_CHARACTER_SET_CLIENT */;
/*!40101 SET CHARACTER_SET_RESULTS=@OLD_CHARACTER_SET_RESULTS */;
/*!40101 SET COLLATION_CONNECTION=@OLD_COLLATION_CONNECTION */;
