-- phpMyAdmin SQL Dump
-- version 4.4.15.5
-- http://www.phpmyadmin.net
--
-- Host: mdc.mahidol
-- Generation Time: Dec 06, 2017 at 08:12 AM
-- Server version: 5.6.11
-- PHP Version: 5.6.11-1ubuntu3.4

SET SQL_MODE = "NO_AUTO_VALUE_ON_ZERO";
SET time_zone = "+00:00";


/*!40101 SET @OLD_CHARACTER_SET_CLIENT=@@CHARACTER_SET_CLIENT */;
/*!40101 SET @OLD_CHARACTER_SET_RESULTS=@@CHARACTER_SET_RESULTS */;
/*!40101 SET @OLD_COLLATION_CONNECTION=@@COLLATION_CONNECTION */;
/*!40101 SET NAMES utf8mb4 */;

--
-- Database: `radbasewww`
--

-- --------------------------------------------------------

--
-- Table structure for table `menu`
--

CREATE TABLE IF NOT EXISTS `menu` (
  `MENU_ID` int(11) NOT NULL,
  `MENU_ICON` varchar(50) DEFAULT NULL,
  `MENU_NAME` varchar(100) NOT NULL,
  `URL_NAVIGATE` varchar(100) DEFAULT NULL,
  `MENU_TAG` varchar(100) DEFAULT NULL,
  `PREVIOUS_MENU_ID` int(11) DEFAULT NULL,
  `DISPLAY_ORDER` int(11) NOT NULL,
  `UPDATE_BY` varchar(25) NOT NULL,
  `CREATE_DATE` date DEFAULT NULL,
  `UPDATE_DATE` date DEFAULT NULL
) ENGINE=InnoDB DEFAULT CHARSET=utf8;

--
-- Dumping data for table `menu`
--

INSERT INTO `menu` (`MENU_ID`, `MENU_ICON`, `MENU_NAME`, `URL_NAVIGATE`, `MENU_TAG`, `PREVIOUS_MENU_ID`, `DISPLAY_ORDER`, `UPDATE_BY`, `CREATE_DATE`, `UPDATE_DATE`) VALUES
(1, 'icon-screen-desktop', 'บันทึกข้อมูล', NULL, NULL, -1, 1, 'SYSTEM', '2016-03-20', '2015-02-13'),
(2, 'icon-grid', 'ข้อมูลผู้ใช้', NULL, NULL, -1, 2, 'SYSTEM', '2015-02-13', '2015-02-13'),
(3, 'icon-settings', 'ข้อมูลหลัก', NULL, NULL, -1, 3, 'SYSTEM', '2015-02-13', '2015-02-13'),
(4, 'fa fa-code', 'รหัสประเภทการใช้งาน', '/index.php/MCodeUsage', 'MCodeUsage|Create|Update', 3, 1, 'SYSTEM', '2015-02-13', '2015-02-13'),
(5, 'fa fa-code', 'ลักษณะการใช้งาน', '/index.php/MUseType', 'MUseType|Create|Update', 3, 2, 'SYSTEM', '2015-02-13', '2015-02-13'),
(6, 'fa fa-code', 'หน่วยกำลังไฟ', '/index.php/MPowerUnit', 'MPowerUnit|Create|Update', 3, 3, 'SYSTEM', '2015-02-13', '2015-02-13'),
(7, 'fa fa-building', 'ห้อง/สถานที่', '/index.php/MRoom', 'MRoom|Create|Update', 3, 4, 'SYSTEM', '2015-02-13', '2015-02-13'),
(8, 'fa fa-ship', 'บริษัทผู้แทนจำหน่าย (ที่อยู่)', '/index.php/MDealerCompany', 'MDealerCompany|Create|Update', 3, 5, 'SYSTEM', '2015-02-13', '2015-02-13'),
(9, 'fa fa-cube', 'ประเภทวัสดุ', '/index.php/MMaterialType', 'MMaterialType|Create|Update', 3, 6, 'SYSTEM', '2015-02-13', '2015-02-13'),
(10, 'fa fa-code', 'สมบัติทางกายภาพ', '/index.php/MPhisicalStatus', 'MPhisicalStatus|Create|Update', 3, 7, 'SYSTEM', '2015-02-13', '2015-02-13'),
(11, 'fa fa-ship', 'บริษัทผู้ผลิต', '/index.php/MManufacturer', 'MManufacturer|Create|Update', 3, 8, 'SYSTEM', '2015-02-13', '2015-02-13'),
(12, 'fa fa-server', 'ชื่อเครื่องกำเนิดรังสี', '/index.php/MRadMachine', 'MRadMachine|Create|Update', 3, 9, 'SYSTEM', '2015-02-13', '2015-02-13'),
(13, 'fa fa-code', 'ธาตุ-เลขมวล', '/index.php/MRadioactiveElement', 'MRadioactiveElement|Create|Update', 3, 10, 'SYSTEM', '2015-02-13', '2015-02-13'),
(14, 'fa fa-university', 'หน่วยงาน', '/index.php/MDepartment', 'MDepartment|Create|Update', 3, 11, 'SYSTEM', '2015-02-13', '2015-02-13'),
(15, 'fa fa-user', 'ผู้ใช้', '/index.php/Users', 'Users|Create|Update', 2, 1, 'SYSTEM', '2015-02-13', '2015-02-13'),
(16, 'fa fa-users', 'กลุ่มผู้ใช้', '/index.php/UsersRole', 'UserRole|Create|Update', 2, 2, 'SYSTEM', '2015-02-13', '2015-02-13'),
(18, 'fa fa-pencil', 'เครื่องกำเนิดรังสี', '/index.php/Form1', 'Form1|Create|Update', 50, 1, 'SYSTEM', '2015-02-13', '2015-02-13'),
(19, 'fa fa-pencil', '    ชนิดปิดผนึก', '/index.php/Form2', 'Form2|Create|Update', 33, 1, 'SYSTEM', '2015-02-13', '2015-02-13'),
(20, 'fa fa-truck', 'การเคลื่อนย้ายวัสดุกัมมันตรังสี', '/index.php/Form3', 'Form3|Create|Update', 1, 5, 'SYSTEM', '2015-02-13', '2015-02-13'),
(21, 'fa fa-list-alt', 'บุคลากรผู้ปฏิบัติงานทางรังสี', '#', '', 1, 9, 'SYSTEM', '2015-02-13', '2015-02-13'),
(22, 'fa fa-pencil', 'การกำจัดขยะรังสี', '/index.php/Form5', 'Form5|Create|Update', 50, 3, 'SYSTEM', '2015-02-13', '2015-02-13'),
(23, 'fa fa-plus-square', 'อุบัติเหตุทางรังสี', '/index.php/Form6', 'Form6|Create|Update', 1, 7, 'SYSTEM', '2015-02-13', '2015-02-13'),
(24, 'fa fa-pencil', 'การพัฒนาบุคลากรด้านการป้องกันอันตรายทางรังสีประจำปี', '/index.php/Form7', 'Form7|Create|Update', 21, 8, 'SYSTEM', '2015-02-13', '2015-02-13'),
(25, 'fa fa-puzzle-piece', 'ตำแหน่ง', '/index.php/MPosition', 'MPosition|Create|Update', 3, 12, 'SYSTEM', '2016-05-31', '2016-05-31'),
(26, 'fa fa-puzzle-piece', 'คำนำหน้าชื่อ', '/index.php/MTitle', 'MTitle|Create|Update', 3, 13, 'SYSTEM', '2016-05-31', '2016-05-31'),
(27, 'fa fa-pencil', '    ชนิดไม่ปิดผนึก', '/index.php/Frm21', 'Frm21|Create|Update', 33, 2, 'SYSTEM', '2016-05-30', '2016-06-30'),
(28, 'fa fa-gear', 'ตั้งค่าระบบ', '/index.php/MSetting', 'MSetting|Create|Update', 3, 14, 'SYSTEM', '2016-05-30', '2016-05-30'),
(29, 'fa fa-pie-chart', 'แบบรายงานเครื่องกำเนิดรังสี', '/index.php/Report/Report04', 'Report|R37', 76, 761, 'SYSTEM', '2016-07-02', '2016-07-02'),
(30, 'icon-book-open', 'พิมพ์รายงาน', '', NULL, -1, 4, 'SYSTEM', '2016-07-02', '2016-07-02'),
(31, 'fa fa-users', 'รายชื่อคณะกรรมการความปลอดภัยทางรังสี (ประจำส่วนงาน)', '/index.php/Form8', 'Form8|Create|Update', 1, 10, 'SYSTEM', '2016-07-09', '2016-07-09'),
(32, 'fa fa-pencil', 'แบบรายงานความปลอดภัยทางรังสี', '/index.php/FormQuestionnaire', 'FormQuestionnaire|Create|Update', 1, 11, 'SYSTEM', '2016-07-09', '2016-07-09'),
(33, 'fa fa-list-alt', 'วัสดุกัมมันตรังสี', '#', NULL, 50, 2, 'SYSTEM', '2016-07-24', '2016-07-24'),
(34, 'fa fa-pencil', 'ปริมาณรังสีที่ได้รับ', '/index.php/Form4', 'Form4|Create|Update', 21, 1, 'SYSTEM', '2016-07-24', '2016-07-24'),
(35, 'fa fa-list-alt', 'สรุปผล', '#', NULL, 1, 0, 'SYSTEM', '2016-07-24', '2016-07-24'),
(36, 'fa fa-pencil', 'ปริมาณรังสีที่ได้รับ', '/index.php/Report/R372', 'Report|R372', 29, 1, 'SYSTEM', '2016-07-24', '2016-07-24'),
(37, 'fa fa-pencil', 'การอบรมทางรังสี', '/index.php/Report/R373', 'Report|R373', 29, 2, 'SYSTEM', '2016-07-24', '2016-07-24'),
(38, 'fa fa-pie-chart', 'แบบรายงานวัสดุกัมมันตรังสีชนิดปิดผนึก', '/index.php/Report/Report05', 'Report|R32', 76, 762, 'SYSTEM', '2016-07-24', '2016-07-24'),
(39, 'fa fa-pie-chart', 'แบบรายงานวัสดุกัมมันตรังสีชนิดไม่ปิดผนึก', '/index.php/Report/Report06', 'Report|R34', 76, 763, 'SYSTEM', '2016-07-24', '2016-07-24'),
(40, 'fa fa-pie-chart', 'แบบรายงานการเคลื่อนย้ายวัสดุกัมมันตรังสี', '/index.php/Report/Report07', 'Report|R35', 76, 764, 'SYSTEM', '2016-07-24', '2016-07-24'),
(41, 'fa fa-pie-chart', 'แบบรายงานการกำจัดกากกัมมันตรังสี', '/index.php/Report/Report08', 'Report|R36', 76, 765, 'SYSTEM', '2016-07-24', '2016-07-24'),
(42, 'fa fa-pie-chart', 'แบบรายงานอุบัติเหตุทางรังสี', '/index.php/Report/Report09', NULL, 76, 766, 'SYSTEM', '2016-07-24', '2016-07-24'),
(45, 'fa fa-code', 'หน่วยปริมาณ', '/index.php/MUnit', 'MUnit|Create|Update', 3, 15, 'SYSTEM', '2016-09-25', '2016-09-25'),
(50, 'fa fa-list-alt', 'รังสีรักษา', '#', NULL, 1, 1, 'SYSTEM', '2016-07-24', '2016-07-24'),
(51, 'fa fa-list-alt', 'รังสีวินิจฉัย', '#', NULL, 1, 2, 'SYSTEM', '2016-07-24', '2016-07-24'),
(52, 'fa fa-list-alt', 'เวชศาสตร์นิวเคลียร์', '#', NULL, 1, 3, 'SYSTEM', '2016-07-24', '2016-07-24'),
(53, 'fa fa-list-alt', 'ห้องปฏิบัติการ', '#', NULL, 1, 4, 'SYSTEM', '2016-07-24', '2016-07-24'),
(54, 'fa fa-code', 'หน่วยงานตรวจสอบคุณภาพ', '/index.php/MInspectionAgency', 'InspectionAgency|Create|Update', 3, 16, 'SYSTEM', '2016-09-25', '2016-09-25'),
(55, 'fa fa-code', 'การใช้ประโยชน์', '/index.php/MUtilization', 'Utilization|Create|Update', 3, 17, 'SYSTEM', '2016-09-25', '2016-09-25'),
(56, 'fa fa-code', 'สถานะการใช้งาน', '/index.php/MUsageStatus', 'MUsageStatus|Create|Update', 3, 18, 'SYSTEM', '2017-01-28', '2017-01-28'),
(57, 'fa fa-code', 'ประเภทกากกัมมันตรังสี', '/index.php/MTypesOfRadioactiveWaste', 'MTypesOfRadioactiveWaste|Create|Update', 3, 19, 'SYSTEM', '2017-01-28', '2017-01-28'),
(58, 'fa fa-code', 'บริษัทผู้ดำเนินการ', '/index.php/MCompanyOperates', 'MCompanyOperates|Create|Update', 3, 20, 'SYSTEM', '2017-01-28', '2017-01-28'),
(59, 'fa fa-code', 'หน่วยงานที่รายงานผล', '/index.php/MReportDepartment', 'MReportDepartment|Create|Upadte', 3, 21, 'SYSTEM', '2017-01-28', '2017-01-28'),
(60, 'fa fa-pencil', 'เครื่องกำเนิดรังสี', '/index.php/Form1', 'Form1|Create|Update', 51, 1, 'SYSTEM', '2015-02-13', '2015-02-13'),
(61, 'fa fa-list-alt', 'วัสดุกัมมันตรังสี', '#', NULL, 51, 2, 'SYSTEM', '2016-07-24', '2016-07-24'),
(62, 'fa fa-pencil', 'การกำจัดขยะรังสี', '/index.php/Form5', 'Form5|Create|Update', 51, 3, 'SYSTEM', '2015-02-13', '2015-02-13'),
(63, 'fa fa-pencil', 'เครื่องกำเนิดรังสี', '/index.php/Form1', 'Form1|Create|Update', 52, 1, 'SYSTEM', '2015-02-13', '2015-02-13'),
(64, 'fa fa-pencil', 'การกำจัดขยะรังสี', '/index.php/Form5', 'Form5|Create|Update', 52, 3, 'SYSTEM', '2015-02-13', '2015-02-13'),
(65, 'fa fa-list-alt', 'วัสดุกัมมันตรังสี', '#', NULL, 52, 2, 'SYSTEM', '2016-07-24', '2016-07-24'),
(66, 'fa fa-pencil', 'เครื่องกำเนิดรังสี', '/index.php/Form1', 'Form1|Create|Update', 53, 1, 'SYSTEM', '2015-02-13', '2015-02-13'),
(67, 'fa fa-pencil', 'การกำจัดขยะรังสี', '/index.php/Form5', 'Form5|Create|Update', 53, 3, 'SYSTEM', '2015-02-13', '2015-02-13'),
(68, 'fa fa-list-alt', 'วัสดุกัมมันตรังสี', '#', NULL, 53, 2, 'SYSTEM', '2016-07-24', '2016-07-24'),
(69, 'fa fa-pencil', '    ชนิดปิดผนึก', '/index.php/Form2', 'Form2|Create|Update', 61, 1, 'SYSTEM', '2015-02-13', '2015-02-13'),
(70, 'fa fa-pencil', '    ชนิดไม่ปิดผนึก', '/index.php/Frm21', 'Frm21|Create|Update', 61, 2, 'SYSTEM', '2016-05-30', '2016-06-30'),
(71, 'fa fa-pencil', '    ชนิดปิดผนึก', '/index.php/Form2', 'Form2|Create|Update', 65, 1, 'SYSTEM', '2015-02-13', '2015-02-13'),
(72, 'fa fa-pencil', '    ชนิดไม่ปิดผนึก', '/index.php/Frm21', 'Frm21|Create|Update', 65, 2, 'SYSTEM', '2016-05-30', '2016-06-30'),
(73, 'fa fa-pencil', '    ชนิดปิดผนึก', '/index.php/Form2', 'Form2|Create|Update', 68, 1, 'SYSTEM', '2015-02-13', '2015-02-13'),
(74, 'fa fa-pencil', '    ชนิดไม่ปิดผนึก', '/index.php/Frm21', 'Frm21|Create|Update', 68, 2, 'SYSTEM', '2016-05-30', '2016-06-30'),
(75, 'fa fa-pie-chart', 'แบบฟอร์มของ ปส.', '#', NULL, 30, 3, 'SYSTEM', '2017-02-26', '2017-02-26'),
(76, 'fa fa-pie-chart', 'แบบฟอร์มมหาวิทยาลัย', '#', NULL, 30, 4, 'SYSTEM', '2017-02-26', '2017-02-26'),
(77, 'fa fa-pie-chart', 'ผลิต มีไว้ครอบครองหรือใช้ซึ่งพลังงานปรมาณูจากเครื่องกำเนิดรังสี', '/index.php/Report/Report01', NULL, 75, 12, 'SYSTEM', '2017-02-26', '2017-02-26'),
(78, 'fa fa-pie-chart', 'ผลิต มีไว้ในครอบครอง หรือใช้ซึ่งวัสดุพลอยได้        ', '/index.php/Report/Report02', NULL, 75, 13, 'SYSTEM', '2017-02-26', '2017-02-26'),
(79, 'fa fa-pie-chart', 'นำหรือสั่งเข้ามาในราชอาณาจักร    นำหรือส่งออกนอกราชอาณาจักร  ซึ่งวัสดุพลอยได้', '/index.php/Report/Report03', NULL, 75, 14, 'SYSTEM', '2017-02-26', '2017-02-26'),
(80, 'fa fa-pie-chart', 'แบบรายงานบุคลากรที่เกี่ยวข้องกับการใช้รังสี', '/index.php/Report/Report10', NULL, 76, 767, 'SYSTEM', '2016-07-24', '2016-07-24'),
(81, 'fa fa-code', 'สถานภาพวัสดุ', '/index.php/MaterialStatus', 'MaterialStatus|Create|Update', 3, 22, 'SYSTEM', '2017-01-28', '2017-01-28'),
(82, 'fa fa-pie-chart', 'แบบรายงานผลการตรวจวัดปริมาณรังสี', '/index.php/Report/Report11', NULL, 76, 768, 'SYSTEM', '2016-07-24', '2016-07-24'),
(83, 'fa fa-pie-chart', 'แบบรายงานการอบรมทางรังสี', '/index.php/Report/Report12', NULL, 76, 769, 'SYSTEM', '2016-07-24', '2016-07-24'),
(84, 'fa fa-code', 'หน่วยปริมาตร', '/index.php/MUnit2', 'MUnit2|Create|Upate', 3, 22, 'SYSTEM', '2016-07-24', '2016-07-24'),
(85, 'fa fa-pie-chart', 'แบบฟอร์มมหาลัย', '/index.php/Report/Report13', NULL, 76, 770, 'SYSTEM', '2017-03-19', '2017-03-19'),
(86, 'fa fa-pie-chart', 'แบบการย้ายวัสดุกัมมันตรังสี', '/index.php/Report/Report14', NULL, 75, 14, 'SYSTEM', '2017-04-12', '2017-04-12');

-- --------------------------------------------------------

--
-- Table structure for table `menu_role`
--

CREATE TABLE IF NOT EXISTS `menu_role` (
  `ID` int(11) NOT NULL,
  `ROLE_ID` int(11) NOT NULL,
  `MENU_ID` int(11) NOT NULL,
  `IS_ACTIVE` bit(1) DEFAULT NULL,
  `IS_REQUIRED_ACTION` bit(1) DEFAULT NULL,
  `IS_CREATE` bit(1) DEFAULT NULL,
  `IS_EDIT` bit(1) DEFAULT NULL,
  `IS_DELETE` bit(1) DEFAULT NULL,
  `UPDATE_BY` varchar(25) NOT NULL,
  `CREATE_DATE` date NOT NULL,
  `UPDATE_DATE` date NOT NULL
) ENGINE=InnoDB AUTO_INCREMENT=24693 DEFAULT CHARSET=utf8;

--
-- Dumping data for table `menu_role`
--

INSERT INTO `menu_role` (`ID`, `ROLE_ID`, `MENU_ID`, `IS_ACTIVE`, `IS_REQUIRED_ACTION`, `IS_CREATE`, `IS_EDIT`, `IS_DELETE`, `UPDATE_BY`, `CREATE_DATE`, `UPDATE_DATE`) VALUES
(7656, 1, 1, b'1', b'0', b'0', b'0', b'0', '1', '2017-03-23', '2017-03-23'),
(7657, 1, 2, b'1', b'0', b'0', b'0', b'0', '1', '2017-03-23', '2017-03-23'),
(7658, 1, 3, b'1', b'0', b'0', b'0', b'0', '1', '2017-03-23', '2017-03-23'),
(7659, 1, 30, b'1', b'0', b'0', b'0', b'0', '1', '2017-03-23', '2017-03-23'),
(7660, 1, 35, b'0', b'0', b'0', b'0', b'0', '1', '2017-03-23', '2017-03-23'),
(7661, 1, 50, b'1', b'0', b'0', b'0', b'0', '1', '2017-03-23', '2017-03-23'),
(7662, 1, 51, b'1', b'0', b'0', b'0', b'0', '1', '2017-03-23', '2017-03-23'),
(7663, 1, 52, b'1', b'0', b'0', b'0', b'0', '1', '2017-03-23', '2017-03-23'),
(7664, 1, 53, b'1', b'0', b'0', b'0', b'0', '1', '2017-03-23', '2017-03-23'),
(7665, 1, 20, b'1', b'0', b'1', b'1', b'1', '1', '2017-03-23', '2017-03-23'),
(7666, 1, 23, b'1', b'0', b'1', b'1', b'1', '1', '2017-03-23', '2017-03-23'),
(7667, 1, 21, b'1', b'0', b'0', b'0', b'0', '1', '2017-03-23', '2017-03-23'),
(7668, 1, 31, b'1', b'0', b'1', b'1', b'1', '1', '2017-03-23', '2017-03-23'),
(7669, 1, 32, b'0', b'0', b'0', b'0', b'0', '1', '2017-03-23', '2017-03-23'),
(7670, 1, 15, b'1', b'0', b'1', b'1', b'1', '1', '2017-03-23', '2017-03-23'),
(7671, 1, 16, b'1', b'0', b'1', b'1', b'1', '1', '2017-03-23', '2017-03-23'),
(7672, 1, 4, b'1', b'0', b'1', b'1', b'1', '1', '2017-03-23', '2017-03-23'),
(7673, 1, 5, b'1', b'0', b'1', b'1', b'1', '1', '2017-03-23', '2017-03-23'),
(7674, 1, 6, b'1', b'0', b'1', b'1', b'1', '1', '2017-03-23', '2017-03-23'),
(7675, 1, 7, b'1', b'0', b'1', b'1', b'1', '1', '2017-03-23', '2017-03-23'),
(7676, 1, 8, b'1', b'0', b'1', b'1', b'1', '1', '2017-03-23', '2017-03-23'),
(7677, 1, 9, b'1', b'0', b'1', b'1', b'1', '1', '2017-03-23', '2017-03-23'),
(7678, 1, 10, b'1', b'0', b'1', b'1', b'1', '1', '2017-03-23', '2017-03-23'),
(7679, 1, 11, b'1', b'0', b'1', b'1', b'1', '1', '2017-03-23', '2017-03-23'),
(7680, 1, 12, b'1', b'0', b'1', b'1', b'1', '1', '2017-03-23', '2017-03-23'),
(7681, 1, 13, b'1', b'0', b'1', b'1', b'1', '1', '2017-03-23', '2017-03-23'),
(7682, 1, 14, b'1', b'0', b'1', b'1', b'1', '1', '2017-03-23', '2017-03-23'),
(7683, 1, 25, b'1', b'0', b'1', b'1', b'1', '1', '2017-03-23', '2017-03-23'),
(7684, 1, 26, b'1', b'0', b'1', b'1', b'1', '1', '2017-03-23', '2017-03-23'),
(7685, 1, 28, b'1', b'0', b'1', b'1', b'1', '1', '2017-03-23', '2017-03-23'),
(7686, 1, 45, b'1', b'0', b'1', b'1', b'1', '1', '2017-03-23', '2017-03-23'),
(7687, 1, 54, b'1', b'0', b'1', b'1', b'1', '1', '2017-03-23', '2017-03-23'),
(7688, 1, 55, b'1', b'0', b'1', b'1', b'1', '1', '2017-03-23', '2017-03-23'),
(7689, 1, 56, b'1', b'0', b'1', b'1', b'1', '1', '2017-03-23', '2017-03-23'),
(7690, 1, 57, b'1', b'0', b'1', b'1', b'1', '1', '2017-03-23', '2017-03-23'),
(7691, 1, 58, b'1', b'0', b'1', b'1', b'1', '1', '2017-03-23', '2017-03-23'),
(7692, 1, 59, b'1', b'0', b'1', b'1', b'1', '1', '2017-03-23', '2017-03-23'),
(7693, 1, 81, b'1', b'0', b'1', b'1', b'1', '1', '2017-03-23', '2017-03-23'),
(7694, 1, 84, b'1', b'0', b'1', b'1', b'1', '1', '2017-03-23', '2017-03-23'),
(7695, 1, 34, b'1', b'0', b'1', b'1', b'1', '1', '2017-03-23', '2017-03-23'),
(7696, 1, 24, b'1', b'0', b'1', b'1', b'1', '1', '2017-03-23', '2017-03-23'),
(7697, 1, 36, b'0', b'0', b'0', b'0', b'0', '1', '2017-03-23', '2017-03-23'),
(7698, 1, 37, b'0', b'0', b'0', b'0', b'0', '1', '2017-03-23', '2017-03-23'),
(7699, 1, 75, b'1', b'0', b'0', b'0', b'0', '1', '2017-03-23', '2017-03-23'),
(7700, 1, 76, b'1', b'0', b'0', b'0', b'0', '1', '2017-03-23', '2017-03-23'),
(7701, 1, 19, b'1', b'0', b'1', b'1', b'1', '1', '2017-03-23', '2017-03-23'),
(7702, 1, 27, b'1', b'0', b'1', b'1', b'1', '1', '2017-03-23', '2017-03-23'),
(7703, 1, 18, b'1', b'0', b'1', b'1', b'1', '1', '2017-03-23', '2017-03-23'),
(7704, 1, 33, b'1', b'0', b'0', b'0', b'0', '1', '2017-03-23', '2017-03-23'),
(7705, 1, 22, b'1', b'0', b'1', b'1', b'1', '1', '2017-03-23', '2017-03-23'),
(7706, 1, 60, b'1', b'0', b'1', b'1', b'1', '1', '2017-03-23', '2017-03-23'),
(7707, 1, 61, b'1', b'0', b'0', b'0', b'0', '1', '2017-03-23', '2017-03-23'),
(7708, 1, 62, b'1', b'0', b'1', b'1', b'1', '1', '2017-03-23', '2017-03-23'),
(7709, 1, 63, b'1', b'0', b'1', b'1', b'1', '1', '2017-03-23', '2017-03-23'),
(7710, 1, 65, b'1', b'0', b'0', b'0', b'0', '1', '2017-03-23', '2017-03-23'),
(7711, 1, 64, b'1', b'0', b'1', b'1', b'1', '1', '2017-03-23', '2017-03-23'),
(7712, 1, 66, b'1', b'0', b'1', b'1', b'1', '1', '2017-03-23', '2017-03-23'),
(7713, 1, 68, b'1', b'0', b'0', b'0', b'0', '1', '2017-03-23', '2017-03-23'),
(7714, 1, 67, b'1', b'0', b'1', b'1', b'1', '1', '2017-03-23', '2017-03-23'),
(7715, 1, 69, b'1', b'0', b'1', b'1', b'1', '1', '2017-03-23', '2017-03-23'),
(7716, 1, 70, b'1', b'0', b'1', b'1', b'1', '1', '2017-03-23', '2017-03-23'),
(7717, 1, 71, b'1', b'0', b'1', b'1', b'1', '1', '2017-03-23', '2017-03-23'),
(7718, 1, 72, b'1', b'0', b'1', b'1', b'1', '1', '2017-03-23', '2017-03-23'),
(7719, 1, 73, b'1', b'0', b'1', b'1', b'1', '1', '2017-03-23', '2017-03-23'),
(7720, 1, 74, b'1', b'0', b'1', b'1', b'1', '1', '2017-03-23', '2017-03-23'),
(7721, 1, 77, b'1', b'0', b'1', b'1', b'1', '1', '2017-03-23', '2017-03-23'),
(7722, 1, 78, b'1', b'0', b'1', b'1', b'1', '1', '2017-03-23', '2017-03-23'),
(7723, 1, 79, b'1', b'0', b'1', b'1', b'1', '1', '2017-03-23', '2017-03-23'),
(7724, 1, 29, b'1', b'0', b'1', b'1', b'1', '1', '2017-03-23', '2017-03-23'),
(7725, 1, 38, b'1', b'0', b'1', b'1', b'1', '1', '2017-03-23', '2017-03-23'),
(7726, 1, 39, b'1', b'0', b'1', b'1', b'1', '1', '2017-03-23', '2017-03-23'),
(7727, 1, 40, b'1', b'0', b'1', b'1', b'1', '1', '2017-03-23', '2017-03-23'),
(7728, 1, 41, b'1', b'0', b'1', b'1', b'1', '1', '2017-03-23', '2017-03-23'),
(7729, 1, 42, b'1', b'0', b'1', b'1', b'1', '1', '2017-03-23', '2017-03-23'),
(7730, 1, 80, b'1', b'0', b'1', b'1', b'1', '1', '2017-03-23', '2017-03-23'),
(7731, 1, 82, b'1', b'0', b'1', b'1', b'1', '1', '2017-03-23', '2017-03-23'),
(7732, 1, 83, b'1', b'0', b'1', b'1', b'1', '1', '2017-03-23', '2017-03-23'),
(7733, 1, 85, b'1', b'0', b'1', b'1', b'1', '1', '2017-03-23', '2017-03-23'),
(18847, 5, 1, b'1', b'0', b'0', b'0', b'0', '50', '2017-11-26', '2017-11-26'),
(18848, 5, 2, b'0', b'0', b'0', b'0', b'0', '50', '2017-11-26', '2017-11-26'),
(18849, 5, 3, b'0', b'0', b'0', b'0', b'0', '50', '2017-11-26', '2017-11-26'),
(18850, 5, 30, b'1', b'0', b'0', b'0', b'0', '50', '2017-11-26', '2017-11-26'),
(18851, 5, 35, b'0', b'0', b'0', b'0', b'0', '50', '2017-11-26', '2017-11-26'),
(18852, 5, 50, b'0', b'0', b'0', b'0', b'0', '50', '2017-11-26', '2017-11-26'),
(18853, 5, 51, b'1', b'0', b'0', b'0', b'0', '50', '2017-11-26', '2017-11-26'),
(18854, 5, 52, b'0', b'0', b'0', b'0', b'0', '50', '2017-11-26', '2017-11-26'),
(18855, 5, 53, b'0', b'0', b'0', b'0', b'0', '50', '2017-11-26', '2017-11-26'),
(18856, 5, 20, b'0', b'0', b'0', b'0', b'0', '50', '2017-11-26', '2017-11-26'),
(18857, 5, 23, b'1', b'0', b'1', b'1', b'1', '50', '2017-11-26', '2017-11-26'),
(18858, 5, 21, b'1', b'0', b'0', b'0', b'0', '50', '2017-11-26', '2017-11-26'),
(18859, 5, 31, b'1', b'0', b'1', b'1', b'1', '50', '2017-11-26', '2017-11-26'),
(18860, 5, 32, b'1', b'0', b'1', b'1', b'1', '50', '2017-11-26', '2017-11-26'),
(18861, 5, 15, b'0', b'0', b'0', b'0', b'0', '50', '2017-11-26', '2017-11-26'),
(18862, 5, 16, b'0', b'0', b'0', b'0', b'0', '50', '2017-11-26', '2017-11-26'),
(18863, 5, 4, b'0', b'0', b'0', b'0', b'0', '50', '2017-11-26', '2017-11-26'),
(18864, 5, 5, b'0', b'0', b'0', b'0', b'0', '50', '2017-11-26', '2017-11-26'),
(18865, 5, 6, b'0', b'0', b'0', b'0', b'0', '50', '2017-11-26', '2017-11-26'),
(18866, 5, 7, b'0', b'0', b'0', b'0', b'0', '50', '2017-11-26', '2017-11-26'),
(18867, 5, 8, b'0', b'0', b'0', b'0', b'0', '50', '2017-11-26', '2017-11-26'),
(18868, 5, 9, b'0', b'0', b'0', b'0', b'0', '50', '2017-11-26', '2017-11-26'),
(18869, 5, 10, b'0', b'0', b'0', b'0', b'0', '50', '2017-11-26', '2017-11-26'),
(18870, 5, 11, b'0', b'0', b'0', b'0', b'0', '50', '2017-11-26', '2017-11-26'),
(18871, 5, 12, b'0', b'0', b'0', b'0', b'0', '50', '2017-11-26', '2017-11-26'),
(18872, 5, 13, b'0', b'0', b'0', b'0', b'0', '50', '2017-11-26', '2017-11-26'),
(18873, 5, 14, b'0', b'0', b'0', b'0', b'0', '50', '2017-11-26', '2017-11-26'),
(18874, 5, 25, b'0', b'0', b'0', b'0', b'0', '50', '2017-11-26', '2017-11-26'),
(18875, 5, 26, b'0', b'0', b'0', b'0', b'0', '50', '2017-11-26', '2017-11-26'),
(18876, 5, 28, b'0', b'0', b'0', b'0', b'0', '50', '2017-11-26', '2017-11-26'),
(18877, 5, 45, b'0', b'0', b'0', b'0', b'0', '50', '2017-11-26', '2017-11-26'),
(18878, 5, 54, b'0', b'0', b'0', b'0', b'0', '50', '2017-11-26', '2017-11-26'),
(18879, 5, 55, b'0', b'0', b'0', b'0', b'0', '50', '2017-11-26', '2017-11-26'),
(18880, 5, 56, b'0', b'0', b'0', b'0', b'0', '50', '2017-11-26', '2017-11-26'),
(18881, 5, 57, b'0', b'0', b'0', b'0', b'0', '50', '2017-11-26', '2017-11-26'),
(18882, 5, 58, b'0', b'0', b'0', b'0', b'0', '50', '2017-11-26', '2017-11-26'),
(18883, 5, 59, b'0', b'0', b'0', b'0', b'0', '50', '2017-11-26', '2017-11-26'),
(18884, 5, 81, b'0', b'0', b'0', b'0', b'0', '50', '2017-11-26', '2017-11-26'),
(18885, 5, 84, b'0', b'0', b'0', b'0', b'0', '50', '2017-11-26', '2017-11-26'),
(18886, 5, 34, b'1', b'0', b'1', b'1', b'1', '50', '2017-11-26', '2017-11-26'),
(18887, 5, 24, b'1', b'0', b'1', b'1', b'1', '50', '2017-11-26', '2017-11-26'),
(18888, 5, 36, b'0', b'0', b'0', b'0', b'0', '50', '2017-11-26', '2017-11-26'),
(18889, 5, 37, b'0', b'0', b'0', b'0', b'0', '50', '2017-11-26', '2017-11-26'),
(18890, 5, 75, b'1', b'0', b'0', b'0', b'0', '50', '2017-11-26', '2017-11-26'),
(18891, 5, 76, b'1', b'0', b'0', b'0', b'0', '50', '2017-11-26', '2017-11-26'),
(18892, 5, 19, b'0', b'0', b'0', b'0', b'0', '50', '2017-11-26', '2017-11-26'),
(18893, 5, 27, b'0', b'0', b'0', b'0', b'0', '50', '2017-11-26', '2017-11-26'),
(18894, 5, 18, b'0', b'0', b'0', b'0', b'0', '50', '2017-11-26', '2017-11-26'),
(18895, 5, 33, b'0', b'0', b'0', b'0', b'0', '50', '2017-11-26', '2017-11-26'),
(18896, 5, 22, b'0', b'0', b'0', b'0', b'0', '50', '2017-11-26', '2017-11-26'),
(18897, 5, 60, b'1', b'0', b'1', b'1', b'1', '50', '2017-11-26', '2017-11-26'),
(18898, 5, 61, b'0', b'0', b'0', b'0', b'0', '50', '2017-11-26', '2017-11-26'),
(18899, 5, 62, b'0', b'0', b'0', b'0', b'0', '50', '2017-11-26', '2017-11-26'),
(18900, 5, 63, b'0', b'0', b'0', b'0', b'0', '50', '2017-11-26', '2017-11-26'),
(18901, 5, 65, b'0', b'0', b'0', b'0', b'0', '50', '2017-11-26', '2017-11-26'),
(18902, 5, 64, b'0', b'0', b'0', b'0', b'0', '50', '2017-11-26', '2017-11-26'),
(18903, 5, 66, b'0', b'0', b'0', b'0', b'0', '50', '2017-11-26', '2017-11-26'),
(18904, 5, 68, b'0', b'0', b'0', b'0', b'0', '50', '2017-11-26', '2017-11-26'),
(18905, 5, 67, b'0', b'0', b'0', b'0', b'0', '50', '2017-11-26', '2017-11-26'),
(18906, 5, 69, b'0', b'0', b'0', b'0', b'0', '50', '2017-11-26', '2017-11-26'),
(18907, 5, 70, b'0', b'0', b'0', b'0', b'0', '50', '2017-11-26', '2017-11-26'),
(18908, 5, 71, b'0', b'0', b'0', b'0', b'0', '50', '2017-11-26', '2017-11-26'),
(18909, 5, 72, b'0', b'0', b'0', b'0', b'0', '50', '2017-11-26', '2017-11-26'),
(18910, 5, 73, b'0', b'0', b'0', b'0', b'0', '50', '2017-11-26', '2017-11-26'),
(18911, 5, 74, b'0', b'0', b'0', b'0', b'0', '50', '2017-11-26', '2017-11-26'),
(18912, 5, 77, b'1', b'0', b'1', b'1', b'1', '50', '2017-11-26', '2017-11-26'),
(18913, 5, 78, b'1', b'0', b'1', b'1', b'1', '50', '2017-11-26', '2017-11-26'),
(18914, 5, 79, b'1', b'0', b'1', b'1', b'1', '50', '2017-11-26', '2017-11-26'),
(18915, 5, 86, b'1', b'0', b'1', b'1', b'1', '50', '2017-11-26', '2017-11-26'),
(18916, 5, 29, b'1', b'0', b'1', b'1', b'1', '50', '2017-11-26', '2017-11-26'),
(18917, 5, 38, b'1', b'0', b'1', b'1', b'1', '50', '2017-11-26', '2017-11-26'),
(18918, 5, 39, b'1', b'0', b'1', b'1', b'1', '50', '2017-11-26', '2017-11-26'),
(18919, 5, 40, b'1', b'0', b'1', b'1', b'1', '50', '2017-11-26', '2017-11-26'),
(18920, 5, 41, b'1', b'0', b'1', b'1', b'1', '50', '2017-11-26', '2017-11-26'),
(18921, 5, 42, b'1', b'0', b'1', b'1', b'1', '50', '2017-11-26', '2017-11-26'),
(18922, 5, 80, b'1', b'0', b'1', b'1', b'1', '50', '2017-11-26', '2017-11-26'),
(18923, 5, 82, b'1', b'0', b'1', b'1', b'1', '50', '2017-11-26', '2017-11-26'),
(18924, 5, 83, b'1', b'0', b'1', b'1', b'1', '50', '2017-11-26', '2017-11-26'),
(18925, 5, 85, b'1', b'0', b'1', b'1', b'1', '50', '2017-11-26', '2017-11-26'),
(19005, 6, 1, b'1', b'0', b'0', b'0', b'0', '50', '2017-11-26', '2017-11-26'),
(19006, 6, 2, b'0', b'0', b'0', b'0', b'0', '50', '2017-11-26', '2017-11-26'),
(19007, 6, 3, b'0', b'0', b'0', b'0', b'0', '50', '2017-11-26', '2017-11-26'),
(19008, 6, 30, b'1', b'0', b'0', b'0', b'0', '50', '2017-11-26', '2017-11-26'),
(19009, 6, 35, b'0', b'0', b'0', b'0', b'0', '50', '2017-11-26', '2017-11-26'),
(19010, 6, 50, b'0', b'0', b'0', b'0', b'0', '50', '2017-11-26', '2017-11-26'),
(19011, 6, 51, b'1', b'0', b'0', b'0', b'0', '50', '2017-11-26', '2017-11-26'),
(19012, 6, 52, b'0', b'0', b'0', b'0', b'0', '50', '2017-11-26', '2017-11-26'),
(19013, 6, 53, b'0', b'0', b'0', b'0', b'0', '50', '2017-11-26', '2017-11-26'),
(19014, 6, 20, b'0', b'0', b'0', b'0', b'0', '50', '2017-11-26', '2017-11-26'),
(19015, 6, 23, b'1', b'0', b'1', b'1', b'1', '50', '2017-11-26', '2017-11-26'),
(19016, 6, 21, b'1', b'0', b'0', b'0', b'0', '50', '2017-11-26', '2017-11-26'),
(19017, 6, 31, b'1', b'0', b'1', b'1', b'1', '50', '2017-11-26', '2017-11-26'),
(19018, 6, 32, b'1', b'0', b'1', b'1', b'1', '50', '2017-11-26', '2017-11-26'),
(19019, 6, 15, b'0', b'0', b'0', b'0', b'0', '50', '2017-11-26', '2017-11-26'),
(19020, 6, 16, b'0', b'0', b'0', b'0', b'0', '50', '2017-11-26', '2017-11-26'),
(19021, 6, 4, b'0', b'0', b'0', b'0', b'0', '50', '2017-11-26', '2017-11-26'),
(19022, 6, 5, b'0', b'0', b'0', b'0', b'0', '50', '2017-11-26', '2017-11-26'),
(19023, 6, 6, b'0', b'0', b'0', b'0', b'0', '50', '2017-11-26', '2017-11-26'),
(19024, 6, 7, b'0', b'0', b'0', b'0', b'0', '50', '2017-11-26', '2017-11-26'),
(19025, 6, 8, b'0', b'0', b'0', b'0', b'0', '50', '2017-11-26', '2017-11-26'),
(19026, 6, 9, b'0', b'0', b'0', b'0', b'0', '50', '2017-11-26', '2017-11-26'),
(19027, 6, 10, b'0', b'0', b'0', b'0', b'0', '50', '2017-11-26', '2017-11-26'),
(19028, 6, 11, b'0', b'0', b'0', b'0', b'0', '50', '2017-11-26', '2017-11-26'),
(19029, 6, 12, b'0', b'0', b'0', b'0', b'0', '50', '2017-11-26', '2017-11-26'),
(19030, 6, 13, b'0', b'0', b'0', b'0', b'0', '50', '2017-11-26', '2017-11-26'),
(19031, 6, 14, b'0', b'0', b'0', b'0', b'0', '50', '2017-11-26', '2017-11-26'),
(19032, 6, 25, b'0', b'0', b'0', b'0', b'0', '50', '2017-11-26', '2017-11-26'),
(19033, 6, 26, b'0', b'0', b'0', b'0', b'0', '50', '2017-11-26', '2017-11-26'),
(19034, 6, 28, b'0', b'0', b'0', b'0', b'0', '50', '2017-11-26', '2017-11-26'),
(19035, 6, 45, b'0', b'0', b'0', b'0', b'0', '50', '2017-11-26', '2017-11-26'),
(19036, 6, 54, b'0', b'0', b'0', b'0', b'0', '50', '2017-11-26', '2017-11-26'),
(19037, 6, 55, b'0', b'0', b'0', b'0', b'0', '50', '2017-11-26', '2017-11-26'),
(19038, 6, 56, b'0', b'0', b'0', b'0', b'0', '50', '2017-11-26', '2017-11-26'),
(19039, 6, 57, b'0', b'0', b'0', b'0', b'0', '50', '2017-11-26', '2017-11-26'),
(19040, 6, 58, b'0', b'0', b'0', b'0', b'0', '50', '2017-11-26', '2017-11-26'),
(19041, 6, 59, b'0', b'0', b'0', b'0', b'0', '50', '2017-11-26', '2017-11-26'),
(19042, 6, 81, b'0', b'0', b'0', b'0', b'0', '50', '2017-11-26', '2017-11-26'),
(19043, 6, 84, b'0', b'0', b'0', b'0', b'0', '50', '2017-11-26', '2017-11-26'),
(19044, 6, 34, b'1', b'0', b'1', b'1', b'1', '50', '2017-11-26', '2017-11-26'),
(19045, 6, 24, b'1', b'0', b'1', b'1', b'1', '50', '2017-11-26', '2017-11-26'),
(19046, 6, 36, b'0', b'0', b'0', b'0', b'0', '50', '2017-11-26', '2017-11-26'),
(19047, 6, 37, b'0', b'0', b'0', b'0', b'0', '50', '2017-11-26', '2017-11-26'),
(19048, 6, 75, b'1', b'0', b'0', b'0', b'0', '50', '2017-11-26', '2017-11-26'),
(19049, 6, 76, b'1', b'0', b'0', b'0', b'0', '50', '2017-11-26', '2017-11-26'),
(19050, 6, 19, b'0', b'0', b'0', b'0', b'0', '50', '2017-11-26', '2017-11-26'),
(19051, 6, 27, b'0', b'0', b'0', b'0', b'0', '50', '2017-11-26', '2017-11-26'),
(19052, 6, 18, b'0', b'0', b'0', b'0', b'0', '50', '2017-11-26', '2017-11-26'),
(19053, 6, 33, b'0', b'0', b'0', b'0', b'0', '50', '2017-11-26', '2017-11-26'),
(19054, 6, 22, b'0', b'0', b'0', b'0', b'0', '50', '2017-11-26', '2017-11-26'),
(19055, 6, 60, b'1', b'0', b'1', b'1', b'1', '50', '2017-11-26', '2017-11-26'),
(19056, 6, 61, b'0', b'0', b'0', b'0', b'0', '50', '2017-11-26', '2017-11-26'),
(19057, 6, 62, b'0', b'0', b'0', b'0', b'0', '50', '2017-11-26', '2017-11-26'),
(19058, 6, 63, b'0', b'0', b'0', b'0', b'0', '50', '2017-11-26', '2017-11-26'),
(19059, 6, 65, b'0', b'0', b'0', b'0', b'0', '50', '2017-11-26', '2017-11-26'),
(19060, 6, 64, b'0', b'0', b'0', b'0', b'0', '50', '2017-11-26', '2017-11-26'),
(19061, 6, 66, b'0', b'0', b'0', b'0', b'0', '50', '2017-11-26', '2017-11-26'),
(19062, 6, 68, b'0', b'0', b'0', b'0', b'0', '50', '2017-11-26', '2017-11-26'),
(19063, 6, 67, b'0', b'0', b'0', b'0', b'0', '50', '2017-11-26', '2017-11-26'),
(19064, 6, 69, b'0', b'0', b'0', b'0', b'0', '50', '2017-11-26', '2017-11-26'),
(19065, 6, 70, b'0', b'0', b'0', b'0', b'0', '50', '2017-11-26', '2017-11-26'),
(19066, 6, 71, b'0', b'0', b'0', b'0', b'0', '50', '2017-11-26', '2017-11-26'),
(19067, 6, 72, b'0', b'0', b'0', b'0', b'0', '50', '2017-11-26', '2017-11-26'),
(19068, 6, 73, b'0', b'0', b'0', b'0', b'0', '50', '2017-11-26', '2017-11-26'),
(19069, 6, 74, b'0', b'0', b'0', b'0', b'0', '50', '2017-11-26', '2017-11-26'),
(19070, 6, 77, b'1', b'0', b'1', b'1', b'1', '50', '2017-11-26', '2017-11-26'),
(19071, 6, 78, b'1', b'0', b'1', b'1', b'1', '50', '2017-11-26', '2017-11-26'),
(19072, 6, 79, b'1', b'0', b'1', b'1', b'1', '50', '2017-11-26', '2017-11-26'),
(19073, 6, 86, b'1', b'0', b'1', b'1', b'1', '50', '2017-11-26', '2017-11-26'),
(19074, 6, 29, b'1', b'0', b'1', b'1', b'1', '50', '2017-11-26', '2017-11-26'),
(19075, 6, 38, b'1', b'0', b'1', b'1', b'1', '50', '2017-11-26', '2017-11-26'),
(19076, 6, 39, b'1', b'0', b'1', b'1', b'1', '50', '2017-11-26', '2017-11-26'),
(19077, 6, 40, b'1', b'0', b'1', b'1', b'1', '50', '2017-11-26', '2017-11-26'),
(19078, 6, 41, b'1', b'0', b'1', b'1', b'1', '50', '2017-11-26', '2017-11-26'),
(19079, 6, 42, b'1', b'0', b'1', b'1', b'1', '50', '2017-11-26', '2017-11-26'),
(19080, 6, 80, b'1', b'0', b'1', b'1', b'1', '50', '2017-11-26', '2017-11-26'),
(19081, 6, 82, b'1', b'0', b'1', b'1', b'1', '50', '2017-11-26', '2017-11-26'),
(19082, 6, 83, b'1', b'0', b'1', b'1', b'1', '50', '2017-11-26', '2017-11-26'),
(19083, 6, 85, b'1', b'0', b'1', b'1', b'1', '50', '2017-11-26', '2017-11-26'),
(19163, 8, 1, b'1', b'0', b'0', b'0', b'0', '50', '2017-11-26', '2017-11-26'),
(19164, 8, 2, b'0', b'0', b'0', b'0', b'0', '50', '2017-11-26', '2017-11-26'),
(19165, 8, 3, b'0', b'0', b'0', b'0', b'0', '50', '2017-11-26', '2017-11-26'),
(19166, 8, 30, b'1', b'0', b'0', b'0', b'0', '50', '2017-11-26', '2017-11-26'),
(19167, 8, 35, b'0', b'0', b'0', b'0', b'0', '50', '2017-11-26', '2017-11-26'),
(19168, 8, 50, b'1', b'0', b'0', b'0', b'0', '50', '2017-11-26', '2017-11-26'),
(19169, 8, 51, b'0', b'0', b'0', b'0', b'0', '50', '2017-11-26', '2017-11-26'),
(19170, 8, 52, b'0', b'0', b'0', b'0', b'0', '50', '2017-11-26', '2017-11-26'),
(19171, 8, 53, b'0', b'0', b'0', b'0', b'0', '50', '2017-11-26', '2017-11-26'),
(19172, 8, 20, b'1', b'0', b'1', b'1', b'1', '50', '2017-11-26', '2017-11-26'),
(19173, 8, 23, b'1', b'0', b'1', b'1', b'1', '50', '2017-11-26', '2017-11-26'),
(19174, 8, 21, b'1', b'0', b'0', b'0', b'0', '50', '2017-11-26', '2017-11-26'),
(19175, 8, 31, b'1', b'0', b'1', b'1', b'1', '50', '2017-11-26', '2017-11-26'),
(19176, 8, 32, b'1', b'0', b'1', b'1', b'1', '50', '2017-11-26', '2017-11-26'),
(19177, 8, 15, b'0', b'0', b'0', b'0', b'0', '50', '2017-11-26', '2017-11-26'),
(19178, 8, 16, b'0', b'0', b'0', b'0', b'0', '50', '2017-11-26', '2017-11-26'),
(19179, 8, 4, b'0', b'0', b'0', b'0', b'0', '50', '2017-11-26', '2017-11-26'),
(19180, 8, 5, b'0', b'0', b'0', b'0', b'0', '50', '2017-11-26', '2017-11-26'),
(19181, 8, 6, b'0', b'0', b'0', b'0', b'0', '50', '2017-11-26', '2017-11-26'),
(19182, 8, 7, b'0', b'0', b'0', b'0', b'0', '50', '2017-11-26', '2017-11-26'),
(19183, 8, 8, b'0', b'0', b'0', b'0', b'0', '50', '2017-11-26', '2017-11-26'),
(19184, 8, 9, b'0', b'0', b'0', b'0', b'0', '50', '2017-11-26', '2017-11-26'),
(19185, 8, 10, b'0', b'0', b'0', b'0', b'0', '50', '2017-11-26', '2017-11-26'),
(19186, 8, 11, b'0', b'0', b'0', b'0', b'0', '50', '2017-11-26', '2017-11-26'),
(19187, 8, 12, b'0', b'0', b'0', b'0', b'0', '50', '2017-11-26', '2017-11-26'),
(19188, 8, 13, b'0', b'0', b'0', b'0', b'0', '50', '2017-11-26', '2017-11-26'),
(19189, 8, 14, b'0', b'0', b'0', b'0', b'0', '50', '2017-11-26', '2017-11-26'),
(19190, 8, 25, b'0', b'0', b'0', b'0', b'0', '50', '2017-11-26', '2017-11-26'),
(19191, 8, 26, b'0', b'0', b'0', b'0', b'0', '50', '2017-11-26', '2017-11-26'),
(19192, 8, 28, b'0', b'0', b'0', b'0', b'0', '50', '2017-11-26', '2017-11-26'),
(19193, 8, 45, b'0', b'0', b'0', b'0', b'0', '50', '2017-11-26', '2017-11-26'),
(19194, 8, 54, b'0', b'0', b'0', b'0', b'0', '50', '2017-11-26', '2017-11-26'),
(19195, 8, 55, b'0', b'0', b'0', b'0', b'0', '50', '2017-11-26', '2017-11-26'),
(19196, 8, 56, b'0', b'0', b'0', b'0', b'0', '50', '2017-11-26', '2017-11-26'),
(19197, 8, 57, b'0', b'0', b'0', b'0', b'0', '50', '2017-11-26', '2017-11-26'),
(19198, 8, 58, b'0', b'0', b'0', b'0', b'0', '50', '2017-11-26', '2017-11-26'),
(19199, 8, 59, b'0', b'0', b'0', b'0', b'0', '50', '2017-11-26', '2017-11-26'),
(19200, 8, 81, b'0', b'0', b'0', b'0', b'0', '50', '2017-11-26', '2017-11-26'),
(19201, 8, 84, b'0', b'0', b'0', b'0', b'0', '50', '2017-11-26', '2017-11-26'),
(19202, 8, 34, b'1', b'0', b'1', b'1', b'1', '50', '2017-11-26', '2017-11-26'),
(19203, 8, 24, b'1', b'0', b'1', b'1', b'1', '50', '2017-11-26', '2017-11-26'),
(19204, 8, 36, b'0', b'0', b'0', b'0', b'0', '50', '2017-11-26', '2017-11-26'),
(19205, 8, 37, b'0', b'0', b'0', b'0', b'0', '50', '2017-11-26', '2017-11-26'),
(19206, 8, 75, b'1', b'0', b'0', b'0', b'0', '50', '2017-11-26', '2017-11-26'),
(19207, 8, 76, b'1', b'0', b'0', b'0', b'0', '50', '2017-11-26', '2017-11-26'),
(19208, 8, 19, b'1', b'0', b'1', b'1', b'1', '50', '2017-11-26', '2017-11-26'),
(19209, 8, 27, b'0', b'0', b'0', b'0', b'0', '50', '2017-11-26', '2017-11-26'),
(19210, 8, 18, b'1', b'0', b'1', b'1', b'1', '50', '2017-11-26', '2017-11-26'),
(19211, 8, 33, b'1', b'0', b'0', b'0', b'0', '50', '2017-11-26', '2017-11-26'),
(19212, 8, 22, b'1', b'0', b'1', b'1', b'1', '50', '2017-11-26', '2017-11-26'),
(19213, 8, 60, b'0', b'0', b'0', b'0', b'0', '50', '2017-11-26', '2017-11-26'),
(19214, 8, 61, b'0', b'0', b'0', b'0', b'0', '50', '2017-11-26', '2017-11-26'),
(19215, 8, 62, b'0', b'0', b'0', b'0', b'0', '50', '2017-11-26', '2017-11-26'),
(19216, 8, 63, b'0', b'0', b'0', b'0', b'0', '50', '2017-11-26', '2017-11-26'),
(19217, 8, 65, b'0', b'0', b'0', b'0', b'0', '50', '2017-11-26', '2017-11-26'),
(19218, 8, 64, b'0', b'0', b'0', b'0', b'0', '50', '2017-11-26', '2017-11-26'),
(19219, 8, 66, b'0', b'0', b'0', b'0', b'0', '50', '2017-11-26', '2017-11-26'),
(19220, 8, 68, b'0', b'0', b'0', b'0', b'0', '50', '2017-11-26', '2017-11-26'),
(19221, 8, 67, b'0', b'0', b'0', b'0', b'0', '50', '2017-11-26', '2017-11-26'),
(19222, 8, 69, b'0', b'0', b'0', b'0', b'0', '50', '2017-11-26', '2017-11-26'),
(19223, 8, 70, b'0', b'0', b'0', b'0', b'0', '50', '2017-11-26', '2017-11-26'),
(19224, 8, 71, b'0', b'0', b'0', b'0', b'0', '50', '2017-11-26', '2017-11-26'),
(19225, 8, 72, b'0', b'0', b'0', b'0', b'0', '50', '2017-11-26', '2017-11-26'),
(19226, 8, 73, b'0', b'0', b'0', b'0', b'0', '50', '2017-11-26', '2017-11-26'),
(19227, 8, 74, b'0', b'0', b'0', b'0', b'0', '50', '2017-11-26', '2017-11-26'),
(19228, 8, 77, b'1', b'0', b'1', b'1', b'1', '50', '2017-11-26', '2017-11-26'),
(19229, 8, 78, b'1', b'0', b'1', b'1', b'1', '50', '2017-11-26', '2017-11-26'),
(19230, 8, 79, b'1', b'0', b'1', b'1', b'1', '50', '2017-11-26', '2017-11-26'),
(19231, 8, 86, b'1', b'0', b'1', b'1', b'1', '50', '2017-11-26', '2017-11-26'),
(19232, 8, 29, b'1', b'0', b'1', b'1', b'1', '50', '2017-11-26', '2017-11-26'),
(19233, 8, 38, b'1', b'0', b'1', b'1', b'1', '50', '2017-11-26', '2017-11-26'),
(19234, 8, 39, b'1', b'0', b'1', b'1', b'1', '50', '2017-11-26', '2017-11-26'),
(19235, 8, 40, b'1', b'0', b'1', b'1', b'1', '50', '2017-11-26', '2017-11-26'),
(19236, 8, 41, b'1', b'0', b'1', b'1', b'1', '50', '2017-11-26', '2017-11-26'),
(19237, 8, 42, b'1', b'0', b'1', b'1', b'1', '50', '2017-11-26', '2017-11-26'),
(19238, 8, 80, b'1', b'0', b'1', b'1', b'1', '50', '2017-11-26', '2017-11-26'),
(19239, 8, 82, b'1', b'0', b'1', b'1', b'1', '50', '2017-11-26', '2017-11-26'),
(19240, 8, 83, b'1', b'0', b'1', b'1', b'1', '50', '2017-11-26', '2017-11-26'),
(19241, 8, 85, b'1', b'0', b'1', b'1', b'1', '50', '2017-11-26', '2017-11-26'),
(19400, 9, 1, b'1', b'0', b'0', b'0', b'0', '50', '2017-11-26', '2017-11-26'),
(19401, 9, 2, b'0', b'0', b'0', b'0', b'0', '50', '2017-11-26', '2017-11-26'),
(19402, 9, 3, b'0', b'0', b'0', b'0', b'0', '50', '2017-11-26', '2017-11-26'),
(19403, 9, 30, b'1', b'0', b'0', b'0', b'0', '50', '2017-11-26', '2017-11-26'),
(19404, 9, 35, b'0', b'0', b'0', b'0', b'0', '50', '2017-11-26', '2017-11-26'),
(19405, 9, 50, b'1', b'0', b'0', b'0', b'0', '50', '2017-11-26', '2017-11-26'),
(19406, 9, 51, b'0', b'0', b'0', b'0', b'0', '50', '2017-11-26', '2017-11-26'),
(19407, 9, 52, b'0', b'0', b'0', b'0', b'0', '50', '2017-11-26', '2017-11-26'),
(19408, 9, 53, b'0', b'0', b'0', b'0', b'0', '50', '2017-11-26', '2017-11-26'),
(19409, 9, 20, b'1', b'0', b'1', b'1', b'1', '50', '2017-11-26', '2017-11-26'),
(19410, 9, 23, b'1', b'0', b'1', b'1', b'1', '50', '2017-11-26', '2017-11-26'),
(19411, 9, 21, b'1', b'0', b'0', b'0', b'0', '50', '2017-11-26', '2017-11-26'),
(19412, 9, 31, b'1', b'0', b'1', b'1', b'1', '50', '2017-11-26', '2017-11-26'),
(19413, 9, 32, b'1', b'0', b'1', b'1', b'1', '50', '2017-11-26', '2017-11-26'),
(19414, 9, 15, b'0', b'0', b'0', b'0', b'0', '50', '2017-11-26', '2017-11-26'),
(19415, 9, 16, b'0', b'0', b'0', b'0', b'0', '50', '2017-11-26', '2017-11-26'),
(19416, 9, 4, b'0', b'0', b'0', b'0', b'0', '50', '2017-11-26', '2017-11-26'),
(19417, 9, 5, b'0', b'0', b'0', b'0', b'0', '50', '2017-11-26', '2017-11-26'),
(19418, 9, 6, b'0', b'0', b'0', b'0', b'0', '50', '2017-11-26', '2017-11-26'),
(19419, 9, 7, b'0', b'0', b'0', b'0', b'0', '50', '2017-11-26', '2017-11-26'),
(19420, 9, 8, b'0', b'0', b'0', b'0', b'0', '50', '2017-11-26', '2017-11-26'),
(19421, 9, 9, b'0', b'0', b'0', b'0', b'0', '50', '2017-11-26', '2017-11-26'),
(19422, 9, 10, b'0', b'0', b'0', b'0', b'0', '50', '2017-11-26', '2017-11-26'),
(19423, 9, 11, b'0', b'0', b'0', b'0', b'0', '50', '2017-11-26', '2017-11-26'),
(19424, 9, 12, b'0', b'0', b'0', b'0', b'0', '50', '2017-11-26', '2017-11-26'),
(19425, 9, 13, b'0', b'0', b'0', b'0', b'0', '50', '2017-11-26', '2017-11-26'),
(19426, 9, 14, b'0', b'0', b'0', b'0', b'0', '50', '2017-11-26', '2017-11-26'),
(19427, 9, 25, b'0', b'0', b'0', b'0', b'0', '50', '2017-11-26', '2017-11-26'),
(19428, 9, 26, b'0', b'0', b'0', b'0', b'0', '50', '2017-11-26', '2017-11-26'),
(19429, 9, 28, b'0', b'0', b'0', b'0', b'0', '50', '2017-11-26', '2017-11-26'),
(19430, 9, 45, b'0', b'0', b'0', b'0', b'0', '50', '2017-11-26', '2017-11-26'),
(19431, 9, 54, b'0', b'0', b'0', b'0', b'0', '50', '2017-11-26', '2017-11-26'),
(19432, 9, 55, b'0', b'0', b'0', b'0', b'0', '50', '2017-11-26', '2017-11-26'),
(19433, 9, 56, b'0', b'0', b'0', b'0', b'0', '50', '2017-11-26', '2017-11-26'),
(19434, 9, 57, b'0', b'0', b'0', b'0', b'0', '50', '2017-11-26', '2017-11-26'),
(19435, 9, 58, b'0', b'0', b'0', b'0', b'0', '50', '2017-11-26', '2017-11-26'),
(19436, 9, 59, b'0', b'0', b'0', b'0', b'0', '50', '2017-11-26', '2017-11-26'),
(19437, 9, 81, b'0', b'0', b'0', b'0', b'0', '50', '2017-11-26', '2017-11-26'),
(19438, 9, 84, b'0', b'0', b'0', b'0', b'0', '50', '2017-11-26', '2017-11-26'),
(19439, 9, 34, b'1', b'0', b'1', b'1', b'1', '50', '2017-11-26', '2017-11-26'),
(19440, 9, 24, b'1', b'0', b'1', b'1', b'1', '50', '2017-11-26', '2017-11-26'),
(19441, 9, 36, b'0', b'0', b'0', b'0', b'0', '50', '2017-11-26', '2017-11-26'),
(19442, 9, 37, b'0', b'0', b'0', b'0', b'0', '50', '2017-11-26', '2017-11-26'),
(19443, 9, 75, b'1', b'0', b'0', b'0', b'0', '50', '2017-11-26', '2017-11-26'),
(19444, 9, 76, b'1', b'0', b'0', b'0', b'0', '50', '2017-11-26', '2017-11-26'),
(19445, 9, 19, b'1', b'0', b'1', b'1', b'1', '50', '2017-11-26', '2017-11-26'),
(19446, 9, 27, b'0', b'0', b'0', b'0', b'0', '50', '2017-11-26', '2017-11-26'),
(19447, 9, 18, b'1', b'0', b'1', b'1', b'1', '50', '2017-11-26', '2017-11-26'),
(19448, 9, 33, b'1', b'0', b'0', b'0', b'0', '50', '2017-11-26', '2017-11-26'),
(19449, 9, 22, b'1', b'0', b'1', b'1', b'1', '50', '2017-11-26', '2017-11-26'),
(19450, 9, 60, b'0', b'0', b'0', b'0', b'0', '50', '2017-11-26', '2017-11-26'),
(19451, 9, 61, b'0', b'0', b'0', b'0', b'0', '50', '2017-11-26', '2017-11-26'),
(19452, 9, 62, b'0', b'0', b'0', b'0', b'0', '50', '2017-11-26', '2017-11-26'),
(19453, 9, 63, b'0', b'0', b'0', b'0', b'0', '50', '2017-11-26', '2017-11-26'),
(19454, 9, 65, b'0', b'0', b'0', b'0', b'0', '50', '2017-11-26', '2017-11-26'),
(19455, 9, 64, b'0', b'0', b'0', b'0', b'0', '50', '2017-11-26', '2017-11-26'),
(19456, 9, 66, b'0', b'0', b'0', b'0', b'0', '50', '2017-11-26', '2017-11-26'),
(19457, 9, 68, b'0', b'0', b'0', b'0', b'0', '50', '2017-11-26', '2017-11-26'),
(19458, 9, 67, b'0', b'0', b'0', b'0', b'0', '50', '2017-11-26', '2017-11-26'),
(19459, 9, 69, b'0', b'0', b'0', b'0', b'0', '50', '2017-11-26', '2017-11-26'),
(19460, 9, 70, b'0', b'0', b'0', b'0', b'0', '50', '2017-11-26', '2017-11-26'),
(19461, 9, 71, b'0', b'0', b'0', b'0', b'0', '50', '2017-11-26', '2017-11-26'),
(19462, 9, 72, b'0', b'0', b'0', b'0', b'0', '50', '2017-11-26', '2017-11-26'),
(19463, 9, 73, b'0', b'0', b'0', b'0', b'0', '50', '2017-11-26', '2017-11-26'),
(19464, 9, 74, b'0', b'0', b'0', b'0', b'0', '50', '2017-11-26', '2017-11-26'),
(19465, 9, 77, b'1', b'0', b'1', b'1', b'1', '50', '2017-11-26', '2017-11-26'),
(19466, 9, 78, b'1', b'0', b'1', b'1', b'1', '50', '2017-11-26', '2017-11-26'),
(19467, 9, 79, b'1', b'0', b'1', b'1', b'1', '50', '2017-11-26', '2017-11-26'),
(19468, 9, 86, b'1', b'0', b'1', b'1', b'1', '50', '2017-11-26', '2017-11-26'),
(19469, 9, 29, b'1', b'0', b'1', b'1', b'1', '50', '2017-11-26', '2017-11-26'),
(19470, 9, 38, b'1', b'0', b'1', b'1', b'1', '50', '2017-11-26', '2017-11-26'),
(19471, 9, 39, b'1', b'0', b'1', b'1', b'1', '50', '2017-11-26', '2017-11-26'),
(19472, 9, 40, b'1', b'0', b'1', b'1', b'1', '50', '2017-11-26', '2017-11-26'),
(19473, 9, 41, b'1', b'0', b'1', b'1', b'1', '50', '2017-11-26', '2017-11-26'),
(19474, 9, 42, b'1', b'0', b'1', b'1', b'1', '50', '2017-11-26', '2017-11-26'),
(19475, 9, 80, b'1', b'0', b'1', b'1', b'0', '50', '2017-11-26', '2017-11-26'),
(19476, 9, 82, b'1', b'0', b'1', b'1', b'1', '50', '2017-11-26', '2017-11-26'),
(19477, 9, 83, b'1', b'0', b'1', b'1', b'1', '50', '2017-11-26', '2017-11-26'),
(19478, 9, 85, b'1', b'0', b'1', b'1', b'1', '50', '2017-11-26', '2017-11-26'),
(19479, 11, 1, b'1', b'0', b'0', b'0', b'0', '50', '2017-11-26', '2017-11-26'),
(19480, 11, 2, b'0', b'0', b'0', b'0', b'0', '50', '2017-11-26', '2017-11-26'),
(19481, 11, 3, b'0', b'0', b'0', b'0', b'0', '50', '2017-11-26', '2017-11-26'),
(19482, 11, 30, b'1', b'0', b'0', b'0', b'0', '50', '2017-11-26', '2017-11-26'),
(19483, 11, 35, b'0', b'0', b'0', b'0', b'0', '50', '2017-11-26', '2017-11-26'),
(19484, 11, 50, b'0', b'0', b'0', b'0', b'0', '50', '2017-11-26', '2017-11-26'),
(19485, 11, 51, b'0', b'0', b'0', b'0', b'0', '50', '2017-11-26', '2017-11-26'),
(19486, 11, 52, b'1', b'0', b'0', b'0', b'0', '50', '2017-11-26', '2017-11-26'),
(19487, 11, 53, b'0', b'0', b'0', b'0', b'0', '50', '2017-11-26', '2017-11-26'),
(19488, 11, 20, b'1', b'0', b'1', b'1', b'1', '50', '2017-11-26', '2017-11-26'),
(19489, 11, 23, b'1', b'0', b'1', b'1', b'1', '50', '2017-11-26', '2017-11-26'),
(19490, 11, 21, b'1', b'0', b'0', b'0', b'0', '50', '2017-11-26', '2017-11-26'),
(19491, 11, 31, b'1', b'0', b'1', b'1', b'1', '50', '2017-11-26', '2017-11-26'),
(19492, 11, 32, b'0', b'0', b'0', b'0', b'0', '50', '2017-11-26', '2017-11-26'),
(19493, 11, 15, b'0', b'0', b'0', b'0', b'0', '50', '2017-11-26', '2017-11-26'),
(19494, 11, 16, b'0', b'0', b'0', b'0', b'0', '50', '2017-11-26', '2017-11-26'),
(19495, 11, 4, b'0', b'0', b'0', b'0', b'0', '50', '2017-11-26', '2017-11-26'),
(19496, 11, 5, b'0', b'0', b'0', b'0', b'0', '50', '2017-11-26', '2017-11-26'),
(19497, 11, 6, b'0', b'0', b'0', b'0', b'0', '50', '2017-11-26', '2017-11-26'),
(19498, 11, 7, b'0', b'0', b'0', b'0', b'0', '50', '2017-11-26', '2017-11-26'),
(19499, 11, 8, b'0', b'0', b'0', b'0', b'0', '50', '2017-11-26', '2017-11-26'),
(19500, 11, 9, b'0', b'0', b'0', b'0', b'0', '50', '2017-11-26', '2017-11-26'),
(19501, 11, 10, b'0', b'0', b'0', b'0', b'0', '50', '2017-11-26', '2017-11-26'),
(19502, 11, 11, b'0', b'0', b'0', b'0', b'0', '50', '2017-11-26', '2017-11-26'),
(19503, 11, 12, b'0', b'0', b'0', b'0', b'0', '50', '2017-11-26', '2017-11-26'),
(19504, 11, 13, b'0', b'0', b'0', b'0', b'0', '50', '2017-11-26', '2017-11-26'),
(19505, 11, 14, b'0', b'0', b'0', b'0', b'0', '50', '2017-11-26', '2017-11-26'),
(19506, 11, 25, b'0', b'0', b'0', b'0', b'0', '50', '2017-11-26', '2017-11-26'),
(19507, 11, 26, b'0', b'0', b'0', b'0', b'0', '50', '2017-11-26', '2017-11-26'),
(19508, 11, 28, b'0', b'0', b'0', b'0', b'0', '50', '2017-11-26', '2017-11-26'),
(19509, 11, 45, b'0', b'0', b'0', b'0', b'0', '50', '2017-11-26', '2017-11-26'),
(19510, 11, 54, b'0', b'0', b'0', b'0', b'0', '50', '2017-11-26', '2017-11-26'),
(19511, 11, 55, b'0', b'0', b'0', b'0', b'0', '50', '2017-11-26', '2017-11-26'),
(19512, 11, 56, b'0', b'0', b'0', b'0', b'0', '50', '2017-11-26', '2017-11-26'),
(19513, 11, 57, b'0', b'0', b'0', b'0', b'0', '50', '2017-11-26', '2017-11-26'),
(19514, 11, 58, b'0', b'0', b'0', b'0', b'0', '50', '2017-11-26', '2017-11-26'),
(19515, 11, 59, b'0', b'0', b'0', b'0', b'0', '50', '2017-11-26', '2017-11-26'),
(19516, 11, 81, b'0', b'0', b'0', b'0', b'0', '50', '2017-11-26', '2017-11-26'),
(19517, 11, 84, b'0', b'0', b'0', b'0', b'0', '50', '2017-11-26', '2017-11-26'),
(19518, 11, 34, b'1', b'0', b'1', b'1', b'1', '50', '2017-11-26', '2017-11-26'),
(19519, 11, 24, b'1', b'0', b'1', b'1', b'1', '50', '2017-11-26', '2017-11-26'),
(19520, 11, 36, b'0', b'0', b'0', b'0', b'0', '50', '2017-11-26', '2017-11-26'),
(19521, 11, 37, b'0', b'0', b'0', b'0', b'0', '50', '2017-11-26', '2017-11-26'),
(19522, 11, 75, b'1', b'0', b'0', b'0', b'0', '50', '2017-11-26', '2017-11-26'),
(19523, 11, 76, b'1', b'0', b'0', b'0', b'0', '50', '2017-11-26', '2017-11-26'),
(19524, 11, 19, b'0', b'0', b'0', b'0', b'0', '50', '2017-11-26', '2017-11-26'),
(19525, 11, 27, b'0', b'0', b'0', b'0', b'0', '50', '2017-11-26', '2017-11-26'),
(19526, 11, 18, b'0', b'0', b'0', b'0', b'0', '50', '2017-11-26', '2017-11-26'),
(19527, 11, 33, b'0', b'0', b'0', b'0', b'0', '50', '2017-11-26', '2017-11-26'),
(19528, 11, 22, b'0', b'0', b'0', b'0', b'0', '50', '2017-11-26', '2017-11-26'),
(19529, 11, 60, b'0', b'0', b'0', b'0', b'0', '50', '2017-11-26', '2017-11-26'),
(19530, 11, 61, b'0', b'0', b'0', b'0', b'0', '50', '2017-11-26', '2017-11-26'),
(19531, 11, 62, b'0', b'0', b'0', b'0', b'0', '50', '2017-11-26', '2017-11-26'),
(19532, 11, 63, b'1', b'0', b'1', b'1', b'1', '50', '2017-11-26', '2017-11-26'),
(19533, 11, 65, b'1', b'0', b'0', b'0', b'0', '50', '2017-11-26', '2017-11-26'),
(19534, 11, 64, b'1', b'0', b'1', b'1', b'1', '50', '2017-11-26', '2017-11-26'),
(19535, 11, 66, b'0', b'0', b'0', b'0', b'0', '50', '2017-11-26', '2017-11-26'),
(19536, 11, 68, b'0', b'0', b'0', b'0', b'0', '50', '2017-11-26', '2017-11-26'),
(19537, 11, 67, b'0', b'0', b'0', b'0', b'0', '50', '2017-11-26', '2017-11-26'),
(19538, 11, 69, b'0', b'0', b'0', b'0', b'0', '50', '2017-11-26', '2017-11-26'),
(19539, 11, 70, b'0', b'0', b'0', b'0', b'0', '50', '2017-11-26', '2017-11-26'),
(19540, 11, 71, b'1', b'0', b'1', b'1', b'1', '50', '2017-11-26', '2017-11-26'),
(19541, 11, 72, b'0', b'0', b'0', b'0', b'0', '50', '2017-11-26', '2017-11-26'),
(19542, 11, 73, b'0', b'0', b'0', b'0', b'0', '50', '2017-11-26', '2017-11-26'),
(19543, 11, 74, b'0', b'0', b'0', b'0', b'0', '50', '2017-11-26', '2017-11-26'),
(19544, 11, 77, b'1', b'0', b'1', b'1', b'1', '50', '2017-11-26', '2017-11-26'),
(19545, 11, 78, b'1', b'0', b'1', b'1', b'1', '50', '2017-11-26', '2017-11-26'),
(19546, 11, 79, b'1', b'0', b'1', b'1', b'1', '50', '2017-11-26', '2017-11-26'),
(19547, 11, 86, b'1', b'0', b'1', b'1', b'1', '50', '2017-11-26', '2017-11-26'),
(19548, 11, 29, b'1', b'0', b'1', b'1', b'1', '50', '2017-11-26', '2017-11-26'),
(19549, 11, 38, b'1', b'0', b'1', b'1', b'1', '50', '2017-11-26', '2017-11-26'),
(19550, 11, 39, b'1', b'0', b'1', b'1', b'1', '50', '2017-11-26', '2017-11-26'),
(19551, 11, 40, b'1', b'0', b'1', b'1', b'1', '50', '2017-11-26', '2017-11-26'),
(19552, 11, 41, b'1', b'0', b'1', b'1', b'1', '50', '2017-11-26', '2017-11-26'),
(19553, 11, 42, b'1', b'0', b'1', b'1', b'1', '50', '2017-11-26', '2017-11-26'),
(19554, 11, 80, b'1', b'0', b'1', b'1', b'1', '50', '2017-11-26', '2017-11-26'),
(19555, 11, 82, b'1', b'0', b'1', b'1', b'1', '50', '2017-11-26', '2017-11-26'),
(19556, 11, 83, b'1', b'0', b'1', b'1', b'1', '50', '2017-11-26', '2017-11-26'),
(19557, 11, 85, b'1', b'0', b'1', b'1', b'1', '50', '2017-11-26', '2017-11-26'),
(19637, 13, 1, b'1', b'0', b'0', b'0', b'0', '50', '2017-11-26', '2017-11-26'),
(19638, 13, 2, b'0', b'0', b'0', b'0', b'0', '50', '2017-11-26', '2017-11-26'),
(19639, 13, 3, b'0', b'0', b'0', b'0', b'0', '50', '2017-11-26', '2017-11-26'),
(19640, 13, 30, b'1', b'0', b'0', b'0', b'0', '50', '2017-11-26', '2017-11-26'),
(19641, 13, 35, b'0', b'0', b'0', b'0', b'0', '50', '2017-11-26', '2017-11-26'),
(19642, 13, 50, b'0', b'0', b'0', b'0', b'0', '50', '2017-11-26', '2017-11-26'),
(19643, 13, 51, b'1', b'0', b'0', b'0', b'0', '50', '2017-11-26', '2017-11-26'),
(19644, 13, 52, b'0', b'0', b'0', b'0', b'0', '50', '2017-11-26', '2017-11-26'),
(19645, 13, 53, b'0', b'0', b'0', b'0', b'0', '50', '2017-11-26', '2017-11-26'),
(19646, 13, 20, b'0', b'0', b'0', b'0', b'0', '50', '2017-11-26', '2017-11-26'),
(19647, 13, 23, b'1', b'0', b'1', b'1', b'1', '50', '2017-11-26', '2017-11-26'),
(19648, 13, 21, b'1', b'0', b'0', b'0', b'0', '50', '2017-11-26', '2017-11-26'),
(19649, 13, 31, b'1', b'0', b'1', b'1', b'1', '50', '2017-11-26', '2017-11-26'),
(19650, 13, 32, b'1', b'0', b'1', b'1', b'1', '50', '2017-11-26', '2017-11-26'),
(19651, 13, 15, b'0', b'0', b'0', b'0', b'0', '50', '2017-11-26', '2017-11-26'),
(19652, 13, 16, b'0', b'0', b'0', b'0', b'0', '50', '2017-11-26', '2017-11-26'),
(19653, 13, 4, b'0', b'0', b'0', b'0', b'0', '50', '2017-11-26', '2017-11-26'),
(19654, 13, 5, b'0', b'0', b'0', b'0', b'0', '50', '2017-11-26', '2017-11-26'),
(19655, 13, 6, b'0', b'0', b'0', b'0', b'0', '50', '2017-11-26', '2017-11-26'),
(19656, 13, 7, b'0', b'0', b'0', b'0', b'0', '50', '2017-11-26', '2017-11-26'),
(19657, 13, 8, b'0', b'0', b'0', b'0', b'0', '50', '2017-11-26', '2017-11-26'),
(19658, 13, 9, b'0', b'0', b'0', b'0', b'0', '50', '2017-11-26', '2017-11-26'),
(19659, 13, 10, b'0', b'0', b'0', b'0', b'0', '50', '2017-11-26', '2017-11-26'),
(19660, 13, 11, b'0', b'0', b'0', b'0', b'0', '50', '2017-11-26', '2017-11-26'),
(19661, 13, 12, b'0', b'0', b'0', b'0', b'0', '50', '2017-11-26', '2017-11-26'),
(19662, 13, 13, b'0', b'0', b'0', b'0', b'0', '50', '2017-11-26', '2017-11-26'),
(19663, 13, 14, b'0', b'0', b'0', b'0', b'0', '50', '2017-11-26', '2017-11-26'),
(19664, 13, 25, b'0', b'0', b'0', b'0', b'0', '50', '2017-11-26', '2017-11-26'),
(19665, 13, 26, b'0', b'0', b'0', b'0', b'0', '50', '2017-11-26', '2017-11-26'),
(19666, 13, 28, b'0', b'0', b'0', b'0', b'0', '50', '2017-11-26', '2017-11-26'),
(19667, 13, 45, b'0', b'0', b'0', b'0', b'0', '50', '2017-11-26', '2017-11-26'),
(19668, 13, 54, b'0', b'0', b'0', b'0', b'0', '50', '2017-11-26', '2017-11-26'),
(19669, 13, 55, b'0', b'0', b'0', b'0', b'0', '50', '2017-11-26', '2017-11-26'),
(19670, 13, 56, b'0', b'0', b'0', b'0', b'0', '50', '2017-11-26', '2017-11-26'),
(19671, 13, 57, b'0', b'0', b'0', b'0', b'0', '50', '2017-11-26', '2017-11-26'),
(19672, 13, 58, b'0', b'0', b'0', b'0', b'0', '50', '2017-11-26', '2017-11-26'),
(19673, 13, 59, b'0', b'0', b'0', b'0', b'0', '50', '2017-11-26', '2017-11-26'),
(19674, 13, 81, b'0', b'0', b'0', b'0', b'0', '50', '2017-11-26', '2017-11-26'),
(19675, 13, 84, b'0', b'0', b'0', b'0', b'0', '50', '2017-11-26', '2017-11-26'),
(19676, 13, 34, b'1', b'0', b'1', b'1', b'1', '50', '2017-11-26', '2017-11-26'),
(19677, 13, 24, b'1', b'0', b'1', b'1', b'1', '50', '2017-11-26', '2017-11-26'),
(19678, 13, 36, b'0', b'0', b'0', b'0', b'0', '50', '2017-11-26', '2017-11-26'),
(19679, 13, 37, b'0', b'0', b'0', b'0', b'0', '50', '2017-11-26', '2017-11-26'),
(19680, 13, 75, b'1', b'0', b'0', b'0', b'0', '50', '2017-11-26', '2017-11-26'),
(19681, 13, 76, b'1', b'0', b'0', b'0', b'0', '50', '2017-11-26', '2017-11-26'),
(19682, 13, 19, b'0', b'0', b'0', b'0', b'0', '50', '2017-11-26', '2017-11-26'),
(19683, 13, 27, b'0', b'0', b'0', b'0', b'0', '50', '2017-11-26', '2017-11-26'),
(19684, 13, 18, b'0', b'0', b'0', b'0', b'0', '50', '2017-11-26', '2017-11-26'),
(19685, 13, 33, b'0', b'0', b'0', b'0', b'0', '50', '2017-11-26', '2017-11-26'),
(19686, 13, 22, b'0', b'0', b'0', b'0', b'0', '50', '2017-11-26', '2017-11-26'),
(19687, 13, 60, b'1', b'0', b'1', b'1', b'1', '50', '2017-11-26', '2017-11-26'),
(19688, 13, 61, b'0', b'0', b'0', b'0', b'0', '50', '2017-11-26', '2017-11-26'),
(19689, 13, 62, b'0', b'0', b'0', b'0', b'0', '50', '2017-11-26', '2017-11-26'),
(19690, 13, 63, b'0', b'0', b'0', b'0', b'0', '50', '2017-11-26', '2017-11-26'),
(19691, 13, 65, b'0', b'0', b'0', b'0', b'0', '50', '2017-11-26', '2017-11-26'),
(19692, 13, 64, b'0', b'0', b'0', b'0', b'0', '50', '2017-11-26', '2017-11-26'),
(19693, 13, 66, b'0', b'0', b'0', b'0', b'0', '50', '2017-11-26', '2017-11-26'),
(19694, 13, 68, b'0', b'0', b'0', b'0', b'0', '50', '2017-11-26', '2017-11-26'),
(19695, 13, 67, b'0', b'0', b'0', b'0', b'0', '50', '2017-11-26', '2017-11-26'),
(19696, 13, 69, b'0', b'0', b'0', b'0', b'0', '50', '2017-11-26', '2017-11-26'),
(19697, 13, 70, b'0', b'0', b'0', b'0', b'0', '50', '2017-11-26', '2017-11-26'),
(19698, 13, 71, b'0', b'0', b'0', b'0', b'0', '50', '2017-11-26', '2017-11-26'),
(19699, 13, 72, b'0', b'0', b'0', b'0', b'0', '50', '2017-11-26', '2017-11-26'),
(19700, 13, 73, b'0', b'0', b'0', b'0', b'0', '50', '2017-11-26', '2017-11-26'),
(19701, 13, 74, b'0', b'0', b'0', b'0', b'0', '50', '2017-11-26', '2017-11-26'),
(19702, 13, 77, b'1', b'0', b'1', b'1', b'1', '50', '2017-11-26', '2017-11-26'),
(19703, 13, 78, b'1', b'0', b'1', b'1', b'1', '50', '2017-11-26', '2017-11-26'),
(19704, 13, 79, b'1', b'0', b'1', b'1', b'1', '50', '2017-11-26', '2017-11-26'),
(19705, 13, 86, b'1', b'0', b'1', b'1', b'1', '50', '2017-11-26', '2017-11-26'),
(19706, 13, 29, b'1', b'0', b'1', b'1', b'1', '50', '2017-11-26', '2017-11-26'),
(19707, 13, 38, b'1', b'0', b'1', b'1', b'1', '50', '2017-11-26', '2017-11-26'),
(19708, 13, 39, b'1', b'0', b'1', b'1', b'1', '50', '2017-11-26', '2017-11-26'),
(19709, 13, 40, b'1', b'0', b'1', b'1', b'1', '50', '2017-11-26', '2017-11-26'),
(19710, 13, 41, b'1', b'0', b'1', b'1', b'1', '50', '2017-11-26', '2017-11-26'),
(19711, 13, 42, b'1', b'0', b'1', b'1', b'1', '50', '2017-11-26', '2017-11-26'),
(19712, 13, 80, b'1', b'0', b'1', b'1', b'1', '50', '2017-11-26', '2017-11-26'),
(19713, 13, 82, b'1', b'0', b'1', b'1', b'1', '50', '2017-11-26', '2017-11-26'),
(19714, 13, 83, b'1', b'0', b'1', b'1', b'1', '50', '2017-11-26', '2017-11-26'),
(19715, 13, 85, b'1', b'0', b'1', b'1', b'1', '50', '2017-11-26', '2017-11-26'),
(19716, 14, 1, b'1', b'0', b'0', b'0', b'0', '50', '2017-11-26', '2017-11-26'),
(19717, 14, 2, b'0', b'0', b'0', b'0', b'0', '50', '2017-11-26', '2017-11-26'),
(19718, 14, 3, b'0', b'0', b'0', b'0', b'0', '50', '2017-11-26', '2017-11-26'),
(19719, 14, 30, b'1', b'0', b'0', b'0', b'0', '50', '2017-11-26', '2017-11-26'),
(19720, 14, 35, b'0', b'0', b'0', b'0', b'0', '50', '2017-11-26', '2017-11-26'),
(19721, 14, 50, b'0', b'0', b'0', b'0', b'0', '50', '2017-11-26', '2017-11-26'),
(19722, 14, 51, b'1', b'0', b'0', b'0', b'0', '50', '2017-11-26', '2017-11-26'),
(19723, 14, 52, b'0', b'0', b'0', b'0', b'0', '50', '2017-11-26', '2017-11-26'),
(19724, 14, 53, b'0', b'0', b'0', b'0', b'0', '50', '2017-11-26', '2017-11-26'),
(19725, 14, 20, b'0', b'0', b'0', b'0', b'0', '50', '2017-11-26', '2017-11-26'),
(19726, 14, 23, b'1', b'0', b'1', b'1', b'1', '50', '2017-11-26', '2017-11-26'),
(19727, 14, 21, b'1', b'0', b'0', b'0', b'0', '50', '2017-11-26', '2017-11-26'),
(19728, 14, 31, b'1', b'0', b'1', b'1', b'1', '50', '2017-11-26', '2017-11-26'),
(19729, 14, 32, b'1', b'0', b'1', b'1', b'1', '50', '2017-11-26', '2017-11-26'),
(19730, 14, 15, b'0', b'0', b'0', b'0', b'0', '50', '2017-11-26', '2017-11-26'),
(19731, 14, 16, b'0', b'0', b'0', b'0', b'0', '50', '2017-11-26', '2017-11-26'),
(19732, 14, 4, b'0', b'0', b'0', b'0', b'0', '50', '2017-11-26', '2017-11-26'),
(19733, 14, 5, b'0', b'0', b'0', b'0', b'0', '50', '2017-11-26', '2017-11-26'),
(19734, 14, 6, b'0', b'0', b'0', b'0', b'0', '50', '2017-11-26', '2017-11-26'),
(19735, 14, 7, b'0', b'0', b'0', b'0', b'0', '50', '2017-11-26', '2017-11-26'),
(19736, 14, 8, b'0', b'0', b'0', b'0', b'0', '50', '2017-11-26', '2017-11-26'),
(19737, 14, 9, b'0', b'0', b'0', b'0', b'0', '50', '2017-11-26', '2017-11-26'),
(19738, 14, 10, b'0', b'0', b'0', b'0', b'0', '50', '2017-11-26', '2017-11-26'),
(19739, 14, 11, b'0', b'0', b'0', b'0', b'0', '50', '2017-11-26', '2017-11-26'),
(19740, 14, 12, b'0', b'0', b'0', b'0', b'0', '50', '2017-11-26', '2017-11-26'),
(19741, 14, 13, b'0', b'0', b'0', b'0', b'0', '50', '2017-11-26', '2017-11-26'),
(19742, 14, 14, b'0', b'0', b'0', b'0', b'0', '50', '2017-11-26', '2017-11-26'),
(19743, 14, 25, b'0', b'0', b'0', b'0', b'0', '50', '2017-11-26', '2017-11-26'),
(19744, 14, 26, b'0', b'0', b'0', b'0', b'0', '50', '2017-11-26', '2017-11-26'),
(19745, 14, 28, b'0', b'0', b'0', b'0', b'0', '50', '2017-11-26', '2017-11-26'),
(19746, 14, 45, b'0', b'0', b'0', b'0', b'0', '50', '2017-11-26', '2017-11-26'),
(19747, 14, 54, b'0', b'0', b'0', b'0', b'0', '50', '2017-11-26', '2017-11-26'),
(19748, 14, 55, b'0', b'0', b'0', b'0', b'0', '50', '2017-11-26', '2017-11-26'),
(19749, 14, 56, b'0', b'0', b'0', b'0', b'0', '50', '2017-11-26', '2017-11-26'),
(19750, 14, 57, b'0', b'0', b'0', b'0', b'0', '50', '2017-11-26', '2017-11-26'),
(19751, 14, 58, b'0', b'0', b'0', b'0', b'0', '50', '2017-11-26', '2017-11-26'),
(19752, 14, 59, b'0', b'0', b'0', b'0', b'0', '50', '2017-11-26', '2017-11-26'),
(19753, 14, 81, b'0', b'0', b'0', b'0', b'0', '50', '2017-11-26', '2017-11-26'),
(19754, 14, 84, b'0', b'0', b'0', b'0', b'0', '50', '2017-11-26', '2017-11-26'),
(19755, 14, 34, b'1', b'0', b'1', b'1', b'1', '50', '2017-11-26', '2017-11-26'),
(19756, 14, 24, b'1', b'0', b'0', b'1', b'1', '50', '2017-11-26', '2017-11-26'),
(19757, 14, 36, b'0', b'0', b'0', b'0', b'0', '50', '2017-11-26', '2017-11-26'),
(19758, 14, 37, b'0', b'0', b'0', b'0', b'0', '50', '2017-11-26', '2017-11-26'),
(19759, 14, 75, b'1', b'0', b'0', b'0', b'0', '50', '2017-11-26', '2017-11-26'),
(19760, 14, 76, b'1', b'0', b'0', b'0', b'0', '50', '2017-11-26', '2017-11-26'),
(19761, 14, 19, b'0', b'0', b'0', b'0', b'0', '50', '2017-11-26', '2017-11-26'),
(19762, 14, 27, b'0', b'0', b'0', b'0', b'0', '50', '2017-11-26', '2017-11-26'),
(19763, 14, 18, b'0', b'0', b'0', b'0', b'0', '50', '2017-11-26', '2017-11-26'),
(19764, 14, 33, b'0', b'0', b'0', b'0', b'0', '50', '2017-11-26', '2017-11-26'),
(19765, 14, 22, b'0', b'0', b'0', b'0', b'0', '50', '2017-11-26', '2017-11-26'),
(19766, 14, 60, b'1', b'0', b'1', b'1', b'1', '50', '2017-11-26', '2017-11-26'),
(19767, 14, 61, b'0', b'0', b'0', b'0', b'0', '50', '2017-11-26', '2017-11-26'),
(19768, 14, 62, b'0', b'0', b'0', b'0', b'0', '50', '2017-11-26', '2017-11-26'),
(19769, 14, 63, b'0', b'0', b'0', b'0', b'0', '50', '2017-11-26', '2017-11-26'),
(19770, 14, 65, b'0', b'0', b'0', b'0', b'0', '50', '2017-11-26', '2017-11-26'),
(19771, 14, 64, b'0', b'0', b'0', b'0', b'0', '50', '2017-11-26', '2017-11-26'),
(19772, 14, 66, b'0', b'0', b'0', b'0', b'0', '50', '2017-11-26', '2017-11-26'),
(19773, 14, 68, b'0', b'0', b'0', b'0', b'0', '50', '2017-11-26', '2017-11-26'),
(19774, 14, 67, b'0', b'0', b'0', b'0', b'0', '50', '2017-11-26', '2017-11-26'),
(19775, 14, 69, b'0', b'0', b'0', b'0', b'0', '50', '2017-11-26', '2017-11-26'),
(19776, 14, 70, b'0', b'0', b'0', b'0', b'0', '50', '2017-11-26', '2017-11-26'),
(19777, 14, 71, b'0', b'0', b'0', b'0', b'0', '50', '2017-11-26', '2017-11-26'),
(19778, 14, 72, b'0', b'0', b'0', b'0', b'0', '50', '2017-11-26', '2017-11-26'),
(19779, 14, 73, b'0', b'0', b'0', b'0', b'0', '50', '2017-11-26', '2017-11-26'),
(19780, 14, 74, b'0', b'0', b'0', b'0', b'0', '50', '2017-11-26', '2017-11-26'),
(19781, 14, 77, b'1', b'0', b'1', b'1', b'1', '50', '2017-11-26', '2017-11-26'),
(19782, 14, 78, b'1', b'0', b'1', b'1', b'1', '50', '2017-11-26', '2017-11-26'),
(19783, 14, 79, b'1', b'0', b'1', b'1', b'1', '50', '2017-11-26', '2017-11-26'),
(19784, 14, 86, b'1', b'0', b'1', b'1', b'1', '50', '2017-11-26', '2017-11-26'),
(19785, 14, 29, b'1', b'0', b'1', b'1', b'1', '50', '2017-11-26', '2017-11-26'),
(19786, 14, 38, b'1', b'0', b'1', b'1', b'1', '50', '2017-11-26', '2017-11-26'),
(19787, 14, 39, b'1', b'0', b'1', b'1', b'1', '50', '2017-11-26', '2017-11-26'),
(19788, 14, 40, b'1', b'0', b'1', b'1', b'1', '50', '2017-11-26', '2017-11-26'),
(19789, 14, 41, b'1', b'0', b'1', b'1', b'1', '50', '2017-11-26', '2017-11-26'),
(19790, 14, 42, b'1', b'0', b'1', b'1', b'1', '50', '2017-11-26', '2017-11-26'),
(19791, 14, 80, b'1', b'0', b'1', b'1', b'1', '50', '2017-11-26', '2017-11-26'),
(19792, 14, 82, b'1', b'0', b'1', b'1', b'1', '50', '2017-11-26', '2017-11-26'),
(19793, 14, 83, b'1', b'0', b'1', b'1', b'1', '50', '2017-11-26', '2017-11-26'),
(19794, 14, 85, b'1', b'0', b'1', b'1', b'1', '50', '2017-11-26', '2017-11-26'),
(20269, 19, 1, b'1', b'0', b'0', b'0', b'0', '50', '2017-11-26', '2017-11-26'),
(20270, 19, 2, b'0', b'0', b'0', b'0', b'0', '50', '2017-11-26', '2017-11-26'),
(20271, 19, 3, b'0', b'0', b'0', b'0', b'0', '50', '2017-11-26', '2017-11-26'),
(20272, 19, 30, b'1', b'0', b'0', b'0', b'0', '50', '2017-11-26', '2017-11-26'),
(20273, 19, 35, b'0', b'0', b'0', b'0', b'0', '50', '2017-11-26', '2017-11-26'),
(20274, 19, 50, b'0', b'0', b'0', b'0', b'0', '50', '2017-11-26', '2017-11-26'),
(20275, 19, 51, b'1', b'0', b'0', b'0', b'0', '50', '2017-11-26', '2017-11-26');
INSERT INTO `menu_role` (`ID`, `ROLE_ID`, `MENU_ID`, `IS_ACTIVE`, `IS_REQUIRED_ACTION`, `IS_CREATE`, `IS_EDIT`, `IS_DELETE`, `UPDATE_BY`, `CREATE_DATE`, `UPDATE_DATE`) VALUES
(20276, 19, 52, b'0', b'0', b'0', b'0', b'0', '50', '2017-11-26', '2017-11-26'),
(20277, 19, 53, b'0', b'0', b'0', b'0', b'0', '50', '2017-11-26', '2017-11-26'),
(20278, 19, 20, b'0', b'0', b'0', b'0', b'0', '50', '2017-11-26', '2017-11-26'),
(20279, 19, 23, b'1', b'0', b'1', b'1', b'1', '50', '2017-11-26', '2017-11-26'),
(20280, 19, 21, b'1', b'0', b'0', b'0', b'0', '50', '2017-11-26', '2017-11-26'),
(20281, 19, 31, b'1', b'0', b'1', b'1', b'1', '50', '2017-11-26', '2017-11-26'),
(20282, 19, 32, b'1', b'0', b'1', b'1', b'1', '50', '2017-11-26', '2017-11-26'),
(20283, 19, 15, b'0', b'0', b'0', b'0', b'0', '50', '2017-11-26', '2017-11-26'),
(20284, 19, 16, b'0', b'0', b'0', b'0', b'0', '50', '2017-11-26', '2017-11-26'),
(20285, 19, 4, b'0', b'0', b'0', b'0', b'0', '50', '2017-11-26', '2017-11-26'),
(20286, 19, 5, b'0', b'0', b'0', b'0', b'0', '50', '2017-11-26', '2017-11-26'),
(20287, 19, 6, b'0', b'0', b'0', b'0', b'0', '50', '2017-11-26', '2017-11-26'),
(20288, 19, 7, b'0', b'0', b'0', b'0', b'0', '50', '2017-11-26', '2017-11-26'),
(20289, 19, 8, b'0', b'0', b'0', b'0', b'0', '50', '2017-11-26', '2017-11-26'),
(20290, 19, 9, b'0', b'0', b'0', b'0', b'0', '50', '2017-11-26', '2017-11-26'),
(20291, 19, 10, b'0', b'0', b'0', b'0', b'0', '50', '2017-11-26', '2017-11-26'),
(20292, 19, 11, b'0', b'0', b'0', b'0', b'0', '50', '2017-11-26', '2017-11-26'),
(20293, 19, 12, b'0', b'0', b'0', b'0', b'0', '50', '2017-11-26', '2017-11-26'),
(20294, 19, 13, b'0', b'0', b'0', b'0', b'0', '50', '2017-11-26', '2017-11-26'),
(20295, 19, 14, b'0', b'0', b'0', b'0', b'0', '50', '2017-11-26', '2017-11-26'),
(20296, 19, 25, b'0', b'0', b'0', b'0', b'0', '50', '2017-11-26', '2017-11-26'),
(20297, 19, 26, b'0', b'0', b'0', b'0', b'0', '50', '2017-11-26', '2017-11-26'),
(20298, 19, 28, b'0', b'0', b'0', b'0', b'0', '50', '2017-11-26', '2017-11-26'),
(20299, 19, 45, b'0', b'0', b'0', b'0', b'0', '50', '2017-11-26', '2017-11-26'),
(20300, 19, 54, b'0', b'0', b'0', b'0', b'0', '50', '2017-11-26', '2017-11-26'),
(20301, 19, 55, b'0', b'0', b'0', b'0', b'0', '50', '2017-11-26', '2017-11-26'),
(20302, 19, 56, b'0', b'0', b'0', b'0', b'0', '50', '2017-11-26', '2017-11-26'),
(20303, 19, 57, b'0', b'0', b'0', b'0', b'0', '50', '2017-11-26', '2017-11-26'),
(20304, 19, 58, b'0', b'0', b'0', b'0', b'0', '50', '2017-11-26', '2017-11-26'),
(20305, 19, 59, b'0', b'0', b'0', b'0', b'0', '50', '2017-11-26', '2017-11-26'),
(20306, 19, 81, b'0', b'0', b'0', b'0', b'0', '50', '2017-11-26', '2017-11-26'),
(20307, 19, 84, b'0', b'0', b'0', b'0', b'0', '50', '2017-11-26', '2017-11-26'),
(20308, 19, 34, b'1', b'0', b'1', b'1', b'1', '50', '2017-11-26', '2017-11-26'),
(20309, 19, 24, b'1', b'0', b'1', b'1', b'1', '50', '2017-11-26', '2017-11-26'),
(20310, 19, 36, b'0', b'0', b'0', b'0', b'0', '50', '2017-11-26', '2017-11-26'),
(20311, 19, 37, b'0', b'0', b'0', b'0', b'0', '50', '2017-11-26', '2017-11-26'),
(20312, 19, 75, b'1', b'0', b'0', b'0', b'0', '50', '2017-11-26', '2017-11-26'),
(20313, 19, 76, b'1', b'0', b'0', b'0', b'0', '50', '2017-11-26', '2017-11-26'),
(20314, 19, 19, b'0', b'0', b'0', b'0', b'0', '50', '2017-11-26', '2017-11-26'),
(20315, 19, 27, b'0', b'0', b'0', b'0', b'0', '50', '2017-11-26', '2017-11-26'),
(20316, 19, 18, b'0', b'0', b'0', b'0', b'0', '50', '2017-11-26', '2017-11-26'),
(20317, 19, 33, b'0', b'0', b'0', b'0', b'0', '50', '2017-11-26', '2017-11-26'),
(20318, 19, 22, b'0', b'0', b'0', b'0', b'0', '50', '2017-11-26', '2017-11-26'),
(20319, 19, 60, b'1', b'0', b'1', b'1', b'1', '50', '2017-11-26', '2017-11-26'),
(20320, 19, 61, b'0', b'0', b'0', b'0', b'0', '50', '2017-11-26', '2017-11-26'),
(20321, 19, 62, b'0', b'0', b'0', b'0', b'0', '50', '2017-11-26', '2017-11-26'),
(20322, 19, 63, b'0', b'0', b'0', b'0', b'0', '50', '2017-11-26', '2017-11-26'),
(20323, 19, 65, b'0', b'0', b'0', b'0', b'0', '50', '2017-11-26', '2017-11-26'),
(20324, 19, 64, b'0', b'0', b'0', b'0', b'0', '50', '2017-11-26', '2017-11-26'),
(20325, 19, 66, b'0', b'0', b'0', b'0', b'0', '50', '2017-11-26', '2017-11-26'),
(20326, 19, 68, b'0', b'0', b'0', b'0', b'0', '50', '2017-11-26', '2017-11-26'),
(20327, 19, 67, b'0', b'0', b'0', b'0', b'0', '50', '2017-11-26', '2017-11-26'),
(20328, 19, 69, b'0', b'0', b'0', b'0', b'0', '50', '2017-11-26', '2017-11-26'),
(20329, 19, 70, b'0', b'0', b'0', b'0', b'0', '50', '2017-11-26', '2017-11-26'),
(20330, 19, 71, b'0', b'0', b'0', b'0', b'0', '50', '2017-11-26', '2017-11-26'),
(20331, 19, 72, b'0', b'0', b'0', b'0', b'0', '50', '2017-11-26', '2017-11-26'),
(20332, 19, 73, b'0', b'0', b'0', b'0', b'0', '50', '2017-11-26', '2017-11-26'),
(20333, 19, 74, b'0', b'0', b'0', b'0', b'0', '50', '2017-11-26', '2017-11-26'),
(20334, 19, 77, b'1', b'0', b'1', b'1', b'1', '50', '2017-11-26', '2017-11-26'),
(20335, 19, 78, b'1', b'0', b'1', b'1', b'1', '50', '2017-11-26', '2017-11-26'),
(20336, 19, 79, b'1', b'0', b'1', b'1', b'1', '50', '2017-11-26', '2017-11-26'),
(20337, 19, 86, b'1', b'0', b'1', b'1', b'1', '50', '2017-11-26', '2017-11-26'),
(20338, 19, 29, b'1', b'0', b'1', b'1', b'1', '50', '2017-11-26', '2017-11-26'),
(20339, 19, 38, b'1', b'0', b'1', b'1', b'1', '50', '2017-11-26', '2017-11-26'),
(20340, 19, 39, b'1', b'0', b'1', b'1', b'1', '50', '2017-11-26', '2017-11-26'),
(20341, 19, 40, b'1', b'0', b'1', b'1', b'1', '50', '2017-11-26', '2017-11-26'),
(20342, 19, 41, b'1', b'0', b'1', b'1', b'1', '50', '2017-11-26', '2017-11-26'),
(20343, 19, 42, b'1', b'0', b'1', b'1', b'1', '50', '2017-11-26', '2017-11-26'),
(20344, 19, 80, b'1', b'0', b'1', b'1', b'1', '50', '2017-11-26', '2017-11-26'),
(20345, 19, 82, b'1', b'0', b'1', b'1', b'1', '50', '2017-11-26', '2017-11-26'),
(20346, 19, 83, b'1', b'0', b'1', b'1', b'1', '50', '2017-11-26', '2017-11-26'),
(20347, 19, 85, b'1', b'0', b'1', b'1', b'1', '50', '2017-11-26', '2017-11-26'),
(20348, 20, 1, b'1', b'0', b'0', b'0', b'0', '50', '2017-11-26', '2017-11-26'),
(20349, 20, 2, b'0', b'0', b'0', b'0', b'0', '50', '2017-11-26', '2017-11-26'),
(20350, 20, 3, b'0', b'0', b'0', b'0', b'0', '50', '2017-11-26', '2017-11-26'),
(20351, 20, 30, b'1', b'0', b'0', b'0', b'0', '50', '2017-11-26', '2017-11-26'),
(20352, 20, 35, b'0', b'0', b'0', b'0', b'0', '50', '2017-11-26', '2017-11-26'),
(20353, 20, 50, b'0', b'0', b'0', b'0', b'0', '50', '2017-11-26', '2017-11-26'),
(20354, 20, 51, b'1', b'0', b'0', b'0', b'0', '50', '2017-11-26', '2017-11-26'),
(20355, 20, 52, b'0', b'0', b'0', b'0', b'0', '50', '2017-11-26', '2017-11-26'),
(20356, 20, 53, b'0', b'0', b'0', b'0', b'0', '50', '2017-11-26', '2017-11-26'),
(20357, 20, 20, b'0', b'0', b'0', b'0', b'0', '50', '2017-11-26', '2017-11-26'),
(20358, 20, 23, b'1', b'0', b'1', b'1', b'1', '50', '2017-11-26', '2017-11-26'),
(20359, 20, 21, b'1', b'0', b'0', b'0', b'0', '50', '2017-11-26', '2017-11-26'),
(20360, 20, 31, b'1', b'0', b'1', b'1', b'1', '50', '2017-11-26', '2017-11-26'),
(20361, 20, 32, b'1', b'0', b'1', b'1', b'1', '50', '2017-11-26', '2017-11-26'),
(20362, 20, 15, b'0', b'0', b'0', b'0', b'0', '50', '2017-11-26', '2017-11-26'),
(20363, 20, 16, b'0', b'0', b'0', b'0', b'0', '50', '2017-11-26', '2017-11-26'),
(20364, 20, 4, b'0', b'0', b'0', b'0', b'0', '50', '2017-11-26', '2017-11-26'),
(20365, 20, 5, b'0', b'0', b'0', b'0', b'0', '50', '2017-11-26', '2017-11-26'),
(20366, 20, 6, b'0', b'0', b'0', b'0', b'0', '50', '2017-11-26', '2017-11-26'),
(20367, 20, 7, b'0', b'0', b'0', b'0', b'0', '50', '2017-11-26', '2017-11-26'),
(20368, 20, 8, b'0', b'0', b'0', b'0', b'0', '50', '2017-11-26', '2017-11-26'),
(20369, 20, 9, b'0', b'0', b'0', b'0', b'0', '50', '2017-11-26', '2017-11-26'),
(20370, 20, 10, b'0', b'0', b'0', b'0', b'0', '50', '2017-11-26', '2017-11-26'),
(20371, 20, 11, b'0', b'0', b'0', b'0', b'0', '50', '2017-11-26', '2017-11-26'),
(20372, 20, 12, b'0', b'0', b'0', b'0', b'0', '50', '2017-11-26', '2017-11-26'),
(20373, 20, 13, b'0', b'0', b'0', b'0', b'0', '50', '2017-11-26', '2017-11-26'),
(20374, 20, 14, b'0', b'0', b'0', b'0', b'0', '50', '2017-11-26', '2017-11-26'),
(20375, 20, 25, b'0', b'0', b'0', b'0', b'0', '50', '2017-11-26', '2017-11-26'),
(20376, 20, 26, b'0', b'0', b'0', b'0', b'0', '50', '2017-11-26', '2017-11-26'),
(20377, 20, 28, b'0', b'0', b'0', b'0', b'0', '50', '2017-11-26', '2017-11-26'),
(20378, 20, 45, b'0', b'0', b'0', b'0', b'0', '50', '2017-11-26', '2017-11-26'),
(20379, 20, 54, b'0', b'0', b'0', b'0', b'0', '50', '2017-11-26', '2017-11-26'),
(20380, 20, 55, b'0', b'0', b'0', b'0', b'0', '50', '2017-11-26', '2017-11-26'),
(20381, 20, 56, b'0', b'0', b'0', b'0', b'0', '50', '2017-11-26', '2017-11-26'),
(20382, 20, 57, b'0', b'0', b'0', b'0', b'0', '50', '2017-11-26', '2017-11-26'),
(20383, 20, 58, b'0', b'0', b'0', b'0', b'0', '50', '2017-11-26', '2017-11-26'),
(20384, 20, 59, b'0', b'0', b'0', b'0', b'0', '50', '2017-11-26', '2017-11-26'),
(20385, 20, 81, b'0', b'0', b'0', b'0', b'0', '50', '2017-11-26', '2017-11-26'),
(20386, 20, 84, b'0', b'0', b'0', b'0', b'0', '50', '2017-11-26', '2017-11-26'),
(20387, 20, 34, b'1', b'0', b'1', b'1', b'1', '50', '2017-11-26', '2017-11-26'),
(20388, 20, 24, b'1', b'0', b'1', b'1', b'1', '50', '2017-11-26', '2017-11-26'),
(20389, 20, 36, b'0', b'0', b'0', b'0', b'0', '50', '2017-11-26', '2017-11-26'),
(20390, 20, 37, b'0', b'0', b'0', b'0', b'0', '50', '2017-11-26', '2017-11-26'),
(20391, 20, 75, b'1', b'0', b'0', b'0', b'0', '50', '2017-11-26', '2017-11-26'),
(20392, 20, 76, b'1', b'0', b'0', b'0', b'0', '50', '2017-11-26', '2017-11-26'),
(20393, 20, 19, b'0', b'0', b'0', b'0', b'0', '50', '2017-11-26', '2017-11-26'),
(20394, 20, 27, b'0', b'0', b'0', b'0', b'0', '50', '2017-11-26', '2017-11-26'),
(20395, 20, 18, b'0', b'0', b'0', b'0', b'0', '50', '2017-11-26', '2017-11-26'),
(20396, 20, 33, b'0', b'0', b'0', b'0', b'0', '50', '2017-11-26', '2017-11-26'),
(20397, 20, 22, b'0', b'0', b'0', b'0', b'0', '50', '2017-11-26', '2017-11-26'),
(20398, 20, 60, b'1', b'0', b'1', b'1', b'1', '50', '2017-11-26', '2017-11-26'),
(20399, 20, 61, b'0', b'0', b'0', b'0', b'0', '50', '2017-11-26', '2017-11-26'),
(20400, 20, 62, b'0', b'0', b'0', b'0', b'0', '50', '2017-11-26', '2017-11-26'),
(20401, 20, 63, b'0', b'0', b'0', b'0', b'0', '50', '2017-11-26', '2017-11-26'),
(20402, 20, 65, b'0', b'0', b'0', b'0', b'0', '50', '2017-11-26', '2017-11-26'),
(20403, 20, 64, b'0', b'0', b'0', b'0', b'0', '50', '2017-11-26', '2017-11-26'),
(20404, 20, 66, b'0', b'0', b'0', b'0', b'0', '50', '2017-11-26', '2017-11-26'),
(20405, 20, 68, b'0', b'0', b'0', b'0', b'0', '50', '2017-11-26', '2017-11-26'),
(20406, 20, 67, b'0', b'0', b'0', b'0', b'0', '50', '2017-11-26', '2017-11-26'),
(20407, 20, 69, b'0', b'0', b'0', b'0', b'0', '50', '2017-11-26', '2017-11-26'),
(20408, 20, 70, b'0', b'0', b'0', b'0', b'0', '50', '2017-11-26', '2017-11-26'),
(20409, 20, 71, b'0', b'0', b'0', b'0', b'0', '50', '2017-11-26', '2017-11-26'),
(20410, 20, 72, b'0', b'0', b'0', b'0', b'0', '50', '2017-11-26', '2017-11-26'),
(20411, 20, 73, b'0', b'0', b'0', b'0', b'0', '50', '2017-11-26', '2017-11-26'),
(20412, 20, 74, b'0', b'0', b'0', b'0', b'0', '50', '2017-11-26', '2017-11-26'),
(20413, 20, 77, b'1', b'0', b'1', b'1', b'1', '50', '2017-11-26', '2017-11-26'),
(20414, 20, 78, b'1', b'0', b'1', b'1', b'1', '50', '2017-11-26', '2017-11-26'),
(20415, 20, 79, b'1', b'0', b'1', b'1', b'1', '50', '2017-11-26', '2017-11-26'),
(20416, 20, 86, b'1', b'0', b'1', b'1', b'1', '50', '2017-11-26', '2017-11-26'),
(20417, 20, 29, b'1', b'0', b'1', b'1', b'1', '50', '2017-11-26', '2017-11-26'),
(20418, 20, 38, b'1', b'0', b'1', b'1', b'1', '50', '2017-11-26', '2017-11-26'),
(20419, 20, 39, b'1', b'0', b'1', b'1', b'1', '50', '2017-11-26', '2017-11-26'),
(20420, 20, 40, b'1', b'0', b'1', b'1', b'1', '50', '2017-11-26', '2017-11-26'),
(20421, 20, 41, b'1', b'0', b'1', b'1', b'1', '50', '2017-11-26', '2017-11-26'),
(20422, 20, 42, b'1', b'0', b'1', b'1', b'1', '50', '2017-11-26', '2017-11-26'),
(20423, 20, 80, b'1', b'0', b'1', b'1', b'1', '50', '2017-11-26', '2017-11-26'),
(20424, 20, 82, b'1', b'0', b'1', b'1', b'1', '50', '2017-11-26', '2017-11-26'),
(20425, 20, 83, b'1', b'0', b'1', b'1', b'1', '50', '2017-11-26', '2017-11-26'),
(20426, 20, 85, b'1', b'0', b'1', b'1', b'1', '50', '2017-11-26', '2017-11-26'),
(20506, 22, 1, b'1', b'0', b'0', b'0', b'0', '50', '2017-11-26', '2017-11-26'),
(20507, 22, 2, b'0', b'0', b'0', b'0', b'0', '50', '2017-11-26', '2017-11-26'),
(20508, 22, 3, b'0', b'0', b'0', b'0', b'0', '50', '2017-11-26', '2017-11-26'),
(20509, 22, 30, b'1', b'0', b'0', b'0', b'0', '50', '2017-11-26', '2017-11-26'),
(20510, 22, 35, b'0', b'0', b'0', b'0', b'0', '50', '2017-11-26', '2017-11-26'),
(20511, 22, 50, b'0', b'0', b'0', b'0', b'0', '50', '2017-11-26', '2017-11-26'),
(20512, 22, 51, b'1', b'0', b'0', b'0', b'0', '50', '2017-11-26', '2017-11-26'),
(20513, 22, 52, b'0', b'0', b'0', b'0', b'0', '50', '2017-11-26', '2017-11-26'),
(20514, 22, 53, b'0', b'0', b'0', b'0', b'0', '50', '2017-11-26', '2017-11-26'),
(20515, 22, 20, b'0', b'0', b'0', b'0', b'0', '50', '2017-11-26', '2017-11-26'),
(20516, 22, 23, b'1', b'0', b'1', b'1', b'1', '50', '2017-11-26', '2017-11-26'),
(20517, 22, 21, b'1', b'0', b'0', b'0', b'0', '50', '2017-11-26', '2017-11-26'),
(20518, 22, 31, b'1', b'0', b'1', b'1', b'1', '50', '2017-11-26', '2017-11-26'),
(20519, 22, 32, b'1', b'0', b'1', b'1', b'1', '50', '2017-11-26', '2017-11-26'),
(20520, 22, 15, b'0', b'0', b'0', b'0', b'0', '50', '2017-11-26', '2017-11-26'),
(20521, 22, 16, b'0', b'0', b'0', b'0', b'0', '50', '2017-11-26', '2017-11-26'),
(20522, 22, 4, b'0', b'0', b'0', b'0', b'0', '50', '2017-11-26', '2017-11-26'),
(20523, 22, 5, b'0', b'0', b'0', b'0', b'0', '50', '2017-11-26', '2017-11-26'),
(20524, 22, 6, b'0', b'0', b'0', b'0', b'0', '50', '2017-11-26', '2017-11-26'),
(20525, 22, 7, b'0', b'0', b'0', b'0', b'0', '50', '2017-11-26', '2017-11-26'),
(20526, 22, 8, b'0', b'0', b'0', b'0', b'0', '50', '2017-11-26', '2017-11-26'),
(20527, 22, 9, b'0', b'0', b'0', b'0', b'0', '50', '2017-11-26', '2017-11-26'),
(20528, 22, 10, b'0', b'0', b'0', b'0', b'0', '50', '2017-11-26', '2017-11-26'),
(20529, 22, 11, b'0', b'0', b'0', b'0', b'0', '50', '2017-11-26', '2017-11-26'),
(20530, 22, 12, b'0', b'0', b'0', b'0', b'0', '50', '2017-11-26', '2017-11-26'),
(20531, 22, 13, b'0', b'0', b'0', b'0', b'0', '50', '2017-11-26', '2017-11-26'),
(20532, 22, 14, b'0', b'0', b'0', b'0', b'0', '50', '2017-11-26', '2017-11-26'),
(20533, 22, 25, b'0', b'0', b'0', b'0', b'0', '50', '2017-11-26', '2017-11-26'),
(20534, 22, 26, b'0', b'0', b'0', b'0', b'0', '50', '2017-11-26', '2017-11-26'),
(20535, 22, 28, b'0', b'0', b'0', b'0', b'0', '50', '2017-11-26', '2017-11-26'),
(20536, 22, 45, b'0', b'0', b'0', b'0', b'0', '50', '2017-11-26', '2017-11-26'),
(20537, 22, 54, b'0', b'0', b'0', b'0', b'0', '50', '2017-11-26', '2017-11-26'),
(20538, 22, 55, b'0', b'0', b'0', b'0', b'0', '50', '2017-11-26', '2017-11-26'),
(20539, 22, 56, b'0', b'0', b'0', b'0', b'0', '50', '2017-11-26', '2017-11-26'),
(20540, 22, 57, b'0', b'0', b'0', b'0', b'0', '50', '2017-11-26', '2017-11-26'),
(20541, 22, 58, b'0', b'0', b'0', b'0', b'0', '50', '2017-11-26', '2017-11-26'),
(20542, 22, 59, b'0', b'0', b'0', b'0', b'0', '50', '2017-11-26', '2017-11-26'),
(20543, 22, 81, b'0', b'0', b'0', b'0', b'0', '50', '2017-11-26', '2017-11-26'),
(20544, 22, 84, b'0', b'0', b'0', b'0', b'0', '50', '2017-11-26', '2017-11-26'),
(20545, 22, 34, b'1', b'0', b'1', b'1', b'1', '50', '2017-11-26', '2017-11-26'),
(20546, 22, 24, b'1', b'0', b'1', b'1', b'1', '50', '2017-11-26', '2017-11-26'),
(20547, 22, 36, b'0', b'0', b'0', b'0', b'0', '50', '2017-11-26', '2017-11-26'),
(20548, 22, 37, b'0', b'0', b'0', b'0', b'0', '50', '2017-11-26', '2017-11-26'),
(20549, 22, 75, b'1', b'0', b'0', b'0', b'0', '50', '2017-11-26', '2017-11-26'),
(20550, 22, 76, b'1', b'0', b'0', b'0', b'0', '50', '2017-11-26', '2017-11-26'),
(20551, 22, 19, b'0', b'0', b'0', b'0', b'0', '50', '2017-11-26', '2017-11-26'),
(20552, 22, 27, b'0', b'0', b'0', b'0', b'0', '50', '2017-11-26', '2017-11-26'),
(20553, 22, 18, b'0', b'0', b'0', b'0', b'0', '50', '2017-11-26', '2017-11-26'),
(20554, 22, 33, b'0', b'0', b'0', b'0', b'0', '50', '2017-11-26', '2017-11-26'),
(20555, 22, 22, b'0', b'0', b'0', b'0', b'0', '50', '2017-11-26', '2017-11-26'),
(20556, 22, 60, b'1', b'0', b'1', b'1', b'1', '50', '2017-11-26', '2017-11-26'),
(20557, 22, 61, b'0', b'0', b'0', b'0', b'0', '50', '2017-11-26', '2017-11-26'),
(20558, 22, 62, b'0', b'0', b'0', b'0', b'0', '50', '2017-11-26', '2017-11-26'),
(20559, 22, 63, b'0', b'0', b'0', b'0', b'0', '50', '2017-11-26', '2017-11-26'),
(20560, 22, 65, b'0', b'0', b'0', b'0', b'0', '50', '2017-11-26', '2017-11-26'),
(20561, 22, 64, b'0', b'0', b'0', b'0', b'0', '50', '2017-11-26', '2017-11-26'),
(20562, 22, 66, b'0', b'0', b'0', b'0', b'0', '50', '2017-11-26', '2017-11-26'),
(20563, 22, 68, b'0', b'0', b'0', b'0', b'0', '50', '2017-11-26', '2017-11-26'),
(20564, 22, 67, b'0', b'0', b'0', b'0', b'0', '50', '2017-11-26', '2017-11-26'),
(20565, 22, 69, b'0', b'0', b'0', b'0', b'0', '50', '2017-11-26', '2017-11-26'),
(20566, 22, 70, b'0', b'0', b'0', b'0', b'0', '50', '2017-11-26', '2017-11-26'),
(20567, 22, 71, b'0', b'0', b'0', b'0', b'0', '50', '2017-11-26', '2017-11-26'),
(20568, 22, 72, b'0', b'0', b'0', b'0', b'0', '50', '2017-11-26', '2017-11-26'),
(20569, 22, 73, b'0', b'0', b'0', b'0', b'0', '50', '2017-11-26', '2017-11-26'),
(20570, 22, 74, b'0', b'0', b'0', b'0', b'0', '50', '2017-11-26', '2017-11-26'),
(20571, 22, 77, b'1', b'0', b'1', b'1', b'1', '50', '2017-11-26', '2017-11-26'),
(20572, 22, 78, b'1', b'0', b'1', b'1', b'1', '50', '2017-11-26', '2017-11-26'),
(20573, 22, 79, b'1', b'0', b'1', b'1', b'1', '50', '2017-11-26', '2017-11-26'),
(20574, 22, 86, b'1', b'0', b'1', b'1', b'1', '50', '2017-11-26', '2017-11-26'),
(20575, 22, 29, b'1', b'0', b'1', b'1', b'1', '50', '2017-11-26', '2017-11-26'),
(20576, 22, 38, b'1', b'0', b'1', b'1', b'1', '50', '2017-11-26', '2017-11-26'),
(20577, 22, 39, b'1', b'0', b'1', b'1', b'1', '50', '2017-11-26', '2017-11-26'),
(20578, 22, 40, b'1', b'0', b'1', b'1', b'1', '50', '2017-11-26', '2017-11-26'),
(20579, 22, 41, b'1', b'0', b'1', b'1', b'1', '50', '2017-11-26', '2017-11-26'),
(20580, 22, 42, b'1', b'0', b'1', b'1', b'1', '50', '2017-11-26', '2017-11-26'),
(20581, 22, 80, b'1', b'0', b'1', b'1', b'1', '50', '2017-11-26', '2017-11-26'),
(20582, 22, 82, b'1', b'0', b'1', b'1', b'1', '50', '2017-11-26', '2017-11-26'),
(20583, 22, 83, b'1', b'0', b'1', b'1', b'1', '50', '2017-11-26', '2017-11-26'),
(20584, 22, 85, b'1', b'0', b'1', b'1', b'1', '50', '2017-11-26', '2017-11-26'),
(20585, 23, 1, b'1', b'0', b'0', b'0', b'0', '50', '2017-11-26', '2017-11-26'),
(20586, 23, 2, b'0', b'0', b'0', b'0', b'0', '50', '2017-11-26', '2017-11-26'),
(20587, 23, 3, b'0', b'0', b'0', b'0', b'0', '50', '2017-11-26', '2017-11-26'),
(20588, 23, 30, b'1', b'0', b'0', b'0', b'0', '50', '2017-11-26', '2017-11-26'),
(20589, 23, 35, b'0', b'0', b'0', b'0', b'0', '50', '2017-11-26', '2017-11-26'),
(20590, 23, 50, b'0', b'0', b'0', b'0', b'0', '50', '2017-11-26', '2017-11-26'),
(20591, 23, 51, b'1', b'0', b'0', b'0', b'0', '50', '2017-11-26', '2017-11-26'),
(20592, 23, 52, b'0', b'0', b'0', b'0', b'0', '50', '2017-11-26', '2017-11-26'),
(20593, 23, 53, b'0', b'0', b'0', b'0', b'0', '50', '2017-11-26', '2017-11-26'),
(20594, 23, 20, b'0', b'0', b'0', b'0', b'0', '50', '2017-11-26', '2017-11-26'),
(20595, 23, 23, b'1', b'0', b'1', b'1', b'1', '50', '2017-11-26', '2017-11-26'),
(20596, 23, 21, b'1', b'0', b'0', b'0', b'0', '50', '2017-11-26', '2017-11-26'),
(20597, 23, 31, b'1', b'0', b'1', b'1', b'1', '50', '2017-11-26', '2017-11-26'),
(20598, 23, 32, b'1', b'0', b'1', b'1', b'1', '50', '2017-11-26', '2017-11-26'),
(20599, 23, 15, b'0', b'0', b'0', b'0', b'0', '50', '2017-11-26', '2017-11-26'),
(20600, 23, 16, b'0', b'0', b'0', b'0', b'0', '50', '2017-11-26', '2017-11-26'),
(20601, 23, 4, b'0', b'0', b'0', b'0', b'0', '50', '2017-11-26', '2017-11-26'),
(20602, 23, 5, b'0', b'0', b'0', b'0', b'0', '50', '2017-11-26', '2017-11-26'),
(20603, 23, 6, b'0', b'0', b'0', b'0', b'0', '50', '2017-11-26', '2017-11-26'),
(20604, 23, 7, b'0', b'0', b'0', b'0', b'0', '50', '2017-11-26', '2017-11-26'),
(20605, 23, 8, b'0', b'0', b'0', b'0', b'0', '50', '2017-11-26', '2017-11-26'),
(20606, 23, 9, b'0', b'0', b'0', b'0', b'0', '50', '2017-11-26', '2017-11-26'),
(20607, 23, 10, b'0', b'0', b'0', b'0', b'0', '50', '2017-11-26', '2017-11-26'),
(20608, 23, 11, b'0', b'0', b'0', b'0', b'0', '50', '2017-11-26', '2017-11-26'),
(20609, 23, 12, b'0', b'0', b'0', b'0', b'0', '50', '2017-11-26', '2017-11-26'),
(20610, 23, 13, b'0', b'0', b'0', b'0', b'0', '50', '2017-11-26', '2017-11-26'),
(20611, 23, 14, b'0', b'0', b'0', b'0', b'0', '50', '2017-11-26', '2017-11-26'),
(20612, 23, 25, b'0', b'0', b'0', b'0', b'0', '50', '2017-11-26', '2017-11-26'),
(20613, 23, 26, b'0', b'0', b'0', b'0', b'0', '50', '2017-11-26', '2017-11-26'),
(20614, 23, 28, b'0', b'0', b'0', b'0', b'0', '50', '2017-11-26', '2017-11-26'),
(20615, 23, 45, b'0', b'0', b'0', b'0', b'0', '50', '2017-11-26', '2017-11-26'),
(20616, 23, 54, b'0', b'0', b'0', b'0', b'0', '50', '2017-11-26', '2017-11-26'),
(20617, 23, 55, b'0', b'0', b'0', b'0', b'0', '50', '2017-11-26', '2017-11-26'),
(20618, 23, 56, b'0', b'0', b'0', b'0', b'0', '50', '2017-11-26', '2017-11-26'),
(20619, 23, 57, b'0', b'0', b'0', b'0', b'0', '50', '2017-11-26', '2017-11-26'),
(20620, 23, 58, b'0', b'0', b'0', b'0', b'0', '50', '2017-11-26', '2017-11-26'),
(20621, 23, 59, b'0', b'0', b'0', b'0', b'0', '50', '2017-11-26', '2017-11-26'),
(20622, 23, 81, b'0', b'0', b'0', b'0', b'0', '50', '2017-11-26', '2017-11-26'),
(20623, 23, 84, b'0', b'0', b'0', b'0', b'0', '50', '2017-11-26', '2017-11-26'),
(20624, 23, 34, b'1', b'0', b'1', b'1', b'1', '50', '2017-11-26', '2017-11-26'),
(20625, 23, 24, b'1', b'0', b'1', b'1', b'1', '50', '2017-11-26', '2017-11-26'),
(20626, 23, 36, b'0', b'0', b'0', b'0', b'0', '50', '2017-11-26', '2017-11-26'),
(20627, 23, 37, b'0', b'0', b'0', b'0', b'0', '50', '2017-11-26', '2017-11-26'),
(20628, 23, 75, b'1', b'0', b'0', b'0', b'0', '50', '2017-11-26', '2017-11-26'),
(20629, 23, 76, b'1', b'0', b'0', b'0', b'0', '50', '2017-11-26', '2017-11-26'),
(20630, 23, 19, b'0', b'0', b'0', b'0', b'0', '50', '2017-11-26', '2017-11-26'),
(20631, 23, 27, b'0', b'0', b'0', b'0', b'0', '50', '2017-11-26', '2017-11-26'),
(20632, 23, 18, b'0', b'0', b'0', b'0', b'0', '50', '2017-11-26', '2017-11-26'),
(20633, 23, 33, b'0', b'0', b'0', b'0', b'0', '50', '2017-11-26', '2017-11-26'),
(20634, 23, 22, b'0', b'0', b'0', b'0', b'0', '50', '2017-11-26', '2017-11-26'),
(20635, 23, 60, b'1', b'0', b'1', b'1', b'1', '50', '2017-11-26', '2017-11-26'),
(20636, 23, 61, b'0', b'0', b'0', b'0', b'0', '50', '2017-11-26', '2017-11-26'),
(20637, 23, 62, b'0', b'0', b'0', b'0', b'0', '50', '2017-11-26', '2017-11-26'),
(20638, 23, 63, b'0', b'0', b'0', b'0', b'0', '50', '2017-11-26', '2017-11-26'),
(20639, 23, 65, b'0', b'0', b'0', b'0', b'0', '50', '2017-11-26', '2017-11-26'),
(20640, 23, 64, b'0', b'0', b'0', b'0', b'0', '50', '2017-11-26', '2017-11-26'),
(20641, 23, 66, b'0', b'0', b'0', b'0', b'0', '50', '2017-11-26', '2017-11-26'),
(20642, 23, 68, b'0', b'0', b'0', b'0', b'0', '50', '2017-11-26', '2017-11-26'),
(20643, 23, 67, b'0', b'0', b'0', b'0', b'0', '50', '2017-11-26', '2017-11-26'),
(20644, 23, 69, b'0', b'0', b'0', b'0', b'0', '50', '2017-11-26', '2017-11-26'),
(20645, 23, 70, b'0', b'0', b'0', b'0', b'0', '50', '2017-11-26', '2017-11-26'),
(20646, 23, 71, b'0', b'0', b'0', b'0', b'0', '50', '2017-11-26', '2017-11-26'),
(20647, 23, 72, b'0', b'0', b'0', b'0', b'0', '50', '2017-11-26', '2017-11-26'),
(20648, 23, 73, b'0', b'0', b'0', b'0', b'0', '50', '2017-11-26', '2017-11-26'),
(20649, 23, 74, b'0', b'0', b'0', b'0', b'0', '50', '2017-11-26', '2017-11-26'),
(20650, 23, 77, b'1', b'0', b'1', b'1', b'1', '50', '2017-11-26', '2017-11-26'),
(20651, 23, 78, b'1', b'0', b'1', b'1', b'1', '50', '2017-11-26', '2017-11-26'),
(20652, 23, 79, b'1', b'0', b'1', b'1', b'1', '50', '2017-11-26', '2017-11-26'),
(20653, 23, 86, b'1', b'0', b'1', b'1', b'1', '50', '2017-11-26', '2017-11-26'),
(20654, 23, 29, b'1', b'0', b'1', b'1', b'1', '50', '2017-11-26', '2017-11-26'),
(20655, 23, 38, b'1', b'0', b'1', b'1', b'1', '50', '2017-11-26', '2017-11-26'),
(20656, 23, 39, b'1', b'0', b'1', b'1', b'1', '50', '2017-11-26', '2017-11-26'),
(20657, 23, 40, b'1', b'0', b'1', b'1', b'1', '50', '2017-11-26', '2017-11-26'),
(20658, 23, 41, b'1', b'0', b'1', b'1', b'1', '50', '2017-11-26', '2017-11-26'),
(20659, 23, 42, b'1', b'0', b'1', b'1', b'1', '50', '2017-11-26', '2017-11-26'),
(20660, 23, 80, b'1', b'0', b'1', b'1', b'1', '50', '2017-11-26', '2017-11-26'),
(20661, 23, 82, b'1', b'0', b'1', b'1', b'1', '50', '2017-11-26', '2017-11-26'),
(20662, 23, 83, b'1', b'0', b'1', b'1', b'1', '50', '2017-11-26', '2017-11-26'),
(20663, 23, 85, b'1', b'0', b'1', b'1', b'1', '50', '2017-11-26', '2017-11-26'),
(20822, 26, 1, b'1', b'0', b'0', b'0', b'0', '50', '2017-11-26', '2017-11-26'),
(20823, 26, 2, b'0', b'0', b'0', b'0', b'0', '50', '2017-11-26', '2017-11-26'),
(20824, 26, 3, b'0', b'0', b'0', b'0', b'0', '50', '2017-11-26', '2017-11-26'),
(20825, 26, 30, b'1', b'0', b'0', b'0', b'0', '50', '2017-11-26', '2017-11-26'),
(20826, 26, 35, b'0', b'0', b'0', b'0', b'0', '50', '2017-11-26', '2017-11-26'),
(20827, 26, 50, b'0', b'0', b'0', b'0', b'0', '50', '2017-11-26', '2017-11-26'),
(20828, 26, 51, b'1', b'0', b'0', b'0', b'0', '50', '2017-11-26', '2017-11-26'),
(20829, 26, 52, b'0', b'0', b'0', b'0', b'0', '50', '2017-11-26', '2017-11-26'),
(20830, 26, 53, b'1', b'0', b'0', b'0', b'0', '50', '2017-11-26', '2017-11-26'),
(20831, 26, 20, b'0', b'0', b'0', b'0', b'0', '50', '2017-11-26', '2017-11-26'),
(20832, 26, 23, b'1', b'0', b'1', b'1', b'1', '50', '2017-11-26', '2017-11-26'),
(20833, 26, 21, b'1', b'0', b'0', b'0', b'0', '50', '2017-11-26', '2017-11-26'),
(20834, 26, 31, b'1', b'0', b'1', b'1', b'1', '50', '2017-11-26', '2017-11-26'),
(20835, 26, 32, b'1', b'0', b'1', b'1', b'1', '50', '2017-11-26', '2017-11-26'),
(20836, 26, 15, b'0', b'0', b'0', b'0', b'0', '50', '2017-11-26', '2017-11-26'),
(20837, 26, 16, b'0', b'0', b'0', b'0', b'0', '50', '2017-11-26', '2017-11-26'),
(20838, 26, 4, b'0', b'0', b'0', b'0', b'0', '50', '2017-11-26', '2017-11-26'),
(20839, 26, 5, b'0', b'0', b'0', b'0', b'0', '50', '2017-11-26', '2017-11-26'),
(20840, 26, 6, b'0', b'0', b'0', b'0', b'0', '50', '2017-11-26', '2017-11-26'),
(20841, 26, 7, b'0', b'0', b'0', b'0', b'0', '50', '2017-11-26', '2017-11-26'),
(20842, 26, 8, b'0', b'0', b'0', b'0', b'0', '50', '2017-11-26', '2017-11-26'),
(20843, 26, 9, b'0', b'0', b'0', b'0', b'0', '50', '2017-11-26', '2017-11-26'),
(20844, 26, 10, b'0', b'0', b'0', b'0', b'0', '50', '2017-11-26', '2017-11-26'),
(20845, 26, 11, b'0', b'0', b'0', b'0', b'0', '50', '2017-11-26', '2017-11-26'),
(20846, 26, 12, b'0', b'0', b'0', b'0', b'0', '50', '2017-11-26', '2017-11-26'),
(20847, 26, 13, b'0', b'0', b'0', b'0', b'0', '50', '2017-11-26', '2017-11-26'),
(20848, 26, 14, b'0', b'0', b'0', b'0', b'0', '50', '2017-11-26', '2017-11-26'),
(20849, 26, 25, b'0', b'0', b'0', b'0', b'0', '50', '2017-11-26', '2017-11-26'),
(20850, 26, 26, b'0', b'0', b'0', b'0', b'0', '50', '2017-11-26', '2017-11-26'),
(20851, 26, 28, b'0', b'0', b'0', b'0', b'0', '50', '2017-11-26', '2017-11-26'),
(20852, 26, 45, b'0', b'0', b'0', b'0', b'0', '50', '2017-11-26', '2017-11-26'),
(20853, 26, 54, b'0', b'0', b'0', b'0', b'0', '50', '2017-11-26', '2017-11-26'),
(20854, 26, 55, b'0', b'0', b'0', b'0', b'0', '50', '2017-11-26', '2017-11-26'),
(20855, 26, 56, b'0', b'0', b'0', b'0', b'0', '50', '2017-11-26', '2017-11-26'),
(20856, 26, 57, b'0', b'0', b'0', b'0', b'0', '50', '2017-11-26', '2017-11-26'),
(20857, 26, 58, b'0', b'0', b'0', b'0', b'0', '50', '2017-11-26', '2017-11-26'),
(20858, 26, 59, b'0', b'0', b'0', b'0', b'0', '50', '2017-11-26', '2017-11-26'),
(20859, 26, 81, b'0', b'0', b'0', b'0', b'0', '50', '2017-11-26', '2017-11-26'),
(20860, 26, 84, b'0', b'0', b'0', b'0', b'0', '50', '2017-11-26', '2017-11-26'),
(20861, 26, 34, b'1', b'0', b'1', b'1', b'1', '50', '2017-11-26', '2017-11-26'),
(20862, 26, 24, b'1', b'0', b'1', b'1', b'1', '50', '2017-11-26', '2017-11-26'),
(20863, 26, 36, b'0', b'0', b'0', b'0', b'0', '50', '2017-11-26', '2017-11-26'),
(20864, 26, 37, b'0', b'0', b'0', b'0', b'0', '50', '2017-11-26', '2017-11-26'),
(20865, 26, 75, b'1', b'0', b'0', b'0', b'0', '50', '2017-11-26', '2017-11-26'),
(20866, 26, 76, b'1', b'0', b'0', b'0', b'0', '50', '2017-11-26', '2017-11-26'),
(20867, 26, 19, b'0', b'0', b'0', b'0', b'0', '50', '2017-11-26', '2017-11-26'),
(20868, 26, 27, b'0', b'0', b'0', b'0', b'0', '50', '2017-11-26', '2017-11-26'),
(20869, 26, 18, b'0', b'0', b'0', b'0', b'0', '50', '2017-11-26', '2017-11-26'),
(20870, 26, 33, b'0', b'0', b'0', b'0', b'0', '50', '2017-11-26', '2017-11-26'),
(20871, 26, 22, b'0', b'0', b'0', b'0', b'0', '50', '2017-11-26', '2017-11-26'),
(20872, 26, 60, b'1', b'0', b'1', b'1', b'1', '50', '2017-11-26', '2017-11-26'),
(20873, 26, 61, b'0', b'0', b'0', b'0', b'0', '50', '2017-11-26', '2017-11-26'),
(20874, 26, 62, b'0', b'0', b'0', b'0', b'0', '50', '2017-11-26', '2017-11-26'),
(20875, 26, 63, b'0', b'0', b'0', b'0', b'0', '50', '2017-11-26', '2017-11-26'),
(20876, 26, 65, b'0', b'0', b'0', b'0', b'0', '50', '2017-11-26', '2017-11-26'),
(20877, 26, 64, b'0', b'0', b'0', b'0', b'0', '50', '2017-11-26', '2017-11-26'),
(20878, 26, 66, b'1', b'0', b'1', b'1', b'1', '50', '2017-11-26', '2017-11-26'),
(20879, 26, 68, b'0', b'0', b'0', b'0', b'0', '50', '2017-11-26', '2017-11-26'),
(20880, 26, 67, b'0', b'0', b'0', b'0', b'0', '50', '2017-11-26', '2017-11-26'),
(20881, 26, 69, b'0', b'0', b'0', b'0', b'0', '50', '2017-11-26', '2017-11-26'),
(20882, 26, 70, b'0', b'0', b'0', b'0', b'0', '50', '2017-11-26', '2017-11-26'),
(20883, 26, 71, b'0', b'0', b'0', b'0', b'0', '50', '2017-11-26', '2017-11-26'),
(20884, 26, 72, b'0', b'0', b'0', b'0', b'0', '50', '2017-11-26', '2017-11-26'),
(20885, 26, 73, b'0', b'0', b'0', b'0', b'0', '50', '2017-11-26', '2017-11-26'),
(20886, 26, 74, b'0', b'0', b'0', b'0', b'0', '50', '2017-11-26', '2017-11-26'),
(20887, 26, 77, b'1', b'0', b'1', b'1', b'1', '50', '2017-11-26', '2017-11-26'),
(20888, 26, 78, b'1', b'0', b'1', b'1', b'1', '50', '2017-11-26', '2017-11-26'),
(20889, 26, 79, b'1', b'0', b'1', b'1', b'1', '50', '2017-11-26', '2017-11-26'),
(20890, 26, 86, b'1', b'0', b'1', b'1', b'1', '50', '2017-11-26', '2017-11-26'),
(20891, 26, 29, b'1', b'0', b'1', b'1', b'1', '50', '2017-11-26', '2017-11-26'),
(20892, 26, 38, b'1', b'0', b'1', b'1', b'1', '50', '2017-11-26', '2017-11-26'),
(20893, 26, 39, b'1', b'0', b'1', b'1', b'1', '50', '2017-11-26', '2017-11-26'),
(20894, 26, 40, b'1', b'0', b'1', b'1', b'1', '50', '2017-11-26', '2017-11-26'),
(20895, 26, 41, b'1', b'0', b'1', b'1', b'1', '50', '2017-11-26', '2017-11-26'),
(20896, 26, 42, b'1', b'0', b'1', b'1', b'1', '50', '2017-11-26', '2017-11-26'),
(20897, 26, 80, b'1', b'0', b'1', b'1', b'1', '50', '2017-11-26', '2017-11-26'),
(20898, 26, 82, b'1', b'0', b'1', b'1', b'1', '50', '2017-11-26', '2017-11-26'),
(20899, 26, 83, b'1', b'0', b'1', b'1', b'1', '50', '2017-11-26', '2017-11-26'),
(20900, 26, 85, b'1', b'0', b'1', b'1', b'1', '50', '2017-11-26', '2017-11-26'),
(20980, 28, 1, b'1', b'0', b'0', b'0', b'0', '50', '2017-11-26', '2017-11-26'),
(20981, 28, 2, b'0', b'0', b'0', b'0', b'0', '50', '2017-11-26', '2017-11-26'),
(20982, 28, 3, b'0', b'0', b'0', b'0', b'0', '50', '2017-11-26', '2017-11-26'),
(20983, 28, 30, b'1', b'0', b'0', b'0', b'0', '50', '2017-11-26', '2017-11-26'),
(20984, 28, 35, b'0', b'0', b'0', b'0', b'0', '50', '2017-11-26', '2017-11-26'),
(20985, 28, 50, b'0', b'0', b'0', b'0', b'0', '50', '2017-11-26', '2017-11-26'),
(20986, 28, 51, b'1', b'0', b'0', b'0', b'0', '50', '2017-11-26', '2017-11-26'),
(20987, 28, 52, b'0', b'0', b'0', b'0', b'0', '50', '2017-11-26', '2017-11-26'),
(20988, 28, 53, b'0', b'0', b'0', b'0', b'0', '50', '2017-11-26', '2017-11-26'),
(20989, 28, 20, b'0', b'0', b'0', b'0', b'0', '50', '2017-11-26', '2017-11-26'),
(20990, 28, 23, b'1', b'0', b'1', b'1', b'1', '50', '2017-11-26', '2017-11-26'),
(20991, 28, 21, b'1', b'0', b'0', b'0', b'0', '50', '2017-11-26', '2017-11-26'),
(20992, 28, 31, b'1', b'0', b'1', b'1', b'1', '50', '2017-11-26', '2017-11-26'),
(20993, 28, 32, b'1', b'0', b'1', b'1', b'1', '50', '2017-11-26', '2017-11-26'),
(20994, 28, 15, b'0', b'0', b'0', b'0', b'0', '50', '2017-11-26', '2017-11-26'),
(20995, 28, 16, b'0', b'0', b'0', b'0', b'0', '50', '2017-11-26', '2017-11-26'),
(20996, 28, 4, b'0', b'0', b'0', b'0', b'0', '50', '2017-11-26', '2017-11-26'),
(20997, 28, 5, b'0', b'0', b'0', b'0', b'0', '50', '2017-11-26', '2017-11-26'),
(20998, 28, 6, b'0', b'0', b'0', b'0', b'0', '50', '2017-11-26', '2017-11-26'),
(20999, 28, 7, b'0', b'0', b'0', b'0', b'0', '50', '2017-11-26', '2017-11-26'),
(21000, 28, 8, b'0', b'0', b'0', b'0', b'0', '50', '2017-11-26', '2017-11-26'),
(21001, 28, 9, b'0', b'0', b'0', b'0', b'0', '50', '2017-11-26', '2017-11-26'),
(21002, 28, 10, b'0', b'0', b'0', b'0', b'0', '50', '2017-11-26', '2017-11-26'),
(21003, 28, 11, b'0', b'0', b'0', b'0', b'0', '50', '2017-11-26', '2017-11-26'),
(21004, 28, 12, b'0', b'0', b'0', b'0', b'0', '50', '2017-11-26', '2017-11-26'),
(21005, 28, 13, b'0', b'0', b'0', b'0', b'0', '50', '2017-11-26', '2017-11-26'),
(21006, 28, 14, b'0', b'0', b'0', b'0', b'0', '50', '2017-11-26', '2017-11-26'),
(21007, 28, 25, b'0', b'0', b'0', b'0', b'0', '50', '2017-11-26', '2017-11-26'),
(21008, 28, 26, b'0', b'0', b'0', b'0', b'0', '50', '2017-11-26', '2017-11-26'),
(21009, 28, 28, b'0', b'0', b'0', b'0', b'0', '50', '2017-11-26', '2017-11-26'),
(21010, 28, 45, b'0', b'0', b'0', b'0', b'0', '50', '2017-11-26', '2017-11-26'),
(21011, 28, 54, b'0', b'0', b'0', b'0', b'0', '50', '2017-11-26', '2017-11-26'),
(21012, 28, 55, b'0', b'0', b'0', b'0', b'0', '50', '2017-11-26', '2017-11-26'),
(21013, 28, 56, b'0', b'0', b'0', b'0', b'0', '50', '2017-11-26', '2017-11-26'),
(21014, 28, 57, b'0', b'0', b'0', b'0', b'0', '50', '2017-11-26', '2017-11-26'),
(21015, 28, 58, b'0', b'0', b'0', b'0', b'0', '50', '2017-11-26', '2017-11-26'),
(21016, 28, 59, b'0', b'0', b'0', b'0', b'0', '50', '2017-11-26', '2017-11-26'),
(21017, 28, 81, b'0', b'0', b'0', b'0', b'0', '50', '2017-11-26', '2017-11-26'),
(21018, 28, 84, b'0', b'0', b'0', b'0', b'0', '50', '2017-11-26', '2017-11-26'),
(21019, 28, 34, b'1', b'0', b'1', b'1', b'1', '50', '2017-11-26', '2017-11-26'),
(21020, 28, 24, b'1', b'0', b'1', b'1', b'1', '50', '2017-11-26', '2017-11-26'),
(21021, 28, 36, b'0', b'0', b'0', b'0', b'0', '50', '2017-11-26', '2017-11-26'),
(21022, 28, 37, b'0', b'0', b'0', b'0', b'0', '50', '2017-11-26', '2017-11-26'),
(21023, 28, 75, b'1', b'0', b'0', b'0', b'0', '50', '2017-11-26', '2017-11-26'),
(21024, 28, 76, b'1', b'0', b'0', b'0', b'0', '50', '2017-11-26', '2017-11-26'),
(21025, 28, 19, b'0', b'0', b'0', b'0', b'0', '50', '2017-11-26', '2017-11-26'),
(21026, 28, 27, b'0', b'0', b'0', b'0', b'0', '50', '2017-11-26', '2017-11-26'),
(21027, 28, 18, b'0', b'0', b'0', b'0', b'0', '50', '2017-11-26', '2017-11-26'),
(21028, 28, 33, b'0', b'0', b'0', b'0', b'0', '50', '2017-11-26', '2017-11-26'),
(21029, 28, 22, b'0', b'0', b'0', b'0', b'0', '50', '2017-11-26', '2017-11-26'),
(21030, 28, 60, b'1', b'0', b'1', b'1', b'1', '50', '2017-11-26', '2017-11-26'),
(21031, 28, 61, b'0', b'0', b'0', b'0', b'0', '50', '2017-11-26', '2017-11-26'),
(21032, 28, 62, b'0', b'0', b'0', b'0', b'0', '50', '2017-11-26', '2017-11-26'),
(21033, 28, 63, b'0', b'0', b'0', b'0', b'0', '50', '2017-11-26', '2017-11-26'),
(21034, 28, 65, b'0', b'0', b'0', b'0', b'0', '50', '2017-11-26', '2017-11-26'),
(21035, 28, 64, b'0', b'0', b'0', b'0', b'0', '50', '2017-11-26', '2017-11-26'),
(21036, 28, 66, b'0', b'0', b'0', b'0', b'0', '50', '2017-11-26', '2017-11-26'),
(21037, 28, 68, b'0', b'0', b'0', b'0', b'0', '50', '2017-11-26', '2017-11-26'),
(21038, 28, 67, b'0', b'0', b'0', b'0', b'0', '50', '2017-11-26', '2017-11-26'),
(21039, 28, 69, b'0', b'0', b'0', b'0', b'0', '50', '2017-11-26', '2017-11-26'),
(21040, 28, 70, b'0', b'0', b'0', b'0', b'0', '50', '2017-11-26', '2017-11-26'),
(21041, 28, 71, b'0', b'0', b'0', b'0', b'0', '50', '2017-11-26', '2017-11-26'),
(21042, 28, 72, b'0', b'0', b'0', b'0', b'0', '50', '2017-11-26', '2017-11-26'),
(21043, 28, 73, b'0', b'0', b'0', b'0', b'0', '50', '2017-11-26', '2017-11-26'),
(21044, 28, 74, b'0', b'0', b'0', b'0', b'0', '50', '2017-11-26', '2017-11-26'),
(21045, 28, 77, b'1', b'0', b'1', b'1', b'1', '50', '2017-11-26', '2017-11-26'),
(21046, 28, 78, b'1', b'0', b'1', b'1', b'1', '50', '2017-11-26', '2017-11-26'),
(21047, 28, 79, b'1', b'0', b'1', b'1', b'1', '50', '2017-11-26', '2017-11-26'),
(21048, 28, 86, b'1', b'0', b'1', b'1', b'1', '50', '2017-11-26', '2017-11-26'),
(21049, 28, 29, b'1', b'0', b'1', b'1', b'1', '50', '2017-11-26', '2017-11-26'),
(21050, 28, 38, b'1', b'0', b'1', b'1', b'1', '50', '2017-11-26', '2017-11-26'),
(21051, 28, 39, b'1', b'0', b'1', b'1', b'1', '50', '2017-11-26', '2017-11-26'),
(21052, 28, 40, b'1', b'0', b'1', b'1', b'1', '50', '2017-11-26', '2017-11-26'),
(21053, 28, 41, b'1', b'0', b'1', b'1', b'1', '50', '2017-11-26', '2017-11-26'),
(21054, 28, 42, b'1', b'0', b'1', b'1', b'1', '50', '2017-11-26', '2017-11-26'),
(21055, 28, 80, b'1', b'0', b'1', b'1', b'1', '50', '2017-11-26', '2017-11-26'),
(21056, 28, 82, b'1', b'0', b'1', b'1', b'1', '50', '2017-11-26', '2017-11-26'),
(21057, 28, 83, b'1', b'0', b'1', b'1', b'1', '50', '2017-11-26', '2017-11-26'),
(21058, 28, 85, b'1', b'0', b'1', b'1', b'1', '50', '2017-11-26', '2017-11-26'),
(21059, 29, 1, b'1', b'0', b'0', b'0', b'0', '50', '2017-11-26', '2017-11-26'),
(21060, 29, 2, b'0', b'0', b'0', b'0', b'0', '50', '2017-11-26', '2017-11-26'),
(21061, 29, 3, b'0', b'0', b'0', b'0', b'0', '50', '2017-11-26', '2017-11-26'),
(21062, 29, 30, b'1', b'0', b'0', b'0', b'0', '50', '2017-11-26', '2017-11-26'),
(21063, 29, 35, b'0', b'0', b'0', b'0', b'0', '50', '2017-11-26', '2017-11-26'),
(21064, 29, 50, b'0', b'0', b'0', b'0', b'0', '50', '2017-11-26', '2017-11-26'),
(21065, 29, 51, b'1', b'0', b'0', b'0', b'0', '50', '2017-11-26', '2017-11-26'),
(21066, 29, 52, b'0', b'0', b'0', b'0', b'0', '50', '2017-11-26', '2017-11-26'),
(21067, 29, 53, b'0', b'0', b'0', b'0', b'0', '50', '2017-11-26', '2017-11-26'),
(21068, 29, 20, b'0', b'0', b'0', b'0', b'0', '50', '2017-11-26', '2017-11-26'),
(21069, 29, 23, b'1', b'0', b'1', b'1', b'1', '50', '2017-11-26', '2017-11-26'),
(21070, 29, 21, b'1', b'0', b'0', b'0', b'0', '50', '2017-11-26', '2017-11-26'),
(21071, 29, 31, b'1', b'0', b'1', b'1', b'1', '50', '2017-11-26', '2017-11-26'),
(21072, 29, 32, b'1', b'0', b'1', b'1', b'1', '50', '2017-11-26', '2017-11-26'),
(21073, 29, 15, b'0', b'0', b'0', b'0', b'0', '50', '2017-11-26', '2017-11-26'),
(21074, 29, 16, b'0', b'0', b'0', b'0', b'0', '50', '2017-11-26', '2017-11-26'),
(21075, 29, 4, b'0', b'0', b'0', b'0', b'0', '50', '2017-11-26', '2017-11-26'),
(21076, 29, 5, b'0', b'0', b'0', b'0', b'0', '50', '2017-11-26', '2017-11-26'),
(21077, 29, 6, b'0', b'0', b'0', b'0', b'0', '50', '2017-11-26', '2017-11-26'),
(21078, 29, 7, b'0', b'0', b'0', b'0', b'0', '50', '2017-11-26', '2017-11-26'),
(21079, 29, 8, b'0', b'0', b'0', b'0', b'0', '50', '2017-11-26', '2017-11-26'),
(21080, 29, 9, b'0', b'0', b'0', b'0', b'0', '50', '2017-11-26', '2017-11-26'),
(21081, 29, 10, b'0', b'0', b'0', b'0', b'0', '50', '2017-11-26', '2017-11-26'),
(21082, 29, 11, b'0', b'0', b'0', b'0', b'0', '50', '2017-11-26', '2017-11-26'),
(21083, 29, 12, b'0', b'0', b'0', b'0', b'0', '50', '2017-11-26', '2017-11-26'),
(21084, 29, 13, b'0', b'0', b'0', b'0', b'0', '50', '2017-11-26', '2017-11-26'),
(21085, 29, 14, b'0', b'0', b'0', b'0', b'0', '50', '2017-11-26', '2017-11-26'),
(21086, 29, 25, b'0', b'0', b'0', b'0', b'0', '50', '2017-11-26', '2017-11-26'),
(21087, 29, 26, b'0', b'0', b'0', b'0', b'0', '50', '2017-11-26', '2017-11-26'),
(21088, 29, 28, b'0', b'0', b'0', b'0', b'0', '50', '2017-11-26', '2017-11-26'),
(21089, 29, 45, b'0', b'0', b'0', b'0', b'0', '50', '2017-11-26', '2017-11-26'),
(21090, 29, 54, b'0', b'0', b'0', b'0', b'0', '50', '2017-11-26', '2017-11-26'),
(21091, 29, 55, b'0', b'0', b'0', b'0', b'0', '50', '2017-11-26', '2017-11-26'),
(21092, 29, 56, b'0', b'0', b'0', b'0', b'0', '50', '2017-11-26', '2017-11-26'),
(21093, 29, 57, b'0', b'0', b'0', b'0', b'0', '50', '2017-11-26', '2017-11-26'),
(21094, 29, 58, b'0', b'0', b'0', b'0', b'0', '50', '2017-11-26', '2017-11-26'),
(21095, 29, 59, b'0', b'0', b'0', b'0', b'0', '50', '2017-11-26', '2017-11-26'),
(21096, 29, 81, b'0', b'0', b'0', b'0', b'0', '50', '2017-11-26', '2017-11-26'),
(21097, 29, 84, b'0', b'0', b'0', b'0', b'0', '50', '2017-11-26', '2017-11-26'),
(21098, 29, 34, b'1', b'0', b'1', b'1', b'1', '50', '2017-11-26', '2017-11-26'),
(21099, 29, 24, b'1', b'0', b'1', b'1', b'1', '50', '2017-11-26', '2017-11-26'),
(21100, 29, 36, b'0', b'0', b'0', b'0', b'0', '50', '2017-11-26', '2017-11-26'),
(21101, 29, 37, b'0', b'0', b'0', b'0', b'0', '50', '2017-11-26', '2017-11-26'),
(21102, 29, 75, b'1', b'0', b'0', b'0', b'0', '50', '2017-11-26', '2017-11-26'),
(21103, 29, 76, b'1', b'0', b'0', b'0', b'0', '50', '2017-11-26', '2017-11-26'),
(21104, 29, 19, b'0', b'0', b'0', b'0', b'0', '50', '2017-11-26', '2017-11-26'),
(21105, 29, 27, b'0', b'0', b'0', b'0', b'0', '50', '2017-11-26', '2017-11-26'),
(21106, 29, 18, b'0', b'0', b'0', b'0', b'0', '50', '2017-11-26', '2017-11-26'),
(21107, 29, 33, b'0', b'0', b'0', b'0', b'0', '50', '2017-11-26', '2017-11-26'),
(21108, 29, 22, b'0', b'0', b'0', b'0', b'0', '50', '2017-11-26', '2017-11-26'),
(21109, 29, 60, b'1', b'0', b'1', b'1', b'1', '50', '2017-11-26', '2017-11-26'),
(21110, 29, 61, b'0', b'0', b'0', b'0', b'0', '50', '2017-11-26', '2017-11-26'),
(21111, 29, 62, b'0', b'0', b'0', b'0', b'0', '50', '2017-11-26', '2017-11-26'),
(21112, 29, 63, b'0', b'0', b'0', b'0', b'0', '50', '2017-11-26', '2017-11-26'),
(21113, 29, 65, b'0', b'0', b'0', b'0', b'0', '50', '2017-11-26', '2017-11-26'),
(21114, 29, 64, b'0', b'0', b'0', b'0', b'0', '50', '2017-11-26', '2017-11-26'),
(21115, 29, 66, b'0', b'0', b'0', b'0', b'0', '50', '2017-11-26', '2017-11-26'),
(21116, 29, 68, b'0', b'0', b'0', b'0', b'0', '50', '2017-11-26', '2017-11-26'),
(21117, 29, 67, b'0', b'0', b'0', b'0', b'0', '50', '2017-11-26', '2017-11-26'),
(21118, 29, 69, b'0', b'0', b'0', b'0', b'0', '50', '2017-11-26', '2017-11-26'),
(21119, 29, 70, b'0', b'0', b'0', b'0', b'0', '50', '2017-11-26', '2017-11-26'),
(21120, 29, 71, b'0', b'0', b'0', b'0', b'0', '50', '2017-11-26', '2017-11-26'),
(21121, 29, 72, b'0', b'0', b'0', b'0', b'0', '50', '2017-11-26', '2017-11-26'),
(21122, 29, 73, b'0', b'0', b'0', b'0', b'0', '50', '2017-11-26', '2017-11-26'),
(21123, 29, 74, b'0', b'0', b'0', b'0', b'0', '50', '2017-11-26', '2017-11-26'),
(21124, 29, 77, b'1', b'0', b'1', b'1', b'1', '50', '2017-11-26', '2017-11-26'),
(21125, 29, 78, b'1', b'0', b'1', b'1', b'1', '50', '2017-11-26', '2017-11-26'),
(21126, 29, 79, b'1', b'0', b'1', b'1', b'1', '50', '2017-11-26', '2017-11-26'),
(21127, 29, 86, b'1', b'0', b'1', b'1', b'1', '50', '2017-11-26', '2017-11-26'),
(21128, 29, 29, b'1', b'0', b'1', b'1', b'1', '50', '2017-11-26', '2017-11-26'),
(21129, 29, 38, b'1', b'0', b'1', b'1', b'1', '50', '2017-11-26', '2017-11-26'),
(21130, 29, 39, b'1', b'0', b'1', b'1', b'1', '50', '2017-11-26', '2017-11-26'),
(21131, 29, 40, b'1', b'0', b'1', b'1', b'1', '50', '2017-11-26', '2017-11-26'),
(21132, 29, 41, b'1', b'0', b'1', b'1', b'1', '50', '2017-11-26', '2017-11-26'),
(21133, 29, 42, b'1', b'0', b'1', b'1', b'1', '50', '2017-11-26', '2017-11-26'),
(21134, 29, 80, b'1', b'0', b'1', b'1', b'1', '50', '2017-11-26', '2017-11-26'),
(21135, 29, 82, b'1', b'0', b'1', b'1', b'1', '50', '2017-11-26', '2017-11-26'),
(21136, 29, 83, b'1', b'0', b'1', b'1', b'1', '50', '2017-11-26', '2017-11-26'),
(21137, 29, 85, b'1', b'0', b'1', b'1', b'1', '50', '2017-11-26', '2017-11-26'),
(21217, 31, 1, b'1', b'0', b'0', b'0', b'0', '50', '2017-11-26', '2017-11-26'),
(21218, 31, 2, b'0', b'0', b'0', b'0', b'0', '50', '2017-11-26', '2017-11-26'),
(21219, 31, 3, b'0', b'0', b'0', b'0', b'0', '50', '2017-11-26', '2017-11-26'),
(21220, 31, 30, b'1', b'0', b'0', b'0', b'0', '50', '2017-11-26', '2017-11-26'),
(21221, 31, 35, b'0', b'0', b'0', b'0', b'0', '50', '2017-11-26', '2017-11-26'),
(21222, 31, 50, b'0', b'0', b'0', b'0', b'0', '50', '2017-11-26', '2017-11-26'),
(21223, 31, 51, b'1', b'0', b'0', b'0', b'0', '50', '2017-11-26', '2017-11-26'),
(21224, 31, 52, b'0', b'0', b'0', b'0', b'0', '50', '2017-11-26', '2017-11-26'),
(21225, 31, 53, b'0', b'0', b'0', b'0', b'0', '50', '2017-11-26', '2017-11-26'),
(21226, 31, 20, b'0', b'0', b'0', b'0', b'0', '50', '2017-11-26', '2017-11-26'),
(21227, 31, 23, b'1', b'0', b'1', b'1', b'1', '50', '2017-11-26', '2017-11-26'),
(21228, 31, 21, b'1', b'0', b'0', b'0', b'0', '50', '2017-11-26', '2017-11-26'),
(21229, 31, 31, b'1', b'0', b'1', b'1', b'1', '50', '2017-11-26', '2017-11-26'),
(21230, 31, 32, b'1', b'0', b'1', b'1', b'1', '50', '2017-11-26', '2017-11-26'),
(21231, 31, 15, b'0', b'0', b'0', b'0', b'0', '50', '2017-11-26', '2017-11-26'),
(21232, 31, 16, b'0', b'0', b'0', b'0', b'0', '50', '2017-11-26', '2017-11-26'),
(21233, 31, 4, b'0', b'0', b'0', b'0', b'0', '50', '2017-11-26', '2017-11-26'),
(21234, 31, 5, b'0', b'0', b'0', b'0', b'0', '50', '2017-11-26', '2017-11-26'),
(21235, 31, 6, b'0', b'0', b'0', b'0', b'0', '50', '2017-11-26', '2017-11-26'),
(21236, 31, 7, b'0', b'0', b'0', b'0', b'0', '50', '2017-11-26', '2017-11-26'),
(21237, 31, 8, b'0', b'0', b'0', b'0', b'0', '50', '2017-11-26', '2017-11-26'),
(21238, 31, 9, b'0', b'0', b'0', b'0', b'0', '50', '2017-11-26', '2017-11-26'),
(21239, 31, 10, b'0', b'0', b'0', b'0', b'0', '50', '2017-11-26', '2017-11-26'),
(21240, 31, 11, b'0', b'0', b'0', b'0', b'0', '50', '2017-11-26', '2017-11-26'),
(21241, 31, 12, b'0', b'0', b'0', b'0', b'0', '50', '2017-11-26', '2017-11-26'),
(21242, 31, 13, b'0', b'0', b'0', b'0', b'0', '50', '2017-11-26', '2017-11-26'),
(21243, 31, 14, b'0', b'0', b'0', b'0', b'0', '50', '2017-11-26', '2017-11-26'),
(21244, 31, 25, b'0', b'0', b'0', b'0', b'0', '50', '2017-11-26', '2017-11-26'),
(21245, 31, 26, b'0', b'0', b'0', b'0', b'0', '50', '2017-11-26', '2017-11-26'),
(21246, 31, 28, b'0', b'0', b'0', b'0', b'0', '50', '2017-11-26', '2017-11-26'),
(21247, 31, 45, b'0', b'0', b'0', b'0', b'0', '50', '2017-11-26', '2017-11-26'),
(21248, 31, 54, b'0', b'0', b'0', b'0', b'0', '50', '2017-11-26', '2017-11-26'),
(21249, 31, 55, b'0', b'0', b'0', b'0', b'0', '50', '2017-11-26', '2017-11-26'),
(21250, 31, 56, b'0', b'0', b'0', b'0', b'0', '50', '2017-11-26', '2017-11-26'),
(21251, 31, 57, b'0', b'0', b'0', b'0', b'0', '50', '2017-11-26', '2017-11-26'),
(21252, 31, 58, b'0', b'0', b'0', b'0', b'0', '50', '2017-11-26', '2017-11-26'),
(21253, 31, 59, b'0', b'0', b'0', b'0', b'0', '50', '2017-11-26', '2017-11-26'),
(21254, 31, 81, b'0', b'0', b'0', b'0', b'0', '50', '2017-11-26', '2017-11-26'),
(21255, 31, 84, b'0', b'0', b'0', b'0', b'0', '50', '2017-11-26', '2017-11-26'),
(21256, 31, 34, b'1', b'0', b'1', b'1', b'1', '50', '2017-11-26', '2017-11-26'),
(21257, 31, 24, b'1', b'0', b'1', b'1', b'1', '50', '2017-11-26', '2017-11-26'),
(21258, 31, 36, b'0', b'0', b'0', b'0', b'0', '50', '2017-11-26', '2017-11-26'),
(21259, 31, 37, b'0', b'0', b'0', b'0', b'0', '50', '2017-11-26', '2017-11-26'),
(21260, 31, 75, b'1', b'0', b'0', b'0', b'0', '50', '2017-11-26', '2017-11-26'),
(21261, 31, 76, b'1', b'0', b'0', b'0', b'0', '50', '2017-11-26', '2017-11-26'),
(21262, 31, 19, b'0', b'0', b'0', b'0', b'0', '50', '2017-11-26', '2017-11-26'),
(21263, 31, 27, b'0', b'0', b'0', b'0', b'0', '50', '2017-11-26', '2017-11-26'),
(21264, 31, 18, b'0', b'0', b'0', b'0', b'0', '50', '2017-11-26', '2017-11-26'),
(21265, 31, 33, b'0', b'0', b'0', b'0', b'0', '50', '2017-11-26', '2017-11-26'),
(21266, 31, 22, b'0', b'0', b'0', b'0', b'0', '50', '2017-11-26', '2017-11-26'),
(21267, 31, 60, b'1', b'0', b'1', b'1', b'1', '50', '2017-11-26', '2017-11-26'),
(21268, 31, 61, b'0', b'0', b'0', b'0', b'0', '50', '2017-11-26', '2017-11-26'),
(21269, 31, 62, b'0', b'0', b'0', b'0', b'0', '50', '2017-11-26', '2017-11-26'),
(21270, 31, 63, b'0', b'0', b'0', b'0', b'0', '50', '2017-11-26', '2017-11-26'),
(21271, 31, 65, b'0', b'0', b'0', b'0', b'0', '50', '2017-11-26', '2017-11-26'),
(21272, 31, 64, b'0', b'0', b'0', b'0', b'0', '50', '2017-11-26', '2017-11-26'),
(21273, 31, 66, b'0', b'0', b'0', b'0', b'0', '50', '2017-11-26', '2017-11-26'),
(21274, 31, 68, b'0', b'0', b'0', b'0', b'0', '50', '2017-11-26', '2017-11-26'),
(21275, 31, 67, b'0', b'0', b'0', b'0', b'0', '50', '2017-11-26', '2017-11-26'),
(21276, 31, 69, b'0', b'0', b'0', b'0', b'0', '50', '2017-11-26', '2017-11-26'),
(21277, 31, 70, b'0', b'0', b'0', b'0', b'0', '50', '2017-11-26', '2017-11-26'),
(21278, 31, 71, b'0', b'0', b'0', b'0', b'0', '50', '2017-11-26', '2017-11-26'),
(21279, 31, 72, b'0', b'0', b'0', b'0', b'0', '50', '2017-11-26', '2017-11-26'),
(21280, 31, 73, b'0', b'0', b'0', b'0', b'0', '50', '2017-11-26', '2017-11-26'),
(21281, 31, 74, b'0', b'0', b'0', b'0', b'0', '50', '2017-11-26', '2017-11-26'),
(21282, 31, 77, b'1', b'0', b'1', b'1', b'1', '50', '2017-11-26', '2017-11-26'),
(21283, 31, 78, b'1', b'0', b'1', b'1', b'1', '50', '2017-11-26', '2017-11-26'),
(21284, 31, 79, b'1', b'0', b'1', b'1', b'1', '50', '2017-11-26', '2017-11-26'),
(21285, 31, 86, b'1', b'0', b'1', b'1', b'1', '50', '2017-11-26', '2017-11-26'),
(21286, 31, 29, b'1', b'0', b'1', b'1', b'1', '50', '2017-11-26', '2017-11-26'),
(21287, 31, 38, b'1', b'0', b'1', b'1', b'1', '50', '2017-11-26', '2017-11-26'),
(21288, 31, 39, b'1', b'0', b'1', b'1', b'1', '50', '2017-11-26', '2017-11-26'),
(21289, 31, 40, b'1', b'0', b'1', b'1', b'1', '50', '2017-11-26', '2017-11-26'),
(21290, 31, 41, b'1', b'0', b'1', b'1', b'1', '50', '2017-11-26', '2017-11-26'),
(21291, 31, 42, b'1', b'0', b'1', b'1', b'1', '50', '2017-11-26', '2017-11-26'),
(21292, 31, 80, b'1', b'0', b'1', b'1', b'1', '50', '2017-11-26', '2017-11-26'),
(21293, 31, 82, b'1', b'0', b'1', b'1', b'1', '50', '2017-11-26', '2017-11-26'),
(21294, 31, 83, b'1', b'0', b'1', b'1', b'1', '50', '2017-11-26', '2017-11-26'),
(21295, 31, 85, b'1', b'0', b'1', b'1', b'1', '50', '2017-11-26', '2017-11-26'),
(21296, 32, 1, b'1', b'0', b'0', b'0', b'0', '50', '2017-11-26', '2017-11-26'),
(21297, 32, 2, b'0', b'0', b'0', b'0', b'0', '50', '2017-11-26', '2017-11-26'),
(21298, 32, 3, b'0', b'0', b'0', b'0', b'0', '50', '2017-11-26', '2017-11-26'),
(21299, 32, 30, b'1', b'0', b'0', b'0', b'0', '50', '2017-11-26', '2017-11-26'),
(21300, 32, 35, b'0', b'0', b'0', b'0', b'0', '50', '2017-11-26', '2017-11-26'),
(21301, 32, 50, b'0', b'0', b'0', b'0', b'0', '50', '2017-11-26', '2017-11-26');
INSERT INTO `menu_role` (`ID`, `ROLE_ID`, `MENU_ID`, `IS_ACTIVE`, `IS_REQUIRED_ACTION`, `IS_CREATE`, `IS_EDIT`, `IS_DELETE`, `UPDATE_BY`, `CREATE_DATE`, `UPDATE_DATE`) VALUES
(21302, 32, 51, b'1', b'0', b'0', b'0', b'0', '50', '2017-11-26', '2017-11-26'),
(21303, 32, 52, b'0', b'0', b'0', b'0', b'0', '50', '2017-11-26', '2017-11-26'),
(21304, 32, 53, b'0', b'0', b'0', b'0', b'0', '50', '2017-11-26', '2017-11-26'),
(21305, 32, 20, b'0', b'0', b'0', b'0', b'0', '50', '2017-11-26', '2017-11-26'),
(21306, 32, 23, b'1', b'0', b'1', b'1', b'1', '50', '2017-11-26', '2017-11-26'),
(21307, 32, 21, b'1', b'0', b'0', b'0', b'0', '50', '2017-11-26', '2017-11-26'),
(21308, 32, 31, b'1', b'0', b'1', b'1', b'1', '50', '2017-11-26', '2017-11-26'),
(21309, 32, 32, b'1', b'0', b'1', b'1', b'1', '50', '2017-11-26', '2017-11-26'),
(21310, 32, 15, b'0', b'0', b'0', b'0', b'0', '50', '2017-11-26', '2017-11-26'),
(21311, 32, 16, b'0', b'0', b'0', b'0', b'0', '50', '2017-11-26', '2017-11-26'),
(21312, 32, 4, b'0', b'0', b'0', b'0', b'0', '50', '2017-11-26', '2017-11-26'),
(21313, 32, 5, b'0', b'0', b'0', b'0', b'0', '50', '2017-11-26', '2017-11-26'),
(21314, 32, 6, b'0', b'0', b'0', b'0', b'0', '50', '2017-11-26', '2017-11-26'),
(21315, 32, 7, b'0', b'0', b'0', b'0', b'0', '50', '2017-11-26', '2017-11-26'),
(21316, 32, 8, b'0', b'0', b'0', b'0', b'0', '50', '2017-11-26', '2017-11-26'),
(21317, 32, 9, b'0', b'0', b'0', b'0', b'0', '50', '2017-11-26', '2017-11-26'),
(21318, 32, 10, b'0', b'0', b'0', b'0', b'0', '50', '2017-11-26', '2017-11-26'),
(21319, 32, 11, b'0', b'0', b'0', b'0', b'0', '50', '2017-11-26', '2017-11-26'),
(21320, 32, 12, b'0', b'0', b'0', b'0', b'0', '50', '2017-11-26', '2017-11-26'),
(21321, 32, 13, b'0', b'0', b'0', b'0', b'0', '50', '2017-11-26', '2017-11-26'),
(21322, 32, 14, b'0', b'0', b'0', b'0', b'0', '50', '2017-11-26', '2017-11-26'),
(21323, 32, 25, b'0', b'0', b'0', b'0', b'0', '50', '2017-11-26', '2017-11-26'),
(21324, 32, 26, b'0', b'0', b'0', b'0', b'0', '50', '2017-11-26', '2017-11-26'),
(21325, 32, 28, b'0', b'0', b'0', b'0', b'0', '50', '2017-11-26', '2017-11-26'),
(21326, 32, 45, b'0', b'0', b'0', b'0', b'0', '50', '2017-11-26', '2017-11-26'),
(21327, 32, 54, b'0', b'0', b'0', b'0', b'0', '50', '2017-11-26', '2017-11-26'),
(21328, 32, 55, b'0', b'0', b'0', b'0', b'0', '50', '2017-11-26', '2017-11-26'),
(21329, 32, 56, b'0', b'0', b'0', b'0', b'0', '50', '2017-11-26', '2017-11-26'),
(21330, 32, 57, b'0', b'0', b'0', b'0', b'0', '50', '2017-11-26', '2017-11-26'),
(21331, 32, 58, b'0', b'0', b'0', b'0', b'0', '50', '2017-11-26', '2017-11-26'),
(21332, 32, 59, b'0', b'0', b'0', b'0', b'0', '50', '2017-11-26', '2017-11-26'),
(21333, 32, 81, b'0', b'0', b'0', b'0', b'0', '50', '2017-11-26', '2017-11-26'),
(21334, 32, 84, b'0', b'0', b'0', b'0', b'0', '50', '2017-11-26', '2017-11-26'),
(21335, 32, 34, b'1', b'0', b'1', b'1', b'1', '50', '2017-11-26', '2017-11-26'),
(21336, 32, 24, b'1', b'0', b'1', b'1', b'1', '50', '2017-11-26', '2017-11-26'),
(21337, 32, 36, b'0', b'0', b'0', b'0', b'0', '50', '2017-11-26', '2017-11-26'),
(21338, 32, 37, b'0', b'0', b'0', b'0', b'0', '50', '2017-11-26', '2017-11-26'),
(21339, 32, 75, b'1', b'0', b'0', b'0', b'0', '50', '2017-11-26', '2017-11-26'),
(21340, 32, 76, b'1', b'0', b'0', b'0', b'0', '50', '2017-11-26', '2017-11-26'),
(21341, 32, 19, b'0', b'0', b'0', b'0', b'0', '50', '2017-11-26', '2017-11-26'),
(21342, 32, 27, b'0', b'0', b'0', b'0', b'0', '50', '2017-11-26', '2017-11-26'),
(21343, 32, 18, b'0', b'0', b'0', b'0', b'0', '50', '2017-11-26', '2017-11-26'),
(21344, 32, 33, b'0', b'0', b'0', b'0', b'0', '50', '2017-11-26', '2017-11-26'),
(21345, 32, 22, b'0', b'0', b'0', b'0', b'0', '50', '2017-11-26', '2017-11-26'),
(21346, 32, 60, b'1', b'0', b'1', b'1', b'1', '50', '2017-11-26', '2017-11-26'),
(21347, 32, 61, b'0', b'0', b'0', b'0', b'0', '50', '2017-11-26', '2017-11-26'),
(21348, 32, 62, b'0', b'0', b'0', b'0', b'0', '50', '2017-11-26', '2017-11-26'),
(21349, 32, 63, b'0', b'0', b'0', b'0', b'0', '50', '2017-11-26', '2017-11-26'),
(21350, 32, 65, b'0', b'0', b'0', b'0', b'0', '50', '2017-11-26', '2017-11-26'),
(21351, 32, 64, b'0', b'0', b'0', b'0', b'0', '50', '2017-11-26', '2017-11-26'),
(21352, 32, 66, b'0', b'0', b'0', b'0', b'0', '50', '2017-11-26', '2017-11-26'),
(21353, 32, 68, b'0', b'0', b'0', b'0', b'0', '50', '2017-11-26', '2017-11-26'),
(21354, 32, 67, b'0', b'0', b'0', b'0', b'0', '50', '2017-11-26', '2017-11-26'),
(21355, 32, 69, b'0', b'0', b'0', b'0', b'0', '50', '2017-11-26', '2017-11-26'),
(21356, 32, 70, b'0', b'0', b'0', b'0', b'0', '50', '2017-11-26', '2017-11-26'),
(21357, 32, 71, b'0', b'0', b'0', b'0', b'0', '50', '2017-11-26', '2017-11-26'),
(21358, 32, 72, b'0', b'0', b'0', b'0', b'0', '50', '2017-11-26', '2017-11-26'),
(21359, 32, 73, b'0', b'0', b'0', b'0', b'0', '50', '2017-11-26', '2017-11-26'),
(21360, 32, 74, b'0', b'0', b'0', b'0', b'0', '50', '2017-11-26', '2017-11-26'),
(21361, 32, 77, b'1', b'0', b'1', b'1', b'1', '50', '2017-11-26', '2017-11-26'),
(21362, 32, 78, b'1', b'0', b'1', b'1', b'1', '50', '2017-11-26', '2017-11-26'),
(21363, 32, 79, b'1', b'0', b'1', b'1', b'1', '50', '2017-11-26', '2017-11-26'),
(21364, 32, 86, b'1', b'0', b'1', b'1', b'1', '50', '2017-11-26', '2017-11-26'),
(21365, 32, 29, b'1', b'0', b'1', b'1', b'1', '50', '2017-11-26', '2017-11-26'),
(21366, 32, 38, b'1', b'0', b'1', b'1', b'1', '50', '2017-11-26', '2017-11-26'),
(21367, 32, 39, b'1', b'0', b'1', b'1', b'1', '50', '2017-11-26', '2017-11-26'),
(21368, 32, 40, b'1', b'0', b'1', b'1', b'1', '50', '2017-11-26', '2017-11-26'),
(21369, 32, 41, b'1', b'0', b'1', b'1', b'1', '50', '2017-11-26', '2017-11-26'),
(21370, 32, 42, b'1', b'0', b'1', b'1', b'1', '50', '2017-11-26', '2017-11-26'),
(21371, 32, 80, b'1', b'0', b'1', b'1', b'1', '50', '2017-11-26', '2017-11-26'),
(21372, 32, 82, b'1', b'0', b'1', b'1', b'1', '50', '2017-11-26', '2017-11-26'),
(21373, 32, 83, b'1', b'0', b'1', b'1', b'1', '50', '2017-11-26', '2017-11-26'),
(21374, 32, 85, b'1', b'0', b'1', b'1', b'1', '50', '2017-11-26', '2017-11-26'),
(21454, 34, 1, b'1', b'0', b'0', b'0', b'0', '50', '2017-11-26', '2017-11-26'),
(21455, 34, 2, b'0', b'0', b'0', b'0', b'0', '50', '2017-11-26', '2017-11-26'),
(21456, 34, 3, b'0', b'0', b'0', b'0', b'0', '50', '2017-11-26', '2017-11-26'),
(21457, 34, 30, b'1', b'0', b'0', b'0', b'0', '50', '2017-11-26', '2017-11-26'),
(21458, 34, 35, b'0', b'0', b'0', b'0', b'0', '50', '2017-11-26', '2017-11-26'),
(21459, 34, 50, b'0', b'0', b'0', b'0', b'0', '50', '2017-11-26', '2017-11-26'),
(21460, 34, 51, b'0', b'0', b'0', b'0', b'0', '50', '2017-11-26', '2017-11-26'),
(21461, 34, 52, b'0', b'0', b'0', b'0', b'0', '50', '2017-11-26', '2017-11-26'),
(21462, 34, 53, b'1', b'0', b'0', b'0', b'0', '50', '2017-11-26', '2017-11-26'),
(21463, 34, 20, b'0', b'0', b'0', b'0', b'0', '50', '2017-11-26', '2017-11-26'),
(21464, 34, 23, b'1', b'0', b'1', b'1', b'1', '50', '2017-11-26', '2017-11-26'),
(21465, 34, 21, b'1', b'0', b'0', b'0', b'0', '50', '2017-11-26', '2017-11-26'),
(21466, 34, 31, b'1', b'0', b'1', b'1', b'1', '50', '2017-11-26', '2017-11-26'),
(21467, 34, 32, b'1', b'0', b'1', b'1', b'1', '50', '2017-11-26', '2017-11-26'),
(21468, 34, 15, b'0', b'0', b'0', b'0', b'0', '50', '2017-11-26', '2017-11-26'),
(21469, 34, 16, b'0', b'0', b'0', b'0', b'0', '50', '2017-11-26', '2017-11-26'),
(21470, 34, 4, b'0', b'0', b'0', b'0', b'0', '50', '2017-11-26', '2017-11-26'),
(21471, 34, 5, b'0', b'0', b'0', b'0', b'0', '50', '2017-11-26', '2017-11-26'),
(21472, 34, 6, b'0', b'0', b'0', b'0', b'0', '50', '2017-11-26', '2017-11-26'),
(21473, 34, 7, b'0', b'0', b'0', b'0', b'0', '50', '2017-11-26', '2017-11-26'),
(21474, 34, 8, b'0', b'0', b'0', b'0', b'0', '50', '2017-11-26', '2017-11-26'),
(21475, 34, 9, b'0', b'0', b'0', b'0', b'0', '50', '2017-11-26', '2017-11-26'),
(21476, 34, 10, b'0', b'0', b'0', b'0', b'0', '50', '2017-11-26', '2017-11-26'),
(21477, 34, 11, b'0', b'0', b'0', b'0', b'0', '50', '2017-11-26', '2017-11-26'),
(21478, 34, 12, b'0', b'0', b'0', b'0', b'0', '50', '2017-11-26', '2017-11-26'),
(21479, 34, 13, b'0', b'0', b'0', b'0', b'0', '50', '2017-11-26', '2017-11-26'),
(21480, 34, 14, b'0', b'0', b'0', b'0', b'0', '50', '2017-11-26', '2017-11-26'),
(21481, 34, 25, b'0', b'0', b'0', b'0', b'0', '50', '2017-11-26', '2017-11-26'),
(21482, 34, 26, b'0', b'0', b'0', b'0', b'0', '50', '2017-11-26', '2017-11-26'),
(21483, 34, 28, b'0', b'0', b'0', b'0', b'0', '50', '2017-11-26', '2017-11-26'),
(21484, 34, 45, b'0', b'0', b'0', b'0', b'0', '50', '2017-11-26', '2017-11-26'),
(21485, 34, 54, b'0', b'0', b'0', b'0', b'0', '50', '2017-11-26', '2017-11-26'),
(21486, 34, 55, b'0', b'0', b'0', b'0', b'0', '50', '2017-11-26', '2017-11-26'),
(21487, 34, 56, b'0', b'0', b'0', b'0', b'0', '50', '2017-11-26', '2017-11-26'),
(21488, 34, 57, b'0', b'0', b'0', b'0', b'0', '50', '2017-11-26', '2017-11-26'),
(21489, 34, 58, b'0', b'0', b'0', b'0', b'0', '50', '2017-11-26', '2017-11-26'),
(21490, 34, 59, b'0', b'0', b'0', b'0', b'0', '50', '2017-11-26', '2017-11-26'),
(21491, 34, 81, b'0', b'0', b'0', b'0', b'0', '50', '2017-11-26', '2017-11-26'),
(21492, 34, 84, b'0', b'0', b'0', b'0', b'0', '50', '2017-11-26', '2017-11-26'),
(21493, 34, 34, b'1', b'0', b'1', b'1', b'1', '50', '2017-11-26', '2017-11-26'),
(21494, 34, 24, b'1', b'0', b'1', b'1', b'1', '50', '2017-11-26', '2017-11-26'),
(21495, 34, 36, b'0', b'0', b'0', b'0', b'0', '50', '2017-11-26', '2017-11-26'),
(21496, 34, 37, b'0', b'0', b'0', b'0', b'0', '50', '2017-11-26', '2017-11-26'),
(21497, 34, 75, b'1', b'0', b'0', b'0', b'0', '50', '2017-11-26', '2017-11-26'),
(21498, 34, 76, b'1', b'0', b'0', b'0', b'0', '50', '2017-11-26', '2017-11-26'),
(21499, 34, 19, b'0', b'0', b'0', b'0', b'0', '50', '2017-11-26', '2017-11-26'),
(21500, 34, 27, b'0', b'0', b'0', b'0', b'0', '50', '2017-11-26', '2017-11-26'),
(21501, 34, 18, b'0', b'0', b'0', b'0', b'0', '50', '2017-11-26', '2017-11-26'),
(21502, 34, 33, b'0', b'0', b'0', b'0', b'0', '50', '2017-11-26', '2017-11-26'),
(21503, 34, 22, b'0', b'0', b'0', b'0', b'0', '50', '2017-11-26', '2017-11-26'),
(21504, 34, 60, b'0', b'0', b'0', b'0', b'0', '50', '2017-11-26', '2017-11-26'),
(21505, 34, 61, b'0', b'0', b'0', b'0', b'0', '50', '2017-11-26', '2017-11-26'),
(21506, 34, 62, b'0', b'0', b'0', b'0', b'0', '50', '2017-11-26', '2017-11-26'),
(21507, 34, 63, b'0', b'0', b'0', b'0', b'0', '50', '2017-11-26', '2017-11-26'),
(21508, 34, 65, b'0', b'0', b'0', b'0', b'0', '50', '2017-11-26', '2017-11-26'),
(21509, 34, 64, b'0', b'0', b'0', b'0', b'0', '50', '2017-11-26', '2017-11-26'),
(21510, 34, 66, b'1', b'0', b'1', b'1', b'1', '50', '2017-11-26', '2017-11-26'),
(21511, 34, 68, b'0', b'0', b'0', b'0', b'0', '50', '2017-11-26', '2017-11-26'),
(21512, 34, 67, b'0', b'0', b'0', b'0', b'0', '50', '2017-11-26', '2017-11-26'),
(21513, 34, 69, b'0', b'0', b'0', b'0', b'0', '50', '2017-11-26', '2017-11-26'),
(21514, 34, 70, b'0', b'0', b'0', b'0', b'0', '50', '2017-11-26', '2017-11-26'),
(21515, 34, 71, b'0', b'0', b'0', b'0', b'0', '50', '2017-11-26', '2017-11-26'),
(21516, 34, 72, b'0', b'0', b'0', b'0', b'0', '50', '2017-11-26', '2017-11-26'),
(21517, 34, 73, b'0', b'0', b'0', b'0', b'0', '50', '2017-11-26', '2017-11-26'),
(21518, 34, 74, b'0', b'0', b'0', b'0', b'0', '50', '2017-11-26', '2017-11-26'),
(21519, 34, 77, b'1', b'0', b'1', b'1', b'1', '50', '2017-11-26', '2017-11-26'),
(21520, 34, 78, b'1', b'0', b'1', b'1', b'1', '50', '2017-11-26', '2017-11-26'),
(21521, 34, 79, b'1', b'0', b'1', b'1', b'1', '50', '2017-11-26', '2017-11-26'),
(21522, 34, 86, b'1', b'0', b'1', b'1', b'1', '50', '2017-11-26', '2017-11-26'),
(21523, 34, 29, b'1', b'0', b'1', b'1', b'1', '50', '2017-11-26', '2017-11-26'),
(21524, 34, 38, b'1', b'0', b'1', b'1', b'1', '50', '2017-11-26', '2017-11-26'),
(21525, 34, 39, b'1', b'0', b'1', b'1', b'1', '50', '2017-11-26', '2017-11-26'),
(21526, 34, 40, b'1', b'0', b'1', b'1', b'1', '50', '2017-11-26', '2017-11-26'),
(21527, 34, 41, b'1', b'0', b'1', b'1', b'1', '50', '2017-11-26', '2017-11-26'),
(21528, 34, 42, b'1', b'0', b'1', b'1', b'1', '50', '2017-11-26', '2017-11-26'),
(21529, 34, 80, b'1', b'0', b'1', b'1', b'1', '50', '2017-11-26', '2017-11-26'),
(21530, 34, 82, b'1', b'0', b'1', b'1', b'1', '50', '2017-11-26', '2017-11-26'),
(21531, 34, 83, b'1', b'0', b'1', b'1', b'1', '50', '2017-11-26', '2017-11-26'),
(21532, 34, 85, b'1', b'0', b'1', b'1', b'1', '50', '2017-11-26', '2017-11-26'),
(21612, 36, 1, b'1', b'0', b'0', b'0', b'0', '50', '2017-11-26', '2017-11-26'),
(21613, 36, 2, b'0', b'0', b'0', b'0', b'0', '50', '2017-11-26', '2017-11-26'),
(21614, 36, 3, b'0', b'0', b'0', b'0', b'0', '50', '2017-11-26', '2017-11-26'),
(21615, 36, 30, b'1', b'0', b'0', b'0', b'0', '50', '2017-11-26', '2017-11-26'),
(21616, 36, 35, b'0', b'0', b'0', b'0', b'0', '50', '2017-11-26', '2017-11-26'),
(21617, 36, 50, b'0', b'0', b'0', b'0', b'0', '50', '2017-11-26', '2017-11-26'),
(21618, 36, 51, b'0', b'0', b'0', b'0', b'0', '50', '2017-11-26', '2017-11-26'),
(21619, 36, 52, b'1', b'0', b'0', b'0', b'0', '50', '2017-11-26', '2017-11-26'),
(21620, 36, 53, b'0', b'0', b'0', b'0', b'0', '50', '2017-11-26', '2017-11-26'),
(21621, 36, 20, b'1', b'0', b'1', b'1', b'1', '50', '2017-11-26', '2017-11-26'),
(21622, 36, 23, b'1', b'0', b'1', b'1', b'1', '50', '2017-11-26', '2017-11-26'),
(21623, 36, 21, b'1', b'0', b'0', b'0', b'0', '50', '2017-11-26', '2017-11-26'),
(21624, 36, 31, b'1', b'0', b'1', b'1', b'1', '50', '2017-11-26', '2017-11-26'),
(21625, 36, 32, b'1', b'0', b'1', b'1', b'1', '50', '2017-11-26', '2017-11-26'),
(21626, 36, 15, b'0', b'0', b'0', b'0', b'0', '50', '2017-11-26', '2017-11-26'),
(21627, 36, 16, b'0', b'0', b'0', b'0', b'0', '50', '2017-11-26', '2017-11-26'),
(21628, 36, 4, b'0', b'0', b'0', b'0', b'0', '50', '2017-11-26', '2017-11-26'),
(21629, 36, 5, b'0', b'0', b'0', b'0', b'0', '50', '2017-11-26', '2017-11-26'),
(21630, 36, 6, b'0', b'0', b'0', b'0', b'0', '50', '2017-11-26', '2017-11-26'),
(21631, 36, 7, b'0', b'0', b'0', b'0', b'0', '50', '2017-11-26', '2017-11-26'),
(21632, 36, 8, b'0', b'0', b'0', b'0', b'0', '50', '2017-11-26', '2017-11-26'),
(21633, 36, 9, b'0', b'0', b'0', b'0', b'0', '50', '2017-11-26', '2017-11-26'),
(21634, 36, 10, b'0', b'0', b'0', b'0', b'0', '50', '2017-11-26', '2017-11-26'),
(21635, 36, 11, b'0', b'0', b'0', b'0', b'0', '50', '2017-11-26', '2017-11-26'),
(21636, 36, 12, b'0', b'0', b'0', b'0', b'0', '50', '2017-11-26', '2017-11-26'),
(21637, 36, 13, b'0', b'0', b'0', b'0', b'0', '50', '2017-11-26', '2017-11-26'),
(21638, 36, 14, b'0', b'0', b'0', b'0', b'0', '50', '2017-11-26', '2017-11-26'),
(21639, 36, 25, b'0', b'0', b'0', b'0', b'0', '50', '2017-11-26', '2017-11-26'),
(21640, 36, 26, b'0', b'0', b'0', b'0', b'0', '50', '2017-11-26', '2017-11-26'),
(21641, 36, 28, b'0', b'0', b'0', b'0', b'0', '50', '2017-11-26', '2017-11-26'),
(21642, 36, 45, b'0', b'0', b'0', b'0', b'0', '50', '2017-11-26', '2017-11-26'),
(21643, 36, 54, b'0', b'0', b'0', b'0', b'0', '50', '2017-11-26', '2017-11-26'),
(21644, 36, 55, b'0', b'0', b'0', b'0', b'0', '50', '2017-11-26', '2017-11-26'),
(21645, 36, 56, b'0', b'0', b'0', b'0', b'0', '50', '2017-11-26', '2017-11-26'),
(21646, 36, 57, b'0', b'0', b'0', b'0', b'0', '50', '2017-11-26', '2017-11-26'),
(21647, 36, 58, b'0', b'0', b'0', b'0', b'0', '50', '2017-11-26', '2017-11-26'),
(21648, 36, 59, b'0', b'0', b'0', b'0', b'0', '50', '2017-11-26', '2017-11-26'),
(21649, 36, 81, b'0', b'0', b'0', b'0', b'0', '50', '2017-11-26', '2017-11-26'),
(21650, 36, 84, b'0', b'0', b'0', b'0', b'0', '50', '2017-11-26', '2017-11-26'),
(21651, 36, 34, b'1', b'0', b'1', b'1', b'1', '50', '2017-11-26', '2017-11-26'),
(21652, 36, 24, b'1', b'0', b'1', b'1', b'1', '50', '2017-11-26', '2017-11-26'),
(21653, 36, 36, b'0', b'0', b'0', b'0', b'0', '50', '2017-11-26', '2017-11-26'),
(21654, 36, 37, b'0', b'0', b'0', b'0', b'0', '50', '2017-11-26', '2017-11-26'),
(21655, 36, 75, b'1', b'0', b'0', b'0', b'0', '50', '2017-11-26', '2017-11-26'),
(21656, 36, 76, b'1', b'0', b'0', b'0', b'0', '50', '2017-11-26', '2017-11-26'),
(21657, 36, 19, b'0', b'0', b'0', b'0', b'0', '50', '2017-11-26', '2017-11-26'),
(21658, 36, 27, b'0', b'0', b'0', b'0', b'0', '50', '2017-11-26', '2017-11-26'),
(21659, 36, 18, b'0', b'0', b'0', b'0', b'0', '50', '2017-11-26', '2017-11-26'),
(21660, 36, 33, b'0', b'0', b'0', b'0', b'0', '50', '2017-11-26', '2017-11-26'),
(21661, 36, 22, b'0', b'0', b'0', b'0', b'0', '50', '2017-11-26', '2017-11-26'),
(21662, 36, 60, b'0', b'0', b'0', b'0', b'0', '50', '2017-11-26', '2017-11-26'),
(21663, 36, 61, b'0', b'0', b'0', b'0', b'0', '50', '2017-11-26', '2017-11-26'),
(21664, 36, 62, b'0', b'0', b'0', b'0', b'0', '50', '2017-11-26', '2017-11-26'),
(21665, 36, 63, b'1', b'0', b'1', b'1', b'1', '50', '2017-11-26', '2017-11-26'),
(21666, 36, 65, b'1', b'0', b'0', b'0', b'0', '50', '2017-11-26', '2017-11-26'),
(21667, 36, 64, b'1', b'0', b'1', b'1', b'1', '50', '2017-11-26', '2017-11-26'),
(21668, 36, 66, b'0', b'0', b'0', b'0', b'0', '50', '2017-11-26', '2017-11-26'),
(21669, 36, 68, b'0', b'0', b'0', b'0', b'0', '50', '2017-11-26', '2017-11-26'),
(21670, 36, 67, b'0', b'0', b'0', b'0', b'0', '50', '2017-11-26', '2017-11-26'),
(21671, 36, 69, b'0', b'0', b'0', b'0', b'0', '50', '2017-11-26', '2017-11-26'),
(21672, 36, 70, b'0', b'0', b'0', b'0', b'0', '50', '2017-11-26', '2017-11-26'),
(21673, 36, 71, b'1', b'0', b'1', b'1', b'1', '50', '2017-11-26', '2017-11-26'),
(21674, 36, 72, b'0', b'0', b'0', b'0', b'0', '50', '2017-11-26', '2017-11-26'),
(21675, 36, 73, b'0', b'0', b'0', b'0', b'0', '50', '2017-11-26', '2017-11-26'),
(21676, 36, 74, b'0', b'0', b'0', b'0', b'0', '50', '2017-11-26', '2017-11-26'),
(21677, 36, 77, b'1', b'0', b'1', b'1', b'1', '50', '2017-11-26', '2017-11-26'),
(21678, 36, 78, b'1', b'0', b'1', b'1', b'1', '50', '2017-11-26', '2017-11-26'),
(21679, 36, 79, b'1', b'0', b'1', b'1', b'1', '50', '2017-11-26', '2017-11-26'),
(21680, 36, 86, b'1', b'0', b'1', b'1', b'1', '50', '2017-11-26', '2017-11-26'),
(21681, 36, 29, b'1', b'0', b'1', b'1', b'1', '50', '2017-11-26', '2017-11-26'),
(21682, 36, 38, b'1', b'0', b'1', b'1', b'1', '50', '2017-11-26', '2017-11-26'),
(21683, 36, 39, b'1', b'0', b'1', b'1', b'1', '50', '2017-11-26', '2017-11-26'),
(21684, 36, 40, b'1', b'0', b'1', b'1', b'1', '50', '2017-11-26', '2017-11-26'),
(21685, 36, 41, b'1', b'0', b'1', b'1', b'1', '50', '2017-11-26', '2017-11-26'),
(21686, 36, 42, b'1', b'0', b'1', b'1', b'1', '50', '2017-11-26', '2017-11-26'),
(21687, 36, 80, b'1', b'0', b'1', b'1', b'1', '50', '2017-11-26', '2017-11-26'),
(21688, 36, 82, b'1', b'0', b'1', b'1', b'1', '50', '2017-11-26', '2017-11-26'),
(21689, 36, 83, b'1', b'0', b'1', b'1', b'1', '50', '2017-11-26', '2017-11-26'),
(21690, 36, 85, b'1', b'0', b'1', b'1', b'1', '50', '2017-11-26', '2017-11-26'),
(21691, 37, 1, b'1', b'0', b'0', b'0', b'0', '50', '2017-11-26', '2017-11-26'),
(21692, 37, 2, b'0', b'0', b'0', b'0', b'0', '50', '2017-11-26', '2017-11-26'),
(21693, 37, 3, b'0', b'0', b'0', b'0', b'0', '50', '2017-11-26', '2017-11-26'),
(21694, 37, 30, b'1', b'0', b'0', b'0', b'0', '50', '2017-11-26', '2017-11-26'),
(21695, 37, 35, b'0', b'0', b'0', b'0', b'0', '50', '2017-11-26', '2017-11-26'),
(21696, 37, 50, b'1', b'0', b'0', b'0', b'0', '50', '2017-11-26', '2017-11-26'),
(21697, 37, 51, b'0', b'0', b'0', b'0', b'0', '50', '2017-11-26', '2017-11-26'),
(21698, 37, 52, b'0', b'0', b'0', b'0', b'0', '50', '2017-11-26', '2017-11-26'),
(21699, 37, 53, b'0', b'0', b'0', b'0', b'0', '50', '2017-11-26', '2017-11-26'),
(21700, 37, 20, b'1', b'0', b'1', b'1', b'1', '50', '2017-11-26', '2017-11-26'),
(21701, 37, 23, b'1', b'0', b'1', b'1', b'1', '50', '2017-11-26', '2017-11-26'),
(21702, 37, 21, b'1', b'0', b'0', b'0', b'0', '50', '2017-11-26', '2017-11-26'),
(21703, 37, 31, b'1', b'0', b'1', b'1', b'1', '50', '2017-11-26', '2017-11-26'),
(21704, 37, 32, b'1', b'0', b'1', b'1', b'1', '50', '2017-11-26', '2017-11-26'),
(21705, 37, 15, b'0', b'0', b'0', b'0', b'0', '50', '2017-11-26', '2017-11-26'),
(21706, 37, 16, b'0', b'0', b'0', b'0', b'0', '50', '2017-11-26', '2017-11-26'),
(21707, 37, 4, b'0', b'0', b'0', b'0', b'0', '50', '2017-11-26', '2017-11-26'),
(21708, 37, 5, b'0', b'0', b'0', b'0', b'0', '50', '2017-11-26', '2017-11-26'),
(21709, 37, 6, b'0', b'0', b'0', b'0', b'0', '50', '2017-11-26', '2017-11-26'),
(21710, 37, 7, b'0', b'0', b'0', b'0', b'0', '50', '2017-11-26', '2017-11-26'),
(21711, 37, 8, b'0', b'0', b'0', b'0', b'0', '50', '2017-11-26', '2017-11-26'),
(21712, 37, 9, b'0', b'0', b'0', b'0', b'0', '50', '2017-11-26', '2017-11-26'),
(21713, 37, 10, b'0', b'0', b'0', b'0', b'0', '50', '2017-11-26', '2017-11-26'),
(21714, 37, 11, b'0', b'0', b'0', b'0', b'0', '50', '2017-11-26', '2017-11-26'),
(21715, 37, 12, b'0', b'0', b'0', b'0', b'0', '50', '2017-11-26', '2017-11-26'),
(21716, 37, 13, b'0', b'0', b'0', b'0', b'0', '50', '2017-11-26', '2017-11-26'),
(21717, 37, 14, b'0', b'0', b'0', b'0', b'0', '50', '2017-11-26', '2017-11-26'),
(21718, 37, 25, b'0', b'0', b'0', b'0', b'0', '50', '2017-11-26', '2017-11-26'),
(21719, 37, 26, b'0', b'0', b'0', b'0', b'0', '50', '2017-11-26', '2017-11-26'),
(21720, 37, 28, b'0', b'0', b'0', b'0', b'0', '50', '2017-11-26', '2017-11-26'),
(21721, 37, 45, b'0', b'0', b'0', b'0', b'0', '50', '2017-11-26', '2017-11-26'),
(21722, 37, 54, b'0', b'0', b'0', b'0', b'0', '50', '2017-11-26', '2017-11-26'),
(21723, 37, 55, b'0', b'0', b'0', b'0', b'0', '50', '2017-11-26', '2017-11-26'),
(21724, 37, 56, b'0', b'0', b'0', b'0', b'0', '50', '2017-11-26', '2017-11-26'),
(21725, 37, 57, b'0', b'0', b'0', b'0', b'0', '50', '2017-11-26', '2017-11-26'),
(21726, 37, 58, b'0', b'0', b'0', b'0', b'0', '50', '2017-11-26', '2017-11-26'),
(21727, 37, 59, b'0', b'0', b'0', b'0', b'0', '50', '2017-11-26', '2017-11-26'),
(21728, 37, 81, b'0', b'0', b'0', b'0', b'0', '50', '2017-11-26', '2017-11-26'),
(21729, 37, 84, b'0', b'0', b'0', b'0', b'0', '50', '2017-11-26', '2017-11-26'),
(21730, 37, 34, b'1', b'0', b'1', b'1', b'1', '50', '2017-11-26', '2017-11-26'),
(21731, 37, 24, b'1', b'0', b'1', b'1', b'1', '50', '2017-11-26', '2017-11-26'),
(21732, 37, 36, b'0', b'0', b'0', b'0', b'0', '50', '2017-11-26', '2017-11-26'),
(21733, 37, 37, b'0', b'0', b'0', b'0', b'0', '50', '2017-11-26', '2017-11-26'),
(21734, 37, 75, b'1', b'0', b'0', b'0', b'0', '50', '2017-11-26', '2017-11-26'),
(21735, 37, 76, b'1', b'0', b'0', b'0', b'0', '50', '2017-11-26', '2017-11-26'),
(21736, 37, 19, b'1', b'0', b'1', b'1', b'1', '50', '2017-11-26', '2017-11-26'),
(21737, 37, 27, b'1', b'0', b'1', b'1', b'1', '50', '2017-11-26', '2017-11-26'),
(21738, 37, 18, b'1', b'0', b'1', b'1', b'1', '50', '2017-11-26', '2017-11-26'),
(21739, 37, 33, b'1', b'0', b'0', b'0', b'0', '50', '2017-11-26', '2017-11-26'),
(21740, 37, 22, b'1', b'0', b'1', b'1', b'1', '50', '2017-11-26', '2017-11-26'),
(21741, 37, 60, b'0', b'0', b'0', b'0', b'0', '50', '2017-11-26', '2017-11-26'),
(21742, 37, 61, b'0', b'0', b'0', b'0', b'0', '50', '2017-11-26', '2017-11-26'),
(21743, 37, 62, b'0', b'0', b'0', b'0', b'0', '50', '2017-11-26', '2017-11-26'),
(21744, 37, 63, b'0', b'0', b'0', b'0', b'0', '50', '2017-11-26', '2017-11-26'),
(21745, 37, 65, b'0', b'0', b'0', b'0', b'0', '50', '2017-11-26', '2017-11-26'),
(21746, 37, 64, b'0', b'0', b'0', b'0', b'0', '50', '2017-11-26', '2017-11-26'),
(21747, 37, 66, b'0', b'0', b'0', b'0', b'0', '50', '2017-11-26', '2017-11-26'),
(21748, 37, 68, b'0', b'0', b'0', b'0', b'0', '50', '2017-11-26', '2017-11-26'),
(21749, 37, 67, b'0', b'0', b'0', b'0', b'0', '50', '2017-11-26', '2017-11-26'),
(21750, 37, 69, b'0', b'0', b'0', b'0', b'0', '50', '2017-11-26', '2017-11-26'),
(21751, 37, 70, b'0', b'0', b'0', b'0', b'0', '50', '2017-11-26', '2017-11-26'),
(21752, 37, 71, b'0', b'0', b'0', b'0', b'0', '50', '2017-11-26', '2017-11-26'),
(21753, 37, 72, b'0', b'0', b'0', b'0', b'0', '50', '2017-11-26', '2017-11-26'),
(21754, 37, 73, b'0', b'0', b'0', b'0', b'0', '50', '2017-11-26', '2017-11-26'),
(21755, 37, 74, b'0', b'0', b'0', b'0', b'0', '50', '2017-11-26', '2017-11-26'),
(21756, 37, 77, b'1', b'0', b'1', b'1', b'1', '50', '2017-11-26', '2017-11-26'),
(21757, 37, 78, b'1', b'0', b'1', b'1', b'1', '50', '2017-11-26', '2017-11-26'),
(21758, 37, 79, b'1', b'0', b'1', b'1', b'1', '50', '2017-11-26', '2017-11-26'),
(21759, 37, 86, b'1', b'0', b'1', b'1', b'1', '50', '2017-11-26', '2017-11-26'),
(21760, 37, 29, b'1', b'0', b'1', b'1', b'1', '50', '2017-11-26', '2017-11-26'),
(21761, 37, 38, b'1', b'0', b'1', b'1', b'1', '50', '2017-11-26', '2017-11-26'),
(21762, 37, 39, b'1', b'0', b'1', b'1', b'1', '50', '2017-11-26', '2017-11-26'),
(21763, 37, 40, b'1', b'0', b'1', b'1', b'1', '50', '2017-11-26', '2017-11-26'),
(21764, 37, 41, b'1', b'0', b'1', b'1', b'1', '50', '2017-11-26', '2017-11-26'),
(21765, 37, 42, b'1', b'0', b'1', b'1', b'1', '50', '2017-11-26', '2017-11-26'),
(21766, 37, 80, b'1', b'0', b'1', b'1', b'1', '50', '2017-11-26', '2017-11-26'),
(21767, 37, 82, b'1', b'0', b'1', b'1', b'1', '50', '2017-11-26', '2017-11-26'),
(21768, 37, 83, b'1', b'0', b'1', b'1', b'1', '50', '2017-11-26', '2017-11-26'),
(21769, 37, 85, b'1', b'0', b'1', b'1', b'1', '50', '2017-11-26', '2017-11-26'),
(21770, 38, 1, b'1', b'0', b'0', b'0', b'0', '50', '2017-11-26', '2017-11-26'),
(21771, 38, 2, b'0', b'0', b'0', b'0', b'0', '50', '2017-11-26', '2017-11-26'),
(21772, 38, 3, b'0', b'0', b'0', b'0', b'0', '50', '2017-11-26', '2017-11-26'),
(21773, 38, 30, b'1', b'0', b'0', b'0', b'0', '50', '2017-11-26', '2017-11-26'),
(21774, 38, 35, b'0', b'0', b'0', b'0', b'0', '50', '2017-11-26', '2017-11-26'),
(21775, 38, 50, b'0', b'0', b'0', b'0', b'0', '50', '2017-11-26', '2017-11-26'),
(21776, 38, 51, b'0', b'0', b'0', b'0', b'0', '50', '2017-11-26', '2017-11-26'),
(21777, 38, 52, b'1', b'0', b'0', b'0', b'0', '50', '2017-11-26', '2017-11-26'),
(21778, 38, 53, b'0', b'0', b'0', b'0', b'0', '50', '2017-11-26', '2017-11-26'),
(21779, 38, 20, b'1', b'0', b'1', b'1', b'1', '50', '2017-11-26', '2017-11-26'),
(21780, 38, 23, b'1', b'0', b'1', b'1', b'1', '50', '2017-11-26', '2017-11-26'),
(21781, 38, 21, b'1', b'0', b'0', b'0', b'0', '50', '2017-11-26', '2017-11-26'),
(21782, 38, 31, b'1', b'0', b'1', b'1', b'1', '50', '2017-11-26', '2017-11-26'),
(21783, 38, 32, b'1', b'0', b'1', b'1', b'1', '50', '2017-11-26', '2017-11-26'),
(21784, 38, 15, b'0', b'0', b'0', b'0', b'0', '50', '2017-11-26', '2017-11-26'),
(21785, 38, 16, b'0', b'0', b'0', b'0', b'0', '50', '2017-11-26', '2017-11-26'),
(21786, 38, 4, b'0', b'0', b'0', b'0', b'0', '50', '2017-11-26', '2017-11-26'),
(21787, 38, 5, b'0', b'0', b'0', b'0', b'0', '50', '2017-11-26', '2017-11-26'),
(21788, 38, 6, b'0', b'0', b'0', b'0', b'0', '50', '2017-11-26', '2017-11-26'),
(21789, 38, 7, b'0', b'0', b'0', b'0', b'0', '50', '2017-11-26', '2017-11-26'),
(21790, 38, 8, b'0', b'0', b'0', b'0', b'0', '50', '2017-11-26', '2017-11-26'),
(21791, 38, 9, b'0', b'0', b'0', b'0', b'0', '50', '2017-11-26', '2017-11-26'),
(21792, 38, 10, b'0', b'0', b'0', b'0', b'0', '50', '2017-11-26', '2017-11-26'),
(21793, 38, 11, b'0', b'0', b'0', b'0', b'0', '50', '2017-11-26', '2017-11-26'),
(21794, 38, 12, b'0', b'0', b'0', b'0', b'0', '50', '2017-11-26', '2017-11-26'),
(21795, 38, 13, b'0', b'0', b'0', b'0', b'0', '50', '2017-11-26', '2017-11-26'),
(21796, 38, 14, b'0', b'0', b'0', b'0', b'0', '50', '2017-11-26', '2017-11-26'),
(21797, 38, 25, b'0', b'0', b'0', b'0', b'0', '50', '2017-11-26', '2017-11-26'),
(21798, 38, 26, b'0', b'0', b'0', b'0', b'0', '50', '2017-11-26', '2017-11-26'),
(21799, 38, 28, b'0', b'0', b'0', b'0', b'0', '50', '2017-11-26', '2017-11-26'),
(21800, 38, 45, b'0', b'0', b'0', b'0', b'0', '50', '2017-11-26', '2017-11-26'),
(21801, 38, 54, b'0', b'0', b'0', b'0', b'0', '50', '2017-11-26', '2017-11-26'),
(21802, 38, 55, b'0', b'0', b'0', b'0', b'0', '50', '2017-11-26', '2017-11-26'),
(21803, 38, 56, b'0', b'0', b'0', b'0', b'0', '50', '2017-11-26', '2017-11-26'),
(21804, 38, 57, b'0', b'0', b'0', b'0', b'0', '50', '2017-11-26', '2017-11-26'),
(21805, 38, 58, b'0', b'0', b'0', b'0', b'0', '50', '2017-11-26', '2017-11-26'),
(21806, 38, 59, b'0', b'0', b'0', b'0', b'0', '50', '2017-11-26', '2017-11-26'),
(21807, 38, 81, b'0', b'0', b'0', b'0', b'0', '50', '2017-11-26', '2017-11-26'),
(21808, 38, 84, b'0', b'0', b'0', b'0', b'0', '50', '2017-11-26', '2017-11-26'),
(21809, 38, 34, b'1', b'0', b'1', b'1', b'1', '50', '2017-11-26', '2017-11-26'),
(21810, 38, 24, b'1', b'0', b'1', b'1', b'1', '50', '2017-11-26', '2017-11-26'),
(21811, 38, 36, b'0', b'0', b'0', b'0', b'0', '50', '2017-11-26', '2017-11-26'),
(21812, 38, 37, b'0', b'0', b'0', b'0', b'0', '50', '2017-11-26', '2017-11-26'),
(21813, 38, 75, b'1', b'0', b'0', b'0', b'0', '50', '2017-11-26', '2017-11-26'),
(21814, 38, 76, b'1', b'0', b'0', b'0', b'0', '50', '2017-11-26', '2017-11-26'),
(21815, 38, 19, b'0', b'0', b'0', b'0', b'0', '50', '2017-11-26', '2017-11-26'),
(21816, 38, 27, b'0', b'0', b'0', b'0', b'0', '50', '2017-11-26', '2017-11-26'),
(21817, 38, 18, b'0', b'0', b'0', b'0', b'0', '50', '2017-11-26', '2017-11-26'),
(21818, 38, 33, b'0', b'0', b'0', b'0', b'0', '50', '2017-11-26', '2017-11-26'),
(21819, 38, 22, b'0', b'0', b'0', b'0', b'0', '50', '2017-11-26', '2017-11-26'),
(21820, 38, 60, b'0', b'0', b'0', b'0', b'0', '50', '2017-11-26', '2017-11-26'),
(21821, 38, 61, b'0', b'0', b'0', b'0', b'0', '50', '2017-11-26', '2017-11-26'),
(21822, 38, 62, b'0', b'0', b'0', b'0', b'0', '50', '2017-11-26', '2017-11-26'),
(21823, 38, 63, b'1', b'0', b'1', b'1', b'1', '50', '2017-11-26', '2017-11-26'),
(21824, 38, 65, b'1', b'0', b'0', b'0', b'0', '50', '2017-11-26', '2017-11-26'),
(21825, 38, 64, b'1', b'0', b'1', b'1', b'1', '50', '2017-11-26', '2017-11-26'),
(21826, 38, 66, b'0', b'0', b'0', b'0', b'0', '50', '2017-11-26', '2017-11-26'),
(21827, 38, 68, b'0', b'0', b'0', b'0', b'0', '50', '2017-11-26', '2017-11-26'),
(21828, 38, 67, b'0', b'0', b'0', b'0', b'0', '50', '2017-11-26', '2017-11-26'),
(21829, 38, 69, b'0', b'0', b'0', b'0', b'0', '50', '2017-11-26', '2017-11-26'),
(21830, 38, 70, b'0', b'0', b'0', b'0', b'0', '50', '2017-11-26', '2017-11-26'),
(21831, 38, 71, b'1', b'0', b'1', b'1', b'1', '50', '2017-11-26', '2017-11-26'),
(21832, 38, 72, b'1', b'0', b'1', b'1', b'1', '50', '2017-11-26', '2017-11-26'),
(21833, 38, 73, b'0', b'0', b'0', b'0', b'0', '50', '2017-11-26', '2017-11-26'),
(21834, 38, 74, b'0', b'0', b'0', b'0', b'0', '50', '2017-11-26', '2017-11-26'),
(21835, 38, 77, b'1', b'0', b'1', b'1', b'1', '50', '2017-11-26', '2017-11-26'),
(21836, 38, 78, b'1', b'0', b'1', b'1', b'1', '50', '2017-11-26', '2017-11-26'),
(21837, 38, 79, b'1', b'0', b'1', b'1', b'1', '50', '2017-11-26', '2017-11-26'),
(21838, 38, 86, b'1', b'0', b'1', b'1', b'1', '50', '2017-11-26', '2017-11-26'),
(21839, 38, 29, b'1', b'0', b'1', b'1', b'1', '50', '2017-11-26', '2017-11-26'),
(21840, 38, 38, b'1', b'0', b'1', b'1', b'1', '50', '2017-11-26', '2017-11-26'),
(21841, 38, 39, b'1', b'0', b'1', b'1', b'1', '50', '2017-11-26', '2017-11-26'),
(21842, 38, 40, b'1', b'0', b'1', b'1', b'1', '50', '2017-11-26', '2017-11-26'),
(21843, 38, 41, b'1', b'0', b'1', b'1', b'1', '50', '2017-11-26', '2017-11-26'),
(21844, 38, 42, b'1', b'0', b'1', b'1', b'1', '50', '2017-11-26', '2017-11-26'),
(21845, 38, 80, b'1', b'0', b'1', b'1', b'1', '50', '2017-11-26', '2017-11-26'),
(21846, 38, 82, b'1', b'0', b'1', b'1', b'1', '50', '2017-11-26', '2017-11-26'),
(21847, 38, 83, b'1', b'0', b'1', b'1', b'1', '50', '2017-11-26', '2017-11-26'),
(21848, 38, 85, b'1', b'0', b'1', b'1', b'1', '50', '2017-11-26', '2017-11-26'),
(21849, 39, 1, b'1', b'0', b'0', b'0', b'0', '50', '2017-11-26', '2017-11-26'),
(21850, 39, 2, b'0', b'0', b'0', b'0', b'0', '50', '2017-11-26', '2017-11-26'),
(21851, 39, 3, b'0', b'0', b'0', b'0', b'0', '50', '2017-11-26', '2017-11-26'),
(21852, 39, 30, b'1', b'0', b'0', b'0', b'0', '50', '2017-11-26', '2017-11-26'),
(21853, 39, 35, b'0', b'0', b'0', b'0', b'0', '50', '2017-11-26', '2017-11-26'),
(21854, 39, 50, b'0', b'0', b'0', b'0', b'0', '50', '2017-11-26', '2017-11-26'),
(21855, 39, 51, b'1', b'0', b'0', b'0', b'0', '50', '2017-11-26', '2017-11-26'),
(21856, 39, 52, b'0', b'0', b'0', b'0', b'0', '50', '2017-11-26', '2017-11-26'),
(21857, 39, 53, b'0', b'0', b'0', b'0', b'0', '50', '2017-11-26', '2017-11-26'),
(21858, 39, 20, b'0', b'0', b'0', b'0', b'0', '50', '2017-11-26', '2017-11-26'),
(21859, 39, 23, b'1', b'0', b'1', b'1', b'1', '50', '2017-11-26', '2017-11-26'),
(21860, 39, 21, b'1', b'0', b'0', b'0', b'0', '50', '2017-11-26', '2017-11-26'),
(21861, 39, 31, b'1', b'0', b'1', b'1', b'1', '50', '2017-11-26', '2017-11-26'),
(21862, 39, 32, b'1', b'0', b'1', b'1', b'1', '50', '2017-11-26', '2017-11-26'),
(21863, 39, 15, b'0', b'0', b'0', b'0', b'0', '50', '2017-11-26', '2017-11-26'),
(21864, 39, 16, b'0', b'0', b'0', b'0', b'0', '50', '2017-11-26', '2017-11-26'),
(21865, 39, 4, b'0', b'0', b'0', b'0', b'0', '50', '2017-11-26', '2017-11-26'),
(21866, 39, 5, b'0', b'0', b'0', b'0', b'0', '50', '2017-11-26', '2017-11-26'),
(21867, 39, 6, b'0', b'0', b'0', b'0', b'0', '50', '2017-11-26', '2017-11-26'),
(21868, 39, 7, b'0', b'0', b'0', b'0', b'0', '50', '2017-11-26', '2017-11-26'),
(21869, 39, 8, b'0', b'0', b'0', b'0', b'0', '50', '2017-11-26', '2017-11-26'),
(21870, 39, 9, b'0', b'0', b'0', b'0', b'0', '50', '2017-11-26', '2017-11-26'),
(21871, 39, 10, b'0', b'0', b'0', b'0', b'0', '50', '2017-11-26', '2017-11-26'),
(21872, 39, 11, b'0', b'0', b'0', b'0', b'0', '50', '2017-11-26', '2017-11-26'),
(21873, 39, 12, b'0', b'0', b'0', b'0', b'0', '50', '2017-11-26', '2017-11-26'),
(21874, 39, 13, b'0', b'0', b'0', b'0', b'0', '50', '2017-11-26', '2017-11-26'),
(21875, 39, 14, b'0', b'0', b'0', b'0', b'0', '50', '2017-11-26', '2017-11-26'),
(21876, 39, 25, b'0', b'0', b'0', b'0', b'0', '50', '2017-11-26', '2017-11-26'),
(21877, 39, 26, b'0', b'0', b'0', b'0', b'0', '50', '2017-11-26', '2017-11-26'),
(21878, 39, 28, b'0', b'0', b'0', b'0', b'0', '50', '2017-11-26', '2017-11-26'),
(21879, 39, 45, b'0', b'0', b'0', b'0', b'0', '50', '2017-11-26', '2017-11-26'),
(21880, 39, 54, b'0', b'0', b'0', b'0', b'0', '50', '2017-11-26', '2017-11-26'),
(21881, 39, 55, b'0', b'0', b'0', b'0', b'0', '50', '2017-11-26', '2017-11-26'),
(21882, 39, 56, b'0', b'0', b'0', b'0', b'0', '50', '2017-11-26', '2017-11-26'),
(21883, 39, 57, b'0', b'0', b'0', b'0', b'0', '50', '2017-11-26', '2017-11-26'),
(21884, 39, 58, b'0', b'0', b'0', b'0', b'0', '50', '2017-11-26', '2017-11-26'),
(21885, 39, 59, b'0', b'0', b'0', b'0', b'0', '50', '2017-11-26', '2017-11-26'),
(21886, 39, 81, b'0', b'0', b'0', b'0', b'0', '50', '2017-11-26', '2017-11-26'),
(21887, 39, 84, b'0', b'0', b'0', b'0', b'0', '50', '2017-11-26', '2017-11-26'),
(21888, 39, 34, b'1', b'0', b'1', b'1', b'1', '50', '2017-11-26', '2017-11-26'),
(21889, 39, 24, b'1', b'0', b'1', b'1', b'1', '50', '2017-11-26', '2017-11-26'),
(21890, 39, 36, b'0', b'0', b'0', b'0', b'0', '50', '2017-11-26', '2017-11-26'),
(21891, 39, 37, b'0', b'0', b'0', b'0', b'0', '50', '2017-11-26', '2017-11-26'),
(21892, 39, 75, b'1', b'0', b'0', b'0', b'0', '50', '2017-11-26', '2017-11-26'),
(21893, 39, 76, b'1', b'0', b'0', b'0', b'0', '50', '2017-11-26', '2017-11-26'),
(21894, 39, 19, b'0', b'0', b'0', b'0', b'0', '50', '2017-11-26', '2017-11-26'),
(21895, 39, 27, b'0', b'0', b'0', b'0', b'0', '50', '2017-11-26', '2017-11-26'),
(21896, 39, 18, b'0', b'0', b'0', b'0', b'0', '50', '2017-11-26', '2017-11-26'),
(21897, 39, 33, b'0', b'0', b'0', b'0', b'0', '50', '2017-11-26', '2017-11-26'),
(21898, 39, 22, b'0', b'0', b'0', b'0', b'0', '50', '2017-11-26', '2017-11-26'),
(21899, 39, 60, b'1', b'0', b'1', b'1', b'1', '50', '2017-11-26', '2017-11-26'),
(21900, 39, 61, b'0', b'0', b'0', b'0', b'0', '50', '2017-11-26', '2017-11-26'),
(21901, 39, 62, b'0', b'0', b'0', b'0', b'0', '50', '2017-11-26', '2017-11-26'),
(21902, 39, 63, b'0', b'0', b'0', b'0', b'0', '50', '2017-11-26', '2017-11-26'),
(21903, 39, 65, b'0', b'0', b'0', b'0', b'0', '50', '2017-11-26', '2017-11-26'),
(21904, 39, 64, b'0', b'0', b'0', b'0', b'0', '50', '2017-11-26', '2017-11-26'),
(21905, 39, 66, b'0', b'0', b'0', b'0', b'0', '50', '2017-11-26', '2017-11-26'),
(21906, 39, 68, b'0', b'0', b'0', b'0', b'0', '50', '2017-11-26', '2017-11-26'),
(21907, 39, 67, b'0', b'0', b'0', b'0', b'0', '50', '2017-11-26', '2017-11-26'),
(21908, 39, 69, b'0', b'0', b'0', b'0', b'0', '50', '2017-11-26', '2017-11-26'),
(21909, 39, 70, b'0', b'0', b'0', b'0', b'0', '50', '2017-11-26', '2017-11-26'),
(21910, 39, 71, b'0', b'0', b'0', b'0', b'0', '50', '2017-11-26', '2017-11-26'),
(21911, 39, 72, b'0', b'0', b'0', b'0', b'0', '50', '2017-11-26', '2017-11-26'),
(21912, 39, 73, b'0', b'0', b'0', b'0', b'0', '50', '2017-11-26', '2017-11-26'),
(21913, 39, 74, b'0', b'0', b'0', b'0', b'0', '50', '2017-11-26', '2017-11-26'),
(21914, 39, 77, b'1', b'0', b'1', b'1', b'1', '50', '2017-11-26', '2017-11-26'),
(21915, 39, 78, b'1', b'0', b'1', b'1', b'1', '50', '2017-11-26', '2017-11-26'),
(21916, 39, 79, b'1', b'0', b'1', b'1', b'1', '50', '2017-11-26', '2017-11-26'),
(21917, 39, 86, b'1', b'0', b'1', b'1', b'1', '50', '2017-11-26', '2017-11-26'),
(21918, 39, 29, b'1', b'0', b'1', b'1', b'1', '50', '2017-11-26', '2017-11-26'),
(21919, 39, 38, b'1', b'0', b'1', b'1', b'1', '50', '2017-11-26', '2017-11-26'),
(21920, 39, 39, b'1', b'0', b'1', b'1', b'1', '50', '2017-11-26', '2017-11-26'),
(21921, 39, 40, b'1', b'0', b'1', b'1', b'1', '50', '2017-11-26', '2017-11-26'),
(21922, 39, 41, b'1', b'0', b'1', b'1', b'1', '50', '2017-11-26', '2017-11-26'),
(21923, 39, 42, b'1', b'0', b'1', b'1', b'1', '50', '2017-11-26', '2017-11-26'),
(21924, 39, 80, b'1', b'0', b'1', b'1', b'1', '50', '2017-11-26', '2017-11-26'),
(21925, 39, 82, b'1', b'0', b'1', b'1', b'1', '50', '2017-11-26', '2017-11-26'),
(21926, 39, 83, b'1', b'0', b'1', b'1', b'1', '50', '2017-11-26', '2017-11-26'),
(21927, 39, 85, b'1', b'0', b'1', b'1', b'1', '50', '2017-11-26', '2017-11-26'),
(22007, 40, 1, b'1', b'0', b'0', b'0', b'0', '50', '2017-11-26', '2017-11-26'),
(22008, 40, 2, b'0', b'0', b'0', b'0', b'0', '50', '2017-11-26', '2017-11-26'),
(22009, 40, 3, b'0', b'0', b'0', b'0', b'0', '50', '2017-11-26', '2017-11-26'),
(22010, 40, 30, b'1', b'0', b'0', b'0', b'0', '50', '2017-11-26', '2017-11-26'),
(22011, 40, 35, b'0', b'0', b'0', b'0', b'0', '50', '2017-11-26', '2017-11-26'),
(22012, 40, 50, b'1', b'0', b'0', b'0', b'0', '50', '2017-11-26', '2017-11-26'),
(22013, 40, 51, b'0', b'0', b'0', b'0', b'0', '50', '2017-11-26', '2017-11-26'),
(22014, 40, 52, b'0', b'0', b'0', b'0', b'0', '50', '2017-11-26', '2017-11-26'),
(22015, 40, 53, b'0', b'0', b'0', b'0', b'0', '50', '2017-11-26', '2017-11-26'),
(22016, 40, 20, b'1', b'0', b'1', b'1', b'1', '50', '2017-11-26', '2017-11-26'),
(22017, 40, 23, b'1', b'0', b'1', b'1', b'1', '50', '2017-11-26', '2017-11-26'),
(22018, 40, 21, b'1', b'0', b'0', b'0', b'0', '50', '2017-11-26', '2017-11-26'),
(22019, 40, 31, b'1', b'0', b'1', b'1', b'1', '50', '2017-11-26', '2017-11-26'),
(22020, 40, 32, b'1', b'0', b'1', b'1', b'1', '50', '2017-11-26', '2017-11-26'),
(22021, 40, 15, b'0', b'0', b'0', b'0', b'0', '50', '2017-11-26', '2017-11-26'),
(22022, 40, 16, b'0', b'0', b'0', b'0', b'0', '50', '2017-11-26', '2017-11-26'),
(22023, 40, 4, b'0', b'0', b'0', b'0', b'0', '50', '2017-11-26', '2017-11-26'),
(22024, 40, 5, b'0', b'0', b'0', b'0', b'0', '50', '2017-11-26', '2017-11-26'),
(22025, 40, 6, b'0', b'0', b'0', b'0', b'0', '50', '2017-11-26', '2017-11-26'),
(22026, 40, 7, b'0', b'0', b'0', b'0', b'0', '50', '2017-11-26', '2017-11-26'),
(22027, 40, 8, b'0', b'0', b'0', b'0', b'0', '50', '2017-11-26', '2017-11-26'),
(22028, 40, 9, b'0', b'0', b'0', b'0', b'0', '50', '2017-11-26', '2017-11-26'),
(22029, 40, 10, b'0', b'0', b'0', b'0', b'0', '50', '2017-11-26', '2017-11-26'),
(22030, 40, 11, b'0', b'0', b'0', b'0', b'0', '50', '2017-11-26', '2017-11-26'),
(22031, 40, 12, b'0', b'0', b'0', b'0', b'0', '50', '2017-11-26', '2017-11-26'),
(22032, 40, 13, b'0', b'0', b'0', b'0', b'0', '50', '2017-11-26', '2017-11-26'),
(22033, 40, 14, b'0', b'0', b'0', b'0', b'0', '50', '2017-11-26', '2017-11-26'),
(22034, 40, 25, b'0', b'0', b'0', b'0', b'0', '50', '2017-11-26', '2017-11-26'),
(22035, 40, 26, b'0', b'0', b'0', b'0', b'0', '50', '2017-11-26', '2017-11-26'),
(22036, 40, 28, b'0', b'0', b'0', b'0', b'0', '50', '2017-11-26', '2017-11-26'),
(22037, 40, 45, b'0', b'0', b'0', b'0', b'0', '50', '2017-11-26', '2017-11-26'),
(22038, 40, 54, b'0', b'0', b'0', b'0', b'0', '50', '2017-11-26', '2017-11-26'),
(22039, 40, 55, b'0', b'0', b'0', b'0', b'0', '50', '2017-11-26', '2017-11-26'),
(22040, 40, 56, b'0', b'0', b'0', b'0', b'0', '50', '2017-11-26', '2017-11-26'),
(22041, 40, 57, b'0', b'0', b'0', b'0', b'0', '50', '2017-11-26', '2017-11-26'),
(22042, 40, 58, b'0', b'0', b'0', b'0', b'0', '50', '2017-11-26', '2017-11-26'),
(22043, 40, 59, b'0', b'0', b'0', b'0', b'0', '50', '2017-11-26', '2017-11-26'),
(22044, 40, 81, b'0', b'0', b'0', b'0', b'0', '50', '2017-11-26', '2017-11-26'),
(22045, 40, 84, b'0', b'0', b'0', b'0', b'0', '50', '2017-11-26', '2017-11-26'),
(22046, 40, 34, b'1', b'0', b'1', b'1', b'1', '50', '2017-11-26', '2017-11-26'),
(22047, 40, 24, b'1', b'0', b'1', b'1', b'1', '50', '2017-11-26', '2017-11-26'),
(22048, 40, 36, b'0', b'0', b'0', b'0', b'0', '50', '2017-11-26', '2017-11-26'),
(22049, 40, 37, b'0', b'0', b'0', b'0', b'0', '50', '2017-11-26', '2017-11-26'),
(22050, 40, 75, b'1', b'0', b'0', b'0', b'0', '50', '2017-11-26', '2017-11-26'),
(22051, 40, 76, b'1', b'0', b'0', b'0', b'0', '50', '2017-11-26', '2017-11-26'),
(22052, 40, 19, b'1', b'0', b'1', b'1', b'1', '50', '2017-11-26', '2017-11-26'),
(22053, 40, 27, b'1', b'0', b'1', b'1', b'1', '50', '2017-11-26', '2017-11-26'),
(22054, 40, 18, b'1', b'0', b'1', b'1', b'1', '50', '2017-11-26', '2017-11-26'),
(22055, 40, 33, b'1', b'0', b'0', b'0', b'0', '50', '2017-11-26', '2017-11-26'),
(22056, 40, 22, b'1', b'0', b'1', b'1', b'1', '50', '2017-11-26', '2017-11-26'),
(22057, 40, 60, b'0', b'0', b'0', b'0', b'0', '50', '2017-11-26', '2017-11-26'),
(22058, 40, 61, b'0', b'0', b'0', b'0', b'0', '50', '2017-11-26', '2017-11-26'),
(22059, 40, 62, b'0', b'0', b'0', b'0', b'0', '50', '2017-11-26', '2017-11-26'),
(22060, 40, 63, b'0', b'0', b'0', b'0', b'0', '50', '2017-11-26', '2017-11-26'),
(22061, 40, 65, b'0', b'0', b'0', b'0', b'0', '50', '2017-11-26', '2017-11-26'),
(22062, 40, 64, b'0', b'0', b'0', b'0', b'0', '50', '2017-11-26', '2017-11-26'),
(22063, 40, 66, b'0', b'0', b'0', b'0', b'0', '50', '2017-11-26', '2017-11-26'),
(22064, 40, 68, b'0', b'0', b'0', b'0', b'0', '50', '2017-11-26', '2017-11-26'),
(22065, 40, 67, b'0', b'0', b'0', b'0', b'0', '50', '2017-11-26', '2017-11-26'),
(22066, 40, 69, b'0', b'0', b'0', b'0', b'0', '50', '2017-11-26', '2017-11-26'),
(22067, 40, 70, b'0', b'0', b'0', b'0', b'0', '50', '2017-11-26', '2017-11-26'),
(22068, 40, 71, b'0', b'0', b'0', b'0', b'0', '50', '2017-11-26', '2017-11-26'),
(22069, 40, 72, b'0', b'0', b'0', b'0', b'0', '50', '2017-11-26', '2017-11-26'),
(22070, 40, 73, b'0', b'0', b'0', b'0', b'0', '50', '2017-11-26', '2017-11-26'),
(22071, 40, 74, b'0', b'0', b'0', b'0', b'0', '50', '2017-11-26', '2017-11-26'),
(22072, 40, 77, b'1', b'0', b'1', b'1', b'1', '50', '2017-11-26', '2017-11-26'),
(22073, 40, 78, b'1', b'0', b'1', b'1', b'1', '50', '2017-11-26', '2017-11-26'),
(22074, 40, 79, b'1', b'0', b'1', b'1', b'1', '50', '2017-11-26', '2017-11-26'),
(22075, 40, 86, b'1', b'0', b'1', b'1', b'1', '50', '2017-11-26', '2017-11-26'),
(22076, 40, 29, b'1', b'0', b'1', b'1', b'1', '50', '2017-11-26', '2017-11-26'),
(22077, 40, 38, b'1', b'0', b'1', b'1', b'1', '50', '2017-11-26', '2017-11-26'),
(22078, 40, 39, b'1', b'0', b'1', b'1', b'1', '50', '2017-11-26', '2017-11-26'),
(22079, 40, 40, b'1', b'0', b'1', b'1', b'1', '50', '2017-11-26', '2017-11-26'),
(22080, 40, 41, b'1', b'0', b'1', b'1', b'1', '50', '2017-11-26', '2017-11-26'),
(22081, 40, 42, b'1', b'0', b'1', b'1', b'1', '50', '2017-11-26', '2017-11-26'),
(22082, 40, 80, b'1', b'0', b'1', b'1', b'1', '50', '2017-11-26', '2017-11-26'),
(22083, 40, 82, b'1', b'0', b'1', b'1', b'1', '50', '2017-11-26', '2017-11-26'),
(22084, 40, 83, b'1', b'0', b'1', b'1', b'1', '50', '2017-11-26', '2017-11-26'),
(22085, 40, 85, b'1', b'0', b'1', b'1', b'1', '50', '2017-11-26', '2017-11-26'),
(22086, 41, 1, b'1', b'0', b'0', b'0', b'0', '50', '2017-11-26', '2017-11-26'),
(22087, 41, 2, b'0', b'0', b'0', b'0', b'0', '50', '2017-11-26', '2017-11-26'),
(22088, 41, 3, b'0', b'0', b'0', b'0', b'0', '50', '2017-11-26', '2017-11-26'),
(22089, 41, 30, b'1', b'0', b'0', b'0', b'0', '50', '2017-11-26', '2017-11-26'),
(22090, 41, 35, b'0', b'0', b'0', b'0', b'0', '50', '2017-11-26', '2017-11-26'),
(22091, 41, 50, b'0', b'0', b'0', b'0', b'0', '50', '2017-11-26', '2017-11-26'),
(22092, 41, 51, b'0', b'0', b'0', b'0', b'0', '50', '2017-11-26', '2017-11-26'),
(22093, 41, 52, b'1', b'0', b'0', b'0', b'0', '50', '2017-11-26', '2017-11-26'),
(22094, 41, 53, b'0', b'0', b'0', b'0', b'0', '50', '2017-11-26', '2017-11-26'),
(22095, 41, 20, b'1', b'0', b'1', b'1', b'1', '50', '2017-11-26', '2017-11-26'),
(22096, 41, 23, b'1', b'0', b'1', b'1', b'1', '50', '2017-11-26', '2017-11-26'),
(22097, 41, 21, b'1', b'0', b'0', b'0', b'0', '50', '2017-11-26', '2017-11-26'),
(22098, 41, 31, b'1', b'0', b'1', b'1', b'1', '50', '2017-11-26', '2017-11-26'),
(22099, 41, 32, b'1', b'0', b'1', b'1', b'1', '50', '2017-11-26', '2017-11-26'),
(22100, 41, 15, b'0', b'0', b'0', b'0', b'0', '50', '2017-11-26', '2017-11-26'),
(22101, 41, 16, b'0', b'0', b'0', b'0', b'0', '50', '2017-11-26', '2017-11-26'),
(22102, 41, 4, b'0', b'0', b'0', b'0', b'0', '50', '2017-11-26', '2017-11-26'),
(22103, 41, 5, b'0', b'0', b'0', b'0', b'0', '50', '2017-11-26', '2017-11-26'),
(22104, 41, 6, b'0', b'0', b'0', b'0', b'0', '50', '2017-11-26', '2017-11-26'),
(22105, 41, 7, b'0', b'0', b'0', b'0', b'0', '50', '2017-11-26', '2017-11-26'),
(22106, 41, 8, b'0', b'0', b'0', b'0', b'0', '50', '2017-11-26', '2017-11-26'),
(22107, 41, 9, b'0', b'0', b'0', b'0', b'0', '50', '2017-11-26', '2017-11-26'),
(22108, 41, 10, b'0', b'0', b'0', b'0', b'0', '50', '2017-11-26', '2017-11-26'),
(22109, 41, 11, b'0', b'0', b'0', b'0', b'0', '50', '2017-11-26', '2017-11-26'),
(22110, 41, 12, b'0', b'0', b'0', b'0', b'0', '50', '2017-11-26', '2017-11-26'),
(22111, 41, 13, b'0', b'0', b'0', b'0', b'0', '50', '2017-11-26', '2017-11-26'),
(22112, 41, 14, b'0', b'0', b'0', b'0', b'0', '50', '2017-11-26', '2017-11-26'),
(22113, 41, 25, b'0', b'0', b'0', b'0', b'0', '50', '2017-11-26', '2017-11-26'),
(22114, 41, 26, b'0', b'0', b'0', b'0', b'0', '50', '2017-11-26', '2017-11-26'),
(22115, 41, 28, b'0', b'0', b'0', b'0', b'0', '50', '2017-11-26', '2017-11-26'),
(22116, 41, 45, b'0', b'0', b'0', b'0', b'0', '50', '2017-11-26', '2017-11-26'),
(22117, 41, 54, b'0', b'0', b'0', b'0', b'0', '50', '2017-11-26', '2017-11-26'),
(22118, 41, 55, b'0', b'0', b'0', b'0', b'0', '50', '2017-11-26', '2017-11-26'),
(22119, 41, 56, b'0', b'0', b'0', b'0', b'0', '50', '2017-11-26', '2017-11-26'),
(22120, 41, 57, b'0', b'0', b'0', b'0', b'0', '50', '2017-11-26', '2017-11-26'),
(22121, 41, 58, b'0', b'0', b'0', b'0', b'0', '50', '2017-11-26', '2017-11-26'),
(22122, 41, 59, b'0', b'0', b'0', b'0', b'0', '50', '2017-11-26', '2017-11-26'),
(22123, 41, 81, b'0', b'0', b'0', b'0', b'0', '50', '2017-11-26', '2017-11-26'),
(22124, 41, 84, b'0', b'0', b'0', b'0', b'0', '50', '2017-11-26', '2017-11-26'),
(22125, 41, 34, b'1', b'0', b'1', b'1', b'1', '50', '2017-11-26', '2017-11-26'),
(22126, 41, 24, b'1', b'0', b'1', b'1', b'1', '50', '2017-11-26', '2017-11-26'),
(22127, 41, 36, b'0', b'0', b'0', b'0', b'0', '50', '2017-11-26', '2017-11-26'),
(22128, 41, 37, b'0', b'0', b'0', b'0', b'0', '50', '2017-11-26', '2017-11-26'),
(22129, 41, 75, b'1', b'0', b'0', b'0', b'0', '50', '2017-11-26', '2017-11-26'),
(22130, 41, 76, b'1', b'0', b'0', b'0', b'0', '50', '2017-11-26', '2017-11-26'),
(22131, 41, 19, b'0', b'0', b'0', b'0', b'0', '50', '2017-11-26', '2017-11-26'),
(22132, 41, 27, b'0', b'0', b'0', b'0', b'0', '50', '2017-11-26', '2017-11-26'),
(22133, 41, 18, b'0', b'0', b'0', b'0', b'0', '50', '2017-11-26', '2017-11-26'),
(22134, 41, 33, b'0', b'0', b'0', b'0', b'0', '50', '2017-11-26', '2017-11-26'),
(22135, 41, 22, b'0', b'0', b'0', b'0', b'0', '50', '2017-11-26', '2017-11-26'),
(22136, 41, 60, b'0', b'0', b'0', b'0', b'0', '50', '2017-11-26', '2017-11-26'),
(22137, 41, 61, b'0', b'0', b'0', b'0', b'0', '50', '2017-11-26', '2017-11-26'),
(22138, 41, 62, b'0', b'0', b'0', b'0', b'0', '50', '2017-11-26', '2017-11-26'),
(22139, 41, 63, b'1', b'0', b'1', b'1', b'1', '50', '2017-11-26', '2017-11-26'),
(22140, 41, 65, b'1', b'0', b'0', b'0', b'0', '50', '2017-11-26', '2017-11-26'),
(22141, 41, 64, b'1', b'0', b'1', b'1', b'1', '50', '2017-11-26', '2017-11-26'),
(22142, 41, 66, b'0', b'0', b'0', b'0', b'0', '50', '2017-11-26', '2017-11-26'),
(22143, 41, 68, b'0', b'0', b'0', b'0', b'0', '50', '2017-11-26', '2017-11-26'),
(22144, 41, 67, b'0', b'0', b'0', b'0', b'0', '50', '2017-11-26', '2017-11-26'),
(22145, 41, 69, b'0', b'0', b'0', b'0', b'0', '50', '2017-11-26', '2017-11-26'),
(22146, 41, 70, b'0', b'0', b'0', b'0', b'0', '50', '2017-11-26', '2017-11-26'),
(22147, 41, 71, b'1', b'0', b'1', b'1', b'1', '50', '2017-11-26', '2017-11-26'),
(22148, 41, 72, b'1', b'0', b'1', b'1', b'1', '50', '2017-11-26', '2017-11-26'),
(22149, 41, 73, b'0', b'0', b'0', b'0', b'0', '50', '2017-11-26', '2017-11-26'),
(22150, 41, 74, b'0', b'0', b'0', b'0', b'0', '50', '2017-11-26', '2017-11-26'),
(22151, 41, 77, b'1', b'0', b'1', b'1', b'1', '50', '2017-11-26', '2017-11-26'),
(22152, 41, 78, b'1', b'0', b'1', b'1', b'1', '50', '2017-11-26', '2017-11-26'),
(22153, 41, 79, b'1', b'0', b'1', b'1', b'1', '50', '2017-11-26', '2017-11-26'),
(22154, 41, 86, b'1', b'0', b'1', b'1', b'1', '50', '2017-11-26', '2017-11-26'),
(22155, 41, 29, b'1', b'0', b'1', b'1', b'1', '50', '2017-11-26', '2017-11-26'),
(22156, 41, 38, b'1', b'0', b'1', b'1', b'1', '50', '2017-11-26', '2017-11-26'),
(22157, 41, 39, b'1', b'0', b'1', b'1', b'1', '50', '2017-11-26', '2017-11-26'),
(22158, 41, 40, b'1', b'0', b'1', b'1', b'1', '50', '2017-11-26', '2017-11-26'),
(22159, 41, 41, b'1', b'0', b'1', b'1', b'1', '50', '2017-11-26', '2017-11-26'),
(22160, 41, 42, b'1', b'0', b'1', b'1', b'1', '50', '2017-11-26', '2017-11-26'),
(22161, 41, 80, b'1', b'0', b'1', b'1', b'1', '50', '2017-11-26', '2017-11-26'),
(22162, 41, 82, b'1', b'0', b'1', b'1', b'1', '50', '2017-11-26', '2017-11-26'),
(22163, 41, 83, b'1', b'0', b'1', b'1', b'1', '50', '2017-11-26', '2017-11-26'),
(22164, 41, 85, b'1', b'0', b'1', b'1', b'1', '50', '2017-11-26', '2017-11-26'),
(22402, 45, 1, b'1', b'0', b'0', b'0', b'0', '50', '2017-11-26', '2017-11-26'),
(22403, 45, 2, b'0', b'0', b'0', b'0', b'0', '50', '2017-11-26', '2017-11-26'),
(22404, 45, 3, b'0', b'0', b'0', b'0', b'0', '50', '2017-11-26', '2017-11-26'),
(22405, 45, 30, b'1', b'0', b'0', b'0', b'0', '50', '2017-11-26', '2017-11-26'),
(22406, 45, 35, b'0', b'0', b'0', b'0', b'0', '50', '2017-11-26', '2017-11-26');
INSERT INTO `menu_role` (`ID`, `ROLE_ID`, `MENU_ID`, `IS_ACTIVE`, `IS_REQUIRED_ACTION`, `IS_CREATE`, `IS_EDIT`, `IS_DELETE`, `UPDATE_BY`, `CREATE_DATE`, `UPDATE_DATE`) VALUES
(22407, 45, 50, b'0', b'0', b'0', b'0', b'0', '50', '2017-11-26', '2017-11-26'),
(22408, 45, 51, b'1', b'0', b'0', b'0', b'0', '50', '2017-11-26', '2017-11-26'),
(22409, 45, 52, b'0', b'0', b'0', b'0', b'0', '50', '2017-11-26', '2017-11-26'),
(22410, 45, 53, b'0', b'0', b'0', b'0', b'0', '50', '2017-11-26', '2017-11-26'),
(22411, 45, 20, b'0', b'0', b'0', b'0', b'0', '50', '2017-11-26', '2017-11-26'),
(22412, 45, 23, b'1', b'0', b'1', b'1', b'1', '50', '2017-11-26', '2017-11-26'),
(22413, 45, 21, b'1', b'0', b'0', b'0', b'0', '50', '2017-11-26', '2017-11-26'),
(22414, 45, 31, b'1', b'0', b'1', b'1', b'1', '50', '2017-11-26', '2017-11-26'),
(22415, 45, 32, b'1', b'0', b'1', b'1', b'1', '50', '2017-11-26', '2017-11-26'),
(22416, 45, 15, b'0', b'0', b'0', b'0', b'0', '50', '2017-11-26', '2017-11-26'),
(22417, 45, 16, b'0', b'0', b'0', b'0', b'0', '50', '2017-11-26', '2017-11-26'),
(22418, 45, 4, b'0', b'0', b'0', b'0', b'0', '50', '2017-11-26', '2017-11-26'),
(22419, 45, 5, b'0', b'0', b'0', b'0', b'0', '50', '2017-11-26', '2017-11-26'),
(22420, 45, 6, b'0', b'0', b'0', b'0', b'0', '50', '2017-11-26', '2017-11-26'),
(22421, 45, 7, b'0', b'0', b'0', b'0', b'0', '50', '2017-11-26', '2017-11-26'),
(22422, 45, 8, b'0', b'0', b'0', b'0', b'0', '50', '2017-11-26', '2017-11-26'),
(22423, 45, 9, b'0', b'0', b'0', b'0', b'0', '50', '2017-11-26', '2017-11-26'),
(22424, 45, 10, b'0', b'0', b'0', b'0', b'0', '50', '2017-11-26', '2017-11-26'),
(22425, 45, 11, b'0', b'0', b'0', b'0', b'0', '50', '2017-11-26', '2017-11-26'),
(22426, 45, 12, b'0', b'0', b'0', b'0', b'0', '50', '2017-11-26', '2017-11-26'),
(22427, 45, 13, b'0', b'0', b'0', b'0', b'0', '50', '2017-11-26', '2017-11-26'),
(22428, 45, 14, b'0', b'0', b'0', b'0', b'0', '50', '2017-11-26', '2017-11-26'),
(22429, 45, 25, b'0', b'0', b'0', b'0', b'0', '50', '2017-11-26', '2017-11-26'),
(22430, 45, 26, b'0', b'0', b'0', b'0', b'0', '50', '2017-11-26', '2017-11-26'),
(22431, 45, 28, b'0', b'0', b'0', b'0', b'0', '50', '2017-11-26', '2017-11-26'),
(22432, 45, 45, b'0', b'0', b'0', b'0', b'0', '50', '2017-11-26', '2017-11-26'),
(22433, 45, 54, b'0', b'0', b'0', b'0', b'0', '50', '2017-11-26', '2017-11-26'),
(22434, 45, 55, b'0', b'0', b'0', b'0', b'0', '50', '2017-11-26', '2017-11-26'),
(22435, 45, 56, b'0', b'0', b'0', b'0', b'0', '50', '2017-11-26', '2017-11-26'),
(22436, 45, 57, b'0', b'0', b'0', b'0', b'0', '50', '2017-11-26', '2017-11-26'),
(22437, 45, 58, b'0', b'0', b'0', b'0', b'0', '50', '2017-11-26', '2017-11-26'),
(22438, 45, 59, b'0', b'0', b'0', b'0', b'0', '50', '2017-11-26', '2017-11-26'),
(22439, 45, 81, b'0', b'0', b'0', b'0', b'0', '50', '2017-11-26', '2017-11-26'),
(22440, 45, 84, b'0', b'0', b'0', b'0', b'0', '50', '2017-11-26', '2017-11-26'),
(22441, 45, 34, b'1', b'0', b'1', b'1', b'1', '50', '2017-11-26', '2017-11-26'),
(22442, 45, 24, b'1', b'0', b'1', b'1', b'1', '50', '2017-11-26', '2017-11-26'),
(22443, 45, 36, b'0', b'0', b'0', b'0', b'0', '50', '2017-11-26', '2017-11-26'),
(22444, 45, 37, b'0', b'0', b'0', b'0', b'0', '50', '2017-11-26', '2017-11-26'),
(22445, 45, 75, b'1', b'0', b'0', b'0', b'0', '50', '2017-11-26', '2017-11-26'),
(22446, 45, 76, b'1', b'0', b'0', b'0', b'0', '50', '2017-11-26', '2017-11-26'),
(22447, 45, 19, b'0', b'0', b'0', b'0', b'0', '50', '2017-11-26', '2017-11-26'),
(22448, 45, 27, b'0', b'0', b'0', b'0', b'0', '50', '2017-11-26', '2017-11-26'),
(22449, 45, 18, b'0', b'0', b'0', b'0', b'0', '50', '2017-11-26', '2017-11-26'),
(22450, 45, 33, b'0', b'0', b'0', b'0', b'0', '50', '2017-11-26', '2017-11-26'),
(22451, 45, 22, b'0', b'0', b'0', b'0', b'0', '50', '2017-11-26', '2017-11-26'),
(22452, 45, 60, b'1', b'0', b'1', b'1', b'1', '50', '2017-11-26', '2017-11-26'),
(22453, 45, 61, b'0', b'0', b'0', b'0', b'0', '50', '2017-11-26', '2017-11-26'),
(22454, 45, 62, b'0', b'0', b'0', b'0', b'0', '50', '2017-11-26', '2017-11-26'),
(22455, 45, 63, b'0', b'0', b'0', b'0', b'0', '50', '2017-11-26', '2017-11-26'),
(22456, 45, 65, b'0', b'0', b'0', b'0', b'0', '50', '2017-11-26', '2017-11-26'),
(22457, 45, 64, b'0', b'0', b'0', b'0', b'0', '50', '2017-11-26', '2017-11-26'),
(22458, 45, 66, b'0', b'0', b'0', b'0', b'0', '50', '2017-11-26', '2017-11-26'),
(22459, 45, 68, b'0', b'0', b'0', b'0', b'0', '50', '2017-11-26', '2017-11-26'),
(22460, 45, 67, b'0', b'0', b'0', b'0', b'0', '50', '2017-11-26', '2017-11-26'),
(22461, 45, 69, b'0', b'0', b'0', b'0', b'0', '50', '2017-11-26', '2017-11-26'),
(22462, 45, 70, b'0', b'0', b'0', b'0', b'0', '50', '2017-11-26', '2017-11-26'),
(22463, 45, 71, b'0', b'0', b'0', b'0', b'0', '50', '2017-11-26', '2017-11-26'),
(22464, 45, 72, b'0', b'0', b'0', b'0', b'0', '50', '2017-11-26', '2017-11-26'),
(22465, 45, 73, b'0', b'0', b'0', b'0', b'0', '50', '2017-11-26', '2017-11-26'),
(22466, 45, 74, b'0', b'0', b'0', b'0', b'0', '50', '2017-11-26', '2017-11-26'),
(22467, 45, 77, b'1', b'0', b'1', b'1', b'1', '50', '2017-11-26', '2017-11-26'),
(22468, 45, 78, b'1', b'0', b'1', b'1', b'1', '50', '2017-11-26', '2017-11-26'),
(22469, 45, 79, b'1', b'0', b'1', b'1', b'1', '50', '2017-11-26', '2017-11-26'),
(22470, 45, 86, b'1', b'0', b'1', b'1', b'1', '50', '2017-11-26', '2017-11-26'),
(22471, 45, 29, b'1', b'0', b'1', b'1', b'1', '50', '2017-11-26', '2017-11-26'),
(22472, 45, 38, b'1', b'0', b'1', b'1', b'1', '50', '2017-11-26', '2017-11-26'),
(22473, 45, 39, b'1', b'0', b'1', b'1', b'1', '50', '2017-11-26', '2017-11-26'),
(22474, 45, 40, b'1', b'0', b'1', b'1', b'1', '50', '2017-11-26', '2017-11-26'),
(22475, 45, 41, b'1', b'0', b'1', b'1', b'1', '50', '2017-11-26', '2017-11-26'),
(22476, 45, 42, b'1', b'0', b'1', b'1', b'1', '50', '2017-11-26', '2017-11-26'),
(22477, 45, 80, b'1', b'0', b'1', b'1', b'1', '50', '2017-11-26', '2017-11-26'),
(22478, 45, 82, b'1', b'0', b'1', b'1', b'1', '50', '2017-11-26', '2017-11-26'),
(22479, 45, 83, b'1', b'0', b'1', b'1', b'1', '50', '2017-11-26', '2017-11-26'),
(22480, 45, 85, b'1', b'0', b'1', b'1', b'1', '50', '2017-11-26', '2017-11-26'),
(22481, 46, 1, b'1', b'0', b'0', b'0', b'0', '50', '2017-11-26', '2017-11-26'),
(22482, 46, 2, b'1', b'0', b'0', b'0', b'0', '50', '2017-11-26', '2017-11-26'),
(22483, 46, 3, b'0', b'0', b'0', b'0', b'0', '50', '2017-11-26', '2017-11-26'),
(22484, 46, 30, b'1', b'0', b'0', b'0', b'0', '50', '2017-11-26', '2017-11-26'),
(22485, 46, 35, b'0', b'0', b'0', b'0', b'0', '50', '2017-11-26', '2017-11-26'),
(22486, 46, 50, b'0', b'0', b'0', b'0', b'0', '50', '2017-11-26', '2017-11-26'),
(22487, 46, 51, b'1', b'0', b'0', b'0', b'0', '50', '2017-11-26', '2017-11-26'),
(22488, 46, 52, b'0', b'0', b'0', b'0', b'0', '50', '2017-11-26', '2017-11-26'),
(22489, 46, 53, b'0', b'0', b'0', b'0', b'0', '50', '2017-11-26', '2017-11-26'),
(22490, 46, 20, b'0', b'0', b'0', b'0', b'0', '50', '2017-11-26', '2017-11-26'),
(22491, 46, 23, b'1', b'0', b'1', b'1', b'1', '50', '2017-11-26', '2017-11-26'),
(22492, 46, 21, b'1', b'0', b'0', b'0', b'0', '50', '2017-11-26', '2017-11-26'),
(22493, 46, 31, b'1', b'0', b'1', b'1', b'1', '50', '2017-11-26', '2017-11-26'),
(22494, 46, 32, b'1', b'0', b'1', b'1', b'1', '50', '2017-11-26', '2017-11-26'),
(22495, 46, 15, b'0', b'0', b'0', b'0', b'0', '50', '2017-11-26', '2017-11-26'),
(22496, 46, 16, b'0', b'0', b'0', b'0', b'0', '50', '2017-11-26', '2017-11-26'),
(22497, 46, 4, b'0', b'0', b'0', b'0', b'0', '50', '2017-11-26', '2017-11-26'),
(22498, 46, 5, b'0', b'0', b'0', b'0', b'0', '50', '2017-11-26', '2017-11-26'),
(22499, 46, 6, b'0', b'0', b'0', b'0', b'0', '50', '2017-11-26', '2017-11-26'),
(22500, 46, 7, b'0', b'0', b'0', b'0', b'0', '50', '2017-11-26', '2017-11-26'),
(22501, 46, 8, b'0', b'0', b'0', b'0', b'0', '50', '2017-11-26', '2017-11-26'),
(22502, 46, 9, b'0', b'0', b'0', b'0', b'0', '50', '2017-11-26', '2017-11-26'),
(22503, 46, 10, b'0', b'0', b'0', b'0', b'0', '50', '2017-11-26', '2017-11-26'),
(22504, 46, 11, b'0', b'0', b'0', b'0', b'0', '50', '2017-11-26', '2017-11-26'),
(22505, 46, 12, b'0', b'0', b'0', b'0', b'0', '50', '2017-11-26', '2017-11-26'),
(22506, 46, 13, b'0', b'0', b'0', b'0', b'0', '50', '2017-11-26', '2017-11-26'),
(22507, 46, 14, b'0', b'0', b'0', b'0', b'0', '50', '2017-11-26', '2017-11-26'),
(22508, 46, 25, b'0', b'0', b'0', b'0', b'0', '50', '2017-11-26', '2017-11-26'),
(22509, 46, 26, b'0', b'0', b'0', b'0', b'0', '50', '2017-11-26', '2017-11-26'),
(22510, 46, 28, b'0', b'0', b'0', b'0', b'0', '50', '2017-11-26', '2017-11-26'),
(22511, 46, 45, b'0', b'0', b'0', b'0', b'0', '50', '2017-11-26', '2017-11-26'),
(22512, 46, 54, b'0', b'0', b'0', b'0', b'0', '50', '2017-11-26', '2017-11-26'),
(22513, 46, 55, b'0', b'0', b'0', b'0', b'0', '50', '2017-11-26', '2017-11-26'),
(22514, 46, 56, b'0', b'0', b'0', b'0', b'0', '50', '2017-11-26', '2017-11-26'),
(22515, 46, 57, b'0', b'0', b'0', b'0', b'0', '50', '2017-11-26', '2017-11-26'),
(22516, 46, 58, b'0', b'0', b'0', b'0', b'0', '50', '2017-11-26', '2017-11-26'),
(22517, 46, 59, b'0', b'0', b'0', b'0', b'0', '50', '2017-11-26', '2017-11-26'),
(22518, 46, 81, b'0', b'0', b'0', b'0', b'0', '50', '2017-11-26', '2017-11-26'),
(22519, 46, 84, b'0', b'0', b'0', b'0', b'0', '50', '2017-11-26', '2017-11-26'),
(22520, 46, 34, b'1', b'0', b'1', b'1', b'1', '50', '2017-11-26', '2017-11-26'),
(22521, 46, 24, b'1', b'0', b'1', b'1', b'1', '50', '2017-11-26', '2017-11-26'),
(22522, 46, 36, b'0', b'0', b'0', b'0', b'0', '50', '2017-11-26', '2017-11-26'),
(22523, 46, 37, b'0', b'0', b'0', b'0', b'0', '50', '2017-11-26', '2017-11-26'),
(22524, 46, 75, b'1', b'0', b'0', b'0', b'0', '50', '2017-11-26', '2017-11-26'),
(22525, 46, 76, b'1', b'0', b'0', b'0', b'0', '50', '2017-11-26', '2017-11-26'),
(22526, 46, 19, b'0', b'0', b'0', b'0', b'0', '50', '2017-11-26', '2017-11-26'),
(22527, 46, 27, b'0', b'0', b'0', b'0', b'0', '50', '2017-11-26', '2017-11-26'),
(22528, 46, 18, b'0', b'0', b'0', b'0', b'0', '50', '2017-11-26', '2017-11-26'),
(22529, 46, 33, b'0', b'0', b'0', b'0', b'0', '50', '2017-11-26', '2017-11-26'),
(22530, 46, 22, b'0', b'0', b'0', b'0', b'0', '50', '2017-11-26', '2017-11-26'),
(22531, 46, 60, b'1', b'0', b'1', b'1', b'1', '50', '2017-11-26', '2017-11-26'),
(22532, 46, 61, b'0', b'0', b'0', b'0', b'0', '50', '2017-11-26', '2017-11-26'),
(22533, 46, 62, b'0', b'0', b'0', b'0', b'0', '50', '2017-11-26', '2017-11-26'),
(22534, 46, 63, b'0', b'0', b'0', b'0', b'0', '50', '2017-11-26', '2017-11-26'),
(22535, 46, 65, b'0', b'0', b'0', b'0', b'0', '50', '2017-11-26', '2017-11-26'),
(22536, 46, 64, b'0', b'0', b'0', b'0', b'0', '50', '2017-11-26', '2017-11-26'),
(22537, 46, 66, b'0', b'0', b'0', b'0', b'0', '50', '2017-11-26', '2017-11-26'),
(22538, 46, 68, b'0', b'0', b'0', b'0', b'0', '50', '2017-11-26', '2017-11-26'),
(22539, 46, 67, b'0', b'0', b'0', b'0', b'0', '50', '2017-11-26', '2017-11-26'),
(22540, 46, 69, b'0', b'0', b'0', b'0', b'0', '50', '2017-11-26', '2017-11-26'),
(22541, 46, 70, b'0', b'0', b'0', b'0', b'0', '50', '2017-11-26', '2017-11-26'),
(22542, 46, 71, b'0', b'0', b'0', b'0', b'0', '50', '2017-11-26', '2017-11-26'),
(22543, 46, 72, b'0', b'0', b'0', b'0', b'0', '50', '2017-11-26', '2017-11-26'),
(22544, 46, 73, b'0', b'0', b'0', b'0', b'0', '50', '2017-11-26', '2017-11-26'),
(22545, 46, 74, b'0', b'0', b'0', b'0', b'0', '50', '2017-11-26', '2017-11-26'),
(22546, 46, 77, b'1', b'0', b'1', b'1', b'1', '50', '2017-11-26', '2017-11-26'),
(22547, 46, 78, b'1', b'0', b'1', b'1', b'1', '50', '2017-11-26', '2017-11-26'),
(22548, 46, 79, b'1', b'0', b'1', b'1', b'1', '50', '2017-11-26', '2017-11-26'),
(22549, 46, 86, b'1', b'0', b'1', b'1', b'1', '50', '2017-11-26', '2017-11-26'),
(22550, 46, 29, b'1', b'0', b'1', b'1', b'1', '50', '2017-11-26', '2017-11-26'),
(22551, 46, 38, b'1', b'0', b'1', b'1', b'1', '50', '2017-11-26', '2017-11-26'),
(22552, 46, 39, b'1', b'0', b'1', b'1', b'1', '50', '2017-11-26', '2017-11-26'),
(22553, 46, 40, b'1', b'0', b'1', b'1', b'1', '50', '2017-11-26', '2017-11-26'),
(22554, 46, 41, b'1', b'0', b'1', b'1', b'1', '50', '2017-11-26', '2017-11-26'),
(22555, 46, 42, b'1', b'0', b'1', b'1', b'1', '50', '2017-11-26', '2017-11-26'),
(22556, 46, 80, b'1', b'0', b'1', b'1', b'1', '50', '2017-11-26', '2017-11-26'),
(22557, 46, 82, b'1', b'0', b'1', b'1', b'1', '50', '2017-11-26', '2017-11-26'),
(22558, 46, 83, b'1', b'0', b'1', b'1', b'1', '50', '2017-11-26', '2017-11-26'),
(22559, 46, 85, b'1', b'0', b'1', b'1', b'1', '50', '2017-11-26', '2017-11-26'),
(22639, 48, 1, b'1', b'0', b'0', b'0', b'0', '50', '2017-11-26', '2017-11-26'),
(22640, 48, 2, b'0', b'0', b'0', b'0', b'0', '50', '2017-11-26', '2017-11-26'),
(22641, 48, 3, b'0', b'0', b'0', b'0', b'0', '50', '2017-11-26', '2017-11-26'),
(22642, 48, 30, b'1', b'0', b'0', b'0', b'0', '50', '2017-11-26', '2017-11-26'),
(22643, 48, 35, b'0', b'0', b'0', b'0', b'0', '50', '2017-11-26', '2017-11-26'),
(22644, 48, 50, b'0', b'0', b'0', b'0', b'0', '50', '2017-11-26', '2017-11-26'),
(22645, 48, 51, b'0', b'0', b'0', b'0', b'0', '50', '2017-11-26', '2017-11-26'),
(22646, 48, 52, b'0', b'0', b'0', b'0', b'0', '50', '2017-11-26', '2017-11-26'),
(22647, 48, 53, b'1', b'0', b'0', b'0', b'0', '50', '2017-11-26', '2017-11-26'),
(22648, 48, 20, b'1', b'0', b'1', b'1', b'1', '50', '2017-11-26', '2017-11-26'),
(22649, 48, 23, b'1', b'0', b'1', b'1', b'1', '50', '2017-11-26', '2017-11-26'),
(22650, 48, 21, b'1', b'0', b'0', b'0', b'0', '50', '2017-11-26', '2017-11-26'),
(22651, 48, 31, b'1', b'0', b'1', b'1', b'1', '50', '2017-11-26', '2017-11-26'),
(22652, 48, 32, b'1', b'0', b'1', b'1', b'1', '50', '2017-11-26', '2017-11-26'),
(22653, 48, 15, b'0', b'0', b'0', b'0', b'0', '50', '2017-11-26', '2017-11-26'),
(22654, 48, 16, b'0', b'0', b'0', b'0', b'0', '50', '2017-11-26', '2017-11-26'),
(22655, 48, 4, b'0', b'0', b'0', b'0', b'0', '50', '2017-11-26', '2017-11-26'),
(22656, 48, 5, b'0', b'0', b'0', b'0', b'0', '50', '2017-11-26', '2017-11-26'),
(22657, 48, 6, b'0', b'0', b'0', b'0', b'0', '50', '2017-11-26', '2017-11-26'),
(22658, 48, 7, b'0', b'0', b'0', b'0', b'0', '50', '2017-11-26', '2017-11-26'),
(22659, 48, 8, b'0', b'0', b'0', b'0', b'0', '50', '2017-11-26', '2017-11-26'),
(22660, 48, 9, b'0', b'0', b'0', b'0', b'0', '50', '2017-11-26', '2017-11-26'),
(22661, 48, 10, b'0', b'0', b'0', b'0', b'0', '50', '2017-11-26', '2017-11-26'),
(22662, 48, 11, b'0', b'0', b'0', b'0', b'0', '50', '2017-11-26', '2017-11-26'),
(22663, 48, 12, b'0', b'0', b'0', b'0', b'0', '50', '2017-11-26', '2017-11-26'),
(22664, 48, 13, b'0', b'0', b'0', b'0', b'0', '50', '2017-11-26', '2017-11-26'),
(22665, 48, 14, b'0', b'0', b'0', b'0', b'0', '50', '2017-11-26', '2017-11-26'),
(22666, 48, 25, b'0', b'0', b'0', b'0', b'0', '50', '2017-11-26', '2017-11-26'),
(22667, 48, 26, b'0', b'0', b'0', b'0', b'0', '50', '2017-11-26', '2017-11-26'),
(22668, 48, 28, b'0', b'0', b'0', b'0', b'0', '50', '2017-11-26', '2017-11-26'),
(22669, 48, 45, b'0', b'0', b'0', b'0', b'0', '50', '2017-11-26', '2017-11-26'),
(22670, 48, 54, b'0', b'0', b'0', b'0', b'0', '50', '2017-11-26', '2017-11-26'),
(22671, 48, 55, b'0', b'0', b'0', b'0', b'0', '50', '2017-11-26', '2017-11-26'),
(22672, 48, 56, b'0', b'0', b'0', b'0', b'0', '50', '2017-11-26', '2017-11-26'),
(22673, 48, 57, b'0', b'0', b'0', b'0', b'0', '50', '2017-11-26', '2017-11-26'),
(22674, 48, 58, b'0', b'0', b'0', b'0', b'0', '50', '2017-11-26', '2017-11-26'),
(22675, 48, 59, b'0', b'0', b'0', b'0', b'0', '50', '2017-11-26', '2017-11-26'),
(22676, 48, 81, b'0', b'0', b'0', b'0', b'0', '50', '2017-11-26', '2017-11-26'),
(22677, 48, 84, b'0', b'0', b'0', b'0', b'0', '50', '2017-11-26', '2017-11-26'),
(22678, 48, 34, b'1', b'0', b'1', b'1', b'1', '50', '2017-11-26', '2017-11-26'),
(22679, 48, 24, b'1', b'0', b'1', b'1', b'1', '50', '2017-11-26', '2017-11-26'),
(22680, 48, 36, b'0', b'0', b'0', b'0', b'0', '50', '2017-11-26', '2017-11-26'),
(22681, 48, 37, b'0', b'0', b'0', b'0', b'0', '50', '2017-11-26', '2017-11-26'),
(22682, 48, 75, b'1', b'0', b'0', b'0', b'0', '50', '2017-11-26', '2017-11-26'),
(22683, 48, 76, b'1', b'0', b'0', b'0', b'0', '50', '2017-11-26', '2017-11-26'),
(22684, 48, 19, b'0', b'0', b'0', b'0', b'0', '50', '2017-11-26', '2017-11-26'),
(22685, 48, 27, b'0', b'0', b'0', b'0', b'0', '50', '2017-11-26', '2017-11-26'),
(22686, 48, 18, b'0', b'0', b'0', b'0', b'0', '50', '2017-11-26', '2017-11-26'),
(22687, 48, 33, b'0', b'0', b'0', b'0', b'0', '50', '2017-11-26', '2017-11-26'),
(22688, 48, 22, b'0', b'0', b'0', b'0', b'0', '50', '2017-11-26', '2017-11-26'),
(22689, 48, 60, b'0', b'0', b'0', b'0', b'0', '50', '2017-11-26', '2017-11-26'),
(22690, 48, 61, b'0', b'0', b'0', b'0', b'0', '50', '2017-11-26', '2017-11-26'),
(22691, 48, 62, b'0', b'0', b'0', b'0', b'0', '50', '2017-11-26', '2017-11-26'),
(22692, 48, 63, b'0', b'0', b'0', b'0', b'0', '50', '2017-11-26', '2017-11-26'),
(22693, 48, 65, b'0', b'0', b'0', b'0', b'0', '50', '2017-11-26', '2017-11-26'),
(22694, 48, 64, b'0', b'0', b'0', b'0', b'0', '50', '2017-11-26', '2017-11-26'),
(22695, 48, 66, b'1', b'0', b'1', b'1', b'1', '50', '2017-11-26', '2017-11-26'),
(22696, 48, 68, b'1', b'0', b'0', b'0', b'0', '50', '2017-11-26', '2017-11-26'),
(22697, 48, 67, b'1', b'0', b'1', b'1', b'1', '50', '2017-11-26', '2017-11-26'),
(22698, 48, 69, b'0', b'0', b'0', b'0', b'0', '50', '2017-11-26', '2017-11-26'),
(22699, 48, 70, b'0', b'0', b'0', b'0', b'0', '50', '2017-11-26', '2017-11-26'),
(22700, 48, 71, b'0', b'0', b'0', b'0', b'0', '50', '2017-11-26', '2017-11-26'),
(22701, 48, 72, b'0', b'0', b'0', b'0', b'0', '50', '2017-11-26', '2017-11-26'),
(22702, 48, 73, b'1', b'0', b'1', b'1', b'1', '50', '2017-11-26', '2017-11-26'),
(22703, 48, 74, b'1', b'0', b'1', b'1', b'1', '50', '2017-11-26', '2017-11-26'),
(22704, 48, 77, b'1', b'0', b'1', b'1', b'1', '50', '2017-11-26', '2017-11-26'),
(22705, 48, 78, b'1', b'0', b'1', b'1', b'1', '50', '2017-11-26', '2017-11-26'),
(22706, 48, 79, b'1', b'0', b'1', b'1', b'1', '50', '2017-11-26', '2017-11-26'),
(22707, 48, 86, b'1', b'0', b'1', b'1', b'1', '50', '2017-11-26', '2017-11-26'),
(22708, 48, 29, b'1', b'0', b'1', b'1', b'1', '50', '2017-11-26', '2017-11-26'),
(22709, 48, 38, b'1', b'0', b'1', b'1', b'1', '50', '2017-11-26', '2017-11-26'),
(22710, 48, 39, b'1', b'0', b'1', b'1', b'1', '50', '2017-11-26', '2017-11-26'),
(22711, 48, 40, b'1', b'0', b'1', b'1', b'1', '50', '2017-11-26', '2017-11-26'),
(22712, 48, 41, b'1', b'0', b'1', b'1', b'1', '50', '2017-11-26', '2017-11-26'),
(22713, 48, 42, b'1', b'0', b'1', b'1', b'1', '50', '2017-11-26', '2017-11-26'),
(22714, 48, 80, b'1', b'0', b'1', b'1', b'1', '50', '2017-11-26', '2017-11-26'),
(22715, 48, 82, b'1', b'0', b'1', b'1', b'1', '50', '2017-11-26', '2017-11-26'),
(22716, 48, 83, b'1', b'0', b'1', b'1', b'1', '50', '2017-11-26', '2017-11-26'),
(22717, 48, 85, b'1', b'0', b'1', b'1', b'1', '50', '2017-11-26', '2017-11-26'),
(22876, 2, 1, b'1', b'0', b'0', b'0', b'0', '50', '2017-11-26', '2017-11-26'),
(22877, 2, 2, b'0', b'0', b'0', b'0', b'0', '50', '2017-11-26', '2017-11-26'),
(22878, 2, 3, b'0', b'0', b'0', b'0', b'0', '50', '2017-11-26', '2017-11-26'),
(22879, 2, 30, b'1', b'0', b'0', b'0', b'0', '50', '2017-11-26', '2017-11-26'),
(22880, 2, 35, b'0', b'0', b'0', b'0', b'0', '50', '2017-11-26', '2017-11-26'),
(22881, 2, 50, b'0', b'0', b'0', b'0', b'0', '50', '2017-11-26', '2017-11-26'),
(22882, 2, 51, b'1', b'0', b'0', b'0', b'0', '50', '2017-11-26', '2017-11-26'),
(22883, 2, 52, b'0', b'0', b'0', b'0', b'0', '50', '2017-11-26', '2017-11-26'),
(22884, 2, 53, b'0', b'0', b'0', b'0', b'0', '50', '2017-11-26', '2017-11-26'),
(22885, 2, 20, b'1', b'0', b'1', b'1', b'1', '50', '2017-11-26', '2017-11-26'),
(22886, 2, 23, b'1', b'0', b'1', b'1', b'1', '50', '2017-11-26', '2017-11-26'),
(22887, 2, 21, b'1', b'0', b'0', b'0', b'0', '50', '2017-11-26', '2017-11-26'),
(22888, 2, 31, b'1', b'0', b'1', b'1', b'1', '50', '2017-11-26', '2017-11-26'),
(22889, 2, 32, b'1', b'0', b'1', b'1', b'1', '50', '2017-11-26', '2017-11-26'),
(22890, 2, 15, b'0', b'0', b'0', b'0', b'0', '50', '2017-11-26', '2017-11-26'),
(22891, 2, 16, b'0', b'0', b'0', b'0', b'0', '50', '2017-11-26', '2017-11-26'),
(22892, 2, 4, b'0', b'0', b'0', b'0', b'0', '50', '2017-11-26', '2017-11-26'),
(22893, 2, 5, b'0', b'0', b'0', b'0', b'0', '50', '2017-11-26', '2017-11-26'),
(22894, 2, 6, b'0', b'0', b'0', b'0', b'0', '50', '2017-11-26', '2017-11-26'),
(22895, 2, 7, b'0', b'0', b'0', b'0', b'0', '50', '2017-11-26', '2017-11-26'),
(22896, 2, 8, b'0', b'0', b'0', b'0', b'0', '50', '2017-11-26', '2017-11-26'),
(22897, 2, 9, b'0', b'0', b'0', b'0', b'0', '50', '2017-11-26', '2017-11-26'),
(22898, 2, 10, b'0', b'0', b'0', b'0', b'0', '50', '2017-11-26', '2017-11-26'),
(22899, 2, 11, b'0', b'0', b'0', b'0', b'0', '50', '2017-11-26', '2017-11-26'),
(22900, 2, 12, b'0', b'0', b'0', b'0', b'0', '50', '2017-11-26', '2017-11-26'),
(22901, 2, 13, b'0', b'0', b'0', b'0', b'0', '50', '2017-11-26', '2017-11-26'),
(22902, 2, 14, b'0', b'0', b'0', b'0', b'0', '50', '2017-11-26', '2017-11-26'),
(22903, 2, 25, b'0', b'0', b'0', b'0', b'0', '50', '2017-11-26', '2017-11-26'),
(22904, 2, 26, b'0', b'0', b'0', b'0', b'0', '50', '2017-11-26', '2017-11-26'),
(22905, 2, 28, b'0', b'0', b'0', b'0', b'0', '50', '2017-11-26', '2017-11-26'),
(22906, 2, 45, b'0', b'0', b'0', b'0', b'0', '50', '2017-11-26', '2017-11-26'),
(22907, 2, 54, b'0', b'0', b'0', b'0', b'0', '50', '2017-11-26', '2017-11-26'),
(22908, 2, 55, b'0', b'0', b'0', b'0', b'0', '50', '2017-11-26', '2017-11-26'),
(22909, 2, 56, b'0', b'0', b'0', b'0', b'0', '50', '2017-11-26', '2017-11-26'),
(22910, 2, 57, b'0', b'0', b'0', b'0', b'0', '50', '2017-11-26', '2017-11-26'),
(22911, 2, 58, b'0', b'0', b'0', b'0', b'0', '50', '2017-11-26', '2017-11-26'),
(22912, 2, 59, b'0', b'0', b'0', b'0', b'0', '50', '2017-11-26', '2017-11-26'),
(22913, 2, 81, b'0', b'0', b'0', b'0', b'0', '50', '2017-11-26', '2017-11-26'),
(22914, 2, 84, b'0', b'0', b'0', b'0', b'0', '50', '2017-11-26', '2017-11-26'),
(22915, 2, 34, b'1', b'0', b'1', b'1', b'1', '50', '2017-11-26', '2017-11-26'),
(22916, 2, 24, b'1', b'0', b'1', b'1', b'1', '50', '2017-11-26', '2017-11-26'),
(22917, 2, 36, b'0', b'0', b'0', b'0', b'0', '50', '2017-11-26', '2017-11-26'),
(22918, 2, 37, b'0', b'0', b'0', b'0', b'0', '50', '2017-11-26', '2017-11-26'),
(22919, 2, 75, b'1', b'0', b'0', b'0', b'0', '50', '2017-11-26', '2017-11-26'),
(22920, 2, 76, b'1', b'0', b'0', b'0', b'0', '50', '2017-11-26', '2017-11-26'),
(22921, 2, 19, b'0', b'0', b'0', b'0', b'0', '50', '2017-11-26', '2017-11-26'),
(22922, 2, 27, b'0', b'0', b'0', b'0', b'0', '50', '2017-11-26', '2017-11-26'),
(22923, 2, 18, b'0', b'0', b'0', b'0', b'0', '50', '2017-11-26', '2017-11-26'),
(22924, 2, 33, b'0', b'0', b'0', b'0', b'0', '50', '2017-11-26', '2017-11-26'),
(22925, 2, 22, b'0', b'0', b'0', b'0', b'0', '50', '2017-11-26', '2017-11-26'),
(22926, 2, 60, b'1', b'0', b'1', b'1', b'1', '50', '2017-11-26', '2017-11-26'),
(22927, 2, 61, b'0', b'0', b'0', b'0', b'0', '50', '2017-11-26', '2017-11-26'),
(22928, 2, 62, b'0', b'0', b'0', b'0', b'0', '50', '2017-11-26', '2017-11-26'),
(22929, 2, 63, b'0', b'0', b'0', b'0', b'0', '50', '2017-11-26', '2017-11-26'),
(22930, 2, 65, b'0', b'0', b'0', b'0', b'0', '50', '2017-11-26', '2017-11-26'),
(22931, 2, 64, b'0', b'0', b'0', b'0', b'0', '50', '2017-11-26', '2017-11-26'),
(22932, 2, 66, b'0', b'0', b'0', b'0', b'0', '50', '2017-11-26', '2017-11-26'),
(22933, 2, 68, b'0', b'0', b'0', b'0', b'0', '50', '2017-11-26', '2017-11-26'),
(22934, 2, 67, b'0', b'0', b'0', b'0', b'0', '50', '2017-11-26', '2017-11-26'),
(22935, 2, 69, b'0', b'0', b'0', b'0', b'0', '50', '2017-11-26', '2017-11-26'),
(22936, 2, 70, b'0', b'0', b'0', b'0', b'0', '50', '2017-11-26', '2017-11-26'),
(22937, 2, 71, b'0', b'0', b'0', b'0', b'0', '50', '2017-11-26', '2017-11-26'),
(22938, 2, 72, b'0', b'0', b'0', b'0', b'0', '50', '2017-11-26', '2017-11-26'),
(22939, 2, 73, b'0', b'0', b'0', b'0', b'0', '50', '2017-11-26', '2017-11-26'),
(22940, 2, 74, b'0', b'0', b'0', b'0', b'0', '50', '2017-11-26', '2017-11-26'),
(22941, 2, 77, b'1', b'0', b'1', b'1', b'1', '50', '2017-11-26', '2017-11-26'),
(22942, 2, 78, b'1', b'0', b'1', b'1', b'1', '50', '2017-11-26', '2017-11-26'),
(22943, 2, 79, b'1', b'0', b'1', b'1', b'1', '50', '2017-11-26', '2017-11-26'),
(22944, 2, 86, b'1', b'0', b'1', b'1', b'1', '50', '2017-11-26', '2017-11-26'),
(22945, 2, 29, b'1', b'0', b'1', b'1', b'1', '50', '2017-11-26', '2017-11-26'),
(22946, 2, 38, b'1', b'0', b'1', b'1', b'1', '50', '2017-11-26', '2017-11-26'),
(22947, 2, 39, b'1', b'0', b'1', b'1', b'1', '50', '2017-11-26', '2017-11-26'),
(22948, 2, 40, b'1', b'0', b'1', b'1', b'1', '50', '2017-11-26', '2017-11-26'),
(22949, 2, 41, b'1', b'0', b'1', b'1', b'1', '50', '2017-11-26', '2017-11-26'),
(22950, 2, 42, b'1', b'0', b'1', b'1', b'1', '50', '2017-11-26', '2017-11-26'),
(22951, 2, 80, b'1', b'0', b'1', b'1', b'1', '50', '2017-11-26', '2017-11-26'),
(22952, 2, 82, b'1', b'0', b'1', b'1', b'1', '50', '2017-11-26', '2017-11-26'),
(22953, 2, 83, b'1', b'0', b'1', b'1', b'1', '50', '2017-11-26', '2017-11-26'),
(22954, 2, 85, b'1', b'0', b'1', b'1', b'1', '50', '2017-11-26', '2017-11-26'),
(22955, 7, 1, b'0', b'0', b'0', b'0', b'0', '50', '2017-11-26', '2017-11-26'),
(22956, 7, 2, b'0', b'0', b'0', b'0', b'0', '50', '2017-11-26', '2017-11-26'),
(22957, 7, 3, b'0', b'0', b'0', b'0', b'0', '50', '2017-11-26', '2017-11-26'),
(22958, 7, 30, b'1', b'0', b'0', b'0', b'0', '50', '2017-11-26', '2017-11-26'),
(22959, 7, 35, b'0', b'0', b'0', b'0', b'0', '50', '2017-11-26', '2017-11-26'),
(22960, 7, 50, b'0', b'0', b'0', b'0', b'0', '50', '2017-11-26', '2017-11-26'),
(22961, 7, 51, b'0', b'0', b'0', b'0', b'0', '50', '2017-11-26', '2017-11-26'),
(22962, 7, 52, b'0', b'0', b'0', b'0', b'0', '50', '2017-11-26', '2017-11-26'),
(22963, 7, 53, b'0', b'0', b'0', b'0', b'0', '50', '2017-11-26', '2017-11-26'),
(22964, 7, 20, b'0', b'0', b'0', b'0', b'0', '50', '2017-11-26', '2017-11-26'),
(22965, 7, 23, b'0', b'0', b'0', b'0', b'0', '50', '2017-11-26', '2017-11-26'),
(22966, 7, 21, b'0', b'0', b'0', b'0', b'0', '50', '2017-11-26', '2017-11-26'),
(22967, 7, 31, b'0', b'0', b'0', b'0', b'0', '50', '2017-11-26', '2017-11-26'),
(22968, 7, 32, b'0', b'0', b'0', b'0', b'0', '50', '2017-11-26', '2017-11-26'),
(22969, 7, 15, b'0', b'0', b'0', b'0', b'0', '50', '2017-11-26', '2017-11-26'),
(22970, 7, 16, b'0', b'0', b'0', b'0', b'0', '50', '2017-11-26', '2017-11-26'),
(22971, 7, 4, b'0', b'0', b'0', b'0', b'0', '50', '2017-11-26', '2017-11-26'),
(22972, 7, 5, b'0', b'0', b'0', b'0', b'0', '50', '2017-11-26', '2017-11-26'),
(22973, 7, 6, b'0', b'0', b'0', b'0', b'0', '50', '2017-11-26', '2017-11-26'),
(22974, 7, 7, b'0', b'0', b'0', b'0', b'0', '50', '2017-11-26', '2017-11-26'),
(22975, 7, 8, b'0', b'0', b'0', b'0', b'0', '50', '2017-11-26', '2017-11-26'),
(22976, 7, 9, b'0', b'0', b'0', b'0', b'0', '50', '2017-11-26', '2017-11-26'),
(22977, 7, 10, b'0', b'0', b'0', b'0', b'0', '50', '2017-11-26', '2017-11-26'),
(22978, 7, 11, b'0', b'0', b'0', b'0', b'0', '50', '2017-11-26', '2017-11-26'),
(22979, 7, 12, b'0', b'0', b'0', b'0', b'0', '50', '2017-11-26', '2017-11-26'),
(22980, 7, 13, b'0', b'0', b'0', b'0', b'0', '50', '2017-11-26', '2017-11-26'),
(22981, 7, 14, b'0', b'0', b'0', b'0', b'0', '50', '2017-11-26', '2017-11-26'),
(22982, 7, 25, b'0', b'0', b'0', b'0', b'0', '50', '2017-11-26', '2017-11-26'),
(22983, 7, 26, b'0', b'0', b'0', b'0', b'0', '50', '2017-11-26', '2017-11-26'),
(22984, 7, 28, b'0', b'0', b'0', b'0', b'0', '50', '2017-11-26', '2017-11-26'),
(22985, 7, 45, b'0', b'0', b'0', b'0', b'0', '50', '2017-11-26', '2017-11-26'),
(22986, 7, 54, b'0', b'0', b'0', b'0', b'0', '50', '2017-11-26', '2017-11-26'),
(22987, 7, 55, b'0', b'0', b'0', b'0', b'0', '50', '2017-11-26', '2017-11-26'),
(22988, 7, 56, b'0', b'0', b'0', b'0', b'0', '50', '2017-11-26', '2017-11-26'),
(22989, 7, 57, b'0', b'0', b'0', b'0', b'0', '50', '2017-11-26', '2017-11-26'),
(22990, 7, 58, b'0', b'0', b'0', b'0', b'0', '50', '2017-11-26', '2017-11-26'),
(22991, 7, 59, b'0', b'0', b'0', b'0', b'0', '50', '2017-11-26', '2017-11-26'),
(22992, 7, 81, b'0', b'0', b'0', b'0', b'0', '50', '2017-11-26', '2017-11-26'),
(22993, 7, 84, b'0', b'0', b'0', b'0', b'0', '50', '2017-11-26', '2017-11-26'),
(22994, 7, 34, b'0', b'0', b'0', b'0', b'0', '50', '2017-11-26', '2017-11-26'),
(22995, 7, 24, b'0', b'0', b'0', b'0', b'0', '50', '2017-11-26', '2017-11-26'),
(22996, 7, 36, b'0', b'0', b'0', b'0', b'0', '50', '2017-11-26', '2017-11-26'),
(22997, 7, 37, b'0', b'0', b'0', b'0', b'0', '50', '2017-11-26', '2017-11-26'),
(22998, 7, 75, b'1', b'0', b'0', b'0', b'0', '50', '2017-11-26', '2017-11-26'),
(22999, 7, 76, b'1', b'0', b'0', b'0', b'0', '50', '2017-11-26', '2017-11-26'),
(23000, 7, 19, b'0', b'0', b'0', b'0', b'0', '50', '2017-11-26', '2017-11-26'),
(23001, 7, 27, b'0', b'0', b'0', b'0', b'0', '50', '2017-11-26', '2017-11-26'),
(23002, 7, 18, b'0', b'0', b'0', b'0', b'0', '50', '2017-11-26', '2017-11-26'),
(23003, 7, 33, b'0', b'0', b'0', b'0', b'0', '50', '2017-11-26', '2017-11-26'),
(23004, 7, 22, b'0', b'0', b'0', b'0', b'0', '50', '2017-11-26', '2017-11-26'),
(23005, 7, 60, b'0', b'0', b'0', b'0', b'0', '50', '2017-11-26', '2017-11-26'),
(23006, 7, 61, b'0', b'0', b'0', b'0', b'0', '50', '2017-11-26', '2017-11-26'),
(23007, 7, 62, b'0', b'0', b'0', b'0', b'0', '50', '2017-11-26', '2017-11-26'),
(23008, 7, 63, b'0', b'0', b'0', b'0', b'0', '50', '2017-11-26', '2017-11-26'),
(23009, 7, 65, b'0', b'0', b'0', b'0', b'0', '50', '2017-11-26', '2017-11-26'),
(23010, 7, 64, b'0', b'0', b'0', b'0', b'0', '50', '2017-11-26', '2017-11-26'),
(23011, 7, 66, b'0', b'0', b'0', b'0', b'0', '50', '2017-11-26', '2017-11-26'),
(23012, 7, 68, b'0', b'0', b'0', b'0', b'0', '50', '2017-11-26', '2017-11-26'),
(23013, 7, 67, b'0', b'0', b'0', b'0', b'0', '50', '2017-11-26', '2017-11-26'),
(23014, 7, 69, b'0', b'0', b'0', b'0', b'0', '50', '2017-11-26', '2017-11-26'),
(23015, 7, 70, b'0', b'0', b'0', b'0', b'0', '50', '2017-11-26', '2017-11-26'),
(23016, 7, 71, b'0', b'0', b'0', b'0', b'0', '50', '2017-11-26', '2017-11-26'),
(23017, 7, 72, b'0', b'0', b'0', b'0', b'0', '50', '2017-11-26', '2017-11-26'),
(23018, 7, 73, b'0', b'0', b'0', b'0', b'0', '50', '2017-11-26', '2017-11-26'),
(23019, 7, 74, b'0', b'0', b'0', b'0', b'0', '50', '2017-11-26', '2017-11-26'),
(23020, 7, 77, b'1', b'0', b'1', b'1', b'1', '50', '2017-11-26', '2017-11-26'),
(23021, 7, 78, b'1', b'0', b'1', b'1', b'1', '50', '2017-11-26', '2017-11-26'),
(23022, 7, 79, b'1', b'0', b'1', b'1', b'1', '50', '2017-11-26', '2017-11-26'),
(23023, 7, 86, b'1', b'0', b'1', b'1', b'1', '50', '2017-11-26', '2017-11-26'),
(23024, 7, 29, b'1', b'0', b'1', b'1', b'1', '50', '2017-11-26', '2017-11-26'),
(23025, 7, 38, b'1', b'0', b'1', b'1', b'1', '50', '2017-11-26', '2017-11-26'),
(23026, 7, 39, b'1', b'0', b'1', b'1', b'1', '50', '2017-11-26', '2017-11-26'),
(23027, 7, 40, b'1', b'0', b'1', b'1', b'1', '50', '2017-11-26', '2017-11-26'),
(23028, 7, 41, b'1', b'0', b'1', b'1', b'1', '50', '2017-11-26', '2017-11-26'),
(23029, 7, 42, b'1', b'0', b'1', b'1', b'1', '50', '2017-11-26', '2017-11-26'),
(23030, 7, 80, b'1', b'0', b'1', b'1', b'1', '50', '2017-11-26', '2017-11-26'),
(23031, 7, 82, b'1', b'0', b'1', b'1', b'1', '50', '2017-11-26', '2017-11-26'),
(23032, 7, 83, b'1', b'0', b'1', b'1', b'1', '50', '2017-11-26', '2017-11-26'),
(23033, 7, 85, b'1', b'0', b'1', b'1', b'1', '50', '2017-11-26', '2017-11-26'),
(23034, 10, 1, b'0', b'0', b'0', b'0', b'0', '50', '2017-11-26', '2017-11-26'),
(23035, 10, 2, b'0', b'0', b'0', b'0', b'0', '50', '2017-11-26', '2017-11-26'),
(23036, 10, 3, b'0', b'0', b'0', b'0', b'0', '50', '2017-11-26', '2017-11-26'),
(23037, 10, 30, b'1', b'0', b'0', b'0', b'0', '50', '2017-11-26', '2017-11-26'),
(23038, 10, 35, b'0', b'0', b'0', b'0', b'0', '50', '2017-11-26', '2017-11-26'),
(23039, 10, 50, b'0', b'0', b'0', b'0', b'0', '50', '2017-11-26', '2017-11-26'),
(23040, 10, 51, b'0', b'0', b'0', b'0', b'0', '50', '2017-11-26', '2017-11-26'),
(23041, 10, 52, b'0', b'0', b'0', b'0', b'0', '50', '2017-11-26', '2017-11-26'),
(23042, 10, 53, b'0', b'0', b'0', b'0', b'0', '50', '2017-11-26', '2017-11-26'),
(23043, 10, 20, b'0', b'0', b'0', b'0', b'0', '50', '2017-11-26', '2017-11-26'),
(23044, 10, 23, b'0', b'0', b'0', b'0', b'0', '50', '2017-11-26', '2017-11-26'),
(23045, 10, 21, b'0', b'0', b'0', b'0', b'0', '50', '2017-11-26', '2017-11-26'),
(23046, 10, 31, b'0', b'0', b'0', b'0', b'0', '50', '2017-11-26', '2017-11-26'),
(23047, 10, 32, b'0', b'0', b'0', b'0', b'0', '50', '2017-11-26', '2017-11-26'),
(23048, 10, 15, b'0', b'0', b'0', b'0', b'0', '50', '2017-11-26', '2017-11-26'),
(23049, 10, 16, b'0', b'0', b'0', b'0', b'0', '50', '2017-11-26', '2017-11-26'),
(23050, 10, 4, b'0', b'0', b'0', b'0', b'0', '50', '2017-11-26', '2017-11-26'),
(23051, 10, 5, b'0', b'0', b'0', b'0', b'0', '50', '2017-11-26', '2017-11-26'),
(23052, 10, 6, b'0', b'0', b'0', b'0', b'0', '50', '2017-11-26', '2017-11-26'),
(23053, 10, 7, b'0', b'0', b'0', b'0', b'0', '50', '2017-11-26', '2017-11-26'),
(23054, 10, 8, b'0', b'0', b'0', b'0', b'0', '50', '2017-11-26', '2017-11-26'),
(23055, 10, 9, b'0', b'0', b'0', b'0', b'0', '50', '2017-11-26', '2017-11-26'),
(23056, 10, 10, b'0', b'0', b'0', b'0', b'0', '50', '2017-11-26', '2017-11-26'),
(23057, 10, 11, b'0', b'0', b'0', b'0', b'0', '50', '2017-11-26', '2017-11-26'),
(23058, 10, 12, b'0', b'0', b'0', b'0', b'0', '50', '2017-11-26', '2017-11-26'),
(23059, 10, 13, b'0', b'0', b'0', b'0', b'0', '50', '2017-11-26', '2017-11-26'),
(23060, 10, 14, b'0', b'0', b'0', b'0', b'0', '50', '2017-11-26', '2017-11-26'),
(23061, 10, 25, b'0', b'0', b'0', b'0', b'0', '50', '2017-11-26', '2017-11-26'),
(23062, 10, 26, b'0', b'0', b'0', b'0', b'0', '50', '2017-11-26', '2017-11-26'),
(23063, 10, 28, b'0', b'0', b'0', b'0', b'0', '50', '2017-11-26', '2017-11-26'),
(23064, 10, 45, b'0', b'0', b'0', b'0', b'0', '50', '2017-11-26', '2017-11-26'),
(23065, 10, 54, b'0', b'0', b'0', b'0', b'0', '50', '2017-11-26', '2017-11-26'),
(23066, 10, 55, b'0', b'0', b'0', b'0', b'0', '50', '2017-11-26', '2017-11-26'),
(23067, 10, 56, b'0', b'0', b'0', b'0', b'0', '50', '2017-11-26', '2017-11-26'),
(23068, 10, 57, b'0', b'0', b'0', b'0', b'0', '50', '2017-11-26', '2017-11-26'),
(23069, 10, 58, b'0', b'0', b'0', b'0', b'0', '50', '2017-11-26', '2017-11-26'),
(23070, 10, 59, b'0', b'0', b'0', b'0', b'0', '50', '2017-11-26', '2017-11-26'),
(23071, 10, 81, b'0', b'0', b'0', b'0', b'0', '50', '2017-11-26', '2017-11-26'),
(23072, 10, 84, b'0', b'0', b'0', b'0', b'0', '50', '2017-11-26', '2017-11-26'),
(23073, 10, 34, b'0', b'0', b'0', b'0', b'0', '50', '2017-11-26', '2017-11-26'),
(23074, 10, 24, b'0', b'0', b'0', b'0', b'0', '50', '2017-11-26', '2017-11-26'),
(23075, 10, 36, b'0', b'0', b'0', b'0', b'0', '50', '2017-11-26', '2017-11-26'),
(23076, 10, 37, b'0', b'0', b'0', b'0', b'0', '50', '2017-11-26', '2017-11-26'),
(23077, 10, 75, b'1', b'0', b'0', b'0', b'0', '50', '2017-11-26', '2017-11-26'),
(23078, 10, 76, b'1', b'0', b'0', b'0', b'0', '50', '2017-11-26', '2017-11-26'),
(23079, 10, 19, b'0', b'0', b'0', b'0', b'0', '50', '2017-11-26', '2017-11-26'),
(23080, 10, 27, b'0', b'0', b'0', b'0', b'0', '50', '2017-11-26', '2017-11-26'),
(23081, 10, 18, b'0', b'0', b'0', b'0', b'0', '50', '2017-11-26', '2017-11-26'),
(23082, 10, 33, b'0', b'0', b'0', b'0', b'0', '50', '2017-11-26', '2017-11-26'),
(23083, 10, 22, b'0', b'0', b'0', b'0', b'0', '50', '2017-11-26', '2017-11-26'),
(23084, 10, 60, b'0', b'0', b'0', b'0', b'0', '50', '2017-11-26', '2017-11-26'),
(23085, 10, 61, b'0', b'0', b'0', b'0', b'0', '50', '2017-11-26', '2017-11-26'),
(23086, 10, 62, b'0', b'0', b'0', b'0', b'0', '50', '2017-11-26', '2017-11-26'),
(23087, 10, 63, b'0', b'0', b'0', b'0', b'0', '50', '2017-11-26', '2017-11-26'),
(23088, 10, 65, b'0', b'0', b'0', b'0', b'0', '50', '2017-11-26', '2017-11-26'),
(23089, 10, 64, b'0', b'0', b'0', b'0', b'0', '50', '2017-11-26', '2017-11-26'),
(23090, 10, 66, b'0', b'0', b'0', b'0', b'0', '50', '2017-11-26', '2017-11-26'),
(23091, 10, 68, b'0', b'0', b'0', b'0', b'0', '50', '2017-11-26', '2017-11-26'),
(23092, 10, 67, b'0', b'0', b'0', b'0', b'0', '50', '2017-11-26', '2017-11-26'),
(23093, 10, 69, b'0', b'0', b'0', b'0', b'0', '50', '2017-11-26', '2017-11-26'),
(23094, 10, 70, b'0', b'0', b'0', b'0', b'0', '50', '2017-11-26', '2017-11-26'),
(23095, 10, 71, b'0', b'0', b'0', b'0', b'0', '50', '2017-11-26', '2017-11-26'),
(23096, 10, 72, b'0', b'0', b'0', b'0', b'0', '50', '2017-11-26', '2017-11-26'),
(23097, 10, 73, b'0', b'0', b'0', b'0', b'0', '50', '2017-11-26', '2017-11-26'),
(23098, 10, 74, b'0', b'0', b'0', b'0', b'0', '50', '2017-11-26', '2017-11-26'),
(23099, 10, 77, b'1', b'0', b'1', b'1', b'1', '50', '2017-11-26', '2017-11-26'),
(23100, 10, 78, b'1', b'0', b'1', b'1', b'1', '50', '2017-11-26', '2017-11-26'),
(23101, 10, 79, b'1', b'0', b'1', b'1', b'1', '50', '2017-11-26', '2017-11-26'),
(23102, 10, 86, b'1', b'0', b'1', b'1', b'1', '50', '2017-11-26', '2017-11-26'),
(23103, 10, 29, b'1', b'0', b'1', b'1', b'1', '50', '2017-11-26', '2017-11-26'),
(23104, 10, 38, b'1', b'0', b'1', b'1', b'1', '50', '2017-11-26', '2017-11-26'),
(23105, 10, 39, b'1', b'0', b'1', b'1', b'1', '50', '2017-11-26', '2017-11-26'),
(23106, 10, 40, b'1', b'0', b'1', b'1', b'1', '50', '2017-11-26', '2017-11-26'),
(23107, 10, 41, b'1', b'0', b'1', b'1', b'1', '50', '2017-11-26', '2017-11-26'),
(23108, 10, 42, b'1', b'0', b'1', b'1', b'1', '50', '2017-11-26', '2017-11-26'),
(23109, 10, 80, b'1', b'0', b'1', b'1', b'1', '50', '2017-11-26', '2017-11-26'),
(23110, 10, 82, b'1', b'0', b'1', b'1', b'1', '50', '2017-11-26', '2017-11-26'),
(23111, 10, 83, b'1', b'0', b'1', b'1', b'1', '50', '2017-11-26', '2017-11-26'),
(23112, 10, 85, b'1', b'0', b'1', b'1', b'1', '50', '2017-11-26', '2017-11-26'),
(23113, 12, 1, b'0', b'0', b'0', b'0', b'0', '50', '2017-11-26', '2017-11-26'),
(23114, 12, 2, b'0', b'0', b'0', b'0', b'0', '50', '2017-11-26', '2017-11-26'),
(23115, 12, 3, b'0', b'0', b'0', b'0', b'0', '50', '2017-11-26', '2017-11-26'),
(23116, 12, 30, b'1', b'0', b'0', b'0', b'0', '50', '2017-11-26', '2017-11-26'),
(23117, 12, 35, b'0', b'0', b'0', b'0', b'0', '50', '2017-11-26', '2017-11-26'),
(23118, 12, 50, b'0', b'0', b'0', b'0', b'0', '50', '2017-11-26', '2017-11-26'),
(23119, 12, 51, b'0', b'0', b'0', b'0', b'0', '50', '2017-11-26', '2017-11-26'),
(23120, 12, 52, b'0', b'0', b'0', b'0', b'0', '50', '2017-11-26', '2017-11-26'),
(23121, 12, 53, b'0', b'0', b'0', b'0', b'0', '50', '2017-11-26', '2017-11-26'),
(23122, 12, 20, b'0', b'0', b'0', b'0', b'0', '50', '2017-11-26', '2017-11-26'),
(23123, 12, 23, b'0', b'0', b'0', b'0', b'0', '50', '2017-11-26', '2017-11-26'),
(23124, 12, 21, b'0', b'0', b'0', b'0', b'0', '50', '2017-11-26', '2017-11-26'),
(23125, 12, 31, b'0', b'0', b'0', b'0', b'0', '50', '2017-11-26', '2017-11-26'),
(23126, 12, 32, b'0', b'0', b'0', b'0', b'0', '50', '2017-11-26', '2017-11-26'),
(23127, 12, 15, b'0', b'0', b'0', b'0', b'0', '50', '2017-11-26', '2017-11-26'),
(23128, 12, 16, b'0', b'0', b'0', b'0', b'0', '50', '2017-11-26', '2017-11-26'),
(23129, 12, 4, b'0', b'0', b'0', b'0', b'0', '50', '2017-11-26', '2017-11-26'),
(23130, 12, 5, b'0', b'0', b'0', b'0', b'0', '50', '2017-11-26', '2017-11-26'),
(23131, 12, 6, b'0', b'0', b'0', b'0', b'0', '50', '2017-11-26', '2017-11-26'),
(23132, 12, 7, b'0', b'0', b'0', b'0', b'0', '50', '2017-11-26', '2017-11-26'),
(23133, 12, 8, b'0', b'0', b'0', b'0', b'0', '50', '2017-11-26', '2017-11-26'),
(23134, 12, 9, b'0', b'0', b'0', b'0', b'0', '50', '2017-11-26', '2017-11-26'),
(23135, 12, 10, b'0', b'0', b'0', b'0', b'0', '50', '2017-11-26', '2017-11-26'),
(23136, 12, 11, b'0', b'0', b'0', b'0', b'0', '50', '2017-11-26', '2017-11-26'),
(23137, 12, 12, b'0', b'0', b'0', b'0', b'0', '50', '2017-11-26', '2017-11-26'),
(23138, 12, 13, b'0', b'0', b'0', b'0', b'0', '50', '2017-11-26', '2017-11-26'),
(23139, 12, 14, b'0', b'0', b'0', b'0', b'0', '50', '2017-11-26', '2017-11-26'),
(23140, 12, 25, b'0', b'0', b'0', b'0', b'0', '50', '2017-11-26', '2017-11-26'),
(23141, 12, 26, b'0', b'0', b'0', b'0', b'0', '50', '2017-11-26', '2017-11-26'),
(23142, 12, 28, b'0', b'0', b'0', b'0', b'0', '50', '2017-11-26', '2017-11-26'),
(23143, 12, 45, b'0', b'0', b'0', b'0', b'0', '50', '2017-11-26', '2017-11-26'),
(23144, 12, 54, b'0', b'0', b'0', b'0', b'0', '50', '2017-11-26', '2017-11-26'),
(23145, 12, 55, b'0', b'0', b'0', b'0', b'0', '50', '2017-11-26', '2017-11-26'),
(23146, 12, 56, b'0', b'0', b'0', b'0', b'0', '50', '2017-11-26', '2017-11-26'),
(23147, 12, 57, b'0', b'0', b'0', b'0', b'0', '50', '2017-11-26', '2017-11-26'),
(23148, 12, 58, b'0', b'0', b'0', b'0', b'0', '50', '2017-11-26', '2017-11-26'),
(23149, 12, 59, b'0', b'0', b'0', b'0', b'0', '50', '2017-11-26', '2017-11-26'),
(23150, 12, 81, b'0', b'0', b'0', b'0', b'0', '50', '2017-11-26', '2017-11-26'),
(23151, 12, 84, b'0', b'0', b'0', b'0', b'0', '50', '2017-11-26', '2017-11-26'),
(23152, 12, 34, b'0', b'0', b'0', b'0', b'0', '50', '2017-11-26', '2017-11-26'),
(23153, 12, 24, b'0', b'0', b'0', b'0', b'0', '50', '2017-11-26', '2017-11-26'),
(23154, 12, 36, b'0', b'0', b'0', b'0', b'0', '50', '2017-11-26', '2017-11-26'),
(23155, 12, 37, b'0', b'0', b'0', b'0', b'0', '50', '2017-11-26', '2017-11-26'),
(23156, 12, 75, b'1', b'0', b'0', b'0', b'0', '50', '2017-11-26', '2017-11-26'),
(23157, 12, 76, b'1', b'0', b'0', b'0', b'0', '50', '2017-11-26', '2017-11-26'),
(23158, 12, 19, b'0', b'0', b'0', b'0', b'0', '50', '2017-11-26', '2017-11-26'),
(23159, 12, 27, b'0', b'0', b'0', b'0', b'0', '50', '2017-11-26', '2017-11-26'),
(23160, 12, 18, b'0', b'0', b'0', b'0', b'0', '50', '2017-11-26', '2017-11-26'),
(23161, 12, 33, b'0', b'0', b'0', b'0', b'0', '50', '2017-11-26', '2017-11-26'),
(23162, 12, 22, b'0', b'0', b'0', b'0', b'0', '50', '2017-11-26', '2017-11-26'),
(23163, 12, 60, b'0', b'0', b'0', b'0', b'0', '50', '2017-11-26', '2017-11-26'),
(23164, 12, 61, b'0', b'0', b'0', b'0', b'0', '50', '2017-11-26', '2017-11-26'),
(23165, 12, 62, b'0', b'0', b'0', b'0', b'0', '50', '2017-11-26', '2017-11-26'),
(23166, 12, 63, b'0', b'0', b'0', b'0', b'0', '50', '2017-11-26', '2017-11-26'),
(23167, 12, 65, b'0', b'0', b'0', b'0', b'0', '50', '2017-11-26', '2017-11-26'),
(23168, 12, 64, b'0', b'0', b'0', b'0', b'0', '50', '2017-11-26', '2017-11-26'),
(23169, 12, 66, b'0', b'0', b'0', b'0', b'0', '50', '2017-11-26', '2017-11-26'),
(23170, 12, 68, b'0', b'0', b'0', b'0', b'0', '50', '2017-11-26', '2017-11-26'),
(23171, 12, 67, b'0', b'0', b'0', b'0', b'0', '50', '2017-11-26', '2017-11-26'),
(23172, 12, 69, b'0', b'0', b'0', b'0', b'0', '50', '2017-11-26', '2017-11-26'),
(23173, 12, 70, b'0', b'0', b'0', b'0', b'0', '50', '2017-11-26', '2017-11-26'),
(23174, 12, 71, b'0', b'0', b'0', b'0', b'0', '50', '2017-11-26', '2017-11-26'),
(23175, 12, 72, b'0', b'0', b'0', b'0', b'0', '50', '2017-11-26', '2017-11-26'),
(23176, 12, 73, b'0', b'0', b'0', b'0', b'0', '50', '2017-11-26', '2017-11-26'),
(23177, 12, 74, b'0', b'0', b'0', b'0', b'0', '50', '2017-11-26', '2017-11-26'),
(23178, 12, 77, b'1', b'0', b'1', b'1', b'1', '50', '2017-11-26', '2017-11-26'),
(23179, 12, 78, b'1', b'0', b'1', b'1', b'1', '50', '2017-11-26', '2017-11-26'),
(23180, 12, 79, b'1', b'0', b'1', b'1', b'1', '50', '2017-11-26', '2017-11-26'),
(23181, 12, 86, b'1', b'0', b'1', b'1', b'1', '50', '2017-11-26', '2017-11-26'),
(23182, 12, 29, b'1', b'0', b'1', b'1', b'1', '50', '2017-11-26', '2017-11-26'),
(23183, 12, 38, b'1', b'0', b'1', b'1', b'1', '50', '2017-11-26', '2017-11-26'),
(23184, 12, 39, b'1', b'0', b'1', b'1', b'1', '50', '2017-11-26', '2017-11-26'),
(23185, 12, 40, b'1', b'0', b'1', b'1', b'1', '50', '2017-11-26', '2017-11-26'),
(23186, 12, 41, b'1', b'0', b'1', b'1', b'1', '50', '2017-11-26', '2017-11-26'),
(23187, 12, 42, b'1', b'0', b'1', b'1', b'1', '50', '2017-11-26', '2017-11-26'),
(23188, 12, 80, b'1', b'0', b'1', b'1', b'1', '50', '2017-11-26', '2017-11-26'),
(23189, 12, 82, b'1', b'0', b'1', b'1', b'1', '50', '2017-11-26', '2017-11-26'),
(23190, 12, 83, b'1', b'0', b'1', b'1', b'1', '50', '2017-11-26', '2017-11-26'),
(23191, 12, 85, b'1', b'0', b'1', b'1', b'1', '50', '2017-11-26', '2017-11-26'),
(23192, 15, 1, b'0', b'0', b'0', b'0', b'0', '50', '2017-11-26', '2017-11-26'),
(23193, 15, 2, b'0', b'0', b'0', b'0', b'0', '50', '2017-11-26', '2017-11-26'),
(23194, 15, 3, b'0', b'0', b'0', b'0', b'0', '50', '2017-11-26', '2017-11-26'),
(23195, 15, 30, b'1', b'0', b'0', b'0', b'0', '50', '2017-11-26', '2017-11-26'),
(23196, 15, 35, b'0', b'0', b'0', b'0', b'0', '50', '2017-11-26', '2017-11-26'),
(23197, 15, 50, b'0', b'0', b'0', b'0', b'0', '50', '2017-11-26', '2017-11-26'),
(23198, 15, 51, b'0', b'0', b'0', b'0', b'0', '50', '2017-11-26', '2017-11-26'),
(23199, 15, 52, b'0', b'0', b'0', b'0', b'0', '50', '2017-11-26', '2017-11-26'),
(23200, 15, 53, b'0', b'0', b'0', b'0', b'0', '50', '2017-11-26', '2017-11-26'),
(23201, 15, 20, b'0', b'0', b'0', b'0', b'0', '50', '2017-11-26', '2017-11-26'),
(23202, 15, 23, b'0', b'0', b'0', b'0', b'0', '50', '2017-11-26', '2017-11-26'),
(23203, 15, 21, b'0', b'0', b'0', b'0', b'0', '50', '2017-11-26', '2017-11-26'),
(23204, 15, 31, b'0', b'0', b'0', b'0', b'0', '50', '2017-11-26', '2017-11-26'),
(23205, 15, 32, b'0', b'0', b'0', b'0', b'0', '50', '2017-11-26', '2017-11-26'),
(23206, 15, 15, b'0', b'0', b'0', b'0', b'0', '50', '2017-11-26', '2017-11-26'),
(23207, 15, 16, b'0', b'0', b'0', b'0', b'0', '50', '2017-11-26', '2017-11-26'),
(23208, 15, 4, b'0', b'0', b'0', b'0', b'0', '50', '2017-11-26', '2017-11-26'),
(23209, 15, 5, b'0', b'0', b'0', b'0', b'0', '50', '2017-11-26', '2017-11-26'),
(23210, 15, 6, b'0', b'0', b'0', b'0', b'0', '50', '2017-11-26', '2017-11-26'),
(23211, 15, 7, b'0', b'0', b'0', b'0', b'0', '50', '2017-11-26', '2017-11-26'),
(23212, 15, 8, b'0', b'0', b'0', b'0', b'0', '50', '2017-11-26', '2017-11-26'),
(23213, 15, 9, b'0', b'0', b'0', b'0', b'0', '50', '2017-11-26', '2017-11-26'),
(23214, 15, 10, b'0', b'0', b'0', b'0', b'0', '50', '2017-11-26', '2017-11-26'),
(23215, 15, 11, b'0', b'0', b'0', b'0', b'0', '50', '2017-11-26', '2017-11-26'),
(23216, 15, 12, b'0', b'0', b'0', b'0', b'0', '50', '2017-11-26', '2017-11-26'),
(23217, 15, 13, b'0', b'0', b'0', b'0', b'0', '50', '2017-11-26', '2017-11-26'),
(23218, 15, 14, b'0', b'0', b'0', b'0', b'0', '50', '2017-11-26', '2017-11-26'),
(23219, 15, 25, b'0', b'0', b'0', b'0', b'0', '50', '2017-11-26', '2017-11-26'),
(23220, 15, 26, b'0', b'0', b'0', b'0', b'0', '50', '2017-11-26', '2017-11-26'),
(23221, 15, 28, b'0', b'0', b'0', b'0', b'0', '50', '2017-11-26', '2017-11-26'),
(23222, 15, 45, b'0', b'0', b'0', b'0', b'0', '50', '2017-11-26', '2017-11-26'),
(23223, 15, 54, b'0', b'0', b'0', b'0', b'0', '50', '2017-11-26', '2017-11-26'),
(23224, 15, 55, b'0', b'0', b'0', b'0', b'0', '50', '2017-11-26', '2017-11-26'),
(23225, 15, 56, b'0', b'0', b'0', b'0', b'0', '50', '2017-11-26', '2017-11-26'),
(23226, 15, 57, b'0', b'0', b'0', b'0', b'0', '50', '2017-11-26', '2017-11-26'),
(23227, 15, 58, b'0', b'0', b'0', b'0', b'0', '50', '2017-11-26', '2017-11-26'),
(23228, 15, 59, b'0', b'0', b'0', b'0', b'0', '50', '2017-11-26', '2017-11-26'),
(23229, 15, 81, b'0', b'0', b'0', b'0', b'0', '50', '2017-11-26', '2017-11-26'),
(23230, 15, 84, b'0', b'0', b'0', b'0', b'0', '50', '2017-11-26', '2017-11-26'),
(23231, 15, 34, b'0', b'0', b'0', b'0', b'0', '50', '2017-11-26', '2017-11-26'),
(23232, 15, 24, b'0', b'0', b'0', b'0', b'0', '50', '2017-11-26', '2017-11-26'),
(23233, 15, 36, b'0', b'0', b'0', b'0', b'0', '50', '2017-11-26', '2017-11-26'),
(23234, 15, 37, b'0', b'0', b'0', b'0', b'0', '50', '2017-11-26', '2017-11-26'),
(23235, 15, 75, b'1', b'0', b'0', b'0', b'0', '50', '2017-11-26', '2017-11-26'),
(23236, 15, 76, b'1', b'0', b'0', b'0', b'0', '50', '2017-11-26', '2017-11-26'),
(23237, 15, 19, b'0', b'0', b'0', b'0', b'0', '50', '2017-11-26', '2017-11-26'),
(23238, 15, 27, b'0', b'0', b'0', b'0', b'0', '50', '2017-11-26', '2017-11-26'),
(23239, 15, 18, b'0', b'0', b'0', b'0', b'0', '50', '2017-11-26', '2017-11-26'),
(23240, 15, 33, b'0', b'0', b'0', b'0', b'0', '50', '2017-11-26', '2017-11-26'),
(23241, 15, 22, b'0', b'0', b'0', b'0', b'0', '50', '2017-11-26', '2017-11-26'),
(23242, 15, 60, b'0', b'0', b'0', b'0', b'0', '50', '2017-11-26', '2017-11-26'),
(23243, 15, 61, b'0', b'0', b'0', b'0', b'0', '50', '2017-11-26', '2017-11-26'),
(23244, 15, 62, b'0', b'0', b'0', b'0', b'0', '50', '2017-11-26', '2017-11-26'),
(23245, 15, 63, b'0', b'0', b'0', b'0', b'0', '50', '2017-11-26', '2017-11-26'),
(23246, 15, 65, b'0', b'0', b'0', b'0', b'0', '50', '2017-11-26', '2017-11-26'),
(23247, 15, 64, b'0', b'0', b'0', b'0', b'0', '50', '2017-11-26', '2017-11-26'),
(23248, 15, 66, b'0', b'0', b'0', b'0', b'0', '50', '2017-11-26', '2017-11-26'),
(23249, 15, 68, b'0', b'0', b'0', b'0', b'0', '50', '2017-11-26', '2017-11-26'),
(23250, 15, 67, b'0', b'0', b'0', b'0', b'0', '50', '2017-11-26', '2017-11-26'),
(23251, 15, 69, b'0', b'0', b'0', b'0', b'0', '50', '2017-11-26', '2017-11-26'),
(23252, 15, 70, b'0', b'0', b'0', b'0', b'0', '50', '2017-11-26', '2017-11-26'),
(23253, 15, 71, b'0', b'0', b'0', b'0', b'0', '50', '2017-11-26', '2017-11-26'),
(23254, 15, 72, b'0', b'0', b'0', b'0', b'0', '50', '2017-11-26', '2017-11-26'),
(23255, 15, 73, b'0', b'0', b'0', b'0', b'0', '50', '2017-11-26', '2017-11-26'),
(23256, 15, 74, b'0', b'0', b'0', b'0', b'0', '50', '2017-11-26', '2017-11-26'),
(23257, 15, 77, b'1', b'0', b'1', b'1', b'1', '50', '2017-11-26', '2017-11-26'),
(23258, 15, 78, b'1', b'0', b'1', b'1', b'1', '50', '2017-11-26', '2017-11-26'),
(23259, 15, 79, b'1', b'0', b'1', b'1', b'1', '50', '2017-11-26', '2017-11-26'),
(23260, 15, 86, b'1', b'0', b'1', b'1', b'1', '50', '2017-11-26', '2017-11-26'),
(23261, 15, 29, b'1', b'0', b'1', b'1', b'1', '50', '2017-11-26', '2017-11-26'),
(23262, 15, 38, b'1', b'0', b'1', b'1', b'1', '50', '2017-11-26', '2017-11-26'),
(23263, 15, 39, b'1', b'0', b'1', b'1', b'1', '50', '2017-11-26', '2017-11-26'),
(23264, 15, 40, b'1', b'0', b'1', b'1', b'1', '50', '2017-11-26', '2017-11-26'),
(23265, 15, 41, b'1', b'0', b'1', b'1', b'1', '50', '2017-11-26', '2017-11-26'),
(23266, 15, 42, b'1', b'0', b'1', b'1', b'1', '50', '2017-11-26', '2017-11-26'),
(23267, 15, 80, b'1', b'0', b'1', b'1', b'1', '50', '2017-11-26', '2017-11-26'),
(23268, 15, 82, b'1', b'0', b'1', b'1', b'1', '50', '2017-11-26', '2017-11-26'),
(23269, 15, 83, b'1', b'0', b'1', b'1', b'1', '50', '2017-11-26', '2017-11-26'),
(23270, 15, 85, b'1', b'0', b'1', b'1', b'1', '50', '2017-11-26', '2017-11-26'),
(23350, 18, 1, b'0', b'0', b'0', b'0', b'0', '50', '2017-11-26', '2017-11-26'),
(23351, 18, 2, b'0', b'0', b'0', b'0', b'0', '50', '2017-11-26', '2017-11-26'),
(23352, 18, 3, b'0', b'0', b'0', b'0', b'0', '50', '2017-11-26', '2017-11-26'),
(23353, 18, 30, b'1', b'0', b'0', b'0', b'0', '50', '2017-11-26', '2017-11-26'),
(23354, 18, 35, b'0', b'0', b'0', b'0', b'0', '50', '2017-11-26', '2017-11-26'),
(23355, 18, 50, b'0', b'0', b'0', b'0', b'0', '50', '2017-11-26', '2017-11-26');
INSERT INTO `menu_role` (`ID`, `ROLE_ID`, `MENU_ID`, `IS_ACTIVE`, `IS_REQUIRED_ACTION`, `IS_CREATE`, `IS_EDIT`, `IS_DELETE`, `UPDATE_BY`, `CREATE_DATE`, `UPDATE_DATE`) VALUES
(23356, 18, 51, b'0', b'0', b'0', b'0', b'0', '50', '2017-11-26', '2017-11-26'),
(23357, 18, 52, b'0', b'0', b'0', b'0', b'0', '50', '2017-11-26', '2017-11-26'),
(23358, 18, 53, b'0', b'0', b'0', b'0', b'0', '50', '2017-11-26', '2017-11-26'),
(23359, 18, 20, b'0', b'0', b'0', b'0', b'0', '50', '2017-11-26', '2017-11-26'),
(23360, 18, 23, b'0', b'0', b'0', b'0', b'0', '50', '2017-11-26', '2017-11-26'),
(23361, 18, 21, b'0', b'0', b'0', b'0', b'0', '50', '2017-11-26', '2017-11-26'),
(23362, 18, 31, b'0', b'0', b'0', b'0', b'0', '50', '2017-11-26', '2017-11-26'),
(23363, 18, 32, b'0', b'0', b'0', b'0', b'0', '50', '2017-11-26', '2017-11-26'),
(23364, 18, 15, b'0', b'0', b'0', b'0', b'0', '50', '2017-11-26', '2017-11-26'),
(23365, 18, 16, b'0', b'0', b'0', b'0', b'0', '50', '2017-11-26', '2017-11-26'),
(23366, 18, 4, b'0', b'0', b'0', b'0', b'0', '50', '2017-11-26', '2017-11-26'),
(23367, 18, 5, b'0', b'0', b'0', b'0', b'0', '50', '2017-11-26', '2017-11-26'),
(23368, 18, 6, b'0', b'0', b'0', b'0', b'0', '50', '2017-11-26', '2017-11-26'),
(23369, 18, 7, b'0', b'0', b'0', b'0', b'0', '50', '2017-11-26', '2017-11-26'),
(23370, 18, 8, b'0', b'0', b'0', b'0', b'0', '50', '2017-11-26', '2017-11-26'),
(23371, 18, 9, b'0', b'0', b'0', b'0', b'0', '50', '2017-11-26', '2017-11-26'),
(23372, 18, 10, b'0', b'0', b'0', b'0', b'0', '50', '2017-11-26', '2017-11-26'),
(23373, 18, 11, b'0', b'0', b'0', b'0', b'0', '50', '2017-11-26', '2017-11-26'),
(23374, 18, 12, b'0', b'0', b'0', b'0', b'0', '50', '2017-11-26', '2017-11-26'),
(23375, 18, 13, b'0', b'0', b'0', b'0', b'0', '50', '2017-11-26', '2017-11-26'),
(23376, 18, 14, b'0', b'0', b'0', b'0', b'0', '50', '2017-11-26', '2017-11-26'),
(23377, 18, 25, b'0', b'0', b'0', b'0', b'0', '50', '2017-11-26', '2017-11-26'),
(23378, 18, 26, b'0', b'0', b'0', b'0', b'0', '50', '2017-11-26', '2017-11-26'),
(23379, 18, 28, b'0', b'0', b'0', b'0', b'0', '50', '2017-11-26', '2017-11-26'),
(23380, 18, 45, b'0', b'0', b'0', b'0', b'0', '50', '2017-11-26', '2017-11-26'),
(23381, 18, 54, b'0', b'0', b'0', b'0', b'0', '50', '2017-11-26', '2017-11-26'),
(23382, 18, 55, b'0', b'0', b'0', b'0', b'0', '50', '2017-11-26', '2017-11-26'),
(23383, 18, 56, b'0', b'0', b'0', b'0', b'0', '50', '2017-11-26', '2017-11-26'),
(23384, 18, 57, b'0', b'0', b'0', b'0', b'0', '50', '2017-11-26', '2017-11-26'),
(23385, 18, 58, b'0', b'0', b'0', b'0', b'0', '50', '2017-11-26', '2017-11-26'),
(23386, 18, 59, b'0', b'0', b'0', b'0', b'0', '50', '2017-11-26', '2017-11-26'),
(23387, 18, 81, b'0', b'0', b'0', b'0', b'0', '50', '2017-11-26', '2017-11-26'),
(23388, 18, 84, b'0', b'0', b'0', b'0', b'0', '50', '2017-11-26', '2017-11-26'),
(23389, 18, 34, b'0', b'0', b'0', b'0', b'0', '50', '2017-11-26', '2017-11-26'),
(23390, 18, 24, b'0', b'0', b'0', b'0', b'0', '50', '2017-11-26', '2017-11-26'),
(23391, 18, 36, b'0', b'0', b'0', b'0', b'0', '50', '2017-11-26', '2017-11-26'),
(23392, 18, 37, b'0', b'0', b'0', b'0', b'0', '50', '2017-11-26', '2017-11-26'),
(23393, 18, 75, b'1', b'0', b'0', b'0', b'0', '50', '2017-11-26', '2017-11-26'),
(23394, 18, 76, b'1', b'0', b'0', b'0', b'0', '50', '2017-11-26', '2017-11-26'),
(23395, 18, 19, b'0', b'0', b'0', b'0', b'0', '50', '2017-11-26', '2017-11-26'),
(23396, 18, 27, b'0', b'0', b'0', b'0', b'0', '50', '2017-11-26', '2017-11-26'),
(23397, 18, 18, b'0', b'0', b'0', b'0', b'0', '50', '2017-11-26', '2017-11-26'),
(23398, 18, 33, b'0', b'0', b'0', b'0', b'0', '50', '2017-11-26', '2017-11-26'),
(23399, 18, 22, b'0', b'0', b'0', b'0', b'0', '50', '2017-11-26', '2017-11-26'),
(23400, 18, 60, b'0', b'0', b'0', b'0', b'0', '50', '2017-11-26', '2017-11-26'),
(23401, 18, 61, b'0', b'0', b'0', b'0', b'0', '50', '2017-11-26', '2017-11-26'),
(23402, 18, 62, b'0', b'0', b'0', b'0', b'0', '50', '2017-11-26', '2017-11-26'),
(23403, 18, 63, b'0', b'0', b'0', b'0', b'0', '50', '2017-11-26', '2017-11-26'),
(23404, 18, 65, b'0', b'0', b'0', b'0', b'0', '50', '2017-11-26', '2017-11-26'),
(23405, 18, 64, b'0', b'0', b'0', b'0', b'0', '50', '2017-11-26', '2017-11-26'),
(23406, 18, 66, b'0', b'0', b'0', b'0', b'0', '50', '2017-11-26', '2017-11-26'),
(23407, 18, 68, b'0', b'0', b'0', b'0', b'0', '50', '2017-11-26', '2017-11-26'),
(23408, 18, 67, b'0', b'0', b'0', b'0', b'0', '50', '2017-11-26', '2017-11-26'),
(23409, 18, 69, b'0', b'0', b'0', b'0', b'0', '50', '2017-11-26', '2017-11-26'),
(23410, 18, 70, b'0', b'0', b'0', b'0', b'0', '50', '2017-11-26', '2017-11-26'),
(23411, 18, 71, b'0', b'0', b'0', b'0', b'0', '50', '2017-11-26', '2017-11-26'),
(23412, 18, 72, b'0', b'0', b'0', b'0', b'0', '50', '2017-11-26', '2017-11-26'),
(23413, 18, 73, b'0', b'0', b'0', b'0', b'0', '50', '2017-11-26', '2017-11-26'),
(23414, 18, 74, b'0', b'0', b'0', b'0', b'0', '50', '2017-11-26', '2017-11-26'),
(23415, 18, 77, b'1', b'0', b'1', b'1', b'1', '50', '2017-11-26', '2017-11-26'),
(23416, 18, 78, b'1', b'0', b'1', b'1', b'1', '50', '2017-11-26', '2017-11-26'),
(23417, 18, 79, b'1', b'0', b'1', b'1', b'1', '50', '2017-11-26', '2017-11-26'),
(23418, 18, 86, b'1', b'0', b'1', b'1', b'1', '50', '2017-11-26', '2017-11-26'),
(23419, 18, 29, b'1', b'0', b'1', b'1', b'1', '50', '2017-11-26', '2017-11-26'),
(23420, 18, 38, b'1', b'0', b'1', b'1', b'1', '50', '2017-11-26', '2017-11-26'),
(23421, 18, 39, b'1', b'0', b'1', b'1', b'1', '50', '2017-11-26', '2017-11-26'),
(23422, 18, 40, b'1', b'0', b'1', b'1', b'1', '50', '2017-11-26', '2017-11-26'),
(23423, 18, 41, b'1', b'0', b'1', b'1', b'1', '50', '2017-11-26', '2017-11-26'),
(23424, 18, 42, b'1', b'0', b'1', b'1', b'1', '50', '2017-11-26', '2017-11-26'),
(23425, 18, 80, b'1', b'0', b'1', b'1', b'1', '50', '2017-11-26', '2017-11-26'),
(23426, 18, 82, b'1', b'0', b'1', b'1', b'1', '50', '2017-11-26', '2017-11-26'),
(23427, 18, 83, b'1', b'0', b'1', b'1', b'1', '50', '2017-11-26', '2017-11-26'),
(23428, 18, 85, b'1', b'0', b'1', b'1', b'1', '50', '2017-11-26', '2017-11-26'),
(23429, 21, 1, b'0', b'0', b'0', b'0', b'0', '50', '2017-11-26', '2017-11-26'),
(23430, 21, 2, b'0', b'0', b'0', b'0', b'0', '50', '2017-11-26', '2017-11-26'),
(23431, 21, 3, b'0', b'0', b'0', b'0', b'0', '50', '2017-11-26', '2017-11-26'),
(23432, 21, 30, b'1', b'0', b'0', b'0', b'0', '50', '2017-11-26', '2017-11-26'),
(23433, 21, 35, b'0', b'0', b'0', b'0', b'0', '50', '2017-11-26', '2017-11-26'),
(23434, 21, 50, b'0', b'0', b'0', b'0', b'0', '50', '2017-11-26', '2017-11-26'),
(23435, 21, 51, b'0', b'0', b'0', b'0', b'0', '50', '2017-11-26', '2017-11-26'),
(23436, 21, 52, b'0', b'0', b'0', b'0', b'0', '50', '2017-11-26', '2017-11-26'),
(23437, 21, 53, b'0', b'0', b'0', b'0', b'0', '50', '2017-11-26', '2017-11-26'),
(23438, 21, 20, b'0', b'0', b'0', b'0', b'0', '50', '2017-11-26', '2017-11-26'),
(23439, 21, 23, b'0', b'0', b'0', b'0', b'0', '50', '2017-11-26', '2017-11-26'),
(23440, 21, 21, b'0', b'0', b'0', b'0', b'0', '50', '2017-11-26', '2017-11-26'),
(23441, 21, 31, b'0', b'0', b'0', b'0', b'0', '50', '2017-11-26', '2017-11-26'),
(23442, 21, 32, b'0', b'0', b'0', b'0', b'0', '50', '2017-11-26', '2017-11-26'),
(23443, 21, 15, b'0', b'0', b'0', b'0', b'0', '50', '2017-11-26', '2017-11-26'),
(23444, 21, 16, b'0', b'0', b'0', b'0', b'0', '50', '2017-11-26', '2017-11-26'),
(23445, 21, 4, b'0', b'0', b'0', b'0', b'0', '50', '2017-11-26', '2017-11-26'),
(23446, 21, 5, b'0', b'0', b'0', b'0', b'0', '50', '2017-11-26', '2017-11-26'),
(23447, 21, 6, b'0', b'0', b'0', b'0', b'0', '50', '2017-11-26', '2017-11-26'),
(23448, 21, 7, b'0', b'0', b'0', b'0', b'0', '50', '2017-11-26', '2017-11-26'),
(23449, 21, 8, b'0', b'0', b'0', b'0', b'0', '50', '2017-11-26', '2017-11-26'),
(23450, 21, 9, b'0', b'0', b'0', b'0', b'0', '50', '2017-11-26', '2017-11-26'),
(23451, 21, 10, b'0', b'0', b'0', b'0', b'0', '50', '2017-11-26', '2017-11-26'),
(23452, 21, 11, b'0', b'0', b'0', b'0', b'0', '50', '2017-11-26', '2017-11-26'),
(23453, 21, 12, b'0', b'0', b'0', b'0', b'0', '50', '2017-11-26', '2017-11-26'),
(23454, 21, 13, b'0', b'0', b'0', b'0', b'0', '50', '2017-11-26', '2017-11-26'),
(23455, 21, 14, b'0', b'0', b'0', b'0', b'0', '50', '2017-11-26', '2017-11-26'),
(23456, 21, 25, b'0', b'0', b'0', b'0', b'0', '50', '2017-11-26', '2017-11-26'),
(23457, 21, 26, b'0', b'0', b'0', b'0', b'0', '50', '2017-11-26', '2017-11-26'),
(23458, 21, 28, b'0', b'0', b'0', b'0', b'0', '50', '2017-11-26', '2017-11-26'),
(23459, 21, 45, b'0', b'0', b'0', b'0', b'0', '50', '2017-11-26', '2017-11-26'),
(23460, 21, 54, b'0', b'0', b'0', b'0', b'0', '50', '2017-11-26', '2017-11-26'),
(23461, 21, 55, b'0', b'0', b'0', b'0', b'0', '50', '2017-11-26', '2017-11-26'),
(23462, 21, 56, b'0', b'0', b'0', b'0', b'0', '50', '2017-11-26', '2017-11-26'),
(23463, 21, 57, b'0', b'0', b'0', b'0', b'0', '50', '2017-11-26', '2017-11-26'),
(23464, 21, 58, b'0', b'0', b'0', b'0', b'0', '50', '2017-11-26', '2017-11-26'),
(23465, 21, 59, b'0', b'0', b'0', b'0', b'0', '50', '2017-11-26', '2017-11-26'),
(23466, 21, 81, b'0', b'0', b'0', b'0', b'0', '50', '2017-11-26', '2017-11-26'),
(23467, 21, 84, b'0', b'0', b'0', b'0', b'0', '50', '2017-11-26', '2017-11-26'),
(23468, 21, 34, b'0', b'0', b'0', b'0', b'0', '50', '2017-11-26', '2017-11-26'),
(23469, 21, 24, b'0', b'0', b'0', b'0', b'0', '50', '2017-11-26', '2017-11-26'),
(23470, 21, 36, b'0', b'0', b'0', b'0', b'0', '50', '2017-11-26', '2017-11-26'),
(23471, 21, 37, b'0', b'0', b'0', b'0', b'0', '50', '2017-11-26', '2017-11-26'),
(23472, 21, 75, b'1', b'0', b'0', b'0', b'0', '50', '2017-11-26', '2017-11-26'),
(23473, 21, 76, b'1', b'0', b'0', b'0', b'0', '50', '2017-11-26', '2017-11-26'),
(23474, 21, 19, b'0', b'0', b'0', b'0', b'0', '50', '2017-11-26', '2017-11-26'),
(23475, 21, 27, b'0', b'0', b'0', b'0', b'0', '50', '2017-11-26', '2017-11-26'),
(23476, 21, 18, b'0', b'0', b'0', b'0', b'0', '50', '2017-11-26', '2017-11-26'),
(23477, 21, 33, b'0', b'0', b'0', b'0', b'0', '50', '2017-11-26', '2017-11-26'),
(23478, 21, 22, b'0', b'0', b'0', b'0', b'0', '50', '2017-11-26', '2017-11-26'),
(23479, 21, 60, b'0', b'0', b'0', b'0', b'0', '50', '2017-11-26', '2017-11-26'),
(23480, 21, 61, b'0', b'0', b'0', b'0', b'0', '50', '2017-11-26', '2017-11-26'),
(23481, 21, 62, b'0', b'0', b'0', b'0', b'0', '50', '2017-11-26', '2017-11-26'),
(23482, 21, 63, b'0', b'0', b'0', b'0', b'0', '50', '2017-11-26', '2017-11-26'),
(23483, 21, 65, b'0', b'0', b'0', b'0', b'0', '50', '2017-11-26', '2017-11-26'),
(23484, 21, 64, b'0', b'0', b'0', b'0', b'0', '50', '2017-11-26', '2017-11-26'),
(23485, 21, 66, b'0', b'0', b'0', b'0', b'0', '50', '2017-11-26', '2017-11-26'),
(23486, 21, 68, b'0', b'0', b'0', b'0', b'0', '50', '2017-11-26', '2017-11-26'),
(23487, 21, 67, b'0', b'0', b'0', b'0', b'0', '50', '2017-11-26', '2017-11-26'),
(23488, 21, 69, b'0', b'0', b'0', b'0', b'0', '50', '2017-11-26', '2017-11-26'),
(23489, 21, 70, b'0', b'0', b'0', b'0', b'0', '50', '2017-11-26', '2017-11-26'),
(23490, 21, 71, b'0', b'0', b'0', b'0', b'0', '50', '2017-11-26', '2017-11-26'),
(23491, 21, 72, b'0', b'0', b'0', b'0', b'0', '50', '2017-11-26', '2017-11-26'),
(23492, 21, 73, b'0', b'0', b'0', b'0', b'0', '50', '2017-11-26', '2017-11-26'),
(23493, 21, 74, b'0', b'0', b'0', b'0', b'0', '50', '2017-11-26', '2017-11-26'),
(23494, 21, 77, b'1', b'0', b'1', b'1', b'1', '50', '2017-11-26', '2017-11-26'),
(23495, 21, 78, b'1', b'0', b'1', b'1', b'1', '50', '2017-11-26', '2017-11-26'),
(23496, 21, 79, b'1', b'0', b'1', b'1', b'1', '50', '2017-11-26', '2017-11-26'),
(23497, 21, 86, b'1', b'0', b'1', b'1', b'1', '50', '2017-11-26', '2017-11-26'),
(23498, 21, 29, b'1', b'0', b'1', b'1', b'1', '50', '2017-11-26', '2017-11-26'),
(23499, 21, 38, b'1', b'0', b'1', b'1', b'1', '50', '2017-11-26', '2017-11-26'),
(23500, 21, 39, b'1', b'0', b'1', b'1', b'1', '50', '2017-11-26', '2017-11-26'),
(23501, 21, 40, b'1', b'0', b'1', b'1', b'1', '50', '2017-11-26', '2017-11-26'),
(23502, 21, 41, b'1', b'0', b'1', b'1', b'1', '50', '2017-11-26', '2017-11-26'),
(23503, 21, 42, b'1', b'0', b'1', b'1', b'1', '50', '2017-11-26', '2017-11-26'),
(23504, 21, 80, b'1', b'0', b'1', b'1', b'1', '50', '2017-11-26', '2017-11-26'),
(23505, 21, 82, b'1', b'0', b'1', b'1', b'1', '50', '2017-11-26', '2017-11-26'),
(23506, 21, 83, b'1', b'0', b'1', b'1', b'1', '50', '2017-11-26', '2017-11-26'),
(23507, 21, 85, b'1', b'0', b'1', b'1', b'1', '50', '2017-11-26', '2017-11-26'),
(23508, 24, 1, b'0', b'0', b'0', b'0', b'0', '50', '2017-11-26', '2017-11-26'),
(23509, 24, 2, b'0', b'0', b'0', b'0', b'0', '50', '2017-11-26', '2017-11-26'),
(23510, 24, 3, b'0', b'0', b'0', b'0', b'0', '50', '2017-11-26', '2017-11-26'),
(23511, 24, 30, b'1', b'0', b'0', b'0', b'0', '50', '2017-11-26', '2017-11-26'),
(23512, 24, 35, b'0', b'0', b'0', b'0', b'0', '50', '2017-11-26', '2017-11-26'),
(23513, 24, 50, b'0', b'0', b'0', b'0', b'0', '50', '2017-11-26', '2017-11-26'),
(23514, 24, 51, b'0', b'0', b'0', b'0', b'0', '50', '2017-11-26', '2017-11-26'),
(23515, 24, 52, b'0', b'0', b'0', b'0', b'0', '50', '2017-11-26', '2017-11-26'),
(23516, 24, 53, b'0', b'0', b'0', b'0', b'0', '50', '2017-11-26', '2017-11-26'),
(23517, 24, 20, b'0', b'0', b'0', b'0', b'0', '50', '2017-11-26', '2017-11-26'),
(23518, 24, 23, b'0', b'0', b'0', b'0', b'0', '50', '2017-11-26', '2017-11-26'),
(23519, 24, 21, b'0', b'0', b'0', b'0', b'0', '50', '2017-11-26', '2017-11-26'),
(23520, 24, 31, b'0', b'0', b'0', b'0', b'0', '50', '2017-11-26', '2017-11-26'),
(23521, 24, 32, b'0', b'0', b'0', b'0', b'0', '50', '2017-11-26', '2017-11-26'),
(23522, 24, 15, b'0', b'0', b'0', b'0', b'0', '50', '2017-11-26', '2017-11-26'),
(23523, 24, 16, b'0', b'0', b'0', b'0', b'0', '50', '2017-11-26', '2017-11-26'),
(23524, 24, 4, b'0', b'0', b'0', b'0', b'0', '50', '2017-11-26', '2017-11-26'),
(23525, 24, 5, b'0', b'0', b'0', b'0', b'0', '50', '2017-11-26', '2017-11-26'),
(23526, 24, 6, b'0', b'0', b'0', b'0', b'0', '50', '2017-11-26', '2017-11-26'),
(23527, 24, 7, b'0', b'0', b'0', b'0', b'0', '50', '2017-11-26', '2017-11-26'),
(23528, 24, 8, b'0', b'0', b'0', b'0', b'0', '50', '2017-11-26', '2017-11-26'),
(23529, 24, 9, b'0', b'0', b'0', b'0', b'0', '50', '2017-11-26', '2017-11-26'),
(23530, 24, 10, b'0', b'0', b'0', b'0', b'0', '50', '2017-11-26', '2017-11-26'),
(23531, 24, 11, b'0', b'0', b'0', b'0', b'0', '50', '2017-11-26', '2017-11-26'),
(23532, 24, 12, b'0', b'0', b'0', b'0', b'0', '50', '2017-11-26', '2017-11-26'),
(23533, 24, 13, b'0', b'0', b'0', b'0', b'0', '50', '2017-11-26', '2017-11-26'),
(23534, 24, 14, b'0', b'0', b'0', b'0', b'0', '50', '2017-11-26', '2017-11-26'),
(23535, 24, 25, b'0', b'0', b'0', b'0', b'0', '50', '2017-11-26', '2017-11-26'),
(23536, 24, 26, b'0', b'0', b'0', b'0', b'0', '50', '2017-11-26', '2017-11-26'),
(23537, 24, 28, b'0', b'0', b'0', b'0', b'0', '50', '2017-11-26', '2017-11-26'),
(23538, 24, 45, b'0', b'0', b'0', b'0', b'0', '50', '2017-11-26', '2017-11-26'),
(23539, 24, 54, b'0', b'0', b'0', b'0', b'0', '50', '2017-11-26', '2017-11-26'),
(23540, 24, 55, b'0', b'0', b'0', b'0', b'0', '50', '2017-11-26', '2017-11-26'),
(23541, 24, 56, b'0', b'0', b'0', b'0', b'0', '50', '2017-11-26', '2017-11-26'),
(23542, 24, 57, b'0', b'0', b'0', b'0', b'0', '50', '2017-11-26', '2017-11-26'),
(23543, 24, 58, b'0', b'0', b'0', b'0', b'0', '50', '2017-11-26', '2017-11-26'),
(23544, 24, 59, b'0', b'0', b'0', b'0', b'0', '50', '2017-11-26', '2017-11-26'),
(23545, 24, 81, b'0', b'0', b'0', b'0', b'0', '50', '2017-11-26', '2017-11-26'),
(23546, 24, 84, b'0', b'0', b'0', b'0', b'0', '50', '2017-11-26', '2017-11-26'),
(23547, 24, 34, b'0', b'0', b'0', b'0', b'0', '50', '2017-11-26', '2017-11-26'),
(23548, 24, 24, b'0', b'0', b'0', b'0', b'0', '50', '2017-11-26', '2017-11-26'),
(23549, 24, 36, b'0', b'0', b'0', b'0', b'0', '50', '2017-11-26', '2017-11-26'),
(23550, 24, 37, b'0', b'0', b'0', b'0', b'0', '50', '2017-11-26', '2017-11-26'),
(23551, 24, 75, b'1', b'0', b'0', b'0', b'0', '50', '2017-11-26', '2017-11-26'),
(23552, 24, 76, b'1', b'0', b'0', b'0', b'0', '50', '2017-11-26', '2017-11-26'),
(23553, 24, 19, b'0', b'0', b'0', b'0', b'0', '50', '2017-11-26', '2017-11-26'),
(23554, 24, 27, b'0', b'0', b'0', b'0', b'0', '50', '2017-11-26', '2017-11-26'),
(23555, 24, 18, b'0', b'0', b'0', b'0', b'0', '50', '2017-11-26', '2017-11-26'),
(23556, 24, 33, b'0', b'0', b'0', b'0', b'0', '50', '2017-11-26', '2017-11-26'),
(23557, 24, 22, b'0', b'0', b'0', b'0', b'0', '50', '2017-11-26', '2017-11-26'),
(23558, 24, 60, b'0', b'0', b'0', b'0', b'0', '50', '2017-11-26', '2017-11-26'),
(23559, 24, 61, b'0', b'0', b'0', b'0', b'0', '50', '2017-11-26', '2017-11-26'),
(23560, 24, 62, b'0', b'0', b'0', b'0', b'0', '50', '2017-11-26', '2017-11-26'),
(23561, 24, 63, b'0', b'0', b'0', b'0', b'0', '50', '2017-11-26', '2017-11-26'),
(23562, 24, 65, b'0', b'0', b'0', b'0', b'0', '50', '2017-11-26', '2017-11-26'),
(23563, 24, 64, b'0', b'0', b'0', b'0', b'0', '50', '2017-11-26', '2017-11-26'),
(23564, 24, 66, b'0', b'0', b'0', b'0', b'0', '50', '2017-11-26', '2017-11-26'),
(23565, 24, 68, b'0', b'0', b'0', b'0', b'0', '50', '2017-11-26', '2017-11-26'),
(23566, 24, 67, b'0', b'0', b'0', b'0', b'0', '50', '2017-11-26', '2017-11-26'),
(23567, 24, 69, b'0', b'0', b'0', b'0', b'0', '50', '2017-11-26', '2017-11-26'),
(23568, 24, 70, b'0', b'0', b'0', b'0', b'0', '50', '2017-11-26', '2017-11-26'),
(23569, 24, 71, b'0', b'0', b'0', b'0', b'0', '50', '2017-11-26', '2017-11-26'),
(23570, 24, 72, b'0', b'0', b'0', b'0', b'0', '50', '2017-11-26', '2017-11-26'),
(23571, 24, 73, b'0', b'0', b'0', b'0', b'0', '50', '2017-11-26', '2017-11-26'),
(23572, 24, 74, b'0', b'0', b'0', b'0', b'0', '50', '2017-11-26', '2017-11-26'),
(23573, 24, 77, b'1', b'0', b'1', b'1', b'1', '50', '2017-11-26', '2017-11-26'),
(23574, 24, 78, b'1', b'0', b'1', b'1', b'1', '50', '2017-11-26', '2017-11-26'),
(23575, 24, 79, b'1', b'0', b'1', b'1', b'1', '50', '2017-11-26', '2017-11-26'),
(23576, 24, 86, b'1', b'0', b'1', b'1', b'1', '50', '2017-11-26', '2017-11-26'),
(23577, 24, 29, b'1', b'0', b'1', b'1', b'1', '50', '2017-11-26', '2017-11-26'),
(23578, 24, 38, b'1', b'0', b'1', b'1', b'1', '50', '2017-11-26', '2017-11-26'),
(23579, 24, 39, b'1', b'0', b'1', b'1', b'1', '50', '2017-11-26', '2017-11-26'),
(23580, 24, 40, b'1', b'0', b'1', b'1', b'1', '50', '2017-11-26', '2017-11-26'),
(23581, 24, 41, b'1', b'0', b'1', b'1', b'1', '50', '2017-11-26', '2017-11-26'),
(23582, 24, 42, b'1', b'0', b'1', b'1', b'1', '50', '2017-11-26', '2017-11-26'),
(23583, 24, 80, b'1', b'0', b'1', b'1', b'1', '50', '2017-11-26', '2017-11-26'),
(23584, 24, 82, b'1', b'0', b'1', b'1', b'1', '50', '2017-11-26', '2017-11-26'),
(23585, 24, 83, b'1', b'0', b'1', b'1', b'1', '50', '2017-11-26', '2017-11-26'),
(23586, 24, 85, b'1', b'0', b'1', b'1', b'1', '50', '2017-11-26', '2017-11-26'),
(23587, 27, 1, b'0', b'0', b'0', b'0', b'0', '50', '2017-11-26', '2017-11-26'),
(23588, 27, 2, b'0', b'0', b'0', b'0', b'0', '50', '2017-11-26', '2017-11-26'),
(23589, 27, 3, b'0', b'0', b'0', b'0', b'0', '50', '2017-11-26', '2017-11-26'),
(23590, 27, 30, b'1', b'0', b'0', b'0', b'0', '50', '2017-11-26', '2017-11-26'),
(23591, 27, 35, b'0', b'0', b'0', b'0', b'0', '50', '2017-11-26', '2017-11-26'),
(23592, 27, 50, b'0', b'0', b'0', b'0', b'0', '50', '2017-11-26', '2017-11-26'),
(23593, 27, 51, b'0', b'0', b'0', b'0', b'0', '50', '2017-11-26', '2017-11-26'),
(23594, 27, 52, b'0', b'0', b'0', b'0', b'0', '50', '2017-11-26', '2017-11-26'),
(23595, 27, 53, b'0', b'0', b'0', b'0', b'0', '50', '2017-11-26', '2017-11-26'),
(23596, 27, 20, b'0', b'0', b'0', b'0', b'0', '50', '2017-11-26', '2017-11-26'),
(23597, 27, 23, b'0', b'0', b'0', b'0', b'0', '50', '2017-11-26', '2017-11-26'),
(23598, 27, 21, b'0', b'0', b'0', b'0', b'0', '50', '2017-11-26', '2017-11-26'),
(23599, 27, 31, b'0', b'0', b'0', b'0', b'0', '50', '2017-11-26', '2017-11-26'),
(23600, 27, 32, b'0', b'0', b'0', b'0', b'0', '50', '2017-11-26', '2017-11-26'),
(23601, 27, 15, b'0', b'0', b'0', b'0', b'0', '50', '2017-11-26', '2017-11-26'),
(23602, 27, 16, b'0', b'0', b'0', b'0', b'0', '50', '2017-11-26', '2017-11-26'),
(23603, 27, 4, b'0', b'0', b'0', b'0', b'0', '50', '2017-11-26', '2017-11-26'),
(23604, 27, 5, b'0', b'0', b'0', b'0', b'0', '50', '2017-11-26', '2017-11-26'),
(23605, 27, 6, b'0', b'0', b'0', b'0', b'0', '50', '2017-11-26', '2017-11-26'),
(23606, 27, 7, b'0', b'0', b'0', b'0', b'0', '50', '2017-11-26', '2017-11-26'),
(23607, 27, 8, b'0', b'0', b'0', b'0', b'0', '50', '2017-11-26', '2017-11-26'),
(23608, 27, 9, b'0', b'0', b'0', b'0', b'0', '50', '2017-11-26', '2017-11-26'),
(23609, 27, 10, b'0', b'0', b'0', b'0', b'0', '50', '2017-11-26', '2017-11-26'),
(23610, 27, 11, b'0', b'0', b'0', b'0', b'0', '50', '2017-11-26', '2017-11-26'),
(23611, 27, 12, b'0', b'0', b'0', b'0', b'0', '50', '2017-11-26', '2017-11-26'),
(23612, 27, 13, b'0', b'0', b'0', b'0', b'0', '50', '2017-11-26', '2017-11-26'),
(23613, 27, 14, b'0', b'0', b'0', b'0', b'0', '50', '2017-11-26', '2017-11-26'),
(23614, 27, 25, b'0', b'0', b'0', b'0', b'0', '50', '2017-11-26', '2017-11-26'),
(23615, 27, 26, b'0', b'0', b'0', b'0', b'0', '50', '2017-11-26', '2017-11-26'),
(23616, 27, 28, b'0', b'0', b'0', b'0', b'0', '50', '2017-11-26', '2017-11-26'),
(23617, 27, 45, b'0', b'0', b'0', b'0', b'0', '50', '2017-11-26', '2017-11-26'),
(23618, 27, 54, b'0', b'0', b'0', b'0', b'0', '50', '2017-11-26', '2017-11-26'),
(23619, 27, 55, b'0', b'0', b'0', b'0', b'0', '50', '2017-11-26', '2017-11-26'),
(23620, 27, 56, b'0', b'0', b'0', b'0', b'0', '50', '2017-11-26', '2017-11-26'),
(23621, 27, 57, b'0', b'0', b'0', b'0', b'0', '50', '2017-11-26', '2017-11-26'),
(23622, 27, 58, b'0', b'0', b'0', b'0', b'0', '50', '2017-11-26', '2017-11-26'),
(23623, 27, 59, b'0', b'0', b'0', b'0', b'0', '50', '2017-11-26', '2017-11-26'),
(23624, 27, 81, b'0', b'0', b'0', b'0', b'0', '50', '2017-11-26', '2017-11-26'),
(23625, 27, 84, b'0', b'0', b'0', b'0', b'0', '50', '2017-11-26', '2017-11-26'),
(23626, 27, 34, b'0', b'0', b'0', b'0', b'0', '50', '2017-11-26', '2017-11-26'),
(23627, 27, 24, b'0', b'0', b'0', b'0', b'0', '50', '2017-11-26', '2017-11-26'),
(23628, 27, 36, b'0', b'0', b'0', b'0', b'0', '50', '2017-11-26', '2017-11-26'),
(23629, 27, 37, b'0', b'0', b'0', b'0', b'0', '50', '2017-11-26', '2017-11-26'),
(23630, 27, 75, b'1', b'0', b'0', b'0', b'0', '50', '2017-11-26', '2017-11-26'),
(23631, 27, 76, b'1', b'0', b'0', b'0', b'0', '50', '2017-11-26', '2017-11-26'),
(23632, 27, 19, b'0', b'0', b'0', b'0', b'0', '50', '2017-11-26', '2017-11-26'),
(23633, 27, 27, b'0', b'0', b'0', b'0', b'0', '50', '2017-11-26', '2017-11-26'),
(23634, 27, 18, b'0', b'0', b'0', b'0', b'0', '50', '2017-11-26', '2017-11-26'),
(23635, 27, 33, b'0', b'0', b'0', b'0', b'0', '50', '2017-11-26', '2017-11-26'),
(23636, 27, 22, b'0', b'0', b'0', b'0', b'0', '50', '2017-11-26', '2017-11-26'),
(23637, 27, 60, b'0', b'0', b'0', b'0', b'0', '50', '2017-11-26', '2017-11-26'),
(23638, 27, 61, b'0', b'0', b'0', b'0', b'0', '50', '2017-11-26', '2017-11-26'),
(23639, 27, 62, b'0', b'0', b'0', b'0', b'0', '50', '2017-11-26', '2017-11-26'),
(23640, 27, 63, b'0', b'0', b'0', b'0', b'0', '50', '2017-11-26', '2017-11-26'),
(23641, 27, 65, b'0', b'0', b'0', b'0', b'0', '50', '2017-11-26', '2017-11-26'),
(23642, 27, 64, b'0', b'0', b'0', b'0', b'0', '50', '2017-11-26', '2017-11-26'),
(23643, 27, 66, b'0', b'0', b'0', b'0', b'0', '50', '2017-11-26', '2017-11-26'),
(23644, 27, 68, b'0', b'0', b'0', b'0', b'0', '50', '2017-11-26', '2017-11-26'),
(23645, 27, 67, b'0', b'0', b'0', b'0', b'0', '50', '2017-11-26', '2017-11-26'),
(23646, 27, 69, b'0', b'0', b'0', b'0', b'0', '50', '2017-11-26', '2017-11-26'),
(23647, 27, 70, b'0', b'0', b'0', b'0', b'0', '50', '2017-11-26', '2017-11-26'),
(23648, 27, 71, b'0', b'0', b'0', b'0', b'0', '50', '2017-11-26', '2017-11-26'),
(23649, 27, 72, b'0', b'0', b'0', b'0', b'0', '50', '2017-11-26', '2017-11-26'),
(23650, 27, 73, b'0', b'0', b'0', b'0', b'0', '50', '2017-11-26', '2017-11-26'),
(23651, 27, 74, b'0', b'0', b'0', b'0', b'0', '50', '2017-11-26', '2017-11-26'),
(23652, 27, 77, b'1', b'0', b'1', b'1', b'1', '50', '2017-11-26', '2017-11-26'),
(23653, 27, 78, b'1', b'0', b'1', b'1', b'1', '50', '2017-11-26', '2017-11-26'),
(23654, 27, 79, b'1', b'0', b'1', b'1', b'1', '50', '2017-11-26', '2017-11-26'),
(23655, 27, 86, b'1', b'0', b'1', b'1', b'1', '50', '2017-11-26', '2017-11-26'),
(23656, 27, 29, b'1', b'0', b'1', b'1', b'1', '50', '2017-11-26', '2017-11-26'),
(23657, 27, 38, b'1', b'0', b'1', b'1', b'1', '50', '2017-11-26', '2017-11-26'),
(23658, 27, 39, b'1', b'0', b'1', b'1', b'1', '50', '2017-11-26', '2017-11-26'),
(23659, 27, 40, b'1', b'0', b'1', b'1', b'1', '50', '2017-11-26', '2017-11-26'),
(23660, 27, 41, b'1', b'0', b'1', b'1', b'1', '50', '2017-11-26', '2017-11-26'),
(23661, 27, 42, b'1', b'0', b'1', b'1', b'1', '50', '2017-11-26', '2017-11-26'),
(23662, 27, 80, b'1', b'0', b'1', b'1', b'1', '50', '2017-11-26', '2017-11-26'),
(23663, 27, 82, b'1', b'0', b'1', b'1', b'1', '50', '2017-11-26', '2017-11-26'),
(23664, 27, 83, b'1', b'0', b'1', b'1', b'1', '50', '2017-11-26', '2017-11-26'),
(23665, 27, 85, b'1', b'0', b'1', b'1', b'1', '50', '2017-11-26', '2017-11-26'),
(23666, 30, 1, b'0', b'0', b'0', b'0', b'0', '50', '2017-11-26', '2017-11-26'),
(23667, 30, 2, b'0', b'0', b'0', b'0', b'0', '50', '2017-11-26', '2017-11-26'),
(23668, 30, 3, b'0', b'0', b'0', b'0', b'0', '50', '2017-11-26', '2017-11-26'),
(23669, 30, 30, b'1', b'0', b'0', b'0', b'0', '50', '2017-11-26', '2017-11-26'),
(23670, 30, 35, b'0', b'0', b'0', b'0', b'0', '50', '2017-11-26', '2017-11-26'),
(23671, 30, 50, b'0', b'0', b'0', b'0', b'0', '50', '2017-11-26', '2017-11-26'),
(23672, 30, 51, b'0', b'0', b'0', b'0', b'0', '50', '2017-11-26', '2017-11-26'),
(23673, 30, 52, b'0', b'0', b'0', b'0', b'0', '50', '2017-11-26', '2017-11-26'),
(23674, 30, 53, b'0', b'0', b'0', b'0', b'0', '50', '2017-11-26', '2017-11-26'),
(23675, 30, 20, b'0', b'0', b'0', b'0', b'0', '50', '2017-11-26', '2017-11-26'),
(23676, 30, 23, b'0', b'0', b'0', b'0', b'0', '50', '2017-11-26', '2017-11-26'),
(23677, 30, 21, b'0', b'0', b'0', b'0', b'0', '50', '2017-11-26', '2017-11-26'),
(23678, 30, 31, b'0', b'0', b'0', b'0', b'0', '50', '2017-11-26', '2017-11-26'),
(23679, 30, 32, b'0', b'0', b'0', b'0', b'0', '50', '2017-11-26', '2017-11-26'),
(23680, 30, 15, b'0', b'0', b'0', b'0', b'0', '50', '2017-11-26', '2017-11-26'),
(23681, 30, 16, b'0', b'0', b'0', b'0', b'0', '50', '2017-11-26', '2017-11-26'),
(23682, 30, 4, b'0', b'0', b'0', b'0', b'0', '50', '2017-11-26', '2017-11-26'),
(23683, 30, 5, b'0', b'0', b'0', b'0', b'0', '50', '2017-11-26', '2017-11-26'),
(23684, 30, 6, b'0', b'0', b'0', b'0', b'0', '50', '2017-11-26', '2017-11-26'),
(23685, 30, 7, b'0', b'0', b'0', b'0', b'0', '50', '2017-11-26', '2017-11-26'),
(23686, 30, 8, b'0', b'0', b'0', b'0', b'0', '50', '2017-11-26', '2017-11-26'),
(23687, 30, 9, b'0', b'0', b'0', b'0', b'0', '50', '2017-11-26', '2017-11-26'),
(23688, 30, 10, b'0', b'0', b'0', b'0', b'0', '50', '2017-11-26', '2017-11-26'),
(23689, 30, 11, b'0', b'0', b'0', b'0', b'0', '50', '2017-11-26', '2017-11-26'),
(23690, 30, 12, b'0', b'0', b'0', b'0', b'0', '50', '2017-11-26', '2017-11-26'),
(23691, 30, 13, b'0', b'0', b'0', b'0', b'0', '50', '2017-11-26', '2017-11-26'),
(23692, 30, 14, b'0', b'0', b'0', b'0', b'0', '50', '2017-11-26', '2017-11-26'),
(23693, 30, 25, b'0', b'0', b'0', b'0', b'0', '50', '2017-11-26', '2017-11-26'),
(23694, 30, 26, b'0', b'0', b'0', b'0', b'0', '50', '2017-11-26', '2017-11-26'),
(23695, 30, 28, b'0', b'0', b'0', b'0', b'0', '50', '2017-11-26', '2017-11-26'),
(23696, 30, 45, b'0', b'0', b'0', b'0', b'0', '50', '2017-11-26', '2017-11-26'),
(23697, 30, 54, b'0', b'0', b'0', b'0', b'0', '50', '2017-11-26', '2017-11-26'),
(23698, 30, 55, b'0', b'0', b'0', b'0', b'0', '50', '2017-11-26', '2017-11-26'),
(23699, 30, 56, b'0', b'0', b'0', b'0', b'0', '50', '2017-11-26', '2017-11-26'),
(23700, 30, 57, b'0', b'0', b'0', b'0', b'0', '50', '2017-11-26', '2017-11-26'),
(23701, 30, 58, b'0', b'0', b'0', b'0', b'0', '50', '2017-11-26', '2017-11-26'),
(23702, 30, 59, b'0', b'0', b'0', b'0', b'0', '50', '2017-11-26', '2017-11-26'),
(23703, 30, 81, b'0', b'0', b'0', b'0', b'0', '50', '2017-11-26', '2017-11-26'),
(23704, 30, 84, b'0', b'0', b'0', b'0', b'0', '50', '2017-11-26', '2017-11-26'),
(23705, 30, 34, b'0', b'0', b'0', b'0', b'0', '50', '2017-11-26', '2017-11-26'),
(23706, 30, 24, b'0', b'0', b'0', b'0', b'0', '50', '2017-11-26', '2017-11-26'),
(23707, 30, 36, b'0', b'0', b'0', b'0', b'0', '50', '2017-11-26', '2017-11-26'),
(23708, 30, 37, b'0', b'0', b'0', b'0', b'0', '50', '2017-11-26', '2017-11-26'),
(23709, 30, 75, b'1', b'0', b'0', b'0', b'0', '50', '2017-11-26', '2017-11-26'),
(23710, 30, 76, b'1', b'0', b'0', b'0', b'0', '50', '2017-11-26', '2017-11-26'),
(23711, 30, 19, b'0', b'0', b'0', b'0', b'0', '50', '2017-11-26', '2017-11-26'),
(23712, 30, 27, b'0', b'0', b'0', b'0', b'0', '50', '2017-11-26', '2017-11-26'),
(23713, 30, 18, b'0', b'0', b'0', b'0', b'0', '50', '2017-11-26', '2017-11-26'),
(23714, 30, 33, b'0', b'0', b'0', b'0', b'0', '50', '2017-11-26', '2017-11-26'),
(23715, 30, 22, b'0', b'0', b'0', b'0', b'0', '50', '2017-11-26', '2017-11-26'),
(23716, 30, 60, b'0', b'0', b'0', b'0', b'0', '50', '2017-11-26', '2017-11-26'),
(23717, 30, 61, b'0', b'0', b'0', b'0', b'0', '50', '2017-11-26', '2017-11-26'),
(23718, 30, 62, b'0', b'0', b'0', b'0', b'0', '50', '2017-11-26', '2017-11-26'),
(23719, 30, 63, b'0', b'0', b'0', b'0', b'0', '50', '2017-11-26', '2017-11-26'),
(23720, 30, 65, b'0', b'0', b'0', b'0', b'0', '50', '2017-11-26', '2017-11-26'),
(23721, 30, 64, b'0', b'0', b'0', b'0', b'0', '50', '2017-11-26', '2017-11-26'),
(23722, 30, 66, b'0', b'0', b'0', b'0', b'0', '50', '2017-11-26', '2017-11-26'),
(23723, 30, 68, b'0', b'0', b'0', b'0', b'0', '50', '2017-11-26', '2017-11-26'),
(23724, 30, 67, b'0', b'0', b'0', b'0', b'0', '50', '2017-11-26', '2017-11-26'),
(23725, 30, 69, b'0', b'0', b'0', b'0', b'0', '50', '2017-11-26', '2017-11-26'),
(23726, 30, 70, b'0', b'0', b'0', b'0', b'0', '50', '2017-11-26', '2017-11-26'),
(23727, 30, 71, b'0', b'0', b'0', b'0', b'0', '50', '2017-11-26', '2017-11-26'),
(23728, 30, 72, b'0', b'0', b'0', b'0', b'0', '50', '2017-11-26', '2017-11-26'),
(23729, 30, 73, b'0', b'0', b'0', b'0', b'0', '50', '2017-11-26', '2017-11-26'),
(23730, 30, 74, b'0', b'0', b'0', b'0', b'0', '50', '2017-11-26', '2017-11-26'),
(23731, 30, 77, b'1', b'0', b'1', b'1', b'1', '50', '2017-11-26', '2017-11-26'),
(23732, 30, 78, b'1', b'0', b'1', b'1', b'1', '50', '2017-11-26', '2017-11-26'),
(23733, 30, 79, b'1', b'0', b'1', b'1', b'1', '50', '2017-11-26', '2017-11-26'),
(23734, 30, 86, b'1', b'0', b'1', b'1', b'1', '50', '2017-11-26', '2017-11-26'),
(23735, 30, 29, b'1', b'0', b'1', b'1', b'1', '50', '2017-11-26', '2017-11-26'),
(23736, 30, 38, b'1', b'0', b'1', b'1', b'1', '50', '2017-11-26', '2017-11-26'),
(23737, 30, 39, b'1', b'0', b'1', b'1', b'1', '50', '2017-11-26', '2017-11-26'),
(23738, 30, 40, b'1', b'0', b'1', b'1', b'1', '50', '2017-11-26', '2017-11-26'),
(23739, 30, 41, b'1', b'0', b'1', b'1', b'1', '50', '2017-11-26', '2017-11-26'),
(23740, 30, 42, b'1', b'0', b'1', b'1', b'1', '50', '2017-11-26', '2017-11-26'),
(23741, 30, 80, b'1', b'0', b'1', b'1', b'1', '50', '2017-11-26', '2017-11-26'),
(23742, 30, 82, b'1', b'0', b'1', b'1', b'1', '50', '2017-11-26', '2017-11-26'),
(23743, 30, 83, b'1', b'0', b'1', b'1', b'1', '50', '2017-11-26', '2017-11-26'),
(23744, 30, 85, b'1', b'0', b'1', b'1', b'1', '50', '2017-11-26', '2017-11-26'),
(23745, 33, 1, b'0', b'0', b'0', b'0', b'0', '50', '2017-11-26', '2017-11-26'),
(23746, 33, 2, b'0', b'0', b'0', b'0', b'0', '50', '2017-11-26', '2017-11-26'),
(23747, 33, 3, b'0', b'0', b'0', b'0', b'0', '50', '2017-11-26', '2017-11-26'),
(23748, 33, 30, b'1', b'0', b'0', b'0', b'0', '50', '2017-11-26', '2017-11-26'),
(23749, 33, 35, b'0', b'0', b'0', b'0', b'0', '50', '2017-11-26', '2017-11-26'),
(23750, 33, 50, b'0', b'0', b'0', b'0', b'0', '50', '2017-11-26', '2017-11-26'),
(23751, 33, 51, b'0', b'0', b'0', b'0', b'0', '50', '2017-11-26', '2017-11-26'),
(23752, 33, 52, b'0', b'0', b'0', b'0', b'0', '50', '2017-11-26', '2017-11-26'),
(23753, 33, 53, b'0', b'0', b'0', b'0', b'0', '50', '2017-11-26', '2017-11-26'),
(23754, 33, 20, b'0', b'0', b'0', b'0', b'0', '50', '2017-11-26', '2017-11-26'),
(23755, 33, 23, b'0', b'0', b'0', b'0', b'0', '50', '2017-11-26', '2017-11-26'),
(23756, 33, 21, b'0', b'0', b'0', b'0', b'0', '50', '2017-11-26', '2017-11-26'),
(23757, 33, 31, b'0', b'0', b'0', b'0', b'0', '50', '2017-11-26', '2017-11-26'),
(23758, 33, 32, b'0', b'0', b'0', b'0', b'0', '50', '2017-11-26', '2017-11-26'),
(23759, 33, 15, b'0', b'0', b'0', b'0', b'0', '50', '2017-11-26', '2017-11-26'),
(23760, 33, 16, b'0', b'0', b'0', b'0', b'0', '50', '2017-11-26', '2017-11-26'),
(23761, 33, 4, b'0', b'0', b'0', b'0', b'0', '50', '2017-11-26', '2017-11-26'),
(23762, 33, 5, b'0', b'0', b'0', b'0', b'0', '50', '2017-11-26', '2017-11-26'),
(23763, 33, 6, b'0', b'0', b'0', b'0', b'0', '50', '2017-11-26', '2017-11-26'),
(23764, 33, 7, b'0', b'0', b'0', b'0', b'0', '50', '2017-11-26', '2017-11-26'),
(23765, 33, 8, b'0', b'0', b'0', b'0', b'0', '50', '2017-11-26', '2017-11-26'),
(23766, 33, 9, b'0', b'0', b'0', b'0', b'0', '50', '2017-11-26', '2017-11-26'),
(23767, 33, 10, b'0', b'0', b'0', b'0', b'0', '50', '2017-11-26', '2017-11-26'),
(23768, 33, 11, b'0', b'0', b'0', b'0', b'0', '50', '2017-11-26', '2017-11-26'),
(23769, 33, 12, b'0', b'0', b'0', b'0', b'0', '50', '2017-11-26', '2017-11-26'),
(23770, 33, 13, b'0', b'0', b'0', b'0', b'0', '50', '2017-11-26', '2017-11-26'),
(23771, 33, 14, b'0', b'0', b'0', b'0', b'0', '50', '2017-11-26', '2017-11-26'),
(23772, 33, 25, b'0', b'0', b'0', b'0', b'0', '50', '2017-11-26', '2017-11-26'),
(23773, 33, 26, b'0', b'0', b'0', b'0', b'0', '50', '2017-11-26', '2017-11-26'),
(23774, 33, 28, b'0', b'0', b'0', b'0', b'0', '50', '2017-11-26', '2017-11-26'),
(23775, 33, 45, b'0', b'0', b'0', b'0', b'0', '50', '2017-11-26', '2017-11-26'),
(23776, 33, 54, b'0', b'0', b'0', b'0', b'0', '50', '2017-11-26', '2017-11-26'),
(23777, 33, 55, b'0', b'0', b'0', b'0', b'0', '50', '2017-11-26', '2017-11-26'),
(23778, 33, 56, b'0', b'0', b'0', b'0', b'0', '50', '2017-11-26', '2017-11-26'),
(23779, 33, 57, b'0', b'0', b'0', b'0', b'0', '50', '2017-11-26', '2017-11-26'),
(23780, 33, 58, b'0', b'0', b'0', b'0', b'0', '50', '2017-11-26', '2017-11-26'),
(23781, 33, 59, b'0', b'0', b'0', b'0', b'0', '50', '2017-11-26', '2017-11-26'),
(23782, 33, 81, b'0', b'0', b'0', b'0', b'0', '50', '2017-11-26', '2017-11-26'),
(23783, 33, 84, b'0', b'0', b'0', b'0', b'0', '50', '2017-11-26', '2017-11-26'),
(23784, 33, 34, b'0', b'0', b'0', b'0', b'0', '50', '2017-11-26', '2017-11-26'),
(23785, 33, 24, b'0', b'0', b'0', b'0', b'0', '50', '2017-11-26', '2017-11-26'),
(23786, 33, 36, b'0', b'0', b'0', b'0', b'0', '50', '2017-11-26', '2017-11-26'),
(23787, 33, 37, b'0', b'0', b'0', b'0', b'0', '50', '2017-11-26', '2017-11-26'),
(23788, 33, 75, b'1', b'0', b'0', b'0', b'0', '50', '2017-11-26', '2017-11-26'),
(23789, 33, 76, b'1', b'0', b'0', b'0', b'0', '50', '2017-11-26', '2017-11-26'),
(23790, 33, 19, b'0', b'0', b'0', b'0', b'0', '50', '2017-11-26', '2017-11-26'),
(23791, 33, 27, b'0', b'0', b'0', b'0', b'0', '50', '2017-11-26', '2017-11-26'),
(23792, 33, 18, b'0', b'0', b'0', b'0', b'0', '50', '2017-11-26', '2017-11-26'),
(23793, 33, 33, b'0', b'0', b'0', b'0', b'0', '50', '2017-11-26', '2017-11-26'),
(23794, 33, 22, b'0', b'0', b'0', b'0', b'0', '50', '2017-11-26', '2017-11-26'),
(23795, 33, 60, b'0', b'0', b'0', b'0', b'0', '50', '2017-11-26', '2017-11-26'),
(23796, 33, 61, b'0', b'0', b'0', b'0', b'0', '50', '2017-11-26', '2017-11-26'),
(23797, 33, 62, b'0', b'0', b'0', b'0', b'0', '50', '2017-11-26', '2017-11-26'),
(23798, 33, 63, b'0', b'0', b'0', b'0', b'0', '50', '2017-11-26', '2017-11-26'),
(23799, 33, 65, b'0', b'0', b'0', b'0', b'0', '50', '2017-11-26', '2017-11-26'),
(23800, 33, 64, b'0', b'0', b'0', b'0', b'0', '50', '2017-11-26', '2017-11-26'),
(23801, 33, 66, b'0', b'0', b'0', b'0', b'0', '50', '2017-11-26', '2017-11-26'),
(23802, 33, 68, b'0', b'0', b'0', b'0', b'0', '50', '2017-11-26', '2017-11-26'),
(23803, 33, 67, b'0', b'0', b'0', b'0', b'0', '50', '2017-11-26', '2017-11-26'),
(23804, 33, 69, b'0', b'0', b'0', b'0', b'0', '50', '2017-11-26', '2017-11-26'),
(23805, 33, 70, b'0', b'0', b'0', b'0', b'0', '50', '2017-11-26', '2017-11-26'),
(23806, 33, 71, b'0', b'0', b'0', b'0', b'0', '50', '2017-11-26', '2017-11-26'),
(23807, 33, 72, b'0', b'0', b'0', b'0', b'0', '50', '2017-11-26', '2017-11-26'),
(23808, 33, 73, b'0', b'0', b'0', b'0', b'0', '50', '2017-11-26', '2017-11-26'),
(23809, 33, 74, b'0', b'0', b'0', b'0', b'0', '50', '2017-11-26', '2017-11-26'),
(23810, 33, 77, b'1', b'0', b'1', b'1', b'1', '50', '2017-11-26', '2017-11-26'),
(23811, 33, 78, b'1', b'0', b'1', b'1', b'1', '50', '2017-11-26', '2017-11-26'),
(23812, 33, 79, b'1', b'0', b'1', b'1', b'1', '50', '2017-11-26', '2017-11-26'),
(23813, 33, 86, b'1', b'0', b'1', b'1', b'1', '50', '2017-11-26', '2017-11-26'),
(23814, 33, 29, b'1', b'0', b'1', b'1', b'1', '50', '2017-11-26', '2017-11-26'),
(23815, 33, 38, b'1', b'0', b'1', b'1', b'1', '50', '2017-11-26', '2017-11-26'),
(23816, 33, 39, b'1', b'0', b'1', b'1', b'1', '50', '2017-11-26', '2017-11-26'),
(23817, 33, 40, b'1', b'0', b'1', b'1', b'1', '50', '2017-11-26', '2017-11-26'),
(23818, 33, 41, b'1', b'0', b'1', b'1', b'1', '50', '2017-11-26', '2017-11-26'),
(23819, 33, 42, b'1', b'0', b'1', b'1', b'1', '50', '2017-11-26', '2017-11-26'),
(23820, 33, 80, b'1', b'0', b'1', b'1', b'1', '50', '2017-11-26', '2017-11-26'),
(23821, 33, 82, b'1', b'0', b'1', b'1', b'1', '50', '2017-11-26', '2017-11-26'),
(23822, 33, 83, b'1', b'0', b'1', b'1', b'1', '50', '2017-11-26', '2017-11-26'),
(23823, 33, 85, b'1', b'0', b'1', b'1', b'1', '50', '2017-11-26', '2017-11-26'),
(23824, 35, 1, b'0', b'0', b'0', b'0', b'0', '50', '2017-11-26', '2017-11-26'),
(23825, 35, 2, b'0', b'0', b'0', b'0', b'0', '50', '2017-11-26', '2017-11-26'),
(23826, 35, 3, b'0', b'0', b'0', b'0', b'0', '50', '2017-11-26', '2017-11-26'),
(23827, 35, 30, b'1', b'0', b'0', b'0', b'0', '50', '2017-11-26', '2017-11-26'),
(23828, 35, 35, b'0', b'0', b'0', b'0', b'0', '50', '2017-11-26', '2017-11-26'),
(23829, 35, 50, b'0', b'0', b'0', b'0', b'0', '50', '2017-11-26', '2017-11-26'),
(23830, 35, 51, b'0', b'0', b'0', b'0', b'0', '50', '2017-11-26', '2017-11-26'),
(23831, 35, 52, b'0', b'0', b'0', b'0', b'0', '50', '2017-11-26', '2017-11-26'),
(23832, 35, 53, b'0', b'0', b'0', b'0', b'0', '50', '2017-11-26', '2017-11-26'),
(23833, 35, 20, b'0', b'0', b'0', b'0', b'0', '50', '2017-11-26', '2017-11-26'),
(23834, 35, 23, b'0', b'0', b'0', b'0', b'0', '50', '2017-11-26', '2017-11-26'),
(23835, 35, 21, b'0', b'0', b'0', b'0', b'0', '50', '2017-11-26', '2017-11-26'),
(23836, 35, 31, b'0', b'0', b'0', b'0', b'0', '50', '2017-11-26', '2017-11-26'),
(23837, 35, 32, b'0', b'0', b'0', b'0', b'0', '50', '2017-11-26', '2017-11-26'),
(23838, 35, 15, b'0', b'0', b'0', b'0', b'0', '50', '2017-11-26', '2017-11-26'),
(23839, 35, 16, b'0', b'0', b'0', b'0', b'0', '50', '2017-11-26', '2017-11-26'),
(23840, 35, 4, b'0', b'0', b'0', b'0', b'0', '50', '2017-11-26', '2017-11-26'),
(23841, 35, 5, b'0', b'0', b'0', b'0', b'0', '50', '2017-11-26', '2017-11-26'),
(23842, 35, 6, b'0', b'0', b'0', b'0', b'0', '50', '2017-11-26', '2017-11-26'),
(23843, 35, 7, b'0', b'0', b'0', b'0', b'0', '50', '2017-11-26', '2017-11-26'),
(23844, 35, 8, b'0', b'0', b'0', b'0', b'0', '50', '2017-11-26', '2017-11-26'),
(23845, 35, 9, b'0', b'0', b'0', b'0', b'0', '50', '2017-11-26', '2017-11-26'),
(23846, 35, 10, b'0', b'0', b'0', b'0', b'0', '50', '2017-11-26', '2017-11-26'),
(23847, 35, 11, b'0', b'0', b'0', b'0', b'0', '50', '2017-11-26', '2017-11-26'),
(23848, 35, 12, b'0', b'0', b'0', b'0', b'0', '50', '2017-11-26', '2017-11-26'),
(23849, 35, 13, b'0', b'0', b'0', b'0', b'0', '50', '2017-11-26', '2017-11-26'),
(23850, 35, 14, b'0', b'0', b'0', b'0', b'0', '50', '2017-11-26', '2017-11-26'),
(23851, 35, 25, b'0', b'0', b'0', b'0', b'0', '50', '2017-11-26', '2017-11-26'),
(23852, 35, 26, b'0', b'0', b'0', b'0', b'0', '50', '2017-11-26', '2017-11-26'),
(23853, 35, 28, b'0', b'0', b'0', b'0', b'0', '50', '2017-11-26', '2017-11-26'),
(23854, 35, 45, b'0', b'0', b'0', b'0', b'0', '50', '2017-11-26', '2017-11-26'),
(23855, 35, 54, b'0', b'0', b'0', b'0', b'0', '50', '2017-11-26', '2017-11-26'),
(23856, 35, 55, b'0', b'0', b'0', b'0', b'0', '50', '2017-11-26', '2017-11-26'),
(23857, 35, 56, b'0', b'0', b'0', b'0', b'0', '50', '2017-11-26', '2017-11-26'),
(23858, 35, 57, b'0', b'0', b'0', b'0', b'0', '50', '2017-11-26', '2017-11-26'),
(23859, 35, 58, b'0', b'0', b'0', b'0', b'0', '50', '2017-11-26', '2017-11-26'),
(23860, 35, 59, b'0', b'0', b'0', b'0', b'0', '50', '2017-11-26', '2017-11-26'),
(23861, 35, 81, b'0', b'0', b'0', b'0', b'0', '50', '2017-11-26', '2017-11-26'),
(23862, 35, 84, b'0', b'0', b'0', b'0', b'0', '50', '2017-11-26', '2017-11-26'),
(23863, 35, 34, b'0', b'0', b'0', b'0', b'0', '50', '2017-11-26', '2017-11-26'),
(23864, 35, 24, b'0', b'0', b'0', b'0', b'0', '50', '2017-11-26', '2017-11-26'),
(23865, 35, 36, b'0', b'0', b'0', b'0', b'0', '50', '2017-11-26', '2017-11-26'),
(23866, 35, 37, b'0', b'0', b'0', b'0', b'0', '50', '2017-11-26', '2017-11-26'),
(23867, 35, 75, b'1', b'0', b'0', b'0', b'0', '50', '2017-11-26', '2017-11-26'),
(23868, 35, 76, b'1', b'0', b'0', b'0', b'0', '50', '2017-11-26', '2017-11-26'),
(23869, 35, 19, b'0', b'0', b'0', b'0', b'0', '50', '2017-11-26', '2017-11-26'),
(23870, 35, 27, b'0', b'0', b'0', b'0', b'0', '50', '2017-11-26', '2017-11-26'),
(23871, 35, 18, b'0', b'0', b'0', b'0', b'0', '50', '2017-11-26', '2017-11-26'),
(23872, 35, 33, b'0', b'0', b'0', b'0', b'0', '50', '2017-11-26', '2017-11-26'),
(23873, 35, 22, b'0', b'0', b'0', b'0', b'0', '50', '2017-11-26', '2017-11-26'),
(23874, 35, 60, b'0', b'0', b'0', b'0', b'0', '50', '2017-11-26', '2017-11-26'),
(23875, 35, 61, b'0', b'0', b'0', b'0', b'0', '50', '2017-11-26', '2017-11-26'),
(23876, 35, 62, b'0', b'0', b'0', b'0', b'0', '50', '2017-11-26', '2017-11-26'),
(23877, 35, 63, b'0', b'0', b'0', b'0', b'0', '50', '2017-11-26', '2017-11-26'),
(23878, 35, 65, b'0', b'0', b'0', b'0', b'0', '50', '2017-11-26', '2017-11-26'),
(23879, 35, 64, b'0', b'0', b'0', b'0', b'0', '50', '2017-11-26', '2017-11-26'),
(23880, 35, 66, b'0', b'0', b'0', b'0', b'0', '50', '2017-11-26', '2017-11-26'),
(23881, 35, 68, b'0', b'0', b'0', b'0', b'0', '50', '2017-11-26', '2017-11-26'),
(23882, 35, 67, b'0', b'0', b'0', b'0', b'0', '50', '2017-11-26', '2017-11-26'),
(23883, 35, 69, b'0', b'0', b'0', b'0', b'0', '50', '2017-11-26', '2017-11-26'),
(23884, 35, 70, b'0', b'0', b'0', b'0', b'0', '50', '2017-11-26', '2017-11-26'),
(23885, 35, 71, b'0', b'0', b'0', b'0', b'0', '50', '2017-11-26', '2017-11-26'),
(23886, 35, 72, b'0', b'0', b'0', b'0', b'0', '50', '2017-11-26', '2017-11-26'),
(23887, 35, 73, b'0', b'0', b'0', b'0', b'0', '50', '2017-11-26', '2017-11-26'),
(23888, 35, 74, b'0', b'0', b'0', b'0', b'0', '50', '2017-11-26', '2017-11-26'),
(23889, 35, 77, b'1', b'0', b'1', b'1', b'1', '50', '2017-11-26', '2017-11-26'),
(23890, 35, 78, b'1', b'0', b'1', b'1', b'1', '50', '2017-11-26', '2017-11-26'),
(23891, 35, 79, b'1', b'0', b'1', b'1', b'1', '50', '2017-11-26', '2017-11-26'),
(23892, 35, 86, b'1', b'0', b'1', b'1', b'1', '50', '2017-11-26', '2017-11-26'),
(23893, 35, 29, b'1', b'0', b'1', b'1', b'1', '50', '2017-11-26', '2017-11-26'),
(23894, 35, 38, b'1', b'0', b'1', b'1', b'1', '50', '2017-11-26', '2017-11-26'),
(23895, 35, 39, b'1', b'0', b'1', b'1', b'1', '50', '2017-11-26', '2017-11-26'),
(23896, 35, 40, b'1', b'0', b'1', b'1', b'1', '50', '2017-11-26', '2017-11-26'),
(23897, 35, 41, b'1', b'0', b'1', b'1', b'1', '50', '2017-11-26', '2017-11-26'),
(23898, 35, 42, b'1', b'0', b'1', b'1', b'1', '50', '2017-11-26', '2017-11-26'),
(23899, 35, 80, b'1', b'0', b'1', b'1', b'1', '50', '2017-11-26', '2017-11-26'),
(23900, 35, 82, b'1', b'0', b'1', b'1', b'1', '50', '2017-11-26', '2017-11-26'),
(23901, 35, 83, b'1', b'0', b'1', b'1', b'1', '50', '2017-11-26', '2017-11-26'),
(23902, 35, 85, b'1', b'0', b'1', b'1', b'1', '50', '2017-11-26', '2017-11-26'),
(23903, 42, 1, b'0', b'0', b'0', b'0', b'0', '50', '2017-11-26', '2017-11-26'),
(23904, 42, 2, b'0', b'0', b'0', b'0', b'0', '50', '2017-11-26', '2017-11-26'),
(23905, 42, 3, b'0', b'0', b'0', b'0', b'0', '50', '2017-11-26', '2017-11-26'),
(23906, 42, 30, b'1', b'0', b'0', b'0', b'0', '50', '2017-11-26', '2017-11-26'),
(23907, 42, 35, b'0', b'0', b'0', b'0', b'0', '50', '2017-11-26', '2017-11-26'),
(23908, 42, 50, b'0', b'0', b'0', b'0', b'0', '50', '2017-11-26', '2017-11-26'),
(23909, 42, 51, b'0', b'0', b'0', b'0', b'0', '50', '2017-11-26', '2017-11-26'),
(23910, 42, 52, b'0', b'0', b'0', b'0', b'0', '50', '2017-11-26', '2017-11-26'),
(23911, 42, 53, b'0', b'0', b'0', b'0', b'0', '50', '2017-11-26', '2017-11-26'),
(23912, 42, 20, b'0', b'0', b'0', b'0', b'0', '50', '2017-11-26', '2017-11-26'),
(23913, 42, 23, b'0', b'0', b'0', b'0', b'0', '50', '2017-11-26', '2017-11-26'),
(23914, 42, 21, b'0', b'0', b'0', b'0', b'0', '50', '2017-11-26', '2017-11-26'),
(23915, 42, 31, b'0', b'0', b'0', b'0', b'0', '50', '2017-11-26', '2017-11-26'),
(23916, 42, 32, b'0', b'0', b'0', b'0', b'0', '50', '2017-11-26', '2017-11-26'),
(23917, 42, 15, b'0', b'0', b'0', b'0', b'0', '50', '2017-11-26', '2017-11-26'),
(23918, 42, 16, b'0', b'0', b'0', b'0', b'0', '50', '2017-11-26', '2017-11-26'),
(23919, 42, 4, b'0', b'0', b'0', b'0', b'0', '50', '2017-11-26', '2017-11-26'),
(23920, 42, 5, b'0', b'0', b'0', b'0', b'0', '50', '2017-11-26', '2017-11-26'),
(23921, 42, 6, b'0', b'0', b'0', b'0', b'0', '50', '2017-11-26', '2017-11-26'),
(23922, 42, 7, b'0', b'0', b'0', b'0', b'0', '50', '2017-11-26', '2017-11-26'),
(23923, 42, 8, b'0', b'0', b'0', b'0', b'0', '50', '2017-11-26', '2017-11-26'),
(23924, 42, 9, b'0', b'0', b'0', b'0', b'0', '50', '2017-11-26', '2017-11-26'),
(23925, 42, 10, b'0', b'0', b'0', b'0', b'0', '50', '2017-11-26', '2017-11-26'),
(23926, 42, 11, b'0', b'0', b'0', b'0', b'0', '50', '2017-11-26', '2017-11-26'),
(23927, 42, 12, b'0', b'0', b'0', b'0', b'0', '50', '2017-11-26', '2017-11-26'),
(23928, 42, 13, b'0', b'0', b'0', b'0', b'0', '50', '2017-11-26', '2017-11-26'),
(23929, 42, 14, b'0', b'0', b'0', b'0', b'0', '50', '2017-11-26', '2017-11-26'),
(23930, 42, 25, b'0', b'0', b'0', b'0', b'0', '50', '2017-11-26', '2017-11-26'),
(23931, 42, 26, b'0', b'0', b'0', b'0', b'0', '50', '2017-11-26', '2017-11-26'),
(23932, 42, 28, b'0', b'0', b'0', b'0', b'0', '50', '2017-11-26', '2017-11-26'),
(23933, 42, 45, b'0', b'0', b'0', b'0', b'0', '50', '2017-11-26', '2017-11-26'),
(23934, 42, 54, b'0', b'0', b'0', b'0', b'0', '50', '2017-11-26', '2017-11-26'),
(23935, 42, 55, b'0', b'0', b'0', b'0', b'0', '50', '2017-11-26', '2017-11-26'),
(23936, 42, 56, b'0', b'0', b'0', b'0', b'0', '50', '2017-11-26', '2017-11-26'),
(23937, 42, 57, b'0', b'0', b'0', b'0', b'0', '50', '2017-11-26', '2017-11-26'),
(23938, 42, 58, b'0', b'0', b'0', b'0', b'0', '50', '2017-11-26', '2017-11-26'),
(23939, 42, 59, b'0', b'0', b'0', b'0', b'0', '50', '2017-11-26', '2017-11-26'),
(23940, 42, 81, b'0', b'0', b'0', b'0', b'0', '50', '2017-11-26', '2017-11-26'),
(23941, 42, 84, b'0', b'0', b'0', b'0', b'0', '50', '2017-11-26', '2017-11-26'),
(23942, 42, 34, b'0', b'0', b'0', b'0', b'0', '50', '2017-11-26', '2017-11-26'),
(23943, 42, 24, b'0', b'0', b'0', b'0', b'0', '50', '2017-11-26', '2017-11-26'),
(23944, 42, 36, b'0', b'0', b'0', b'0', b'0', '50', '2017-11-26', '2017-11-26'),
(23945, 42, 37, b'0', b'0', b'0', b'0', b'0', '50', '2017-11-26', '2017-11-26'),
(23946, 42, 75, b'1', b'0', b'0', b'0', b'0', '50', '2017-11-26', '2017-11-26'),
(23947, 42, 76, b'1', b'0', b'0', b'0', b'0', '50', '2017-11-26', '2017-11-26'),
(23948, 42, 19, b'0', b'0', b'0', b'0', b'0', '50', '2017-11-26', '2017-11-26'),
(23949, 42, 27, b'0', b'0', b'0', b'0', b'0', '50', '2017-11-26', '2017-11-26'),
(23950, 42, 18, b'0', b'0', b'0', b'0', b'0', '50', '2017-11-26', '2017-11-26'),
(23951, 42, 33, b'0', b'0', b'0', b'0', b'0', '50', '2017-11-26', '2017-11-26'),
(23952, 42, 22, b'0', b'0', b'0', b'0', b'0', '50', '2017-11-26', '2017-11-26'),
(23953, 42, 60, b'0', b'0', b'0', b'0', b'0', '50', '2017-11-26', '2017-11-26'),
(23954, 42, 61, b'0', b'0', b'0', b'0', b'0', '50', '2017-11-26', '2017-11-26'),
(23955, 42, 62, b'0', b'0', b'0', b'0', b'0', '50', '2017-11-26', '2017-11-26'),
(23956, 42, 63, b'0', b'0', b'0', b'0', b'0', '50', '2017-11-26', '2017-11-26'),
(23957, 42, 65, b'0', b'0', b'0', b'0', b'0', '50', '2017-11-26', '2017-11-26'),
(23958, 42, 64, b'0', b'0', b'0', b'0', b'0', '50', '2017-11-26', '2017-11-26'),
(23959, 42, 66, b'0', b'0', b'0', b'0', b'0', '50', '2017-11-26', '2017-11-26'),
(23960, 42, 68, b'0', b'0', b'0', b'0', b'0', '50', '2017-11-26', '2017-11-26'),
(23961, 42, 67, b'0', b'0', b'0', b'0', b'0', '50', '2017-11-26', '2017-11-26'),
(23962, 42, 69, b'0', b'0', b'0', b'0', b'0', '50', '2017-11-26', '2017-11-26'),
(23963, 42, 70, b'0', b'0', b'0', b'0', b'0', '50', '2017-11-26', '2017-11-26'),
(23964, 42, 71, b'0', b'0', b'0', b'0', b'0', '50', '2017-11-26', '2017-11-26'),
(23965, 42, 72, b'0', b'0', b'0', b'0', b'0', '50', '2017-11-26', '2017-11-26'),
(23966, 42, 73, b'0', b'0', b'0', b'0', b'0', '50', '2017-11-26', '2017-11-26'),
(23967, 42, 74, b'0', b'0', b'0', b'0', b'0', '50', '2017-11-26', '2017-11-26'),
(23968, 42, 77, b'1', b'0', b'1', b'1', b'1', '50', '2017-11-26', '2017-11-26'),
(23969, 42, 78, b'1', b'0', b'1', b'1', b'1', '50', '2017-11-26', '2017-11-26'),
(23970, 42, 79, b'1', b'0', b'1', b'1', b'1', '50', '2017-11-26', '2017-11-26'),
(23971, 42, 86, b'1', b'0', b'1', b'1', b'1', '50', '2017-11-26', '2017-11-26'),
(23972, 42, 29, b'1', b'0', b'1', b'1', b'1', '50', '2017-11-26', '2017-11-26'),
(23973, 42, 38, b'1', b'0', b'1', b'1', b'1', '50', '2017-11-26', '2017-11-26'),
(23974, 42, 39, b'1', b'0', b'1', b'1', b'1', '50', '2017-11-26', '2017-11-26'),
(23975, 42, 40, b'1', b'0', b'1', b'1', b'1', '50', '2017-11-26', '2017-11-26'),
(23976, 42, 41, b'1', b'0', b'1', b'1', b'1', '50', '2017-11-26', '2017-11-26'),
(23977, 42, 42, b'1', b'0', b'1', b'1', b'1', '50', '2017-11-26', '2017-11-26'),
(23978, 42, 80, b'1', b'0', b'1', b'1', b'1', '50', '2017-11-26', '2017-11-26'),
(23979, 42, 82, b'1', b'0', b'1', b'1', b'1', '50', '2017-11-26', '2017-11-26'),
(23980, 42, 83, b'1', b'0', b'1', b'1', b'1', '50', '2017-11-26', '2017-11-26'),
(23981, 42, 85, b'1', b'0', b'1', b'1', b'1', '50', '2017-11-26', '2017-11-26'),
(23982, 43, 1, b'0', b'0', b'0', b'0', b'0', '50', '2017-11-26', '2017-11-26'),
(23983, 43, 2, b'0', b'0', b'0', b'0', b'0', '50', '2017-11-26', '2017-11-26'),
(23984, 43, 3, b'0', b'0', b'0', b'0', b'0', '50', '2017-11-26', '2017-11-26'),
(23985, 43, 30, b'1', b'0', b'0', b'0', b'0', '50', '2017-11-26', '2017-11-26'),
(23986, 43, 35, b'0', b'0', b'0', b'0', b'0', '50', '2017-11-26', '2017-11-26');
INSERT INTO `menu_role` (`ID`, `ROLE_ID`, `MENU_ID`, `IS_ACTIVE`, `IS_REQUIRED_ACTION`, `IS_CREATE`, `IS_EDIT`, `IS_DELETE`, `UPDATE_BY`, `CREATE_DATE`, `UPDATE_DATE`) VALUES
(23987, 43, 50, b'0', b'0', b'0', b'0', b'0', '50', '2017-11-26', '2017-11-26'),
(23988, 43, 51, b'0', b'0', b'0', b'0', b'0', '50', '2017-11-26', '2017-11-26'),
(23989, 43, 52, b'0', b'0', b'0', b'0', b'0', '50', '2017-11-26', '2017-11-26'),
(23990, 43, 53, b'0', b'0', b'0', b'0', b'0', '50', '2017-11-26', '2017-11-26'),
(23991, 43, 20, b'0', b'0', b'0', b'0', b'0', '50', '2017-11-26', '2017-11-26'),
(23992, 43, 23, b'0', b'0', b'0', b'0', b'0', '50', '2017-11-26', '2017-11-26'),
(23993, 43, 21, b'0', b'0', b'0', b'0', b'0', '50', '2017-11-26', '2017-11-26'),
(23994, 43, 31, b'0', b'0', b'0', b'0', b'0', '50', '2017-11-26', '2017-11-26'),
(23995, 43, 32, b'0', b'0', b'0', b'0', b'0', '50', '2017-11-26', '2017-11-26'),
(23996, 43, 15, b'0', b'0', b'0', b'0', b'0', '50', '2017-11-26', '2017-11-26'),
(23997, 43, 16, b'0', b'0', b'0', b'0', b'0', '50', '2017-11-26', '2017-11-26'),
(23998, 43, 4, b'0', b'0', b'0', b'0', b'0', '50', '2017-11-26', '2017-11-26'),
(23999, 43, 5, b'0', b'0', b'0', b'0', b'0', '50', '2017-11-26', '2017-11-26'),
(24000, 43, 6, b'0', b'0', b'0', b'0', b'0', '50', '2017-11-26', '2017-11-26'),
(24001, 43, 7, b'0', b'0', b'0', b'0', b'0', '50', '2017-11-26', '2017-11-26'),
(24002, 43, 8, b'0', b'0', b'0', b'0', b'0', '50', '2017-11-26', '2017-11-26'),
(24003, 43, 9, b'0', b'0', b'0', b'0', b'0', '50', '2017-11-26', '2017-11-26'),
(24004, 43, 10, b'0', b'0', b'0', b'0', b'0', '50', '2017-11-26', '2017-11-26'),
(24005, 43, 11, b'0', b'0', b'0', b'0', b'0', '50', '2017-11-26', '2017-11-26'),
(24006, 43, 12, b'0', b'0', b'0', b'0', b'0', '50', '2017-11-26', '2017-11-26'),
(24007, 43, 13, b'0', b'0', b'0', b'0', b'0', '50', '2017-11-26', '2017-11-26'),
(24008, 43, 14, b'0', b'0', b'0', b'0', b'0', '50', '2017-11-26', '2017-11-26'),
(24009, 43, 25, b'0', b'0', b'0', b'0', b'0', '50', '2017-11-26', '2017-11-26'),
(24010, 43, 26, b'0', b'0', b'0', b'0', b'0', '50', '2017-11-26', '2017-11-26'),
(24011, 43, 28, b'0', b'0', b'0', b'0', b'0', '50', '2017-11-26', '2017-11-26'),
(24012, 43, 45, b'0', b'0', b'0', b'0', b'0', '50', '2017-11-26', '2017-11-26'),
(24013, 43, 54, b'0', b'0', b'0', b'0', b'0', '50', '2017-11-26', '2017-11-26'),
(24014, 43, 55, b'0', b'0', b'0', b'0', b'0', '50', '2017-11-26', '2017-11-26'),
(24015, 43, 56, b'0', b'0', b'0', b'0', b'0', '50', '2017-11-26', '2017-11-26'),
(24016, 43, 57, b'0', b'0', b'0', b'0', b'0', '50', '2017-11-26', '2017-11-26'),
(24017, 43, 58, b'0', b'0', b'0', b'0', b'0', '50', '2017-11-26', '2017-11-26'),
(24018, 43, 59, b'0', b'0', b'0', b'0', b'0', '50', '2017-11-26', '2017-11-26'),
(24019, 43, 81, b'0', b'0', b'0', b'0', b'0', '50', '2017-11-26', '2017-11-26'),
(24020, 43, 84, b'0', b'0', b'0', b'0', b'0', '50', '2017-11-26', '2017-11-26'),
(24021, 43, 34, b'0', b'0', b'0', b'0', b'0', '50', '2017-11-26', '2017-11-26'),
(24022, 43, 24, b'0', b'0', b'0', b'0', b'0', '50', '2017-11-26', '2017-11-26'),
(24023, 43, 36, b'0', b'0', b'0', b'0', b'0', '50', '2017-11-26', '2017-11-26'),
(24024, 43, 37, b'0', b'0', b'0', b'0', b'0', '50', '2017-11-26', '2017-11-26'),
(24025, 43, 75, b'1', b'0', b'0', b'0', b'0', '50', '2017-11-26', '2017-11-26'),
(24026, 43, 76, b'1', b'0', b'0', b'0', b'0', '50', '2017-11-26', '2017-11-26'),
(24027, 43, 19, b'0', b'0', b'0', b'0', b'0', '50', '2017-11-26', '2017-11-26'),
(24028, 43, 27, b'0', b'0', b'0', b'0', b'0', '50', '2017-11-26', '2017-11-26'),
(24029, 43, 18, b'0', b'0', b'0', b'0', b'0', '50', '2017-11-26', '2017-11-26'),
(24030, 43, 33, b'0', b'0', b'0', b'0', b'0', '50', '2017-11-26', '2017-11-26'),
(24031, 43, 22, b'0', b'0', b'0', b'0', b'0', '50', '2017-11-26', '2017-11-26'),
(24032, 43, 60, b'0', b'0', b'0', b'0', b'0', '50', '2017-11-26', '2017-11-26'),
(24033, 43, 61, b'0', b'0', b'0', b'0', b'0', '50', '2017-11-26', '2017-11-26'),
(24034, 43, 62, b'0', b'0', b'0', b'0', b'0', '50', '2017-11-26', '2017-11-26'),
(24035, 43, 63, b'0', b'0', b'0', b'0', b'0', '50', '2017-11-26', '2017-11-26'),
(24036, 43, 65, b'0', b'0', b'0', b'0', b'0', '50', '2017-11-26', '2017-11-26'),
(24037, 43, 64, b'0', b'0', b'0', b'0', b'0', '50', '2017-11-26', '2017-11-26'),
(24038, 43, 66, b'0', b'0', b'0', b'0', b'0', '50', '2017-11-26', '2017-11-26'),
(24039, 43, 68, b'0', b'0', b'0', b'0', b'0', '50', '2017-11-26', '2017-11-26'),
(24040, 43, 67, b'0', b'0', b'0', b'0', b'0', '50', '2017-11-26', '2017-11-26'),
(24041, 43, 69, b'0', b'0', b'0', b'0', b'0', '50', '2017-11-26', '2017-11-26'),
(24042, 43, 70, b'0', b'0', b'0', b'0', b'0', '50', '2017-11-26', '2017-11-26'),
(24043, 43, 71, b'0', b'0', b'0', b'0', b'0', '50', '2017-11-26', '2017-11-26'),
(24044, 43, 72, b'0', b'0', b'0', b'0', b'0', '50', '2017-11-26', '2017-11-26'),
(24045, 43, 73, b'0', b'0', b'0', b'0', b'0', '50', '2017-11-26', '2017-11-26'),
(24046, 43, 74, b'0', b'0', b'0', b'0', b'0', '50', '2017-11-26', '2017-11-26'),
(24047, 43, 77, b'1', b'0', b'1', b'1', b'1', '50', '2017-11-26', '2017-11-26'),
(24048, 43, 78, b'1', b'0', b'1', b'1', b'1', '50', '2017-11-26', '2017-11-26'),
(24049, 43, 79, b'1', b'0', b'1', b'1', b'1', '50', '2017-11-26', '2017-11-26'),
(24050, 43, 86, b'1', b'0', b'1', b'1', b'1', '50', '2017-11-26', '2017-11-26'),
(24051, 43, 29, b'1', b'0', b'1', b'1', b'1', '50', '2017-11-26', '2017-11-26'),
(24052, 43, 38, b'1', b'0', b'1', b'1', b'1', '50', '2017-11-26', '2017-11-26'),
(24053, 43, 39, b'1', b'0', b'1', b'1', b'1', '50', '2017-11-26', '2017-11-26'),
(24054, 43, 40, b'1', b'0', b'1', b'1', b'1', '50', '2017-11-26', '2017-11-26'),
(24055, 43, 41, b'1', b'0', b'1', b'1', b'1', '50', '2017-11-26', '2017-11-26'),
(24056, 43, 42, b'1', b'0', b'1', b'1', b'1', '50', '2017-11-26', '2017-11-26'),
(24057, 43, 80, b'1', b'0', b'1', b'1', b'1', '50', '2017-11-26', '2017-11-26'),
(24058, 43, 82, b'1', b'0', b'1', b'1', b'1', '50', '2017-11-26', '2017-11-26'),
(24059, 43, 83, b'1', b'0', b'1', b'1', b'1', '50', '2017-11-26', '2017-11-26'),
(24060, 43, 85, b'1', b'0', b'1', b'1', b'1', '50', '2017-11-26', '2017-11-26'),
(24061, 44, 1, b'0', b'0', b'0', b'0', b'0', '50', '2017-11-26', '2017-11-26'),
(24062, 44, 2, b'0', b'0', b'0', b'0', b'0', '50', '2017-11-26', '2017-11-26'),
(24063, 44, 3, b'0', b'0', b'0', b'0', b'0', '50', '2017-11-26', '2017-11-26'),
(24064, 44, 30, b'1', b'0', b'0', b'0', b'0', '50', '2017-11-26', '2017-11-26'),
(24065, 44, 35, b'0', b'0', b'0', b'0', b'0', '50', '2017-11-26', '2017-11-26'),
(24066, 44, 50, b'0', b'0', b'0', b'0', b'0', '50', '2017-11-26', '2017-11-26'),
(24067, 44, 51, b'0', b'0', b'0', b'0', b'0', '50', '2017-11-26', '2017-11-26'),
(24068, 44, 52, b'0', b'0', b'0', b'0', b'0', '50', '2017-11-26', '2017-11-26'),
(24069, 44, 53, b'0', b'0', b'0', b'0', b'0', '50', '2017-11-26', '2017-11-26'),
(24070, 44, 20, b'0', b'0', b'0', b'0', b'0', '50', '2017-11-26', '2017-11-26'),
(24071, 44, 23, b'0', b'0', b'0', b'0', b'0', '50', '2017-11-26', '2017-11-26'),
(24072, 44, 21, b'0', b'0', b'0', b'0', b'0', '50', '2017-11-26', '2017-11-26'),
(24073, 44, 31, b'0', b'0', b'0', b'0', b'0', '50', '2017-11-26', '2017-11-26'),
(24074, 44, 32, b'0', b'0', b'0', b'0', b'0', '50', '2017-11-26', '2017-11-26'),
(24075, 44, 15, b'0', b'0', b'0', b'0', b'0', '50', '2017-11-26', '2017-11-26'),
(24076, 44, 16, b'0', b'0', b'0', b'0', b'0', '50', '2017-11-26', '2017-11-26'),
(24077, 44, 4, b'0', b'0', b'0', b'0', b'0', '50', '2017-11-26', '2017-11-26'),
(24078, 44, 5, b'0', b'0', b'0', b'0', b'0', '50', '2017-11-26', '2017-11-26'),
(24079, 44, 6, b'0', b'0', b'0', b'0', b'0', '50', '2017-11-26', '2017-11-26'),
(24080, 44, 7, b'0', b'0', b'0', b'0', b'0', '50', '2017-11-26', '2017-11-26'),
(24081, 44, 8, b'0', b'0', b'0', b'0', b'0', '50', '2017-11-26', '2017-11-26'),
(24082, 44, 9, b'0', b'0', b'0', b'0', b'0', '50', '2017-11-26', '2017-11-26'),
(24083, 44, 10, b'0', b'0', b'0', b'0', b'0', '50', '2017-11-26', '2017-11-26'),
(24084, 44, 11, b'0', b'0', b'0', b'0', b'0', '50', '2017-11-26', '2017-11-26'),
(24085, 44, 12, b'0', b'0', b'0', b'0', b'0', '50', '2017-11-26', '2017-11-26'),
(24086, 44, 13, b'0', b'0', b'0', b'0', b'0', '50', '2017-11-26', '2017-11-26'),
(24087, 44, 14, b'0', b'0', b'0', b'0', b'0', '50', '2017-11-26', '2017-11-26'),
(24088, 44, 25, b'0', b'0', b'0', b'0', b'0', '50', '2017-11-26', '2017-11-26'),
(24089, 44, 26, b'0', b'0', b'0', b'0', b'0', '50', '2017-11-26', '2017-11-26'),
(24090, 44, 28, b'0', b'0', b'0', b'0', b'0', '50', '2017-11-26', '2017-11-26'),
(24091, 44, 45, b'0', b'0', b'0', b'0', b'0', '50', '2017-11-26', '2017-11-26'),
(24092, 44, 54, b'0', b'0', b'0', b'0', b'0', '50', '2017-11-26', '2017-11-26'),
(24093, 44, 55, b'0', b'0', b'0', b'0', b'0', '50', '2017-11-26', '2017-11-26'),
(24094, 44, 56, b'0', b'0', b'0', b'0', b'0', '50', '2017-11-26', '2017-11-26'),
(24095, 44, 57, b'0', b'0', b'0', b'0', b'0', '50', '2017-11-26', '2017-11-26'),
(24096, 44, 58, b'0', b'0', b'0', b'0', b'0', '50', '2017-11-26', '2017-11-26'),
(24097, 44, 59, b'0', b'0', b'0', b'0', b'0', '50', '2017-11-26', '2017-11-26'),
(24098, 44, 81, b'0', b'0', b'0', b'0', b'0', '50', '2017-11-26', '2017-11-26'),
(24099, 44, 84, b'0', b'0', b'0', b'0', b'0', '50', '2017-11-26', '2017-11-26'),
(24100, 44, 34, b'0', b'0', b'0', b'0', b'0', '50', '2017-11-26', '2017-11-26'),
(24101, 44, 24, b'0', b'0', b'0', b'0', b'0', '50', '2017-11-26', '2017-11-26'),
(24102, 44, 36, b'0', b'0', b'0', b'0', b'0', '50', '2017-11-26', '2017-11-26'),
(24103, 44, 37, b'0', b'0', b'0', b'0', b'0', '50', '2017-11-26', '2017-11-26'),
(24104, 44, 75, b'1', b'0', b'0', b'0', b'0', '50', '2017-11-26', '2017-11-26'),
(24105, 44, 76, b'1', b'0', b'0', b'0', b'0', '50', '2017-11-26', '2017-11-26'),
(24106, 44, 19, b'0', b'0', b'0', b'0', b'0', '50', '2017-11-26', '2017-11-26'),
(24107, 44, 27, b'0', b'0', b'0', b'0', b'0', '50', '2017-11-26', '2017-11-26'),
(24108, 44, 18, b'0', b'0', b'0', b'0', b'0', '50', '2017-11-26', '2017-11-26'),
(24109, 44, 33, b'0', b'0', b'0', b'0', b'0', '50', '2017-11-26', '2017-11-26'),
(24110, 44, 22, b'0', b'0', b'0', b'0', b'0', '50', '2017-11-26', '2017-11-26'),
(24111, 44, 60, b'0', b'0', b'0', b'0', b'0', '50', '2017-11-26', '2017-11-26'),
(24112, 44, 61, b'0', b'0', b'0', b'0', b'0', '50', '2017-11-26', '2017-11-26'),
(24113, 44, 62, b'0', b'0', b'0', b'0', b'0', '50', '2017-11-26', '2017-11-26'),
(24114, 44, 63, b'0', b'0', b'0', b'0', b'0', '50', '2017-11-26', '2017-11-26'),
(24115, 44, 65, b'0', b'0', b'0', b'0', b'0', '50', '2017-11-26', '2017-11-26'),
(24116, 44, 64, b'0', b'0', b'0', b'0', b'0', '50', '2017-11-26', '2017-11-26'),
(24117, 44, 66, b'0', b'0', b'0', b'0', b'0', '50', '2017-11-26', '2017-11-26'),
(24118, 44, 68, b'0', b'0', b'0', b'0', b'0', '50', '2017-11-26', '2017-11-26'),
(24119, 44, 67, b'0', b'0', b'0', b'0', b'0', '50', '2017-11-26', '2017-11-26'),
(24120, 44, 69, b'0', b'0', b'0', b'0', b'0', '50', '2017-11-26', '2017-11-26'),
(24121, 44, 70, b'0', b'0', b'0', b'0', b'0', '50', '2017-11-26', '2017-11-26'),
(24122, 44, 71, b'0', b'0', b'0', b'0', b'0', '50', '2017-11-26', '2017-11-26'),
(24123, 44, 72, b'0', b'0', b'0', b'0', b'0', '50', '2017-11-26', '2017-11-26'),
(24124, 44, 73, b'0', b'0', b'0', b'0', b'0', '50', '2017-11-26', '2017-11-26'),
(24125, 44, 74, b'0', b'0', b'0', b'0', b'0', '50', '2017-11-26', '2017-11-26'),
(24126, 44, 77, b'1', b'0', b'1', b'1', b'1', '50', '2017-11-26', '2017-11-26'),
(24127, 44, 78, b'1', b'0', b'1', b'1', b'1', '50', '2017-11-26', '2017-11-26'),
(24128, 44, 79, b'1', b'0', b'1', b'1', b'1', '50', '2017-11-26', '2017-11-26'),
(24129, 44, 86, b'1', b'0', b'1', b'1', b'1', '50', '2017-11-26', '2017-11-26'),
(24130, 44, 29, b'1', b'0', b'1', b'1', b'1', '50', '2017-11-26', '2017-11-26'),
(24131, 44, 38, b'1', b'0', b'1', b'1', b'1', '50', '2017-11-26', '2017-11-26'),
(24132, 44, 39, b'1', b'0', b'1', b'1', b'1', '50', '2017-11-26', '2017-11-26'),
(24133, 44, 40, b'1', b'0', b'1', b'1', b'1', '50', '2017-11-26', '2017-11-26'),
(24134, 44, 41, b'1', b'0', b'1', b'1', b'1', '50', '2017-11-26', '2017-11-26'),
(24135, 44, 42, b'1', b'0', b'1', b'1', b'1', '50', '2017-11-26', '2017-11-26'),
(24136, 44, 80, b'1', b'0', b'1', b'1', b'1', '50', '2017-11-26', '2017-11-26'),
(24137, 44, 82, b'1', b'0', b'1', b'1', b'1', '50', '2017-11-26', '2017-11-26'),
(24138, 44, 83, b'1', b'0', b'1', b'1', b'1', '50', '2017-11-26', '2017-11-26'),
(24139, 44, 85, b'1', b'0', b'1', b'1', b'1', '50', '2017-11-26', '2017-11-26'),
(24219, 47, 1, b'0', b'0', b'0', b'0', b'0', '50', '2017-11-26', '2017-11-26'),
(24220, 47, 2, b'0', b'0', b'0', b'0', b'0', '50', '2017-11-26', '2017-11-26'),
(24221, 47, 3, b'0', b'0', b'0', b'0', b'0', '50', '2017-11-26', '2017-11-26'),
(24222, 47, 30, b'1', b'0', b'0', b'0', b'0', '50', '2017-11-26', '2017-11-26'),
(24223, 47, 35, b'0', b'0', b'0', b'0', b'0', '50', '2017-11-26', '2017-11-26'),
(24224, 47, 50, b'0', b'0', b'0', b'0', b'0', '50', '2017-11-26', '2017-11-26'),
(24225, 47, 51, b'0', b'0', b'0', b'0', b'0', '50', '2017-11-26', '2017-11-26'),
(24226, 47, 52, b'0', b'0', b'0', b'0', b'0', '50', '2017-11-26', '2017-11-26'),
(24227, 47, 53, b'0', b'0', b'0', b'0', b'0', '50', '2017-11-26', '2017-11-26'),
(24228, 47, 20, b'0', b'0', b'0', b'0', b'0', '50', '2017-11-26', '2017-11-26'),
(24229, 47, 23, b'0', b'0', b'0', b'0', b'0', '50', '2017-11-26', '2017-11-26'),
(24230, 47, 21, b'0', b'0', b'0', b'0', b'0', '50', '2017-11-26', '2017-11-26'),
(24231, 47, 31, b'0', b'0', b'0', b'0', b'0', '50', '2017-11-26', '2017-11-26'),
(24232, 47, 32, b'0', b'0', b'0', b'0', b'0', '50', '2017-11-26', '2017-11-26'),
(24233, 47, 15, b'0', b'0', b'0', b'0', b'0', '50', '2017-11-26', '2017-11-26'),
(24234, 47, 16, b'0', b'0', b'0', b'0', b'0', '50', '2017-11-26', '2017-11-26'),
(24235, 47, 4, b'0', b'0', b'0', b'0', b'0', '50', '2017-11-26', '2017-11-26'),
(24236, 47, 5, b'0', b'0', b'0', b'0', b'0', '50', '2017-11-26', '2017-11-26'),
(24237, 47, 6, b'0', b'0', b'0', b'0', b'0', '50', '2017-11-26', '2017-11-26'),
(24238, 47, 7, b'0', b'0', b'0', b'0', b'0', '50', '2017-11-26', '2017-11-26'),
(24239, 47, 8, b'0', b'0', b'0', b'0', b'0', '50', '2017-11-26', '2017-11-26'),
(24240, 47, 9, b'0', b'0', b'0', b'0', b'0', '50', '2017-11-26', '2017-11-26'),
(24241, 47, 10, b'0', b'0', b'0', b'0', b'0', '50', '2017-11-26', '2017-11-26'),
(24242, 47, 11, b'0', b'0', b'0', b'0', b'0', '50', '2017-11-26', '2017-11-26'),
(24243, 47, 12, b'0', b'0', b'0', b'0', b'0', '50', '2017-11-26', '2017-11-26'),
(24244, 47, 13, b'0', b'0', b'0', b'0', b'0', '50', '2017-11-26', '2017-11-26'),
(24245, 47, 14, b'0', b'0', b'0', b'0', b'0', '50', '2017-11-26', '2017-11-26'),
(24246, 47, 25, b'0', b'0', b'0', b'0', b'0', '50', '2017-11-26', '2017-11-26'),
(24247, 47, 26, b'0', b'0', b'0', b'0', b'0', '50', '2017-11-26', '2017-11-26'),
(24248, 47, 28, b'0', b'0', b'0', b'0', b'0', '50', '2017-11-26', '2017-11-26'),
(24249, 47, 45, b'0', b'0', b'0', b'0', b'0', '50', '2017-11-26', '2017-11-26'),
(24250, 47, 54, b'0', b'0', b'0', b'0', b'0', '50', '2017-11-26', '2017-11-26'),
(24251, 47, 55, b'0', b'0', b'0', b'0', b'0', '50', '2017-11-26', '2017-11-26'),
(24252, 47, 56, b'0', b'0', b'0', b'0', b'0', '50', '2017-11-26', '2017-11-26'),
(24253, 47, 57, b'0', b'0', b'0', b'0', b'0', '50', '2017-11-26', '2017-11-26'),
(24254, 47, 58, b'0', b'0', b'0', b'0', b'0', '50', '2017-11-26', '2017-11-26'),
(24255, 47, 59, b'0', b'0', b'0', b'0', b'0', '50', '2017-11-26', '2017-11-26'),
(24256, 47, 81, b'0', b'0', b'0', b'0', b'0', '50', '2017-11-26', '2017-11-26'),
(24257, 47, 84, b'0', b'0', b'0', b'0', b'0', '50', '2017-11-26', '2017-11-26'),
(24258, 47, 34, b'0', b'0', b'0', b'0', b'0', '50', '2017-11-26', '2017-11-26'),
(24259, 47, 24, b'0', b'0', b'0', b'0', b'0', '50', '2017-11-26', '2017-11-26'),
(24260, 47, 36, b'0', b'0', b'0', b'0', b'0', '50', '2017-11-26', '2017-11-26'),
(24261, 47, 37, b'0', b'0', b'0', b'0', b'0', '50', '2017-11-26', '2017-11-26'),
(24262, 47, 75, b'1', b'0', b'0', b'0', b'0', '50', '2017-11-26', '2017-11-26'),
(24263, 47, 76, b'1', b'0', b'0', b'0', b'0', '50', '2017-11-26', '2017-11-26'),
(24264, 47, 19, b'0', b'0', b'0', b'0', b'0', '50', '2017-11-26', '2017-11-26'),
(24265, 47, 27, b'0', b'0', b'0', b'0', b'0', '50', '2017-11-26', '2017-11-26'),
(24266, 47, 18, b'0', b'0', b'0', b'0', b'0', '50', '2017-11-26', '2017-11-26'),
(24267, 47, 33, b'0', b'0', b'0', b'0', b'0', '50', '2017-11-26', '2017-11-26'),
(24268, 47, 22, b'0', b'0', b'0', b'0', b'0', '50', '2017-11-26', '2017-11-26'),
(24269, 47, 60, b'0', b'0', b'0', b'0', b'0', '50', '2017-11-26', '2017-11-26'),
(24270, 47, 61, b'0', b'0', b'0', b'0', b'0', '50', '2017-11-26', '2017-11-26'),
(24271, 47, 62, b'0', b'0', b'0', b'0', b'0', '50', '2017-11-26', '2017-11-26'),
(24272, 47, 63, b'0', b'0', b'0', b'0', b'0', '50', '2017-11-26', '2017-11-26'),
(24273, 47, 65, b'0', b'0', b'0', b'0', b'0', '50', '2017-11-26', '2017-11-26'),
(24274, 47, 64, b'0', b'0', b'0', b'0', b'0', '50', '2017-11-26', '2017-11-26'),
(24275, 47, 66, b'0', b'0', b'0', b'0', b'0', '50', '2017-11-26', '2017-11-26'),
(24276, 47, 68, b'0', b'0', b'0', b'0', b'0', '50', '2017-11-26', '2017-11-26'),
(24277, 47, 67, b'0', b'0', b'0', b'0', b'0', '50', '2017-11-26', '2017-11-26'),
(24278, 47, 69, b'0', b'0', b'0', b'0', b'0', '50', '2017-11-26', '2017-11-26'),
(24279, 47, 70, b'0', b'0', b'0', b'0', b'0', '50', '2017-11-26', '2017-11-26'),
(24280, 47, 71, b'0', b'0', b'0', b'0', b'0', '50', '2017-11-26', '2017-11-26'),
(24281, 47, 72, b'0', b'0', b'0', b'0', b'0', '50', '2017-11-26', '2017-11-26'),
(24282, 47, 73, b'0', b'0', b'0', b'0', b'0', '50', '2017-11-26', '2017-11-26'),
(24283, 47, 74, b'0', b'0', b'0', b'0', b'0', '50', '2017-11-26', '2017-11-26'),
(24284, 47, 77, b'1', b'0', b'1', b'1', b'1', '50', '2017-11-26', '2017-11-26'),
(24285, 47, 78, b'1', b'0', b'1', b'1', b'1', '50', '2017-11-26', '2017-11-26'),
(24286, 47, 79, b'1', b'0', b'1', b'1', b'1', '50', '2017-11-26', '2017-11-26'),
(24287, 47, 86, b'1', b'0', b'1', b'1', b'1', '50', '2017-11-26', '2017-11-26'),
(24288, 47, 29, b'1', b'0', b'1', b'1', b'1', '50', '2017-11-26', '2017-11-26'),
(24289, 47, 38, b'1', b'0', b'1', b'1', b'1', '50', '2017-11-26', '2017-11-26'),
(24290, 47, 39, b'1', b'0', b'1', b'1', b'1', '50', '2017-11-26', '2017-11-26'),
(24291, 47, 40, b'1', b'0', b'1', b'1', b'1', '50', '2017-11-26', '2017-11-26'),
(24292, 47, 41, b'1', b'0', b'1', b'1', b'1', '50', '2017-11-26', '2017-11-26'),
(24293, 47, 42, b'1', b'0', b'1', b'1', b'1', '50', '2017-11-26', '2017-11-26'),
(24294, 47, 80, b'1', b'0', b'1', b'1', b'1', '50', '2017-11-26', '2017-11-26'),
(24295, 47, 82, b'1', b'0', b'1', b'1', b'1', '50', '2017-11-26', '2017-11-26'),
(24296, 47, 83, b'1', b'0', b'1', b'1', b'1', '50', '2017-11-26', '2017-11-26'),
(24297, 47, 85, b'1', b'0', b'1', b'1', b'1', '50', '2017-11-26', '2017-11-26'),
(24298, 49, 1, b'0', b'0', b'0', b'0', b'0', '50', '2017-11-26', '2017-11-26'),
(24299, 49, 2, b'0', b'0', b'0', b'0', b'0', '50', '2017-11-26', '2017-11-26'),
(24300, 49, 3, b'0', b'0', b'0', b'0', b'0', '50', '2017-11-26', '2017-11-26'),
(24301, 49, 30, b'1', b'0', b'0', b'0', b'0', '50', '2017-11-26', '2017-11-26'),
(24302, 49, 35, b'0', b'0', b'0', b'0', b'0', '50', '2017-11-26', '2017-11-26'),
(24303, 49, 50, b'0', b'0', b'0', b'0', b'0', '50', '2017-11-26', '2017-11-26'),
(24304, 49, 51, b'0', b'0', b'0', b'0', b'0', '50', '2017-11-26', '2017-11-26'),
(24305, 49, 52, b'0', b'0', b'0', b'0', b'0', '50', '2017-11-26', '2017-11-26'),
(24306, 49, 53, b'0', b'0', b'0', b'0', b'0', '50', '2017-11-26', '2017-11-26'),
(24307, 49, 20, b'0', b'0', b'0', b'0', b'0', '50', '2017-11-26', '2017-11-26'),
(24308, 49, 23, b'0', b'0', b'0', b'0', b'0', '50', '2017-11-26', '2017-11-26'),
(24309, 49, 21, b'0', b'0', b'0', b'0', b'0', '50', '2017-11-26', '2017-11-26'),
(24310, 49, 31, b'0', b'0', b'0', b'0', b'0', '50', '2017-11-26', '2017-11-26'),
(24311, 49, 32, b'0', b'0', b'0', b'0', b'0', '50', '2017-11-26', '2017-11-26'),
(24312, 49, 15, b'0', b'0', b'0', b'0', b'0', '50', '2017-11-26', '2017-11-26'),
(24313, 49, 16, b'0', b'0', b'0', b'0', b'0', '50', '2017-11-26', '2017-11-26'),
(24314, 49, 4, b'0', b'0', b'0', b'0', b'0', '50', '2017-11-26', '2017-11-26'),
(24315, 49, 5, b'0', b'0', b'0', b'0', b'0', '50', '2017-11-26', '2017-11-26'),
(24316, 49, 6, b'0', b'0', b'0', b'0', b'0', '50', '2017-11-26', '2017-11-26'),
(24317, 49, 7, b'0', b'0', b'0', b'0', b'0', '50', '2017-11-26', '2017-11-26'),
(24318, 49, 8, b'0', b'0', b'0', b'0', b'0', '50', '2017-11-26', '2017-11-26'),
(24319, 49, 9, b'0', b'0', b'0', b'0', b'0', '50', '2017-11-26', '2017-11-26'),
(24320, 49, 10, b'0', b'0', b'0', b'0', b'0', '50', '2017-11-26', '2017-11-26'),
(24321, 49, 11, b'0', b'0', b'0', b'0', b'0', '50', '2017-11-26', '2017-11-26'),
(24322, 49, 12, b'0', b'0', b'0', b'0', b'0', '50', '2017-11-26', '2017-11-26'),
(24323, 49, 13, b'0', b'0', b'0', b'0', b'0', '50', '2017-11-26', '2017-11-26'),
(24324, 49, 14, b'0', b'0', b'0', b'0', b'0', '50', '2017-11-26', '2017-11-26'),
(24325, 49, 25, b'0', b'0', b'0', b'0', b'0', '50', '2017-11-26', '2017-11-26'),
(24326, 49, 26, b'0', b'0', b'0', b'0', b'0', '50', '2017-11-26', '2017-11-26'),
(24327, 49, 28, b'0', b'0', b'0', b'0', b'0', '50', '2017-11-26', '2017-11-26'),
(24328, 49, 45, b'0', b'0', b'0', b'0', b'0', '50', '2017-11-26', '2017-11-26'),
(24329, 49, 54, b'0', b'0', b'0', b'0', b'0', '50', '2017-11-26', '2017-11-26'),
(24330, 49, 55, b'0', b'0', b'0', b'0', b'0', '50', '2017-11-26', '2017-11-26'),
(24331, 49, 56, b'0', b'0', b'0', b'0', b'0', '50', '2017-11-26', '2017-11-26'),
(24332, 49, 57, b'0', b'0', b'0', b'0', b'0', '50', '2017-11-26', '2017-11-26'),
(24333, 49, 58, b'0', b'0', b'0', b'0', b'0', '50', '2017-11-26', '2017-11-26'),
(24334, 49, 59, b'0', b'0', b'0', b'0', b'0', '50', '2017-11-26', '2017-11-26'),
(24335, 49, 81, b'0', b'0', b'0', b'0', b'0', '50', '2017-11-26', '2017-11-26'),
(24336, 49, 84, b'0', b'0', b'0', b'0', b'0', '50', '2017-11-26', '2017-11-26'),
(24337, 49, 34, b'0', b'0', b'0', b'0', b'0', '50', '2017-11-26', '2017-11-26'),
(24338, 49, 24, b'0', b'0', b'0', b'0', b'0', '50', '2017-11-26', '2017-11-26'),
(24339, 49, 36, b'0', b'0', b'0', b'0', b'0', '50', '2017-11-26', '2017-11-26'),
(24340, 49, 37, b'0', b'0', b'0', b'0', b'0', '50', '2017-11-26', '2017-11-26'),
(24341, 49, 75, b'1', b'0', b'0', b'0', b'0', '50', '2017-11-26', '2017-11-26'),
(24342, 49, 76, b'1', b'0', b'0', b'0', b'0', '50', '2017-11-26', '2017-11-26'),
(24343, 49, 19, b'0', b'0', b'0', b'0', b'0', '50', '2017-11-26', '2017-11-26'),
(24344, 49, 27, b'0', b'0', b'0', b'0', b'0', '50', '2017-11-26', '2017-11-26'),
(24345, 49, 18, b'0', b'0', b'0', b'0', b'0', '50', '2017-11-26', '2017-11-26'),
(24346, 49, 33, b'0', b'0', b'0', b'0', b'0', '50', '2017-11-26', '2017-11-26'),
(24347, 49, 22, b'0', b'0', b'0', b'0', b'0', '50', '2017-11-26', '2017-11-26'),
(24348, 49, 60, b'0', b'0', b'0', b'0', b'0', '50', '2017-11-26', '2017-11-26'),
(24349, 49, 61, b'0', b'0', b'0', b'0', b'0', '50', '2017-11-26', '2017-11-26'),
(24350, 49, 62, b'0', b'0', b'0', b'0', b'0', '50', '2017-11-26', '2017-11-26'),
(24351, 49, 63, b'0', b'0', b'0', b'0', b'0', '50', '2017-11-26', '2017-11-26'),
(24352, 49, 65, b'0', b'0', b'0', b'0', b'0', '50', '2017-11-26', '2017-11-26'),
(24353, 49, 64, b'0', b'0', b'0', b'0', b'0', '50', '2017-11-26', '2017-11-26'),
(24354, 49, 66, b'0', b'0', b'0', b'0', b'0', '50', '2017-11-26', '2017-11-26'),
(24355, 49, 68, b'0', b'0', b'0', b'0', b'0', '50', '2017-11-26', '2017-11-26'),
(24356, 49, 67, b'0', b'0', b'0', b'0', b'0', '50', '2017-11-26', '2017-11-26'),
(24357, 49, 69, b'0', b'0', b'0', b'0', b'0', '50', '2017-11-26', '2017-11-26'),
(24358, 49, 70, b'0', b'0', b'0', b'0', b'0', '50', '2017-11-26', '2017-11-26'),
(24359, 49, 71, b'0', b'0', b'0', b'0', b'0', '50', '2017-11-26', '2017-11-26'),
(24360, 49, 72, b'0', b'0', b'0', b'0', b'0', '50', '2017-11-26', '2017-11-26'),
(24361, 49, 73, b'0', b'0', b'0', b'0', b'0', '50', '2017-11-26', '2017-11-26'),
(24362, 49, 74, b'0', b'0', b'0', b'0', b'0', '50', '2017-11-26', '2017-11-26'),
(24363, 49, 77, b'1', b'0', b'1', b'1', b'1', '50', '2017-11-26', '2017-11-26'),
(24364, 49, 78, b'1', b'0', b'1', b'1', b'1', '50', '2017-11-26', '2017-11-26'),
(24365, 49, 79, b'1', b'0', b'1', b'1', b'1', '50', '2017-11-26', '2017-11-26'),
(24366, 49, 86, b'1', b'0', b'1', b'1', b'1', '50', '2017-11-26', '2017-11-26'),
(24367, 49, 29, b'1', b'0', b'1', b'1', b'1', '50', '2017-11-26', '2017-11-26'),
(24368, 49, 38, b'1', b'0', b'1', b'1', b'1', '50', '2017-11-26', '2017-11-26'),
(24369, 49, 39, b'1', b'0', b'1', b'1', b'1', '50', '2017-11-26', '2017-11-26'),
(24370, 49, 40, b'1', b'0', b'1', b'1', b'1', '50', '2017-11-26', '2017-11-26'),
(24371, 49, 41, b'1', b'0', b'1', b'1', b'1', '50', '2017-11-26', '2017-11-26'),
(24372, 49, 42, b'1', b'0', b'1', b'1', b'1', '50', '2017-11-26', '2017-11-26'),
(24373, 49, 80, b'1', b'0', b'1', b'1', b'1', '50', '2017-11-26', '2017-11-26'),
(24374, 49, 82, b'1', b'0', b'1', b'1', b'1', '50', '2017-11-26', '2017-11-26'),
(24375, 49, 83, b'1', b'0', b'1', b'1', b'1', '50', '2017-11-26', '2017-11-26'),
(24376, 49, 85, b'1', b'0', b'1', b'1', b'1', '50', '2017-11-26', '2017-11-26'),
(24377, 16, 1, b'1', b'0', b'0', b'0', b'0', '50', '2017-11-26', '2017-11-26'),
(24378, 16, 2, b'0', b'0', b'0', b'0', b'0', '50', '2017-11-26', '2017-11-26'),
(24379, 16, 3, b'0', b'0', b'0', b'0', b'0', '50', '2017-11-26', '2017-11-26'),
(24380, 16, 30, b'1', b'0', b'0', b'0', b'0', '50', '2017-11-26', '2017-11-26'),
(24381, 16, 35, b'0', b'0', b'0', b'0', b'0', '50', '2017-11-26', '2017-11-26'),
(24382, 16, 50, b'0', b'0', b'0', b'0', b'0', '50', '2017-11-26', '2017-11-26'),
(24383, 16, 51, b'0', b'0', b'0', b'0', b'0', '50', '2017-11-26', '2017-11-26'),
(24384, 16, 52, b'0', b'0', b'0', b'0', b'0', '50', '2017-11-26', '2017-11-26'),
(24385, 16, 53, b'1', b'0', b'0', b'0', b'0', '50', '2017-11-26', '2017-11-26'),
(24386, 16, 20, b'1', b'0', b'1', b'1', b'1', '50', '2017-11-26', '2017-11-26'),
(24387, 16, 23, b'1', b'0', b'1', b'1', b'1', '50', '2017-11-26', '2017-11-26'),
(24388, 16, 21, b'1', b'0', b'0', b'0', b'0', '50', '2017-11-26', '2017-11-26'),
(24389, 16, 31, b'1', b'0', b'1', b'1', b'1', '50', '2017-11-26', '2017-11-26'),
(24390, 16, 32, b'1', b'0', b'1', b'1', b'1', '50', '2017-11-26', '2017-11-26'),
(24391, 16, 15, b'0', b'0', b'0', b'0', b'0', '50', '2017-11-26', '2017-11-26'),
(24392, 16, 16, b'0', b'0', b'0', b'0', b'0', '50', '2017-11-26', '2017-11-26'),
(24393, 16, 4, b'0', b'0', b'0', b'0', b'0', '50', '2017-11-26', '2017-11-26'),
(24394, 16, 5, b'0', b'0', b'0', b'0', b'0', '50', '2017-11-26', '2017-11-26'),
(24395, 16, 6, b'0', b'0', b'0', b'0', b'0', '50', '2017-11-26', '2017-11-26'),
(24396, 16, 7, b'0', b'0', b'0', b'0', b'0', '50', '2017-11-26', '2017-11-26'),
(24397, 16, 8, b'0', b'0', b'0', b'0', b'0', '50', '2017-11-26', '2017-11-26'),
(24398, 16, 9, b'0', b'0', b'0', b'0', b'0', '50', '2017-11-26', '2017-11-26'),
(24399, 16, 10, b'0', b'0', b'0', b'0', b'0', '50', '2017-11-26', '2017-11-26'),
(24400, 16, 11, b'0', b'0', b'0', b'0', b'0', '50', '2017-11-26', '2017-11-26'),
(24401, 16, 12, b'0', b'0', b'0', b'0', b'0', '50', '2017-11-26', '2017-11-26'),
(24402, 16, 13, b'0', b'0', b'0', b'0', b'0', '50', '2017-11-26', '2017-11-26'),
(24403, 16, 14, b'0', b'0', b'0', b'0', b'0', '50', '2017-11-26', '2017-11-26'),
(24404, 16, 25, b'0', b'0', b'0', b'0', b'0', '50', '2017-11-26', '2017-11-26'),
(24405, 16, 26, b'0', b'0', b'0', b'0', b'0', '50', '2017-11-26', '2017-11-26'),
(24406, 16, 28, b'0', b'0', b'0', b'0', b'0', '50', '2017-11-26', '2017-11-26'),
(24407, 16, 45, b'0', b'0', b'0', b'0', b'0', '50', '2017-11-26', '2017-11-26'),
(24408, 16, 54, b'0', b'0', b'0', b'0', b'0', '50', '2017-11-26', '2017-11-26'),
(24409, 16, 55, b'0', b'0', b'0', b'0', b'0', '50', '2017-11-26', '2017-11-26'),
(24410, 16, 56, b'0', b'0', b'0', b'0', b'0', '50', '2017-11-26', '2017-11-26'),
(24411, 16, 57, b'0', b'0', b'0', b'0', b'0', '50', '2017-11-26', '2017-11-26'),
(24412, 16, 58, b'0', b'0', b'0', b'0', b'0', '50', '2017-11-26', '2017-11-26'),
(24413, 16, 59, b'0', b'0', b'0', b'0', b'0', '50', '2017-11-26', '2017-11-26'),
(24414, 16, 81, b'0', b'0', b'0', b'0', b'0', '50', '2017-11-26', '2017-11-26'),
(24415, 16, 84, b'0', b'0', b'0', b'0', b'0', '50', '2017-11-26', '2017-11-26'),
(24416, 16, 34, b'1', b'0', b'1', b'1', b'1', '50', '2017-11-26', '2017-11-26'),
(24417, 16, 24, b'1', b'0', b'1', b'1', b'1', '50', '2017-11-26', '2017-11-26'),
(24418, 16, 36, b'0', b'0', b'0', b'0', b'0', '50', '2017-11-26', '2017-11-26'),
(24419, 16, 37, b'0', b'0', b'0', b'0', b'0', '50', '2017-11-26', '2017-11-26'),
(24420, 16, 75, b'1', b'0', b'0', b'0', b'0', '50', '2017-11-26', '2017-11-26'),
(24421, 16, 76, b'1', b'0', b'0', b'0', b'0', '50', '2017-11-26', '2017-11-26'),
(24422, 16, 19, b'0', b'0', b'0', b'0', b'0', '50', '2017-11-26', '2017-11-26'),
(24423, 16, 27, b'0', b'0', b'0', b'0', b'0', '50', '2017-11-26', '2017-11-26'),
(24424, 16, 18, b'0', b'0', b'0', b'0', b'0', '50', '2017-11-26', '2017-11-26'),
(24425, 16, 33, b'0', b'0', b'0', b'0', b'0', '50', '2017-11-26', '2017-11-26'),
(24426, 16, 22, b'0', b'0', b'0', b'0', b'0', '50', '2017-11-26', '2017-11-26'),
(24427, 16, 60, b'0', b'0', b'0', b'0', b'0', '50', '2017-11-26', '2017-11-26'),
(24428, 16, 61, b'0', b'0', b'0', b'0', b'0', '50', '2017-11-26', '2017-11-26'),
(24429, 16, 62, b'0', b'0', b'0', b'0', b'0', '50', '2017-11-26', '2017-11-26'),
(24430, 16, 63, b'0', b'0', b'0', b'0', b'0', '50', '2017-11-26', '2017-11-26'),
(24431, 16, 65, b'0', b'0', b'0', b'0', b'0', '50', '2017-11-26', '2017-11-26'),
(24432, 16, 64, b'0', b'0', b'0', b'0', b'0', '50', '2017-11-26', '2017-11-26'),
(24433, 16, 66, b'0', b'0', b'0', b'0', b'0', '50', '2017-11-26', '2017-11-26'),
(24434, 16, 68, b'1', b'0', b'0', b'0', b'0', '50', '2017-11-26', '2017-11-26'),
(24435, 16, 67, b'1', b'0', b'1', b'1', b'1', '50', '2017-11-26', '2017-11-26'),
(24436, 16, 69, b'0', b'0', b'0', b'0', b'0', '50', '2017-11-26', '2017-11-26'),
(24437, 16, 70, b'0', b'0', b'0', b'0', b'0', '50', '2017-11-26', '2017-11-26'),
(24438, 16, 71, b'0', b'0', b'0', b'0', b'0', '50', '2017-11-26', '2017-11-26'),
(24439, 16, 72, b'0', b'0', b'0', b'0', b'0', '50', '2017-11-26', '2017-11-26'),
(24440, 16, 73, b'1', b'0', b'1', b'1', b'1', '50', '2017-11-26', '2017-11-26'),
(24441, 16, 74, b'1', b'0', b'1', b'1', b'1', '50', '2017-11-26', '2017-11-26'),
(24442, 16, 77, b'1', b'0', b'1', b'1', b'1', '50', '2017-11-26', '2017-11-26'),
(24443, 16, 78, b'1', b'0', b'1', b'1', b'1', '50', '2017-11-26', '2017-11-26'),
(24444, 16, 79, b'1', b'0', b'1', b'1', b'1', '50', '2017-11-26', '2017-11-26'),
(24445, 16, 86, b'1', b'0', b'1', b'1', b'1', '50', '2017-11-26', '2017-11-26'),
(24446, 16, 29, b'1', b'0', b'1', b'1', b'1', '50', '2017-11-26', '2017-11-26'),
(24447, 16, 38, b'1', b'0', b'1', b'1', b'1', '50', '2017-11-26', '2017-11-26'),
(24448, 16, 39, b'1', b'0', b'1', b'1', b'1', '50', '2017-11-26', '2017-11-26'),
(24449, 16, 40, b'1', b'0', b'1', b'1', b'1', '50', '2017-11-26', '2017-11-26'),
(24450, 16, 41, b'1', b'0', b'1', b'1', b'1', '50', '2017-11-26', '2017-11-26'),
(24451, 16, 42, b'1', b'0', b'1', b'1', b'1', '50', '2017-11-26', '2017-11-26'),
(24452, 16, 80, b'1', b'0', b'1', b'1', b'1', '50', '2017-11-26', '2017-11-26'),
(24453, 16, 82, b'1', b'0', b'1', b'1', b'1', '50', '2017-11-26', '2017-11-26'),
(24454, 16, 83, b'1', b'0', b'1', b'1', b'1', '50', '2017-11-26', '2017-11-26'),
(24455, 16, 85, b'1', b'0', b'1', b'1', b'1', '50', '2017-11-26', '2017-11-26'),
(24456, 17, 1, b'1', b'0', b'0', b'0', b'0', '50', '2017-11-26', '2017-11-26'),
(24457, 17, 2, b'0', b'0', b'0', b'0', b'0', '50', '2017-11-26', '2017-11-26'),
(24458, 17, 3, b'0', b'0', b'0', b'0', b'0', '50', '2017-11-26', '2017-11-26'),
(24459, 17, 30, b'1', b'0', b'0', b'0', b'0', '50', '2017-11-26', '2017-11-26'),
(24460, 17, 35, b'0', b'0', b'0', b'0', b'0', '50', '2017-11-26', '2017-11-26'),
(24461, 17, 50, b'0', b'0', b'0', b'0', b'0', '50', '2017-11-26', '2017-11-26'),
(24462, 17, 51, b'0', b'0', b'0', b'0', b'0', '50', '2017-11-26', '2017-11-26'),
(24463, 17, 52, b'0', b'0', b'0', b'0', b'0', '50', '2017-11-26', '2017-11-26'),
(24464, 17, 53, b'1', b'0', b'0', b'0', b'0', '50', '2017-11-26', '2017-11-26'),
(24465, 17, 20, b'1', b'0', b'1', b'1', b'1', '50', '2017-11-26', '2017-11-26'),
(24466, 17, 23, b'1', b'0', b'1', b'1', b'1', '50', '2017-11-26', '2017-11-26'),
(24467, 17, 21, b'1', b'0', b'0', b'0', b'0', '50', '2017-11-26', '2017-11-26'),
(24468, 17, 31, b'1', b'0', b'1', b'1', b'1', '50', '2017-11-26', '2017-11-26'),
(24469, 17, 32, b'1', b'0', b'1', b'1', b'1', '50', '2017-11-26', '2017-11-26'),
(24470, 17, 15, b'0', b'0', b'0', b'0', b'0', '50', '2017-11-26', '2017-11-26'),
(24471, 17, 16, b'0', b'0', b'0', b'0', b'0', '50', '2017-11-26', '2017-11-26'),
(24472, 17, 4, b'0', b'0', b'0', b'0', b'0', '50', '2017-11-26', '2017-11-26'),
(24473, 17, 5, b'0', b'0', b'0', b'0', b'0', '50', '2017-11-26', '2017-11-26'),
(24474, 17, 6, b'0', b'0', b'0', b'0', b'0', '50', '2017-11-26', '2017-11-26'),
(24475, 17, 7, b'0', b'0', b'0', b'0', b'0', '50', '2017-11-26', '2017-11-26'),
(24476, 17, 8, b'0', b'0', b'0', b'0', b'0', '50', '2017-11-26', '2017-11-26'),
(24477, 17, 9, b'0', b'0', b'0', b'0', b'0', '50', '2017-11-26', '2017-11-26'),
(24478, 17, 10, b'0', b'0', b'0', b'0', b'0', '50', '2017-11-26', '2017-11-26'),
(24479, 17, 11, b'0', b'0', b'0', b'0', b'0', '50', '2017-11-26', '2017-11-26'),
(24480, 17, 12, b'0', b'0', b'0', b'0', b'0', '50', '2017-11-26', '2017-11-26'),
(24481, 17, 13, b'0', b'0', b'0', b'0', b'0', '50', '2017-11-26', '2017-11-26'),
(24482, 17, 14, b'0', b'0', b'0', b'0', b'0', '50', '2017-11-26', '2017-11-26'),
(24483, 17, 25, b'0', b'0', b'0', b'0', b'0', '50', '2017-11-26', '2017-11-26'),
(24484, 17, 26, b'0', b'0', b'0', b'0', b'0', '50', '2017-11-26', '2017-11-26'),
(24485, 17, 28, b'0', b'0', b'0', b'0', b'0', '50', '2017-11-26', '2017-11-26'),
(24486, 17, 45, b'0', b'0', b'0', b'0', b'0', '50', '2017-11-26', '2017-11-26'),
(24487, 17, 54, b'0', b'0', b'0', b'0', b'0', '50', '2017-11-26', '2017-11-26'),
(24488, 17, 55, b'0', b'0', b'0', b'0', b'0', '50', '2017-11-26', '2017-11-26'),
(24489, 17, 56, b'0', b'0', b'0', b'0', b'0', '50', '2017-11-26', '2017-11-26'),
(24490, 17, 57, b'0', b'0', b'0', b'0', b'0', '50', '2017-11-26', '2017-11-26'),
(24491, 17, 58, b'0', b'0', b'0', b'0', b'0', '50', '2017-11-26', '2017-11-26'),
(24492, 17, 59, b'0', b'0', b'0', b'0', b'0', '50', '2017-11-26', '2017-11-26'),
(24493, 17, 81, b'0', b'0', b'0', b'0', b'0', '50', '2017-11-26', '2017-11-26'),
(24494, 17, 84, b'0', b'0', b'0', b'0', b'0', '50', '2017-11-26', '2017-11-26'),
(24495, 17, 34, b'1', b'0', b'1', b'1', b'1', '50', '2017-11-26', '2017-11-26'),
(24496, 17, 24, b'1', b'0', b'1', b'1', b'1', '50', '2017-11-26', '2017-11-26'),
(24497, 17, 36, b'0', b'0', b'0', b'0', b'0', '50', '2017-11-26', '2017-11-26'),
(24498, 17, 37, b'0', b'0', b'0', b'0', b'0', '50', '2017-11-26', '2017-11-26'),
(24499, 17, 75, b'1', b'0', b'0', b'0', b'0', '50', '2017-11-26', '2017-11-26'),
(24500, 17, 76, b'1', b'0', b'0', b'0', b'0', '50', '2017-11-26', '2017-11-26'),
(24501, 17, 19, b'0', b'0', b'0', b'0', b'0', '50', '2017-11-26', '2017-11-26'),
(24502, 17, 27, b'0', b'0', b'0', b'0', b'0', '50', '2017-11-26', '2017-11-26'),
(24503, 17, 18, b'0', b'0', b'0', b'0', b'0', '50', '2017-11-26', '2017-11-26'),
(24504, 17, 33, b'0', b'0', b'0', b'0', b'0', '50', '2017-11-26', '2017-11-26'),
(24505, 17, 22, b'0', b'0', b'0', b'0', b'0', '50', '2017-11-26', '2017-11-26'),
(24506, 17, 60, b'0', b'0', b'0', b'0', b'0', '50', '2017-11-26', '2017-11-26'),
(24507, 17, 61, b'0', b'0', b'0', b'0', b'0', '50', '2017-11-26', '2017-11-26'),
(24508, 17, 62, b'0', b'0', b'0', b'0', b'0', '50', '2017-11-26', '2017-11-26'),
(24509, 17, 63, b'0', b'0', b'0', b'0', b'0', '50', '2017-11-26', '2017-11-26'),
(24510, 17, 65, b'0', b'0', b'0', b'0', b'0', '50', '2017-11-26', '2017-11-26'),
(24511, 17, 64, b'0', b'0', b'0', b'0', b'0', '50', '2017-11-26', '2017-11-26'),
(24512, 17, 66, b'0', b'0', b'0', b'0', b'0', '50', '2017-11-26', '2017-11-26'),
(24513, 17, 68, b'1', b'0', b'0', b'0', b'0', '50', '2017-11-26', '2017-11-26'),
(24514, 17, 67, b'1', b'0', b'1', b'1', b'1', '50', '2017-11-26', '2017-11-26'),
(24515, 17, 69, b'0', b'0', b'0', b'0', b'0', '50', '2017-11-26', '2017-11-26'),
(24516, 17, 70, b'0', b'0', b'0', b'0', b'0', '50', '2017-11-26', '2017-11-26'),
(24517, 17, 71, b'0', b'0', b'0', b'0', b'0', '50', '2017-11-26', '2017-11-26'),
(24518, 17, 72, b'0', b'0', b'0', b'0', b'0', '50', '2017-11-26', '2017-11-26'),
(24519, 17, 73, b'1', b'0', b'1', b'1', b'1', '50', '2017-11-26', '2017-11-26'),
(24520, 17, 74, b'1', b'0', b'1', b'1', b'1', '50', '2017-11-26', '2017-11-26'),
(24521, 17, 77, b'1', b'0', b'1', b'1', b'1', '50', '2017-11-26', '2017-11-26'),
(24522, 17, 78, b'1', b'0', b'1', b'1', b'1', '50', '2017-11-26', '2017-11-26'),
(24523, 17, 79, b'1', b'0', b'1', b'1', b'1', '50', '2017-11-26', '2017-11-26'),
(24524, 17, 86, b'1', b'0', b'1', b'1', b'1', '50', '2017-11-26', '2017-11-26'),
(24525, 17, 29, b'1', b'0', b'1', b'1', b'1', '50', '2017-11-26', '2017-11-26'),
(24526, 17, 38, b'1', b'0', b'1', b'1', b'1', '50', '2017-11-26', '2017-11-26'),
(24527, 17, 39, b'1', b'0', b'1', b'1', b'1', '50', '2017-11-26', '2017-11-26'),
(24528, 17, 40, b'1', b'0', b'1', b'1', b'1', '50', '2017-11-26', '2017-11-26'),
(24529, 17, 41, b'1', b'0', b'1', b'1', b'1', '50', '2017-11-26', '2017-11-26'),
(24530, 17, 42, b'1', b'0', b'1', b'1', b'1', '50', '2017-11-26', '2017-11-26'),
(24531, 17, 80, b'1', b'0', b'1', b'1', b'1', '50', '2017-11-26', '2017-11-26'),
(24532, 17, 82, b'1', b'0', b'1', b'1', b'1', '50', '2017-11-26', '2017-11-26'),
(24533, 17, 83, b'1', b'0', b'1', b'1', b'1', '50', '2017-11-26', '2017-11-26'),
(24534, 17, 85, b'1', b'0', b'1', b'1', b'1', '50', '2017-11-26', '2017-11-26'),
(24535, 25, 1, b'1', b'0', b'0', b'0', b'0', '50', '2017-11-26', '2017-11-26'),
(24536, 25, 2, b'0', b'0', b'0', b'0', b'0', '50', '2017-11-26', '2017-11-26'),
(24537, 25, 3, b'0', b'0', b'0', b'0', b'0', '50', '2017-11-26', '2017-11-26'),
(24538, 25, 30, b'1', b'0', b'0', b'0', b'0', '50', '2017-11-26', '2017-11-26'),
(24539, 25, 35, b'0', b'0', b'0', b'0', b'0', '50', '2017-11-26', '2017-11-26'),
(24540, 25, 50, b'0', b'0', b'0', b'0', b'0', '50', '2017-11-26', '2017-11-26'),
(24541, 25, 51, b'1', b'0', b'0', b'0', b'0', '50', '2017-11-26', '2017-11-26'),
(24542, 25, 52, b'0', b'0', b'0', b'0', b'0', '50', '2017-11-26', '2017-11-26'),
(24543, 25, 53, b'1', b'0', b'0', b'0', b'0', '50', '2017-11-26', '2017-11-26'),
(24544, 25, 20, b'0', b'0', b'0', b'0', b'0', '50', '2017-11-26', '2017-11-26'),
(24545, 25, 23, b'1', b'0', b'1', b'1', b'1', '50', '2017-11-26', '2017-11-26'),
(24546, 25, 21, b'1', b'0', b'0', b'0', b'0', '50', '2017-11-26', '2017-11-26'),
(24547, 25, 31, b'1', b'0', b'1', b'1', b'1', '50', '2017-11-26', '2017-11-26'),
(24548, 25, 32, b'1', b'0', b'1', b'1', b'1', '50', '2017-11-26', '2017-11-26'),
(24549, 25, 15, b'0', b'0', b'0', b'0', b'0', '50', '2017-11-26', '2017-11-26'),
(24550, 25, 16, b'0', b'0', b'0', b'0', b'0', '50', '2017-11-26', '2017-11-26'),
(24551, 25, 4, b'0', b'0', b'0', b'0', b'0', '50', '2017-11-26', '2017-11-26'),
(24552, 25, 5, b'0', b'0', b'0', b'0', b'0', '50', '2017-11-26', '2017-11-26'),
(24553, 25, 6, b'0', b'0', b'0', b'0', b'0', '50', '2017-11-26', '2017-11-26'),
(24554, 25, 7, b'0', b'0', b'0', b'0', b'0', '50', '2017-11-26', '2017-11-26'),
(24555, 25, 8, b'0', b'0', b'0', b'0', b'0', '50', '2017-11-26', '2017-11-26'),
(24556, 25, 9, b'0', b'0', b'0', b'0', b'0', '50', '2017-11-26', '2017-11-26'),
(24557, 25, 10, b'0', b'0', b'0', b'0', b'0', '50', '2017-11-26', '2017-11-26'),
(24558, 25, 11, b'0', b'0', b'0', b'0', b'0', '50', '2017-11-26', '2017-11-26'),
(24559, 25, 12, b'0', b'0', b'0', b'0', b'0', '50', '2017-11-26', '2017-11-26'),
(24560, 25, 13, b'0', b'0', b'0', b'0', b'0', '50', '2017-11-26', '2017-11-26'),
(24561, 25, 14, b'0', b'0', b'0', b'0', b'0', '50', '2017-11-26', '2017-11-26'),
(24562, 25, 25, b'0', b'0', b'0', b'0', b'0', '50', '2017-11-26', '2017-11-26'),
(24563, 25, 26, b'0', b'0', b'0', b'0', b'0', '50', '2017-11-26', '2017-11-26'),
(24564, 25, 28, b'0', b'0', b'0', b'0', b'0', '50', '2017-11-26', '2017-11-26'),
(24565, 25, 45, b'0', b'0', b'0', b'0', b'0', '50', '2017-11-26', '2017-11-26'),
(24566, 25, 54, b'0', b'0', b'0', b'0', b'0', '50', '2017-11-26', '2017-11-26'),
(24567, 25, 55, b'0', b'0', b'0', b'0', b'0', '50', '2017-11-26', '2017-11-26'),
(24568, 25, 56, b'0', b'0', b'0', b'0', b'0', '50', '2017-11-26', '2017-11-26'),
(24569, 25, 57, b'0', b'0', b'0', b'0', b'0', '50', '2017-11-26', '2017-11-26'),
(24570, 25, 58, b'0', b'0', b'0', b'0', b'0', '50', '2017-11-26', '2017-11-26'),
(24571, 25, 59, b'0', b'0', b'0', b'0', b'0', '50', '2017-11-26', '2017-11-26'),
(24572, 25, 81, b'0', b'0', b'0', b'0', b'0', '50', '2017-11-26', '2017-11-26'),
(24573, 25, 84, b'0', b'0', b'0', b'0', b'0', '50', '2017-11-26', '2017-11-26'),
(24574, 25, 34, b'1', b'0', b'1', b'1', b'1', '50', '2017-11-26', '2017-11-26'),
(24575, 25, 24, b'1', b'0', b'1', b'1', b'1', '50', '2017-11-26', '2017-11-26'),
(24576, 25, 36, b'0', b'0', b'0', b'0', b'0', '50', '2017-11-26', '2017-11-26'),
(24577, 25, 37, b'0', b'0', b'0', b'0', b'0', '50', '2017-11-26', '2017-11-26'),
(24578, 25, 75, b'1', b'0', b'0', b'0', b'0', '50', '2017-11-26', '2017-11-26'),
(24579, 25, 76, b'1', b'0', b'0', b'0', b'0', '50', '2017-11-26', '2017-11-26'),
(24580, 25, 19, b'0', b'0', b'0', b'0', b'0', '50', '2017-11-26', '2017-11-26'),
(24581, 25, 27, b'0', b'0', b'0', b'0', b'0', '50', '2017-11-26', '2017-11-26'),
(24582, 25, 18, b'0', b'0', b'0', b'0', b'0', '50', '2017-11-26', '2017-11-26'),
(24583, 25, 33, b'0', b'0', b'0', b'0', b'0', '50', '2017-11-26', '2017-11-26'),
(24584, 25, 22, b'0', b'0', b'0', b'0', b'0', '50', '2017-11-26', '2017-11-26'),
(24585, 25, 60, b'1', b'0', b'1', b'1', b'1', '50', '2017-11-26', '2017-11-26'),
(24586, 25, 61, b'0', b'0', b'0', b'0', b'0', '50', '2017-11-26', '2017-11-26'),
(24587, 25, 62, b'0', b'0', b'0', b'0', b'0', '50', '2017-11-26', '2017-11-26'),
(24588, 25, 63, b'0', b'0', b'0', b'0', b'0', '50', '2017-11-26', '2017-11-26'),
(24589, 25, 65, b'0', b'0', b'0', b'0', b'0', '50', '2017-11-26', '2017-11-26'),
(24590, 25, 64, b'0', b'0', b'0', b'0', b'0', '50', '2017-11-26', '2017-11-26'),
(24591, 25, 66, b'1', b'0', b'1', b'1', b'1', '50', '2017-11-26', '2017-11-26'),
(24592, 25, 68, b'0', b'0', b'0', b'0', b'0', '50', '2017-11-26', '2017-11-26'),
(24593, 25, 67, b'0', b'0', b'0', b'0', b'0', '50', '2017-11-26', '2017-11-26'),
(24594, 25, 69, b'0', b'0', b'0', b'0', b'0', '50', '2017-11-26', '2017-11-26'),
(24595, 25, 70, b'0', b'0', b'0', b'0', b'0', '50', '2017-11-26', '2017-11-26'),
(24596, 25, 71, b'0', b'0', b'0', b'0', b'0', '50', '2017-11-26', '2017-11-26'),
(24597, 25, 72, b'0', b'0', b'0', b'0', b'0', '50', '2017-11-26', '2017-11-26'),
(24598, 25, 73, b'0', b'0', b'0', b'0', b'0', '50', '2017-11-26', '2017-11-26'),
(24599, 25, 74, b'0', b'0', b'0', b'0', b'0', '50', '2017-11-26', '2017-11-26'),
(24600, 25, 77, b'1', b'0', b'1', b'1', b'1', '50', '2017-11-26', '2017-11-26'),
(24601, 25, 78, b'1', b'0', b'1', b'1', b'1', '50', '2017-11-26', '2017-11-26'),
(24602, 25, 79, b'1', b'0', b'1', b'1', b'1', '50', '2017-11-26', '2017-11-26'),
(24603, 25, 86, b'1', b'0', b'1', b'1', b'1', '50', '2017-11-26', '2017-11-26'),
(24604, 25, 29, b'1', b'0', b'1', b'1', b'1', '50', '2017-11-26', '2017-11-26'),
(24605, 25, 38, b'1', b'0', b'1', b'1', b'1', '50', '2017-11-26', '2017-11-26'),
(24606, 25, 39, b'1', b'0', b'1', b'1', b'1', '50', '2017-11-26', '2017-11-26'),
(24607, 25, 40, b'1', b'0', b'1', b'0', b'1', '50', '2017-11-26', '2017-11-26'),
(24608, 25, 41, b'1', b'0', b'1', b'1', b'1', '50', '2017-11-26', '2017-11-26'),
(24609, 25, 42, b'1', b'0', b'1', b'1', b'1', '50', '2017-11-26', '2017-11-26'),
(24610, 25, 80, b'1', b'0', b'1', b'1', b'1', '50', '2017-11-26', '2017-11-26'),
(24611, 25, 82, b'1', b'0', b'1', b'1', b'1', '50', '2017-11-26', '2017-11-26'),
(24612, 25, 83, b'1', b'0', b'1', b'1', b'1', '50', '2017-11-26', '2017-11-26'),
(24613, 25, 85, b'1', b'0', b'1', b'1', b'1', '50', '2017-11-26', '2017-11-26'),
(24614, 50, 1, b'0', b'0', b'0', b'0', b'0', '50', '2017-12-03', '2017-12-03'),
(24615, 50, 2, b'0', b'0', b'0', b'0', b'0', '50', '2017-12-03', '2017-12-03'),
(24616, 50, 3, b'0', b'0', b'0', b'0', b'0', '50', '2017-12-03', '2017-12-03'),
(24617, 50, 30, b'1', b'0', b'0', b'0', b'0', '50', '2017-12-03', '2017-12-03'),
(24618, 50, 35, b'0', b'0', b'0', b'0', b'0', '50', '2017-12-03', '2017-12-03'),
(24619, 50, 50, b'0', b'0', b'0', b'0', b'0', '50', '2017-12-03', '2017-12-03'),
(24620, 50, 51, b'0', b'0', b'0', b'0', b'0', '50', '2017-12-03', '2017-12-03'),
(24621, 50, 52, b'0', b'0', b'0', b'0', b'0', '50', '2017-12-03', '2017-12-03'),
(24622, 50, 53, b'0', b'0', b'0', b'0', b'0', '50', '2017-12-03', '2017-12-03'),
(24623, 50, 20, b'0', b'0', b'0', b'0', b'0', '50', '2017-12-03', '2017-12-03'),
(24624, 50, 23, b'0', b'0', b'0', b'0', b'0', '50', '2017-12-03', '2017-12-03'),
(24625, 50, 21, b'0', b'0', b'0', b'0', b'0', '50', '2017-12-03', '2017-12-03'),
(24626, 50, 31, b'0', b'0', b'0', b'0', b'0', '50', '2017-12-03', '2017-12-03'),
(24627, 50, 32, b'0', b'0', b'0', b'0', b'0', '50', '2017-12-03', '2017-12-03'),
(24628, 50, 15, b'0', b'0', b'0', b'0', b'0', '50', '2017-12-03', '2017-12-03'),
(24629, 50, 16, b'0', b'0', b'0', b'0', b'0', '50', '2017-12-03', '2017-12-03'),
(24630, 50, 4, b'0', b'0', b'0', b'0', b'0', '50', '2017-12-03', '2017-12-03'),
(24631, 50, 5, b'0', b'0', b'0', b'0', b'0', '50', '2017-12-03', '2017-12-03'),
(24632, 50, 6, b'0', b'0', b'0', b'0', b'0', '50', '2017-12-03', '2017-12-03'),
(24633, 50, 7, b'0', b'0', b'0', b'0', b'0', '50', '2017-12-03', '2017-12-03'),
(24634, 50, 8, b'0', b'0', b'0', b'0', b'0', '50', '2017-12-03', '2017-12-03'),
(24635, 50, 9, b'0', b'0', b'0', b'0', b'0', '50', '2017-12-03', '2017-12-03'),
(24636, 50, 10, b'0', b'0', b'0', b'0', b'0', '50', '2017-12-03', '2017-12-03'),
(24637, 50, 11, b'0', b'0', b'0', b'0', b'0', '50', '2017-12-03', '2017-12-03'),
(24638, 50, 12, b'0', b'0', b'0', b'0', b'0', '50', '2017-12-03', '2017-12-03'),
(24639, 50, 13, b'0', b'0', b'0', b'0', b'0', '50', '2017-12-03', '2017-12-03'),
(24640, 50, 14, b'0', b'0', b'0', b'0', b'0', '50', '2017-12-03', '2017-12-03'),
(24641, 50, 25, b'0', b'0', b'0', b'0', b'0', '50', '2017-12-03', '2017-12-03'),
(24642, 50, 26, b'0', b'0', b'0', b'0', b'0', '50', '2017-12-03', '2017-12-03'),
(24643, 50, 28, b'0', b'0', b'0', b'0', b'0', '50', '2017-12-03', '2017-12-03'),
(24644, 50, 45, b'0', b'0', b'0', b'0', b'0', '50', '2017-12-03', '2017-12-03'),
(24645, 50, 54, b'0', b'0', b'0', b'0', b'0', '50', '2017-12-03', '2017-12-03'),
(24646, 50, 55, b'0', b'0', b'0', b'0', b'0', '50', '2017-12-03', '2017-12-03'),
(24647, 50, 56, b'0', b'0', b'0', b'0', b'0', '50', '2017-12-03', '2017-12-03'),
(24648, 50, 57, b'0', b'0', b'0', b'0', b'0', '50', '2017-12-03', '2017-12-03'),
(24649, 50, 58, b'0', b'0', b'0', b'0', b'0', '50', '2017-12-03', '2017-12-03'),
(24650, 50, 59, b'0', b'0', b'0', b'0', b'0', '50', '2017-12-03', '2017-12-03'),
(24651, 50, 81, b'0', b'0', b'0', b'0', b'0', '50', '2017-12-03', '2017-12-03'),
(24652, 50, 84, b'0', b'0', b'0', b'0', b'0', '50', '2017-12-03', '2017-12-03'),
(24653, 50, 34, b'0', b'0', b'0', b'0', b'0', '50', '2017-12-03', '2017-12-03'),
(24654, 50, 24, b'0', b'0', b'0', b'0', b'0', '50', '2017-12-03', '2017-12-03'),
(24655, 50, 36, b'0', b'0', b'0', b'0', b'0', '50', '2017-12-03', '2017-12-03'),
(24656, 50, 37, b'0', b'0', b'0', b'0', b'0', '50', '2017-12-03', '2017-12-03'),
(24657, 50, 75, b'1', b'0', b'0', b'0', b'0', '50', '2017-12-03', '2017-12-03'),
(24658, 50, 76, b'1', b'0', b'0', b'0', b'0', '50', '2017-12-03', '2017-12-03'),
(24659, 50, 19, b'0', b'0', b'0', b'0', b'0', '50', '2017-12-03', '2017-12-03'),
(24660, 50, 27, b'0', b'0', b'0', b'0', b'0', '50', '2017-12-03', '2017-12-03'),
(24661, 50, 18, b'0', b'0', b'0', b'0', b'0', '50', '2017-12-03', '2017-12-03'),
(24662, 50, 33, b'0', b'0', b'0', b'0', b'0', '50', '2017-12-03', '2017-12-03'),
(24663, 50, 22, b'0', b'0', b'0', b'0', b'0', '50', '2017-12-03', '2017-12-03'),
(24664, 50, 60, b'0', b'0', b'0', b'0', b'0', '50', '2017-12-03', '2017-12-03'),
(24665, 50, 61, b'0', b'0', b'0', b'0', b'0', '50', '2017-12-03', '2017-12-03'),
(24666, 50, 62, b'0', b'0', b'0', b'0', b'0', '50', '2017-12-03', '2017-12-03'),
(24667, 50, 63, b'0', b'0', b'0', b'0', b'0', '50', '2017-12-03', '2017-12-03'),
(24668, 50, 65, b'0', b'0', b'0', b'0', b'0', '50', '2017-12-03', '2017-12-03'),
(24669, 50, 64, b'0', b'0', b'0', b'0', b'0', '50', '2017-12-03', '2017-12-03'),
(24670, 50, 66, b'0', b'0', b'0', b'0', b'0', '50', '2017-12-03', '2017-12-03'),
(24671, 50, 68, b'0', b'0', b'0', b'0', b'0', '50', '2017-12-03', '2017-12-03'),
(24672, 50, 67, b'0', b'0', b'0', b'0', b'0', '50', '2017-12-03', '2017-12-03'),
(24673, 50, 69, b'0', b'0', b'0', b'0', b'0', '50', '2017-12-03', '2017-12-03'),
(24674, 50, 70, b'0', b'0', b'0', b'0', b'0', '50', '2017-12-03', '2017-12-03'),
(24675, 50, 71, b'0', b'0', b'0', b'0', b'0', '50', '2017-12-03', '2017-12-03'),
(24676, 50, 72, b'0', b'0', b'0', b'0', b'0', '50', '2017-12-03', '2017-12-03'),
(24677, 50, 73, b'0', b'0', b'0', b'0', b'0', '50', '2017-12-03', '2017-12-03'),
(24678, 50, 74, b'0', b'0', b'0', b'0', b'0', '50', '2017-12-03', '2017-12-03'),
(24679, 50, 77, b'1', b'0', b'1', b'1', b'1', '50', '2017-12-03', '2017-12-03'),
(24680, 50, 78, b'1', b'0', b'1', b'1', b'1', '50', '2017-12-03', '2017-12-03'),
(24681, 50, 79, b'1', b'0', b'1', b'1', b'1', '50', '2017-12-03', '2017-12-03'),
(24682, 50, 86, b'1', b'0', b'1', b'1', b'1', '50', '2017-12-03', '2017-12-03'),
(24683, 50, 29, b'1', b'0', b'1', b'1', b'1', '50', '2017-12-03', '2017-12-03'),
(24684, 50, 38, b'1', b'0', b'1', b'1', b'1', '50', '2017-12-03', '2017-12-03'),
(24685, 50, 39, b'1', b'0', b'1', b'1', b'1', '50', '2017-12-03', '2017-12-03'),
(24686, 50, 40, b'1', b'0', b'1', b'1', b'1', '50', '2017-12-03', '2017-12-03'),
(24687, 50, 41, b'1', b'0', b'1', b'1', b'1', '50', '2017-12-03', '2017-12-03'),
(24688, 50, 42, b'1', b'0', b'1', b'1', b'1', '50', '2017-12-03', '2017-12-03'),
(24689, 50, 80, b'1', b'0', b'1', b'1', b'1', '50', '2017-12-03', '2017-12-03'),
(24690, 50, 82, b'1', b'0', b'1', b'1', b'1', '50', '2017-12-03', '2017-12-03'),
(24691, 50, 83, b'1', b'0', b'1', b'1', b'1', '50', '2017-12-03', '2017-12-03'),
(24692, 50, 85, b'1', b'0', b'1', b'1', b'1', '50', '2017-12-03', '2017-12-03');

-- --------------------------------------------------------

--
-- Table structure for table `tb_answers`
--

CREATE TABLE IF NOT EXISTS `tb_answers` (
  `id` int(11) NOT NULL,
  `question_id` varchar(45) DEFAULT NULL,
  `value` varchar(200) DEFAULT NULL,
  `type` int(11) DEFAULT NULL COMMENT '1 = checkbox,2 = text,3 = table\n',
  `department_id` int(11) DEFAULT NULL,
  `create_date` date DEFAULT NULL,
  `create_by` varchar(45) DEFAULT NULL,
  `update_date` date DEFAULT NULL,
  `update_by` varchar(45) DEFAULT NULL
) ENGINE=InnoDB AUTO_INCREMENT=2558 DEFAULT CHARSET=utf8;

--
-- Dumping data for table `tb_answers`
--

INSERT INTO `tb_answers` (`id`, `question_id`, `value`, `type`, `department_id`, `create_date`, `create_by`, `update_date`, `update_by`) VALUES
(1045, '1', '1', 1, 10, '2016-12-06', '1', '2016-12-06', '1'),
(1046, '2', '1', 1, 10, '2016-12-06', '1', '2016-12-06', '1'),
(1047, '4', '0', 1, 10, '2016-12-06', '1', '2016-12-06', '1'),
(1048, '4', 'ไม่มี', 2, 10, '2016-12-06', '1', '2016-12-06', '1'),
(1049, '1', '/uploads/Blank Letter Head - EL (1).doc', 4, 10, '2016-12-06', '1', '2016-12-06', '1'),
(1050, '2', '/uploads//radbase/uploads//radbase/uploads//radbase/uploads//radbase/uploads/Feedback-FX-history.xlsx', 4, 10, '2016-12-06', '1', '2016-12-06', '1'),
(1095, '1', '1', 1, 13, '2016-12-06', '1', '2016-12-06', '1'),
(1096, '2', '1', 1, 13, '2016-12-06', '1', '2016-12-06', '1'),
(1097, '3', '1', 1, 13, '2016-12-06', '1', '2016-12-06', '1'),
(1098, '3.1.1', '1', 1, 13, '2016-12-06', '1', '2016-12-06', '1'),
(1099, '3.1.4', '1', 1, 13, '2016-12-06', '1', '2016-12-06', '1'),
(1100, '3.1.6', '1', 1, 13, '2016-12-06', '1', '2016-12-06', '1'),
(1101, '4', '1', 1, 13, '2016-12-06', '1', '2016-12-06', '1'),
(1102, '4.1.1', '1', 1, 13, '2016-12-06', '1', '2016-12-06', '1'),
(1103, '4.1.2', '1', 1, 13, '2016-12-06', '1', '2016-12-06', '1'),
(1104, '4.1.3', '1', 1, 13, '2016-12-06', '1', '2016-12-06', '1'),
(1105, '4.1.4', '1', 1, 13, '2016-12-06', '1', '2016-12-06', '1'),
(1106, '5', '0', 1, 13, '2016-12-06', '1', '2016-12-06', '1'),
(1107, '6', '1', 1, 13, '2016-12-06', '1', '2016-12-06', '1'),
(1108, '7', '1', 1, 13, '2016-12-06', '1', '2016-12-06', '1'),
(1109, '7.1.1', '1', 1, 13, '2016-12-06', '1', '2016-12-06', '1'),
(1110, '7.1.2', '1', 1, 13, '2016-12-06', '1', '2016-12-06', '1'),
(1111, '8', '0', 1, 13, '2016-12-06', '1', '2016-12-06', '1'),
(1112, '9', '0', 1, 13, '2016-12-06', '1', '2016-12-06', '1'),
(1113, '10', '0', 1, 13, '2016-12-06', '1', '2016-12-06', '1'),
(1114, '11', '0', 1, 13, '2016-12-06', '1', '2016-12-06', '1'),
(1115, '12', '0', 1, 13, '2016-12-06', '1', '2016-12-06', '1'),
(1116, '13', '1', 1, 13, '2016-12-06', '1', '2016-12-06', '1'),
(1117, '13.1', '1', 1, 13, '2016-12-06', '1', '2016-12-06', '1'),
(1118, '13.2', '1', 1, 13, '2016-12-06', '1', '2016-12-06', '1'),
(1119, '14', '0', 1, 13, '2016-12-06', '1', '2016-12-06', '1'),
(1120, '15', '1', 1, 13, '2016-12-06', '1', '2016-12-06', '1'),
(1121, '1', 'testxxxx', 2, 13, '2016-12-06', '1', '2016-12-06', '1'),
(1122, '2', '                                           ข้อ 2 ไม่มี', 2, 13, '2016-12-06', '1', '2016-12-06', '1'),
(1123, '3.1.6', '                                     อื่น ๆ ระบุของข้อ 3', 2, 13, '2016-12-06', '1', '2016-12-06', '1'),
(1124, '3', 'ข้อ 3 ไม่มีแผน', 2, 13, '2016-12-06', '1', '2016-12-06', '1'),
(1125, '4.1.4', 'อื่น ๆ ตอบมี ข้อ 4', 2, 13, '2016-12-06', '1', '2016-12-06', '1'),
(1126, '4', 'ไม่มีข้อ 4', 2, 13, '2016-12-06', '1', '2016-12-06', '1'),
(1127, '5', 'ตอบข้อ 5 ไม่มี', 2, 13, '2016-12-06', '1', '2016-12-06', '1'),
(1128, '6', 'ตอบข้อ 6 ไม่มี', 2, 13, '2016-12-06', '1', '2016-12-06', '1'),
(1129, '7.1.2', 'อื่น ๆ ตอบมี ข้อ 7', 2, 13, '2016-12-06', '1', '2016-12-06', '1'),
(1130, '7.2', 'ไม่มีตอบข้อ 7', 2, 13, '2016-12-06', '1', '2016-12-06', '1'),
(1131, '8.2', 'ไม่มีตอบข้อ 8', 2, 13, '2016-12-06', '1', '2016-12-06', '1'),
(1132, '10.1', 'มีข้อ 10 ', 2, 13, '2016-12-06', '1', '2016-12-06', '1'),
(1133, '13.2', 'ข้อ 13 มี ตอบ อื่น ๆ ', 2, 13, '2016-12-06', '1', '2016-12-06', '1'),
(1134, '15', '2559', 2, 13, '2016-12-06', '1', '2016-12-06', '1'),
(1135, '4.1.1', '/uploads/report_007 (1).xls', 4, 13, '2016-12-06', '1', '2016-12-06', '1'),
(1136, '4.1.2', '/uploads/rptViewer.xls', 4, 13, '2016-12-06', '1', '2016-12-06', '1'),
(1137, '4.1.3', '/uploads/radbasewww.sql', 4, 13, '2016-12-06', '1', '2016-12-06', '1'),
(1138, '6', '/uploads/rptViewer.xls', 4, 13, '2016-12-06', '1', '2016-12-06', '1'),
(1139, '7.1.1', '/uploads/แก้ไขระบบฐานข้อมูลด้านรังสี Staff 02-12-59.pdf', 4, 13, '2016-12-06', '1', '2016-12-06', '1'),
(1140, '7.1.2', '/uploads/Error.log', 4, 13, '2016-12-06', '1', '2016-12-06', '1'),
(1141, '9', '/uploads/FX-KB AS 30-09-2016.pdf', 4, 13, '2016-12-06', '1', '2016-12-06', '1'),
(1142, '1', '/uploads//radbase/uploads/แก้ไขระบบฐานข้อมูลด้านรังสี Staff 02-12-59.pdf', 4, 13, '2016-12-06', '1', '2016-12-06', '1'),
(1143, '2', '/uploads//radbase/uploads/rptViewer.xls', 4, 13, '2016-12-06', '1', '2016-12-06', '1'),
(1144, '15.1', '/uploads//radbase/uploads//radbase/uploads/FX-KB AS 30-09-2016.pdf', 4, 13, '2016-12-06', '1', '2016-12-06', '1'),
(1145, '15.2', '/uploads//radbase/uploads//radbase/uploads/report_007.xls', 4, 13, '2016-12-06', '1', '2016-12-06', '1'),
(2493, '1.1', '1', 1, 15, '2017-01-12', '1', '2017-01-12', '1'),
(2494, '1.2', '1', 1, 15, '2017-01-12', '1', '2017-01-12', '1'),
(2495, '2', '1', 1, 15, '2017-01-12', '1', '2017-01-12', '1'),
(2496, '3.1.1', '1', 1, 15, '2017-01-12', '1', '2017-01-12', '1'),
(2497, '3.1.3', '1', 1, 15, '2017-01-12', '1', '2017-01-12', '1'),
(2498, '3.1.5', '1', 1, 15, '2017-01-12', '1', '2017-01-12', '1'),
(2499, '3.1.6', '1', 1, 15, '2017-01-12', '1', '2017-01-12', '1'),
(2500, '3', '0', 1, 15, '2017-01-12', '1', '2017-01-12', '1'),
(2501, '4.1.1', '1', 1, 15, '2017-01-12', '1', '2017-01-12', '1'),
(2502, '4.1.2', '1', 1, 15, '2017-01-12', '1', '2017-01-12', '1'),
(2503, '4.1.3', '1', 1, 15, '2017-01-12', '1', '2017-01-12', '1'),
(2504, '4.1.4', '1', 1, 15, '2017-01-12', '1', '2017-01-12', '1'),
(2505, '4', '0', 1, 15, '2017-01-12', '1', '2017-01-12', '1'),
(2506, '5.1', '1', 1, 15, '2017-01-12', '1', '2017-01-12', '1'),
(2507, '5.2', '1', 1, 15, '2017-01-12', '1', '2017-01-12', '1'),
(2508, '5.3', '1', 1, 15, '2017-01-12', '1', '2017-01-12', '1'),
(2509, '6.1', '1', 1, 15, '2017-01-12', '1', '2017-01-12', '1'),
(2510, '6.2', '1', 1, 15, '2017-01-12', '1', '2017-01-12', '1'),
(2511, '7.1.1', '1', 1, 15, '2017-01-12', '1', '2017-01-12', '1'),
(2512, '7.1.2', '1', 1, 15, '2017-01-12', '1', '2017-01-12', '1'),
(2513, '7.1.3', '1', 1, 15, '2017-01-12', '1', '2017-01-12', '1'),
(2514, '7', '0', 1, 15, '2017-01-12', '1', '2017-01-12', '1'),
(2515, '8', '0', 1, 15, '2017-01-12', '1', '2017-01-12', '1'),
(2516, '9.1.1', '1', 1, 15, '2017-01-12', '1', '2017-01-12', '1'),
(2517, '9.1.2', '1', 1, 15, '2017-01-12', '1', '2017-01-12', '1'),
(2518, '9.1.3', '1', 1, 15, '2017-01-12', '1', '2017-01-12', '1'),
(2519, '9', '0', 1, 15, '2017-01-12', '1', '2017-01-12', '1'),
(2520, '10', '0', 1, 15, '2017-01-12', '1', '2017-01-12', '1'),
(2521, '11', '0', 1, 15, '2017-01-12', '1', '2017-01-12', '1'),
(2522, '12', '0', 1, 15, '2017-01-12', '1', '2017-01-12', '1'),
(2523, '13', '1', 1, 15, '2017-01-12', '1', '2017-01-12', '1'),
(2524, '13.1', '1', 1, 15, '2017-01-12', '1', '2017-01-12', '1'),
(2525, '13.2', '1', 1, 15, '2017-01-12', '1', '2017-01-12', '1'),
(2526, '14.1', '0', 1, 15, '2017-01-12', '1', '2017-01-12', '1'),
(2527, '14.2', '0', 1, 15, '2017-01-12', '1', '2017-01-12', '1'),
(2528, '1.1', 'xxxx', 2, 15, '2017-01-12', '1', '2017-01-12', '1'),
(2529, '1.2', 'yyyy', 2, 15, '2017-01-12', '1', '2017-01-12', '1'),
(2530, '2', '                                 eee', 2, 15, '2017-01-12', '1', '2017-01-12', '1'),
(2531, '3.1.6', '                               1111', 2, 15, '2017-01-12', '1', '2017-01-12', '1'),
(2532, '3', 'ssssss', 2, 15, '2017-01-12', '1', '2017-01-12', '1'),
(2533, '4.1.4', '12121211221', 2, 15, '2017-01-12', '1', '2017-01-12', '1'),
(2534, '4', '999', 2, 15, '2017-01-12', '1', '2017-01-12', '1'),
(2535, '5.3', '8uuu', 2, 15, '2017-01-12', '1', '2017-01-12', '1'),
(2536, '6.1', '999', 2, 15, '2017-01-12', '1', '2017-01-12', '1'),
(2537, '6.2', '888', 2, 15, '2017-01-12', '1', '2017-01-12', '1'),
(2538, '7.1.2', '1', 2, 15, '2017-01-12', '1', '2017-01-12', '1'),
(2539, '7.1.3', '2', 2, 15, '2017-01-12', '1', '2017-01-12', '1'),
(2540, '7.2', '3', 2, 15, '2017-01-12', '1', '2017-01-12', '1'),
(2541, '8.2', '111', 2, 15, '2017-01-12', '1', '2017-01-12', '1'),
(2542, '10.1', '1', 2, 15, '2017-01-12', '1', '2017-01-12', '1'),
(2543, '12', '11111', 2, 15, '2017-01-12', '1', '2017-01-12', '1'),
(2544, '1.1', '/uploads/Feedback-Batch-ATD-BALANCE_HIST-2.xlsx', 4, 15, '2017-01-12', '1', '2017-01-12', '1'),
(2545, '1.2', '/uploads/Feedback-BD-F-FX.xlsx', 4, 15, '2017-01-12', '1', '2017-01-12', '1'),
(2546, '2', '/uploads/Welcome to Bangkok Bank''s Online Payment System _iPay_.pdf', 4, 15, '2017-01-12', '1', '2017-01-12', '1'),
(2547, '4.1.1', '/uploads/ITM-TimeSheet-Pawit-201601.xlsx', 4, 15, '2017-01-12', '1', '2017-01-12', '1'),
(2548, '4.1.2', '/uploads/ITM-TimeSheet-Pawit-201602.xlsx', 4, 15, '2017-01-12', '1', '2017-01-12', '1'),
(2549, '4.1.3', '/uploads/ITM-TimeSheet-Pawit-201603.xlsx', 4, 15, '2017-01-12', '1', '2017-01-12', '1'),
(2550, '6.1', '/uploads/ITM-TimeSheet-Pawit-201605 - Copy.xlsx', 4, 15, '2017-01-12', '1', '2017-01-12', '1'),
(2551, '6.2', '/uploads/PMS Form 2015_Pawit.xls', 4, 15, '2017-01-12', '1', '2017-01-12', '1'),
(2552, '9.1.1', '/uploads/Bank-App-Form-PC-SCBT.xlsx', 4, 15, '2017-01-12', '1', '2017-01-12', '1'),
(2553, '9.1.2', '/uploads/Bank-App-Form-PN-TMB.xlsx', 4, 15, '2017-01-12', '1', '2017-01-12', '1'),
(2554, '9.1.3', '/uploads/Feedback-Batch-ATD-BALANCE_HIST-2.xlsx', 4, 15, '2017-01-12', '1', '2017-01-12', '1'),
(2555, '13.1', '/uploads/Feedback- LC-OS-report.xlsx', 4, 15, '2017-01-12', '1', '2017-01-12', '1'),
(2556, '14.1', '/uploads/Bank-App-Form-TR-TMB.xlsx', 4, 15, '2017-01-12', '1', '2017-01-12', '1'),
(2557, '14.2', '/uploads/Feedback-BD-F-FX.xlsx', 4, 15, '2017-01-12', '1', '2017-01-12', '1');

-- --------------------------------------------------------

--
-- Table structure for table `tb_form1`
--

CREATE TABLE IF NOT EXISTS `tb_form1` (
  `id` int(11) NOT NULL,
  `code_usage_id` int(11) DEFAULT NULL,
  `rad_machine_id` int(11) DEFAULT NULL,
  `rad_machine_other` varchar(100) DEFAULT NULL,
  `model` varchar(45) DEFAULT NULL,
  `serial_number` varchar(45) DEFAULT NULL,
  `power` int(11) DEFAULT NULL,
  `power_unit_id` int(11) DEFAULT NULL,
  `power2` int(11) DEFAULT NULL,
  `power_unit_id2` int(11) DEFAULT NULL,
  `maufacturer_id` int(11) DEFAULT NULL,
  `maufacturer_other` varchar(100) DEFAULT NULL,
  `dealer_id` int(11) DEFAULT NULL,
  `dealer_other` varchar(100) DEFAULT NULL,
  `use_type_id` int(11) DEFAULT NULL,
  `utilization_id` int(11) DEFAULT NULL,
  `utilization_other` varchar(100) DEFAULT NULL,
  `license_no` varchar(45) DEFAULT NULL,
  `license_expire_date` date DEFAULT NULL,
  `machine_owner` varchar(100) DEFAULT NULL,
  `machine_owner_phone` varchar(45) DEFAULT NULL,
  `machine_owner_email` varchar(45) DEFAULT NULL,
  `usage_status_id` int(11) DEFAULT NULL,
  `room_id` int(11) DEFAULT NULL,
  `delivery_date_year` int(11) DEFAULT NULL,
  `delivery_date_month` int(11) DEFAULT NULL,
  `delivery_date_day` int(11) DEFAULT NULL,
  `inspection_agency_id` varchar(10) DEFAULT NULL,
  `inspection_agency_other` varchar(100) DEFAULT NULL,
  `quality_check_date` varchar(50) DEFAULT NULL,
  `owner_department_id` int(11) DEFAULT NULL,
  `update_from_id` int(11) DEFAULT '0',
  `revision` int(11) DEFAULT NULL,
  `create_by` int(11) DEFAULT NULL,
  `update_by` int(11) DEFAULT NULL,
  `create_date` date DEFAULT NULL,
  `update_date` datetime DEFAULT NULL,
  `status` varchar(1) DEFAULT 'T',
  `file_path` varchar(200) DEFAULT NULL,
  `usage_status_remark` varchar(200) DEFAULT NULL,
  `usage_status_to_department_id` int(11) DEFAULT NULL,
  `room_plan` varchar(100) DEFAULT NULL,
  `approve_status` varchar(20) DEFAULT NULL
) ENGINE=InnoDB AUTO_INCREMENT=252 DEFAULT CHARSET=utf8;

-- --------------------------------------------------------

--
-- Table structure for table `tb_form2`
--

CREATE TABLE IF NOT EXISTS `tb_form2` (
  `id` int(11) NOT NULL,
  `type` int(11) DEFAULT NULL,
  `code_usage_id` int(11) DEFAULT NULL,
  `code_usage_other` varchar(100) DEFAULT NULL,
  `bpm_radioactive_elements_id` int(11) DEFAULT NULL,
  `bpm_radioactive_elements_other` varchar(100) DEFAULT NULL,
  `bpm_model` varchar(20) DEFAULT NULL,
  `bpm_no` varchar(45) DEFAULT NULL,
  `manufacturer_id` int(11) DEFAULT NULL,
  `manufacturer_other` varchar(100) DEFAULT NULL,
  `dealer_id` int(11) DEFAULT NULL,
  `dealer_other` varchar(150) DEFAULT NULL,
  `bpm_phisical_id` int(11) DEFAULT NULL,
  `bpm_volume` varchar(45) DEFAULT NULL,
  `bpm_volume_unit_id` int(11) DEFAULT NULL,
  `bpm_as_of_date` date DEFAULT NULL,
  `bpm_number` varchar(100) DEFAULT NULL,
  `room_id` int(11) DEFAULT NULL,
  `usage_status_id` int(11) DEFAULT NULL,
  `license_no` varchar(20) DEFAULT NULL,
  `license_expire_date` date DEFAULT NULL,
  `supervisor_name` varchar(45) DEFAULT NULL,
  `supervisor_phone` varchar(45) DEFAULT NULL,
  `supervisor_email` varchar(45) DEFAULT NULL,
  `revision` int(11) DEFAULT NULL,
  `create_by` int(11) DEFAULT NULL,
  `create_date` date DEFAULT NULL,
  `update_by` int(11) DEFAULT NULL,
  `update_date` datetime DEFAULT NULL,
  `owner_department_id` int(11) DEFAULT NULL,
  `update_from_id` int(11) DEFAULT '0',
  `status` varchar(1) DEFAULT 'T',
  `usage_status_remark` varchar(45) DEFAULT NULL,
  `usage_status_to_department_id` int(11) DEFAULT NULL,
  `bpm_volume2` varchar(45) DEFAULT NULL,
  `bpm_volume_unit_id2` int(11) DEFAULT NULL,
  `material_status_id` int(11) NOT NULL,
  `approve_status` varchar(20) DEFAULT NULL
) ENGINE=InnoDB AUTO_INCREMENT=197 DEFAULT CHARSET=utf8;

-- --------------------------------------------------------

--
-- Table structure for table `tb_form3`
--

CREATE TABLE IF NOT EXISTS `tb_form3` (
  `id` int(11) NOT NULL,
  `form2_id` int(11) NOT NULL,
  `material_type_id` int(11) DEFAULT NULL,
  `from_room_id` int(11) DEFAULT NULL,
  `to_room_id` int(11) DEFAULT NULL,
  `date_from` date NOT NULL,
  `date_to` date NOT NULL,
  `supervisor_name` varchar(45) DEFAULT NULL,
  `supervisor_phone` varchar(45) DEFAULT NULL,
  `supervisor_email` varchar(45) DEFAULT NULL,
  `create_by` int(11) NOT NULL,
  `create_date` date NOT NULL,
  `update_by` int(11) NOT NULL,
  `update_date` datetime DEFAULT NULL,
  `revision` int(11) NOT NULL,
  `owner_department_id` int(11) DEFAULT NULL,
  `status` varchar(1) DEFAULT 'T',
  `update_from_id` int(11) DEFAULT '0',
  `position_id` int(11) DEFAULT NULL,
  `strength_radiation` int(11) DEFAULT NULL,
  `strength_radiation_unit_id` int(11) DEFAULT NULL,
  `check_date` date DEFAULT NULL,
  `approve_status` varchar(20) DEFAULT NULL
) ENGINE=InnoDB AUTO_INCREMENT=79 DEFAULT CHARSET=utf8;

-- --------------------------------------------------------

--
-- Table structure for table `tb_form4`
--

CREATE TABLE IF NOT EXISTS `tb_form4` (
  `id` int(11) NOT NULL,
  `name` varchar(50) DEFAULT NULL,
  `description` varchar(250) DEFAULT NULL,
  `rso_level_id` int(11) DEFAULT NULL,
  `hp_10_volume` varchar(100) DEFAULT NULL,
  `hp_007_volume` varchar(100) DEFAULT NULL,
  `hp_3_volume` varchar(100) DEFAULT NULL,
  `result` varchar(1) DEFAULT NULL,
  `report_year` int(11) DEFAULT NULL,
  `report_month` int(11) DEFAULT NULL,
  `report_department_id` int(11) DEFAULT NULL,
  `file_path` varchar(200) DEFAULT NULL,
  `create_by` int(11) DEFAULT NULL,
  `create_date` date DEFAULT NULL,
  `update_by` int(11) DEFAULT NULL,
  `update_date` datetime DEFAULT NULL,
  `revision` int(11) DEFAULT NULL,
  `owner_department_id` int(11) DEFAULT NULL,
  `update_from_id` int(11) DEFAULT '0',
  `status` varchar(1) DEFAULT 'T',
  `rso_license_no` varchar(45) DEFAULT NULL,
  `rso_license_expire` date DEFAULT NULL,
  `is_rso` varchar(1) DEFAULT NULL,
  `is_rso_actual_work` varchar(1) DEFAULT NULL COMMENT '1=เจ้าหน้าที่ความปลอดภัยทางรังสี2=เจ้าหน้าที่ความปลอดภัยทางรังสี(ที่ปฏิบัติงานจริง)',
  `approve_status` varchar(20) DEFAULT NULL
) ENGINE=InnoDB AUTO_INCREMENT=1604 DEFAULT CHARSET=utf8;

-- --------------------------------------------------------

--
-- Table structure for table `tb_form5`
--

CREATE TABLE IF NOT EXISTS `tb_form5` (
  `id` int(11) NOT NULL,
  `clear_date` date NOT NULL,
  `types_of_radioactive_waste_id` int(11) DEFAULT NULL,
  `form2_id` int(11) DEFAULT NULL,
  `phisical_status_id` int(11) NOT NULL,
  `rad_or_maximum_weight` double NOT NULL,
  `rad_or_maximum_weight_unit_id` varchar(200) DEFAULT NULL,
  `company_operates_id` int(11) DEFAULT NULL,
  `company_operates_other` varchar(200) DEFAULT NULL,
  `inspection_agency_id` int(11) DEFAULT NULL,
  `inspection_agency_other` varchar(45) DEFAULT NULL,
  `rid_method` int(11) DEFAULT NULL,
  `update_from_id` int(11) DEFAULT '0',
  `owner_department_id` int(11) DEFAULT NULL,
  `create_by` int(11) DEFAULT NULL,
  `create_date` date DEFAULT NULL,
  `update_by` int(11) NOT NULL,
  `update_date` datetime DEFAULT NULL,
  `revision` int(11) NOT NULL,
  `status` varchar(1) DEFAULT 'T',
  `responsible_department_id` int(11) DEFAULT NULL,
  `approve_status` varchar(20) DEFAULT NULL
) ENGINE=InnoDB AUTO_INCREMENT=99 DEFAULT CHARSET=utf8;

-- --------------------------------------------------------

--
-- Table structure for table `tb_form6`
--

CREATE TABLE IF NOT EXISTS `tb_form6` (
  `id` int(11) NOT NULL,
  `form2_id` int(11) DEFAULT NULL,
  `ref_doc` varchar(20) DEFAULT NULL,
  `room_id` int(11) DEFAULT NULL,
  `previous_leaks` double DEFAULT NULL,
  `previous_leaks_unit_id` int(11) DEFAULT NULL,
  `after_leaks` double DEFAULT NULL,
  `after_leaks_unit_id` int(11) DEFAULT NULL,
  `accident_type_id` int(11) DEFAULT NULL,
  `accident_date` date DEFAULT NULL,
  `accident_room_id` int(11) DEFAULT NULL,
  `accident_room_id_text` varchar(200) DEFAULT NULL,
  `accident_situation` varchar(200) DEFAULT NULL,
  `accident_cause` varchar(200) DEFAULT NULL,
  `accident_count` varchar(20) DEFAULT NULL,
  `accident_estimated_loss` int(11) DEFAULT NULL,
  `accident_Prevention` text,
  `document_path` varchar(100) DEFAULT NULL,
  `create_by` int(11) DEFAULT NULL,
  `create_date` date DEFAULT NULL,
  `update_by` int(11) DEFAULT NULL,
  `update_date` datetime DEFAULT NULL,
  `revision` int(11) DEFAULT NULL,
  `bpm_no` varchar(45) DEFAULT NULL,
  `owner_department_id` int(11) DEFAULT NULL,
  `status` varchar(1) DEFAULT 'T',
  `update_from_id` int(11) DEFAULT '0',
  `material_type_id` int(11) DEFAULT NULL,
  `accident_management` varchar(200) DEFAULT NULL,
  `management_name` varchar(45) DEFAULT NULL,
  `management_rso_license` varchar(45) DEFAULT NULL,
  `management_position_id` int(11) DEFAULT NULL,
  `management_phone` varchar(45) DEFAULT NULL,
  `management_email` varchar(45) DEFAULT NULL,
  `isReportCommander` varchar(1) DEFAULT NULL,
  `approve_status` varchar(20) DEFAULT NULL
) ENGINE=InnoDB DEFAULT CHARSET=utf8;

-- --------------------------------------------------------

--
-- Table structure for table `tb_form7`
--

CREATE TABLE IF NOT EXISTS `tb_form7` (
  `id` int(11) NOT NULL,
  `name` varchar(200) DEFAULT NULL,
  `course` varchar(200) DEFAULT NULL,
  `course_id` int(11) DEFAULT NULL,
  `department_id` int(11) DEFAULT NULL,
  `training_department_id` int(11) DEFAULT NULL,
  `training_department` varchar(200) DEFAULT NULL,
  `training_date` date DEFAULT NULL,
  `document_path` varchar(200) DEFAULT NULL,
  `create_by` int(11) DEFAULT NULL,
  `create_date` date DEFAULT NULL,
  `update_by` int(11) DEFAULT NULL,
  `update_date` datetime DEFAULT NULL,
  `revision` int(11) DEFAULT NULL,
  `owner_department_id` int(11) DEFAULT NULL,
  `status` varchar(1) DEFAULT 'T',
  `update_from_id` int(11) DEFAULT '0',
  `department_type_id` int(11) DEFAULT NULL,
  `rso_plan_file` varchar(200) DEFAULT NULL,
  `approve_status` varchar(20) DEFAULT NULL
) ENGINE=InnoDB DEFAULT CHARSET=utf8;

-- --------------------------------------------------------

--
-- Table structure for table `tb_form8`
--

CREATE TABLE IF NOT EXISTS `tb_form8` (
  `id` int(11) NOT NULL,
  `name` varchar(200) DEFAULT NULL,
  `file_path` varchar(100) DEFAULT NULL,
  `owner_department_id` int(11) DEFAULT NULL,
  `revision` int(11) DEFAULT NULL,
  `status` varchar(1) DEFAULT NULL,
  `update_from_id` int(11) DEFAULT NULL,
  `create_date` date DEFAULT NULL,
  `create_by` int(11) DEFAULT NULL,
  `update_date` datetime DEFAULT NULL,
  `update_by` int(11) DEFAULT NULL,
  `position_id` int(11) DEFAULT NULL,
  `type` varchar(200) DEFAULT NULL,
  `no_committee_reason` varchar(200) DEFAULT NULL,
  `approve_status` varchar(20) DEFAULT NULL
) ENGINE=InnoDB AUTO_INCREMENT=98 DEFAULT CHARSET=utf8;

-- --------------------------------------------------------

--
-- Table structure for table `tb_information`
--

CREATE TABLE IF NOT EXISTS `tb_information` (
  `id` int(11) NOT NULL,
  `title` varchar(45) DEFAULT NULL,
  `description` text,
  `file_path` varchar(100) DEFAULT NULL,
  `status` varchar(1) DEFAULT 'A',
  `begin_date` date DEFAULT NULL,
  `end_date` date DEFAULT NULL,
  `create_date` date DEFAULT NULL
) ENGINE=InnoDB DEFAULT CHARSET=utf8mb4;

-- --------------------------------------------------------

--
-- Table structure for table `tb_m_branch`
--

CREATE TABLE IF NOT EXISTS `tb_m_branch` (
  `id` int(11) NOT NULL,
  `name` varchar(45) DEFAULT NULL
) ENGINE=InnoDB DEFAULT CHARSET=utf8;

--
-- Dumping data for table `tb_m_branch`
--

INSERT INTO `tb_m_branch` (`id`, `name`) VALUES
(1, 'รังสีรักษา'),
(2, 'รังสีวินิจฉัย'),
(3, 'เวชศาสตร์นิวเคลียร์'),
(4, 'ห้องปฏิบัติการ'),
(6, 'ทั้งหมด');

-- --------------------------------------------------------

--
-- Table structure for table `tb_m_code_usage`
--

CREATE TABLE IF NOT EXISTS `tb_m_code_usage` (
  `id` int(11) NOT NULL,
  `name` varchar(200) DEFAULT NULL,
  `branch_group_id` varchar(45) DEFAULT NULL,
  `is_rad_machine` varchar(10) DEFAULT NULL COMMENT '1=เครื่องกำเนินรังสี,2=วัสดุพลอยได้',
  `is_sealsource` varchar(10) DEFAULT NULL COMMENT '1=Seal Source,2=UnSeal Source',
  `code` varchar(10) DEFAULT NULL
) ENGINE=InnoDB DEFAULT CHARSET=utf8;

--
-- Dumping data for table `tb_m_code_usage`
--

INSERT INTO `tb_m_code_usage` (`id`, `name`, `branch_group_id`, `is_rad_machine`, `is_sealsource`, `code`) VALUES
(2, 'Teletherapy	            ', '1', '2', '1,2', '02'),
(3, 'Manual Brachy Therapy', '1', '2', '1,2', '03'),
(4, 'Remote Brachy Therapy              ', '1', '2', '1,2', '04'),
(6, 'Research	', '3,4', '2', '1,2', '06'),
(16, 'Reseach	', '', '2', '2', '16'),
(17, 'รังสีรักษา	', '3', '2', '2', '17'),
(18, 'Container / Shielding        ', '4', '2', '1', '18'),
(19, 'รังสีวินิจฉัย	', '3', '2', '2', '19'),
(22, 'Leakage Testing      ', '4', '2', '2', '22'),
(23, 'Standard/Calibration Source    ', '1,4', '2', '1', '23'),
(25, 'Element Analytical                        ', '4', '2', '1', '25'),
(26, 'Smoke Detector                ', '4', '2', '1', '26'),
(28, 'Standard  Source    ', '3,4', '2', '1,2', '23'),
(29, 'Medical Diagnostic X-RAY', '2,3', '1,2', '1,2', '04'),
(30, 'Radiotherapy X-Ray', '1', '1', '0', '05'),
(31, 'Linear Accelerator (LINAC)', '1', '1', '0', '06'),
(32, 'Cyclotron', '1,3', '1', '0', '07'),
(33, 'Synchrotron', '1', '1', '0', '08'),
(34, 'อื่นๆ โปรดระบุ ', '1,2,3,4', '1', '0', '09'),
(35, 'Radiotherapy Imaging System ', '1', '1', '0', '10'),
(36, 'Particle beam ', '1', '1', '0', '11'),
(37, 'Research X-Ray', '2', '1', NULL, '03'),
(999, 'อื่น ๆ โปรดระบุ', '1,2,3,4', '2', '0', '27');

-- --------------------------------------------------------

--
-- Table structure for table `tb_m_company_operates`
--

CREATE TABLE IF NOT EXISTS `tb_m_company_operates` (
  `id` int(11) NOT NULL,
  `name` varchar(200) DEFAULT NULL,
  `branch_group_id` varchar(45) DEFAULT NULL
) ENGINE=InnoDB DEFAULT CHARSET=utf8;

--
-- Dumping data for table `tb_m_company_operates`
--

INSERT INTO `tb_m_company_operates` (`id`, `name`, `branch_group_id`) VALUES
(1, 'Global Medical Solutions', '3,4'),
(2, 'Biogenetech', '3,4'),
(3, '-', '1'),
(4, '555', '1'),
(999, 'อื่นๆ โปรดระบุ', '1,2,3,4');

-- --------------------------------------------------------

--
-- Table structure for table `tb_m_dealer_company`
--

CREATE TABLE IF NOT EXISTS `tb_m_dealer_company` (
  `id` int(11) NOT NULL,
  `name` varchar(200) DEFAULT NULL,
  `addr` varchar(150) DEFAULT NULL,
  `branch_group_id` varchar(45) DEFAULT NULL
) ENGINE=InnoDB DEFAULT CHARSET=utf8;

--
-- Dumping data for table `tb_m_dealer_company`
--

INSERT INTO `tb_m_dealer_company` (`id`, `name`, `addr`, `branch_group_id`) VALUES
(1, 'บริษัทโกลบอล เมดิเคิล โซลูชั่น (ประเทศไทย) จำกัด ', 'เลขที่ 1201/81 ซอย 94 ถนนลาดพร้าว แขวงพลับพลา เขตวังทองหลาง กรุงเทพฯ 10310', '3'),
(2, 'บริษัท กมลสุโกศล  อิเล็คทริค จำกัด ', 'เลขที่ 663-5 ถนนมหาไชย  แขวงสำราญราษฎร์  เขตพระนคร  กรุงเทพฯ 10200', '1'),
(3, 'บริษัท แคร์สตรีม เฮลธ์ (ประเทศไทย) จำกัด', 'เลขที่ 89/1 หมู่ 14 อาคารเกษมทรัพย์ ชั้น 2 ถนนวิภาวดีรังสิต แขวงจอมพล เขตจตุจักร กรุงเทพฯ 10400 ', '2'),
(4, 'บริษัท เจ.เอฟ.แอดวาน เมด จำกัด ', 'เลขที่ 2521/34 ถนนลาดพร้าว แขวงคลองเจ้าคุณสิงห์ เขตวังทองหลาง กรุงเทพฯ 10310', '2'),
(5, 'บริษัท ซีเมนส์ จำกัด ', 'เลขที่ 2922/333 อาคารชาญอิสสระทาวเวอร์ 2 ชั้น 35 ถนนเพชรบุรีตัดใหม่ แขวงบางกะปิ เขตห้วยขวาง กรุงเทพฯ 10310', '2'),
(6, 'บริษัทไบเออร์ ไทย จำกัด ', 'เลขที่ 130/1 ถนนสาทรเหนือ แขวงสีลม เขตบางรัก กรุงเทพฯ 10500', '3,4'),
(7, 'บริษัทไบโอจีนีเทค จำกัด ', 'เลขที่ 99 ซอยอุดมสุข 39 ถนนสุขุมวิท 103 แขวงบางจาก เขตพระโขนง กรุงเทพฯ 10260', '3,4'),
(8, 'บริษัท บีเจซี เฮลท์แคร์ จำกัด', 'เลขที่ 9 ซอยรูเบีย สุขุมวิท 42 แขวงพระโขนง เขตคลองเตย กรุงเทพฯ 10110', '3,4'),
(9, 'บริษัท บิสซิเนสอะไลเม้นท์ จำกัด (มหาชน) ', 'เลขที่ 69/5-6 อาคารตั้งฮั้วปัก  ซอยศึกษาวิทยา  ถนนสีลม  แขวงสีลม  เขตบางรัก  กรุงเทพฯ  10500', '1'),
(10, 'บริษัท ฟูจิฟิล์ม ประเทศไทย จำกัด ', 'เลขที่ 388 อาคาร เอส.พี. ชั้น 8  ถนนพหลโยธิน แขวงสามเสนใน เขตพญาไท กรุงเทพฯ 10400', '2'),
(11, 'บริษัท ฟูจิฟิล์ม ประเทศไทย จำกัด ', 'เลขที่ 388 อาคาร เอส.พี. ชั้น 8  ถนนพหลโยธิน แขวงสามเสนใน เขตพญาไท กรุงเทพฯ 10400', '2'),
(12, 'บริษัท ฟิลิปส์ อิเล็กทรอนิกส์ (ประเทศไทย) จำกัด ', 'เลขที่ 1768 อาคารไทยซัมมิททาวเวอร์ ชั้น 28 ถนนเพชรบุรีตัดใหม่ แขวงบางกะปิ เขตห้วยขวาง กรุงเทพฯ 10310', '2'),
(13, 'บริษัท พรีเมียร์ บิสสิเนส อินเตอร์ จำกัด', 'เลขที่  888 ชั้น 11 ห้อง 111, 116, 117 ถนนเพลินจิต แขวงลุมพินี เขตปทุมวัน กรุงเทพฯ10330', '1'),
(14, 'บริษัท ยีอี เมดิคอล ซีสเต็มส์ (ประเทศไทย) จำกัด ', 'เลขที่ 1550 อาคารธนภูมิ ถนนเพชรบุรีตัดใหม่ แขวงมักกะสัน เขตราชเทวี กรุงเทพฯ 10400', '2,3'),
(15, 'บริษัท สุพรีม โพรดักส์ กำจัด', 'เลขที่ 449 และ 451 ถนนสมเด็จพระปิ่นเกล้า แขวงบางยี่ขัน เขตบางพลัด กรุงเทพฯ 10700', '3'),
(16, 'บริษัท หลุยส์ ตีเลียวโนเวนส์ (ประเทศไทย) จำกัด', 'เลขที่ 177/1 ถนนสุรวงศ์ แขวงสุริยวงศ์ เขตบางรัก กรุงเทพฯ 10500', '3,4'),
(17, 'สถาบันเทคโนโลยีนิวเคลียร์แห่งชาติ (องค์การมหาชน)', 'เลขที่ 9/9 ตำบลโพธิ์แทน อำเภอองครักษ์ จังหวัดนครนายก 26120', '3,4'),
(18, 'GE Medical Systems ', 'เลขที่ 1550 อาคารธนภูมิ ชั้น 32 ถนนเพชรบุรีตัดใหม่  แขวงมักกะสัน  เขตราชเทวี  กรุงเทพฯ 10400', '1'),
(19, ' PBI ', 'เลขที่  888 ชั้น 11 ห้อง 111, 116, 117  ถนนเพลินจิต  แขวงลุมพินี  เขตปทุมวัน  กรุงเทพฯ 10330', '1'),
(999, 'อื่น ๆ โปรดระบุ', NULL, '1,2,3,4');

-- --------------------------------------------------------

--
-- Table structure for table `tb_m_department`
--

CREATE TABLE IF NOT EXISTS `tb_m_department` (
  `id` int(11) NOT NULL,
  `name` varchar(200) DEFAULT NULL,
  `branch_id` varchar(45) DEFAULT NULL,
  `faculty_id` varchar(45) DEFAULT NULL
) ENGINE=InnoDB DEFAULT CHARSET=utf8;

--
-- Dumping data for table `tb_m_department`
--

INSERT INTO `tb_m_department` (`id`, `name`, `branch_id`, `faculty_id`) VALUES
(-1, 'ผู้ดูแลระบบ', ' ', '0'),
(1, 'รังสีวิทยา', 'เวชศาสตร์นิวเคลียร์', '1'),
(2, 'รังสีวิทยา', 'เวชศาสตร์นิวเคลียร์', '2'),
(3, 'งานรังสีเทคนิค', '-', '3'),
(4, '-', '-', '4'),
(5, 'รังสีเทคนิค', '-', '5'),
(6, 'สรีรวิทยา', '-', '6'),
(7, 'สำนักงานคณบดี', 'งานบริหารเครื่องมือกลาง', '7'),
(8, 'รพ.เวชศาสตร์เขตร้อน', '-', '8'),
(9, 'โรงพยาบาลสัตว์ประศุอาทร', '-', '9'),
(11, 'หน่วยสรีรวิทยาโภชนาการ', '-', '11'),
(12, 'คลินิกรังสีวิทยาช่องปากและใบหน้าขากรรไกร', '-', '12'),
(13, '-', '-', '13'),
(14, 'งานวิจัยและส่งเสริมวิชาการ', '-', '14'),
(15, '-', '-', '15'),
(16, 'รังสีวิทยา', 'รังสีรักษา', '1'),
(17, 'รังสีวิทยา', 'รังสีวินิจฉัย', '1'),
(18, 'รังสีวิทยา', 'รังสีรักษา', '2'),
(19, 'รังสีวิทยา', 'รังสีวินิจฉัย', '2'),
(20, 'รพ.ปศุสัตว์และสัตว์ป่า ปศุปาลัน', '-', '9'),
(21, 'ปรีคลินิกและสัตวศาสตร์ประยุกต์', '-', '9'),
(22, 'ศูนย์ตรวจวินิจฉัยทางการสัตวแพทย์', '-', '9'),
(23, 'รังสีวิทยาช่องปากและแม็กซิลโลเฟเชียล', '-', '12'),
(24, 'โรงพยาบาลทันตกรรม', '-', '12'),
(25, 'หน่วยมนุษย์โภชนาการ', '-', '11'),
(26, 'หน่วยมนุษยวิทยาโภชนการ', '-', '11'),
(27, 'งานวิศวกรรมและอาคารสถานที่', '-', '11'),
(28, 'หน่วยเคมีทางอาหาร', '-', '11'),
(29, 'รพ.ทันตกรรมมหาจักรีสิรินธร', '-', '12'),
(30, 'ธรณีศาสตร์', '-', '14'),
(31, 'สำนักงานคณบดี', '-', '7'),
(32, '-', '-', '7'),
(33, 'เวชศาสตร์คลินิกและการสาธารณสุข', '-', '9'),
(34, 'สำนักงานคณบดี', '-', '12'),
(35, 'เภสัชวิทยา', '-', '6'),
(36, 'จุลชีววิทยา', '-', '6'),
(37, 'เคมี', '-', '6'),
(38, 'ฟิสิกส์', '-', '6'),
(39, '-', '-', '1');

-- --------------------------------------------------------

--
-- Table structure for table `tb_m_faculty`
--

CREATE TABLE IF NOT EXISTS `tb_m_faculty` (
  `id` int(11) NOT NULL,
  `name` varchar(45) DEFAULT NULL
) ENGINE=InnoDB DEFAULT CHARSET=utf8;

--
-- Dumping data for table `tb_m_faculty`
--

INSERT INTO `tb_m_faculty` (`id`, `name`) VALUES
(0, '-'),
(1, 'คณะแพทยศาสตร์ศิริราชพยาบาล (SI)'),
(2, 'คณะแพทยศาสตร์โรงพยาบาลรามาธิบดี (RA)'),
(3, 'ศูนย์การแพทย์กาญจนาภิเษก (GJ)'),
(4, 'คณะสิ่งแวดล้อมและทรัพยากรศาสตร์ (EN)'),
(5, 'คณะเทคนิคการแพทย์ (MT)'),
(6, 'คณะวิทยาศาสตร์ (SC)'),
(7, 'คณะสาธารณสุขศาสตร์ (PH)'),
(8, 'คณะเวชศาสตร์เขตร้อน (TM)'),
(9, 'คณะสัตวแพทยศาสตร์ (VS)'),
(10, 'คณะวิศวกรรมศาสตร์ (EG)'),
(11, 'สถาบันโภชนาการ (NT)'),
(12, 'คณะทันตแพทยศาสตร์ (DT)'),
(13, 'กองบริหารงานวิจัย (SCIF)'),
(14, 'วิทยาเขตกาญจนบุรี (KA)'),
(15, 'กองกายภาพและสิ่งแวดล้อม(CH)');

-- --------------------------------------------------------

--
-- Table structure for table `tb_m_inspection_agency`
--

CREATE TABLE IF NOT EXISTS `tb_m_inspection_agency` (
  `id` int(11) NOT NULL,
  `name` varchar(200) DEFAULT NULL,
  `branch_group_id` varchar(45) DEFAULT NULL
) ENGINE=InnoDB DEFAULT CHARSET=utf8;

--
-- Dumping data for table `tb_m_inspection_agency`
--

INSERT INTO `tb_m_inspection_agency` (`id`, `name`, `branch_group_id`) VALUES
(1, 'กรมวิทยาศาสตร์การแพทย์', '1,2,3,4'),
(2, 'สถาบันเทคโนโลยีนิวเคลียร์แห่งชาติ (องค์การมหาชน) ', '1,2,3,4'),
(3, 'นักฟิสิกส์การแพทย์ประจำส่วนงาน', '1,2,3,4'),
(4, 'สำนักงานปรมาณูเพื่อสันติ', '1,2,3,4'),
(999, 'อื่น ๆ โปรดระบุ', '1,2,3,4');

-- --------------------------------------------------------

--
-- Table structure for table `tb_m_manufacturer`
--

CREATE TABLE IF NOT EXISTS `tb_m_manufacturer` (
  `id` int(11) NOT NULL,
  `name` varchar(200) DEFAULT NULL,
  `country_id` varchar(45) DEFAULT NULL,
  `branch_group_id` varchar(45) DEFAULT NULL
) ENGINE=InnoDB DEFAULT CHARSET=utf8;

--
-- Dumping data for table `tb_m_manufacturer`
--

INSERT INTO `tb_m_manufacturer` (`id`, `name`, `country_id`, `branch_group_id`) VALUES
(16, 'Accuray', '-', '1'),
(17, 'ASAHI', '-', '2'),
(18, 'BELMONT', '-', '2'),
(19, 'CARESTREAM', '-', '2'),
(20, 'G.E.', '-', '1,2'),
(21, 'ELEKTA', '-', '1'),
(22, 'FUJIFILM', '-', '2'),
(23, 'HOLOGIC', '-', '2'),
(24, 'Hologic Inc.', '-', '3,4'),
(25, 'HITACHI', '-', '2'),
(26, 'GE Medical Systems', '-', '3,4'),
(27, 'KODAK ', '-', '2'),
(28, 'NEUROLOGICA', '-', '2'),
(29, 'SIEMENS', '-', '1,2'),
(30, 'SHIMADZU', '-', '2'),
(31, 'QUANTUM', '-', '2'),
(32, 'SAMSUNG', '-', '2'),
(33, 'TOSHIBA', '-', '1,2'),
(34, 'PHILLIPS ', '-', '1,2'),
(35, 'Philips Medical System', '-', '3'),
(36, 'POSKOM', '-', '2'),
(37, 'Source-Ray', '-', '2'),
(38, 'Varian Medical Systems', '-', '1'),
(39, 'Amersham', '-', '1'),
(40, 'Bebig ', '-', '1'),
(41, 'Harshew Radiation Products', '-', '1'),
(42, 'IBA', '-', '1'),
(43, 'Mallinkrodt ', 'เนเธอร์แลนด์', '1'),
(44, 'NE Technology', '-', '1'),
(45, 'Nuclear Associater', '-', '1'),
(46, 'CIS bio International', '-', '3,4'),
(47, 'POLATOM', '-', '3'),
(48, 'Bayer Consumer Care AG', '-', '3,4'),
(49, 'Sirtex Medical Limited', '-', '3,4'),
(50, 'Eckert and Ziegler Company', '-', '3,4'),
(51, 'RadQual, LLC', '-', '3,4'),
(52, 'สถาบันเทคโนโลยีนิวเคลียร์แห่งชาติ (องค์การมหาชน)', '-', '3'),
(999, 'อื่นๆ โปรดระบุ', '-', '1,2,3,4');

-- --------------------------------------------------------

--
-- Table structure for table `tb_m_material_status`
--

CREATE TABLE IF NOT EXISTS `tb_m_material_status` (
  `id` int(11) NOT NULL,
  `name` varchar(200) DEFAULT NULL,
  `branch_group_id` varchar(45) NOT NULL
) ENGINE=InnoDB DEFAULT CHARSET=utf8;

--
-- Dumping data for table `tb_m_material_status`
--

INSERT INTO `tb_m_material_status` (`id`, `name`, `branch_group_id`) VALUES
(1, 'ใช้งานปกติ', '1,2,3,4'),
(2, 'เก็บสำรอง', '1,2,3,4'),
(3, 'ยกเลิกใช้งาน', '1,2,3,4'),
(4, 'รอจัดการกาก', '1,2,3,4'),
(5, 'กำลังสั่งนำเข้า', '1,2,3,4'),
(6, 'ขอสำรอง', '1,2,3,4');

-- --------------------------------------------------------

--
-- Table structure for table `tb_m_material_type`
--

CREATE TABLE IF NOT EXISTS `tb_m_material_type` (
  `id` int(11) NOT NULL,
  `name` varchar(200) DEFAULT NULL,
  `branch_group_id` varchar(45) DEFAULT NULL,
  `description` varchar(200) DEFAULT NULL
) ENGINE=InnoDB DEFAULT CHARSET=utf8;

--
-- Dumping data for table `tb_m_material_type`
--

INSERT INTO `tb_m_material_type` (`id`, `name`, `branch_group_id`, `description`) VALUES
(1, 'ประเภทวัสดุกัมมันตรังสี 1', '1,2,3,4', '(วัสดุกัมมันตรังสีทีเป็นอันตรายสูงสุด)'),
(2, 'ประเภทวัสดุกัมมันตรังสี 2', '1,2,3,4', '(วัสดุกัมมันตรังสีที่เป็นอันตรายมาก)'),
(3, 'ประเภทวัสดุกัมมันตรังสี 3', '1,2,3,4', '(วัสดกัมมันตรังสีที่เป็นอันตราย)'),
(4, 'ประเภทวัสดุกัมมันตรังสี 4', '1,2,3,4', '(วัสดุกัมมันตรังสีที่มีโอกาสเป็นอันตราย)'),
(5, 'ประเภทวัสดุกัมมันตรังสี 5', '1,2,3,4', '(วัสดุกัมมันตรังสีที่ไม่เป็นอันตราย)');

-- --------------------------------------------------------

--
-- Table structure for table `tb_m_phisical_status`
--

CREATE TABLE IF NOT EXISTS `tb_m_phisical_status` (
  `id` int(11) NOT NULL,
  `name` varchar(200) DEFAULT NULL,
  `branch_group_id` varchar(45) DEFAULT NULL
) ENGINE=InnoDB DEFAULT CHARSET=utf8;

--
-- Dumping data for table `tb_m_phisical_status`
--

INSERT INTO `tb_m_phisical_status` (`id`, `name`, `branch_group_id`) VALUES
(1, 'ของแข็ง', '1,2,3,4'),
(2, 'ของเหลว', '1,2,3,4'),
(3, 'ก๊าซ', '1,2,3,4');

-- --------------------------------------------------------

--
-- Table structure for table `tb_m_position`
--

CREATE TABLE IF NOT EXISTS `tb_m_position` (
  `id` int(11) NOT NULL,
  `name` varchar(200) DEFAULT NULL
) ENGINE=InnoDB DEFAULT CHARSET=utf8;

--
-- Dumping data for table `tb_m_position`
--

INSERT INTO `tb_m_position` (`id`, `name`) VALUES
(1, 'แพทย์'),
(2, 'พยาบาล'),
(3, 'นักวิทยาศาสตร์'),
(4, 'นักรังสี'),
(5, 'การแพทย์'),
(6, 'คนงาน'),
(7, 'อื่น ๆ');

-- --------------------------------------------------------

--
-- Table structure for table `tb_m_power_unit`
--

CREATE TABLE IF NOT EXISTS `tb_m_power_unit` (
  `id` int(11) NOT NULL,
  `name` varchar(45) DEFAULT NULL,
  `name_en` varchar(45) DEFAULT NULL,
  `branch_group_id` varchar(45) DEFAULT NULL
) ENGINE=InnoDB DEFAULT CHARSET=utf8;

--
-- Dumping data for table `tb_m_power_unit`
--

INSERT INTO `tb_m_power_unit` (`id`, `name`, `name_en`, `branch_group_id`) VALUES
(1, 'กิโลโวลต์ ', 'kV', '1,2,3'),
(2, 'เมกกะอิเล็คตรอนโวลต์ ', 'MV/MeV', '1,2,3,4'),
(3, 'เมกะอิเล็กตอนโวลต์', 'MeV', '1,2,3,4'),
(4, 'มิลลิแอมป์', 'mA', '1,2,3'),
(5, ' มิลลิแอมแปร์เซคันส์', 'mAs  ', '1,2,3,4'),
(6, 'มิลลิโวลต์', 'mV', '1,2,3,4'),
(7, 'เทสลาร์', 'T', '1,2,3,4');

-- --------------------------------------------------------

--
-- Table structure for table `tb_m_radioactive_elements`
--

CREATE TABLE IF NOT EXISTS `tb_m_radioactive_elements` (
  `id` int(11) NOT NULL,
  `name` varchar(200) DEFAULT NULL,
  `branch_group_id` varchar(45) DEFAULT NULL,
  `type` varchar(1) DEFAULT NULL COMMENT '1=Seal,2=UnSeal'
) ENGINE=InnoDB AUTO_INCREMENT=1000 DEFAULT CHARSET=utf8;

--
-- Dumping data for table `tb_m_radioactive_elements`
--

INSERT INTO `tb_m_radioactive_elements` (`id`, `name`, `branch_group_id`, `type`) VALUES
(1, 'Am-241', '1', '1'),
(2, 'Ba-133', '1,3,4', '1'),
(3, 'Co-57', '1,3,4', '1'),
(4, 'Co-60', '1,3,4', '1'),
(5, 'Cs-137', '1,3,4', '1'),
(6, 'Ge-68', '3', '1'),
(7, 'Hg-203', '1', '1'),
(8, 'I-129', '3,4', '1'),
(9, 'Ir-192   ', '1', '1'),
(10, 'Mn-54', '1', '1'),
(11, 'Na-22', '1,3,4', '1'),
(12, 'Sr-90', '1,4', '1'),
(13, 'Ru-106', '1', '1'),
(14, 'Y-88', '1', '1'),
(15, 'Cr-51', '3,4', '2'),
(16, 'F-18', '3,4', '2'),
(17, 'Ga-67', '3,4', '2'),
(18, 'Ga-68', '3', '2'),
(19, 'Ho-67', '3', '2'),
(20, 'I-131', '3,4', '2'),
(21, 'Lu-177', '3,4', '2'),
(22, 'Mo-99/Tc-99m', '3,4', '2'),
(23, 'Tl-210  ', '3', '2'),
(24, 'Ti-201', '4', '2'),
(25, 'Sr-89', '3,4', '2'),
(26, 'Sr-90', '4', '2'),
(27, 'Sm-153', '1,3', '2'),
(28, 'I-125', '1', '1'),
(29, 'C-14', '4', '2'),
(30, 'Ca-45', '4', '2'),
(31, 'H-3', '4', '2'),
(32, 'P-32', '4', '2'),
(33, 'Po-210', '4', '1'),
(34, 'Eu-152', '3', '1'),
(35, 'C-11', '3', '2'),
(36, 'I-123', '3', '2'),
(37, 'I-124', '3', '2'),
(38, 'I-125', '3', '2'),
(39, 'In-111', '3', '2'),
(40, 'N-13', '3', '2'),
(41, 'O-15', '3', '2'),
(42, 'Ra-223', '3', '2'),
(43, 'Rb-82', '3', '2'),
(44, 'Re-186', '3', '2'),
(45, 'Re-188', '3', '2'),
(46, 'Tc-99m', '3', '2'),
(47, 'W-188/Re-188', '1,3', '2'),
(48, 'Y-90', '3', '2'),
(49, 'Zr-89', '3', '2'),
(50, '44', '2', '2'),
(999, 'อื่น ๆ (โปรดระบุ)', '1,2,3,4', '1');

-- --------------------------------------------------------

--
-- Table structure for table `tb_m_rad_machine`
--

CREATE TABLE IF NOT EXISTS `tb_m_rad_machine` (
  `id` int(11) NOT NULL,
  `name` varchar(200) DEFAULT NULL,
  `branch_group_id` varchar(45) DEFAULT NULL,
  `code_usage_id` int(11) DEFAULT NULL,
  `power_unit_id` int(11) DEFAULT NULL,
  `seq` int(11) DEFAULT NULL
) ENGINE=InnoDB DEFAULT CHARSET=utf8;

--
-- Dumping data for table `tb_m_rad_machine`
--

INSERT INTO `tb_m_rad_machine` (`id`, `name`, `branch_group_id`, `code_usage_id`, `power_unit_id`, `seq`) VALUES
(0, 'Dental X-Ray Apparatur', '2', 29, 0, 0),
(1, 'Intraoral X-Ray System', '2', 29, 0, 0),
(999, 'อื่น ๆ โปรดระบุ', '1,2,3,4', NULL, NULL, NULL);

-- --------------------------------------------------------

--
-- Table structure for table `tb_m_report_department`
--

CREATE TABLE IF NOT EXISTS `tb_m_report_department` (
  `id` int(11) NOT NULL,
  `name` varchar(200) DEFAULT NULL,
  `branch_group_id` varchar(45) DEFAULT NULL
) ENGINE=InnoDB DEFAULT CHARSET=utf8;

--
-- Dumping data for table `tb_m_report_department`
--

INSERT INTO `tb_m_report_department` (`id`, `name`, `branch_group_id`) VALUES
(1, 'กรมวิทยาศาสตร์การแพทย์', '1,2,3,4'),
(2, 'สถาบันเทคโนโลยีนิวเคลียร์แห่งชาติ (องค์การมหาชน)', '1,2,3,4');

-- --------------------------------------------------------

--
-- Table structure for table `tb_m_room`
--

CREATE TABLE IF NOT EXISTS `tb_m_room` (
  `id` int(11) NOT NULL,
  `name` varchar(200) DEFAULT NULL,
  `number` varchar(45) DEFAULT NULL,
  `floor` int(11) DEFAULT '0',
  `room_plan` varchar(100) DEFAULT NULL,
  `building_id` varchar(45) DEFAULT NULL,
  `fac` varchar(100) NOT NULL
) ENGINE=InnoDB DEFAULT CHARSET=utf8;

--
-- Dumping data for table `tb_m_room`
--

INSERT INTO `tb_m_room` (`id`, `name`, `number`, `floor`, `room_plan`, `building_id`, `fac`) VALUES
(1, 'คลินิกตรวจพิเคราะห์และบำบัดฉุกเฉิน', '-', 2, NULL, 'เฉลิมพระเกียรติ 50 พรรษา ', 'ทันตแพทยศาสตร์'),
(2, 'คลินิกทันตกรรมพิเศษ', '-', 2, NULL, 'เฉลิมพระเกียรติ 50 พรรษา ', 'ทันตแพทยศาสตร์'),
(3, 'ศูนย์ทันตกรรมสหสาขา', '-', 3, NULL, 'เฉลิมพระเกียรติ 50 พรรษา ', 'ทันตแพทยศาสตร์'),
(4, 'ศูนย์ทันตกรรมรากเทียม', '-', 3, NULL, 'เฉลิมพระเกียรติ 50 พรรษา ', 'ทันตแพทยศาสตร์'),
(5, 'คลินิกศัลยกรรมช่องปากและใบหน้าขากรรไกร', '-', 3, NULL, 'เฉลิมพระเกียรติ 50 พรรษา ', 'ทันตแพทยศาสตร์'),
(6, 'คลินิกรังสีวิทยาช่องปากและใบหน้าขากรรไกร', '-', 3, NULL, 'เฉลิมพระเกียรติ 50 พรรษา ', 'ทันตแพทยศาสตร์'),
(7, 'คลินิกทันตกรรมเด็ก', '-', 4, NULL, 'เฉลิมพระเกียรติ 50 พรรษา ', 'ทันตแพทยศาสตร์'),
(8, 'คลินิกทันตกรรมประดิษฐ์', '-', 5, NULL, 'เฉลิมพระเกียรติ 50 พรรษา ', 'ทันตแพทยศาสตร์'),
(9, 'คลินิกทันตกรรมทั่วไปขั้นสูง', '-', 5, NULL, 'เฉลิมพระเกียรติ 50 พรรษา ', 'ทันตแพทยศาสตร์'),
(10, 'คลินิกปริทันตวิทยาและเวชศาสตร์ช่องปาก', '-', 5, NULL, 'เฉลิมพระเกียรติ 50 พรรษา ', 'ทันตแพทยศาสตร์'),
(11, 'คลินิกทันตกรรมหัตถการ', '-', 5, NULL, 'เฉลิมพระเกียรติ 50 พรรษา ', 'ทันตแพทยศาสตร์'),
(12, 'คลินิกวิทยาเอ็นโดดอนต์', '-', 5, NULL, 'เฉลิมพระเกียรติ 50 พรรษา ', 'ทันตแพทยศาสตร์'),
(13, 'คลินิกกลาง (ห้องเอกซเรย์ กลาง 1)', '-', 6, NULL, 'เฉลิมพระเกียรติ 50 พรรษา ', 'ทันตแพทยศาสตร์'),
(14, 'คลินิกกลาง (ห้องเอกซเรย์ กลาง 2)', '-', 6, NULL, 'เฉลิมพระเกียรติ 50 พรรษา ', 'ทันตแพทยศาสตร์'),
(15, 'คลินิกทันตกรเทพรัตน์', '-', 8, NULL, 'เฉลิมพระเกียรติ 50 พรรษา ', 'ทันตแพทยศาสตร์'),
(16, 'คลินิกเพรสทีจ', '-', 8, NULL, 'เฉลิมพระเกียรติ 50 พรรษา ', 'ทันตแพทยศาสตร์'),
(17, 'ศูนย์ทันตกรรมพระราชทาน', '-', 8, NULL, 'เฉลิมพระเกียรติ 50 พรรษา ', 'ทันตแพทยศาสตร์'),
(18, 'คลินิกประดิษฐ์ใบหน้าขากรรไกร', '-', 9, NULL, 'เฉลิมพระเกียรติ 50 พรรษา ', 'ทันตแพทยศาสตร์'),
(19, 'หน่วยห้องผ่าตัด', '-', 10, NULL, 'เฉลิมพระเกียรติ 50 พรรษา ', 'ทันตแพทยศาสตร์'),
(20, 'หน่วยผู้ป่วยในและฉุกเฉินทางการแพทย์', '-', 10, NULL, 'เฉลิมพระเกียรติ 50 พรรษา ', 'ทันตแพทยศาสตร์'),
(21, 'ศูนย์ปฏิบัติการซิมมิวเลชั่น', '-', 1, NULL, '4', 'ทันตแพทยศาสตร์'),
(22, 'ศูนย์ปฏิบัติการซิมมิวเลชั่น', '-', 2, NULL, 'เฉลิมพระเกียรติ 50 พรรษา ', 'ทันตแพทยศาสตร์'),
(23, 'ศูนย์ปฏิบัติการซิมมิวเลชั่น', '-', 3, NULL, 'เฉลิมพระเกียรติ 50 พรรษา ', 'ทันตแพทยศาสตร์'),
(24, 'ห้องปฏิบัติการ ภาควิชาทันตกรรมหัตถการและวิทยาเอ็นโดดอนต์', '-', 3, NULL, '5', 'ทันตแพทยศาสตร์'),
(25, 'สำนักงานการวิจัย', '-', 4, NULL, 'ศูนย์การเรียนรู้และนันทนาการ', 'ทันตแพทยศาสตร์'),
(26, 'คลินิกรังสีวิทยาช่องปากและใบหน้าขากรรไกรเอกซเรย์ 3 มิติ', '-', 2, NULL, 'ศูนย์การแพทย์กาญจนาภิเษก', 'โรงพยาบาลทันตกรรมมหาจักรีสิรินธร คณะทันตแพทยศาสตร์ '),
(27, 'คลินิกรังสีวิทยาช่องปากและใบหน้าขากรรไกรเอกซเรย์ 1', '-', 2, NULL, 'ศูนย์การแพทย์กาญจนาภิเษก', 'โรงพยาบาลทันตกรรมมหาจักรีสิรินธร คณะทันตแพทยศาสตร์ '),
(28, 'คลินิกรังสีวิทยาช่องปากและใบหน้าขากรรไกรเอกซเรย์ 2', '-', 2, NULL, 'ศูนย์การแพทย์กาญจนาภิเษก', 'โรงพยาบาลทันตกรรมมหาจักรีสิรินธร คณะทันตแพทยศาสตร์ '),
(29, 'คลินิกรังสีวิทยาช่องปากและใบหน้าขากรรไกรเอกซเรย์ 3 ', '-', 2, NULL, 'ศูนย์การแพทย์กาญจนาภิเษก', 'โรงพยาบาลทันตกรรมมหาจักรีสิรินธร คณะทันตแพทยศาสตร์ '),
(30, 'คลินิกรังสีวิทยาช่องปากและใบหน้าขากรรไกรเอกซเรย์ 4', '-', 2, NULL, 'ศูนย์การแพทย์กาญจนาภิเษก', 'โรงพยาบาลทันตกรรมมหาจักรีสิรินธร คณะทันตแพทยศาสตร์ '),
(31, 'คลินิกรังสีวิทยาช่องปากและใบหน้าขากรรไกรเอกซเรย์ 5', '-', 2, NULL, 'ศูนย์การแพทย์กาญจนาภิเษก', 'โรงพยาบาลทันตกรรมมหาจักรีสิรินธร คณะทันตแพทยศาสตร์ '),
(32, 'คลินิกรังสีวิทยาช่องปากและใบหน้าขากรรไกรเอกซเรย์ 6', '-', 2, NULL, 'ศูนย์การแพทย์กาญจนาภิเษก', 'โรงพยาบาลทันตกรรมมหาจักรีสิรินธร คณะทันตแพทยศาสตร์ '),
(33, 'คลินิกทันตกรรมทั่วไปและระบบบดเคี้ยว', '-', 2, NULL, 'ศูนย์การแพทย์กาญจนาภิเษก', 'โรงพยาบาลทันตกรรมมหาจักรีสิรินธร คณะทันตแพทยศาสตร์ '),
(34, 'คลินิกทันตกรรมพิเศษ', '-', 2, NULL, 'ศูนย์การแพทย์กาญจนาภิเษก', 'โรงพยาบาลทันตกรรมมหาจักรีสิรินธร คณะทันตแพทยศาสตร์ '),
(35, 'ทันตกรรมสำหรับเด็ก', '-', 2, NULL, 'ศูนย์การแพทย์กาญจนาภิเษก', 'โรงพยาบาลทันตกรรมมหาจักรีสิรินธร คณะทันตแพทยศาสตร์ '),
(36, 'ห้องผ่าตัด', '-', 3, NULL, 'ศูนย์การแพทย์กาญจนาภิเษก', 'โรงพยาบาลทันตกรรมมหาจักรีสิรินธร คณะทันตแพทยศาสตร์ '),
(37, 'คลินิกศัลยศาสตร์ช่องปากและแม็กซิลโลเฟเชียล', '-', 3, NULL, 'ศูนย์การแพทย์กาญจนาภิเษก', 'โรงพยาบาลทันตกรรมมหาจักรีสิรินธร คณะทันตแพทยศาสตร์ '),
(38, 'คลินิกทันตกรรมจัดฟัน', '-', 3, NULL, 'ศูนย์การแพทย์กาญจนาภิเษก', 'โรงพยาบาลทันตกรรมมหาจักรีสิรินธร คณะทันตแพทยศาสตร์ '),
(39, 'คลินิกทันตกรรมหัตถการและเอ็นโดอนท์', '-', 4, NULL, 'ศูนย์การแพทย์กาญจนาภิเษก', 'โรงพยาบาลทันตกรรมมหาจักรีสิรินธร คณะทันตแพทยศาสตร์ '),
(40, 'คลินิกทันตกรรมประดิษฐ์', '-', 4, NULL, 'ศูนย์การแพทย์กาญจนาภิเษก', 'โรงพยาบาลทันตกรรมมหาจักรีสิรินธร คณะทันตแพทยศาสตร์ '),
(41, 'คลินิกทันตกรรมสหสาขาและศูนย์ทันตกรรมรากเทียม', '-', 4, NULL, 'ศูนย์การแพทย์กาญจนาภิเษก', 'โรงพยาบาลทันตกรรมมหาจักรีสิรินธร คณะทันตแพทยศาสตร์ '),
(42, 'เอกซเรย์ (X-Ray)', '-', 4, NULL, 'ราชนครินทร์', 'เวชศาสตร์เขตร้อน'),
(43, 'ฟลูออโรสโคปี', '-', 4, NULL, 'ราชนครินทร์', 'เวชศาสตร์เขตร้อน'),
(44, 'ห้องตรวจเต้านม', '-', 4, NULL, 'ราชนครินทร์', 'เวชศาสตร์เขตร้อน'),
(45, 'หน่วยงานรังสีวินิจฉัย', '-', 4, NULL, 'ราชนครินทร์', 'เวชศาสตร์เขตร้อน'),
(46, '1405', '-', 4, NULL, 'สาธารณสุขวิศิษฏ์ (อาคาร 1)', 'สาธารณสุขศาสตร์'),
(47, 'เอกซเรย์ เบอร์ 3', '-', 2, NULL, 'ศูนย์การแพทย์กาญจนาภิเษก', 'ศูนย์การแพทย์กาญจนาภิเษก'),
(48, 'เอกซเรย์ เบอร์ 2', '-', 2, NULL, 'ศูนย์การแพทย์กาญจนาภิเษก', 'ศูนย์การแพทย์กาญจนาภิเษก'),
(49, 'เอกซเรย์ เบอร์ 1', '-', 2, NULL, 'ศูนย์การแพทย์กาญจนาภิเษก', 'ศูนย์การแพทย์กาญจนาภิเษก'),
(50, 'ห้องตรวจมวลกระดูก', '-', 2, NULL, 'ศูนย์การแพทย์กาญจนาภิเษก', 'ศูนย์การแพทย์กาญจนาภิเษก'),
(51, 'ห้องผ่าตัด', '-', 3, NULL, 'ศูนย์การแพทย์กาญจนาภิเษก', 'ศูนย์การแพทย์กาญจนาภิเษก'),
(52, 'ห้องเอกซเรย์เต้านม', '-', 2, NULL, 'ศูนย์การแพทย์กาญจนาภิเษก', 'ศูนย์การแพทย์กาญจนาภิเษก'),
(53, 'ห้องเอกซเรย์คอมพิวเตอร์', 'ื-', 2, NULL, 'ศูนย์การแพทย์กาญจนาภิเษก', 'ศูนย์การแพทย์กาญจนาภิเษก'),
(54, 'หน่วยรังสีวินิจฉัย', '-', 1, NULL, 'โรงพยาบาลสัตว์ประศุอาทร', 'สัตวแพทยศาสตร์'),
(55, 'คลินิกม้า', '-', 1, NULL, 'โรงพยาบาลสัตว์ประศุอาทร', 'สัตวแพทยศาสตร์'),
(56, 'หน่วยรังสีวินิจฉัย', '-', 1, NULL, 'โรงพยาบาลสัตว์ปศุสัตว์และสัตว์ป่าปศุปาลัน', 'สัตวแพทยศาสตร์');

-- --------------------------------------------------------

--
-- Table structure for table `tb_m_setting`
--

CREATE TABLE IF NOT EXISTS `tb_m_setting` (
  `id` int(11) NOT NULL,
  `name` varchar(45) DEFAULT NULL,
  `value` varchar(45) DEFAULT NULL
) ENGINE=InnoDB DEFAULT CHARSET=utf8;

--
-- Dumping data for table `tb_m_setting`
--

INSERT INTO `tb_m_setting` (`id`, `name`, `value`) VALUES
(1, 'แจ้งเตือน (ช่วงที่ 1)', '180'),
(2, 'แจ้งเตือน (ช่วงที่ 2)', '60');

-- --------------------------------------------------------

--
-- Table structure for table `tb_m_title`
--

CREATE TABLE IF NOT EXISTS `tb_m_title` (
  `id` int(11) NOT NULL,
  `name` varchar(45) DEFAULT NULL
) ENGINE=InnoDB AUTO_INCREMENT=9 DEFAULT CHARSET=utf8;

--
-- Dumping data for table `tb_m_title`
--

INSERT INTO `tb_m_title` (`id`, `name`) VALUES
(1, 'นาย'),
(2, 'นาง'),
(3, 'นางสาว'),
(4, 'อาจารย์'),
(5, 'ผู้ช่วยศาสตราจารย์'),
(6, 'รองศาสตราจารย์'),
(7, 'ศาสตราจารย์'),
(8, 'ศาสตราจารย์เกียรติคุณ');

-- --------------------------------------------------------

--
-- Table structure for table `tb_m_types_of_radioactive_waste`
--

CREATE TABLE IF NOT EXISTS `tb_m_types_of_radioactive_waste` (
  `id` int(11) NOT NULL,
  `name` varchar(200) DEFAULT NULL,
  `branch_group_id` varchar(45) DEFAULT NULL,
  `description` varchar(200) DEFAULT NULL
) ENGINE=InnoDB DEFAULT CHARSET=utf8;

--
-- Dumping data for table `tb_m_types_of_radioactive_waste`
--

INSERT INTO `tb_m_types_of_radioactive_waste` (`id`, `name`, `branch_group_id`, `description`) VALUES
(1, 'กากกัมมันตรังสีระดับสูง', '3,4', 'กากกัมมันตรังสีระดับสูง (104-106  Ci/m3)        ได้แก่ กากกัมมันตรังสีในสภาพของแข็งและของเหลวที่ได้จากการฟอกเชื้อเพลิงนิวเคลียร์ และกากกัมมันตรังสีอื่นๆ ที่มีระดับรังสีสูง'),
(2, 'กากกัมมันตรังสีระดับต่ำและปานกลาง', '3,4', 'กากกัมมันตรังสีระดับต่ำและปานกลาง (10-6 -1 Ci/m3)            ได้แก่ กากกัมมันตรังสีระดับต่ำและของเสียที่เกิดจากการปฏิบัติงานที่เกี่ยวข้องกับวัสดุกัมมันตรังสี เช่น ถุงมือ เสื้อผ้า อุปกรณ์ที่ทำจากกระดาษ');

-- --------------------------------------------------------

--
-- Table structure for table `tb_m_unit`
--

CREATE TABLE IF NOT EXISTS `tb_m_unit` (
  `id` int(11) NOT NULL,
  `name` varchar(45) DEFAULT NULL,
  `branch_group_id` varchar(45) DEFAULT NULL
) ENGINE=InnoDB AUTO_INCREMENT=10 DEFAULT CHARSET=utf8mb4;

--
-- Dumping data for table `tb_m_unit`
--

INSERT INTO `tb_m_unit` (`id`, `name`, `branch_group_id`) VALUES
(1, 'Bq', '1,2,3'),
(2, 'mCi', '1,3,4'),
(4, 'Lb', '2,3'),
(5, 'MBq', '1,3'),
(6, 'Ci', '1,3'),
(7, 'kBq', '1'),
(8, 'µCi', '4'),
(9, 'Kg', '3');

-- --------------------------------------------------------

--
-- Table structure for table `tb_m_unit2`
--

CREATE TABLE IF NOT EXISTS `tb_m_unit2` (
  `id` int(11) NOT NULL,
  `name` varchar(45) DEFAULT NULL,
  `branch_group_id` varchar(45) DEFAULT NULL
) ENGINE=InnoDB AUTO_INCREMENT=10 DEFAULT CHARSET=utf8mb4;

--
-- Dumping data for table `tb_m_unit2`
--

INSERT INTO `tb_m_unit2` (`id`, `name`, `branch_group_id`) VALUES
(7, 'ml ', '4'),
(8, 'ul', '4'),
(9, 'อื่นๆ โปรดระบุ', '4');

-- --------------------------------------------------------

--
-- Table structure for table `tb_m_usage_status`
--

CREATE TABLE IF NOT EXISTS `tb_m_usage_status` (
  `id` int(11) NOT NULL,
  `name` varchar(200) DEFAULT NULL,
  `branch_group_id` varchar(45) DEFAULT NULL
) ENGINE=InnoDB DEFAULT CHARSET=utf8;

--
-- Dumping data for table `tb_m_usage_status`
--

INSERT INTO `tb_m_usage_status` (`id`, `name`, `branch_group_id`) VALUES
(1, 'ใช้งานอยู่', '1,2,3'),
(2, 'หมดสภาพการใช้งาน', '3'),
(3, 'บริจาค', '1,2,3'),
(4, 'ส่งคืนพัสดุ', '1,2,3'),
(5, 'ยกเลิกการใช้งาน', '1,2,3'),
(7, 'กำลังสั่งนำเข้า', '3');

-- --------------------------------------------------------

--
-- Table structure for table `tb_m_use_type`
--

CREATE TABLE IF NOT EXISTS `tb_m_use_type` (
  `id` int(11) NOT NULL,
  `name` varchar(200) DEFAULT NULL,
  `description` varchar(200) DEFAULT NULL,
  `branch_group_id` varchar(45) DEFAULT NULL
) ENGINE=InnoDB DEFAULT CHARSET=utf8;

--
-- Dumping data for table `tb_m_use_type`
--

INSERT INTO `tb_m_use_type` (`id`, `name`, `description`, `branch_group_id`) VALUES
(1, 'Fixed', 'ลักษณะการใช้งานติดตั้งถาวร ไม่มีการเคลื่อนย้าย', '1,2,3,4'),
(2, 'Mobile', 'ลักษณะการใช้งานแบบเคลื่อนย้ายได้', '1,2,3,4'),
(3, 'Portable', 'ลักษณะการใช้งานแบบหิ้วได้', '1,2,3,4'),
(4, 'Stationary', 'ลักษณะการใช้งานแบบติดตั้งประจำที่', '1,2,3,4');

-- --------------------------------------------------------

--
-- Table structure for table `tb_m_utilization`
--

CREATE TABLE IF NOT EXISTS `tb_m_utilization` (
  `id` int(11) NOT NULL,
  `name` varchar(200) DEFAULT NULL,
  `branch_group_id` varchar(45) DEFAULT NULL
) ENGINE=InnoDB DEFAULT CHARSET=utf8;

--
-- Dumping data for table `tb_m_utilization`
--

INSERT INTO `tb_m_utilization` (`id`, `name`, `branch_group_id`) VALUES
(1, 'ถ่ายภาพรังสี', '3'),
(2, 'ผลิตสารกัมมันตรังสี', '3'),
(3, 'วินิจฉัยโรคเพื่อการรักษา', '1'),
(4, 'รักษาโรค', '1'),
(5, 'การแพทย์', '2'),
(6, 'ศึกษาวิจัย', '2');

-- --------------------------------------------------------

--
-- Table structure for table `users_logged`
--

CREATE TABLE IF NOT EXISTS `users_logged` (
  `USER_ID` int(11) NOT NULL,
  `IP_ADDRESS` varchar(20) NOT NULL,
  `SESSION_ID` varchar(255) NOT NULL,
  `LAST_SIGN_IN_DATE` datetime NOT NULL,
  `UPDATE_BY` varchar(25) NOT NULL,
  `CREATE_DATE` datetime NOT NULL,
  `UPDATE_DATE` datetime NOT NULL
) ENGINE=InnoDB DEFAULT CHARSET=utf8;

-- --------------------------------------------------------

--
-- Table structure for table `users_login`
--

CREATE TABLE IF NOT EXISTS `users_login` (
  `id` int(11) NOT NULL,
  `role_id` int(11) NOT NULL,
  `username` varchar(100) DEFAULT NULL,
  `password` varchar(100) DEFAULT '1234',
  `latest_login` datetime DEFAULT NULL,
  `email` varchar(50) DEFAULT NULL,
  `create_by` int(11) DEFAULT NULL,
  `create_date` datetime DEFAULT NULL,
  `status` varchar(1) DEFAULT 'A',
  `is_force_change_password` bit(1) DEFAULT b'0',
  `title_id` int(11) DEFAULT NULL,
  `first_name` varchar(45) DEFAULT NULL,
  `last_name` varchar(45) DEFAULT NULL,
  `mobile_phone` varchar(45) DEFAULT NULL,
  `department_id` int(11) DEFAULT NULL,
  `update_by` int(11) DEFAULT NULL,
  `update_date` date DEFAULT NULL,
  `branch_group_id` int(11) DEFAULT NULL
) ENGINE=InnoDB AUTO_INCREMENT=355 DEFAULT CHARSET=utf8;

--
-- Dumping data for table `users_login`
--

INSERT INTO `users_login` (`id`, `role_id`, `username`, `password`, `latest_login`, `email`, `create_by`, `create_date`, `status`, `is_force_change_password`, `title_id`, `first_name`, `last_name`, `mobile_phone`, `department_id`, `update_by`, `update_date`, `branch_group_id`) VALUES
(50, 1, 'aon', '81dc9bdb52d04dc20036dbd8313ed055', NULL, 'salapao63@hotmail.com', 1, '2016-10-04 02:53:43', 'A', b'0', 3, 'บังอร', 'แกมรัมย์', '0856109388', 15, 50, '2017-11-11', 1),
(275, 1, 'pawit', '161ebd7d45089b3446ee4e0d86dbcf92', NULL, 'pawit1357@hotmail.com', 50, '2017-11-12 03:02:33', 'A', b'0', 1, 'ปวิช', 'แซ่อึ้ง', '0850788702', 15, 275, '2017-11-12', 1),
(276, 38, 'nucharee.poo', '81dc9bdb52d04dc20036dbd8313ed055', NULL, 'fortune_nucharee_si@hotmail.com', 50, '2017-11-14 12:36:34', 'A', b'0', 3, 'นุชรีย์ ', 'พูลเอียด', '0-2419-6220', 1, 50, '2017-11-20', 3),
(277, 41, 'pachee.cha', '81dc9bdb52d04dc20036dbd8313ed055', NULL, 'pachee.cha@mahidol.ac.th', 50, '2017-11-23 08:59:20', 'A', b'0', 4, 'พจี', 'เจาฑะเกษตริน', '0-2419-6220', 1, 277, '2017-11-26', 3),
(278, 37, 'pornpirom.lao', '81dc9bdb52d04dc20036dbd8313ed055', NULL, 'pornpirom78@hotmail.com', 50, '2017-11-23 09:02:45', 'A', b'0', 1, 'พรภิรมย์', 'เหล่าจันอัน', '0-2419-7814', 16, 278, '2017-11-26', 1),
(279, 40, 'porntip.aia', '81dc9bdb52d04dc20036dbd8313ed055', NULL, 'porntip.iam', 50, '2017-11-23 09:06:34', 'A', b'0', 5, 'พรทิพย์', 'เอี่ยมพงษ์ไพบูลย์', '0-2419-7814', 16, 279, '2017-11-26', 1),
(280, 2, 'suwat.wat', '81dc9bdb52d04dc20036dbd8313ed055', NULL, 'suwatwattanaaporn@gmail.com', 50, '2017-11-23 09:10:30', 'A', b'0', 1, 'สุวัฒน์ ', 'วัฒนอาภรณ์ชัย', '0-2419-9828', 17, 280, '2017-11-26', 2),
(281, 39, 'venus.wis', '81dc9bdb52d04dc20036dbd8313ed055', NULL, 'wisetsaeng@gmail.com', 50, '2017-11-23 09:13:43', 'A', b'0', 3, 'วีนัส', 'วิเศษแสง', '0-2419-9828', 17, 281, '2017-11-26', 2),
(282, 39, 'patumporn.kae', '81dc9bdb52d04dc20036dbd8313ed055', NULL, 'bo.teddybear@hotmail.com', 50, '2017-11-23 09:16:21', 'A', b'0', 3, 'ปทุมพร', 'แก้วประชุม', '0-2419-7451', 17, 282, '2017-11-26', 2),
(283, 5, 'nawarat.pua', '81dc9bdb52d04dc20036dbd8313ed055', NULL, 'nawaratlek820@gmail.com', 50, '2017-11-23 09:45:48', 'A', b'0', 3, 'นวรัตน์', 'พวงสายใจ', '0-2201-2465', 19, 283, '2017-11-26', 2),
(284, 5, 'tawat.sir', '81dc9bdb52d04dc20036dbd8313ed055', NULL, 'deckwatt@hotmail.com', 50, '2017-11-23 09:51:00', 'A', b'0', 1, 'ธวัช', 'ศิริวิลาศลักษณ์', '0-2201-2465', 19, 284, '2017-11-26', 2),
(285, 5, 'patompong.pon', '81dc9bdb52d04dc20036dbd8313ed055', NULL, 'oofzid3@gmail.com', 50, '2017-11-23 09:58:44', 'A', b'0', 1, 'ปฐมพงษ์', 'พลหาญ', '0-2201-2465', 19, 285, '2017-11-26', 2),
(286, 6, 'prapa.sod', '81dc9bdb52d04dc20036dbd8313ed055', NULL, 'kratae_rama@yahoo.com', 50, '2017-11-23 10:01:18', 'A', b'0', 3, 'ประภา', 'สดโคกกรวด', '0-2201-2465', 19, 286, '2017-11-26', 2),
(287, 7, 'sawwanee.asa', '81dc9bdb52d04dc20036dbd8313ed055', NULL, 'sawwanee.mahidol@mahidol.ac.th', 50, '2017-11-23 10:34:04', 'A', b'0', 5, 'เสาวนีย์', 'อัศวผาติบุญ', '0-2201-2465', 19, 287, '2017-11-26', 2),
(288, 8, 'punyanuch.ket', '81dc9bdb52d04dc20036dbd8313ed055', NULL, 'kung252326@gmail.com', 50, '2017-11-25 13:35:47', 'A', b'0', 2, 'ปุณยนุช', 'เกตุแก้ว', '0-2201-2295', 18, 50, '2017-11-26', 1),
(289, 8, 'ubonrat.kae', '81dc9bdb52d04dc20036dbd8313ed055', NULL, 'ubonratkaewbundid@gmail.com', 50, '2017-11-25 13:38:54', 'A', b'0', 3, 'อุบลรัตน์', 'แก้วบันดิษฐ์', '0-2201-1140', 18, 289, '2017-11-26', 1),
(290, 8, 'kumutinee.pai', '81dc9bdb52d04dc20036dbd8313ed055', NULL, 'gig_guide16@hotmail.com', 50, '2017-11-25 13:42:24', 'A', b'0', 3, 'กุมุทินี', 'ไพรัตน์', '0-2201-2138', 18, 290, '2017-11-26', 1),
(291, 9, 'chanida.wut', '81dc9bdb52d04dc20036dbd8313ed055', NULL, 'heartkorat@hotmail.com', 50, '2017-11-25 13:44:27', 'A', b'0', 2, 'ชนิดา', 'วุฒิประเสริฐพงษ์', '0-2201-2138', 18, 291, '2017-11-26', 1),
(292, 9, 'daranee.pir', '81dc9bdb52d04dc20036dbd8313ed055', NULL, 'ladydaranee@hotmail.com', 50, '2017-11-25 13:46:58', 'A', b'0', 3, 'ดารณี', 'ภิริยะแสง', '08-1791-3646', 18, 292, '2017-11-26', 1),
(293, 9, 'pornpan.you', '81dc9bdb52d04dc20036dbd8313ed055', NULL, 'pornyouns@yahoo.com', 50, '2017-11-25 13:51:20', 'A', b'0', 3, 'พรพรรณ', 'ยงวิทิตสถิต', '0-2201-2138', 18, 293, '2017-11-26', 1),
(294, 10, 'puangpen.tan', '81dc9bdb52d04dc20036dbd8313ed055', NULL, 'puangpen.tan@mahidol.ac.th', 50, '2017-11-25 13:53:43', 'A', b'0', 4, 'พวงเพ็ญ', 'ตั้งบุญดวงจิตร', '08-6904-0315', 18, 294, '2017-11-26', 1),
(295, 11, 'patcharawalai.aon', '81dc9bdb52d04dc20036dbd8313ed055', NULL, 'teaki_tal@hotmail.com', 50, '2017-11-25 13:57:15', 'A', b'0', 2, 'พัชรวลัย', 'อ้นรุ่ง', '0-2201-1157 ต่อ 111', 2, 295, '2017-11-26', 3),
(296, 11, 'kittipong.ton', '81dc9bdb52d04dc20036dbd8313ed055', NULL, 'twinning_28@hotmail.com', 50, '2017-11-25 13:59:42', 'A', b'0', 1, 'กิตติพงษ์', 'ทองกล่ำ', '0-2201-1157 ต่อ 111', 2, 296, '2017-11-26', 3),
(297, 11, 'suchawadee.mus', '81dc9bdb52d04dc20036dbd8313ed055', NULL, 'soy_suchawadee@hotmail.com', 50, '2017-11-25 14:02:21', 'A', b'0', 3, 'สุชาวดี', 'มุสิกรัตน์', '0-2201-1157 ต่อ 111', 2, 297, '2017-11-26', 3),
(298, 36, 'wirote.cha', '81dc9bdb52d04dc20036dbd8313ed055', NULL, 'thchangmuangw@gmail.com', 50, '2017-11-25 14:05:04', 'A', b'0', 1, 'วิโรจน์', 'ช่างม่วง', '0-2201-1157 ', 2, 298, '2017-11-26', 3),
(299, 36, 'sasithorn.amn', '81dc9bdb52d04dc20036dbd8313ed055', NULL, 'amsasithorn@gmail.com', 50, '2017-11-25 14:07:22', 'A', b'0', 3, 'ศศิธร', 'อำนวยวัตถากร', '0-2201-1157', 2, 299, '2017-11-26', 3),
(300, 36, 'sasiwimon.pro', '81dc9bdb52d04dc20036dbd8313ed055', NULL, 'tudtujung_26@hotmail.com', 50, '2017-11-25 14:09:20', 'A', b'0', 3, 'ศศิวิมล', 'พรหมมา', '0-2201-1157', 2, 300, '2017-11-26', 3),
(301, 12, 'krisanat.chu', '81dc9bdb52d04dc20036dbd8313ed055', NULL, 'krisanat.ch@gmail.com', 50, '2017-11-25 14:11:48', 'A', b'0', 4, 'กฤศณัฎฐ์', 'เชื่อมสามัคคี', '0-2201-1157 ', 2, 301, '2017-11-26', 3),
(302, 13, 'montri.chi', '81dc9bdb52d04dc20036dbd8313ed055', NULL, 'montri.chi@mahidol.ac.th', 50, '2017-11-25 14:15:40', 'A', b'0', 1, 'มนตรี', 'ไชยโรจน์', '08-9743-8078', 8, 50, '2017-11-28', 2),
(303, 14, 'waraporn.sut', '81dc9bdb52d04dc20036dbd8313ed055', NULL, 'waraporn.sut@mahidol.ac.th', 50, '2017-11-25 14:20:39', 'A', b'0', 3, 'วราภรณ์', 'สุทธิธรรม', '08-6325-6474', 8, 303, '2017-11-26', 2),
(304, 15, 'kiattisak.pro', '81dc9bdb52d04dc20036dbd8313ed055', NULL, 'kiattisak.pro', 50, '2017-11-25 14:22:53', 'A', b'0', 1, 'เกียรติศักดิ์', 'พรมศักดิ์', '08-7851-0878', 8, 304, '2017-11-26', 2),
(305, 16, 'phatcharee.chu', '81dc9bdb52d04dc20036dbd8313ed055', NULL, 'phatcha.chu@gmail.com', 50, '2017-11-25 14:39:22', 'A', b'0', 3, 'พัชรี', 'ช่วยเมือง', '08-6284-1142', 7, 305, '2017-11-26', 4),
(306, 17, 'nattachai.pan', '81dc9bdb52d04dc20036dbd8313ed055', NULL, 'nattachai.pan@mahidol.ac.th', 50, '2017-11-25 14:50:49', 'A', b'0', 1, 'ณัฐชัย', 'ภาณุโสภณ', '08-5044-4329', 7, 306, '2017-11-26', 4),
(307, 18, 'bunyarit.pan', '81dc9bdb52d04dc20036dbd8313ed055', NULL, 'bunyarit.pan@mahidol.ac.th', 50, '2017-11-25 14:56:25', 'A', b'0', 5, 'บุณยฤทธิ์', 'ปัญญาภิญโญผล', '0-2354-8543 ต่อ 2205', 32, 307, '2017-11-26', 4),
(308, 19, 'orathai.jao', '81dc9bdb52d04dc20036dbd8313ed055', NULL, 'orathai.jao@mahidol.ac.th', 50, '2017-11-26 07:23:52', 'A', b'0', 3, 'อรทัย', 'เจากสิกร', '08-6122-0900', 3, 308, '2017-11-26', 2),
(309, 19, 'somluck.jan', '81dc9bdb52d04dc20036dbd8313ed055', NULL, 'somluck.jan@mahidol.ac.th', 50, '2017-11-26 07:27:09', 'A', b'0', 3, 'สมลักษณ์', 'จำรูญสาย', '09-2260-6284', 3, 309, '2017-11-26', 2),
(310, 19, 'jaruwan.san', '81dc9bdb52d04dc20036dbd8313ed055', NULL, 'maewnoiil@hotmail.com', 50, '2017-11-26 07:31:20', 'A', b'0', 3, 'จารุวรรณ', 'สันตินันท์', '08-0589-7813', 3, 310, '2017-11-26', 2),
(311, 20, 'itt.sub', '81dc9bdb52d04dc20036dbd8313ed055', NULL, 'itt.sub@mahidol.ac.th', 50, '2017-11-26 07:36:44', 'A', b'0', 1, 'อิษฏ์', 'สุบินมงคล', '08-4463-9555', 3, 311, '2017-11-26', 2),
(312, 20, 'sararas.int', '81dc9bdb52d04dc20036dbd8313ed055', NULL, 'sararas.int@gmail.com', 50, '2017-11-26 07:44:36', 'A', b'0', 3, 'สรารัศมิ์', 'อินทรักษ์', '08-6761-0444', 3, 312, '2017-11-26', 2),
(313, 21, 'supawan.jiw', '81dc9bdb52d04dc20036dbd8313ed055', NULL, 'misssupawan@gmail.com', 50, '2017-11-26 07:46:17', 'A', b'0', 3, 'ศุภวรรณ', 'จิวะพงศ์', '08-4449-0006', 3, 50, '2017-11-26', 2),
(314, 22, 'pruksa.jul', '81dc9bdb52d04dc20036dbd8313ed055', NULL, 'pruksa.jul@mahidol.ac.th', 50, '2017-11-26 07:50:05', 'A', b'0', 3, 'พฤกษา', 'จุฬพันธ์ทอง', '08-6980-9655', 9, 314, '2017-11-26', 2),
(315, 22, 'phanee.pha', '81dc9bdb52d04dc20036dbd8313ed055', NULL, 'phanee.pha@mahidol.ac.th', 50, '2017-11-26 07:52:07', 'A', b'0', 3, 'ภาณี', 'พันธุ์ศิริ', '08-9411-6567', 9, 315, '2017-11-26', 2),
(316, 22, 'fontip.rat', '81dc9bdb52d04dc20036dbd8313ed055', NULL, 'fontip.rat@mahidol.ac.th', 50, '2017-11-26 07:54:34', 'A', b'0', 3, 'ฝนทิพย์', 'รัตนกาล', '08-9030-9868', 20, 316, '2017-11-26', 2),
(317, 23, 'somkiat.hua', '81dc9bdb52d04dc20036dbd8313ed055', NULL, 'somkiat.hua@mahidol.ac.th', 50, '2017-11-26 07:57:01', 'A', b'0', 5, 'สมเกียรติ', 'ห้วยจันทึก', '08-1840-1181', 33, 317, '2017-11-26', 2),
(318, 23, 'sivapong.sun', '81dc9bdb52d04dc20036dbd8313ed055', NULL, 'sivapong.sun@mahidol.ac.th', 50, '2017-11-26 08:00:31', 'A', b'0', 5, 'ศิวะพงษ์', 'สังฆ์ประดิษฐ์', '08-0234-3659', 21, 318, '2017-11-26', 2),
(319, 23, 'thanakhorn.raw', '81dc9bdb52d04dc20036dbd8313ed055', NULL, 'thanakhorn.raw@mahidol.ac.th', 50, '2017-11-26 08:07:48', 'A', b'0', 1, 'ธนกร', 'ระวังซื่อ', '08-6688-2554', 22, 319, '2017-11-26', 2),
(320, 24, 'paranee.yat', '81dc9bdb52d04dc20036dbd8313ed055', NULL, 'paranee.yat@mahidol.ac.th', 50, '2017-11-26 08:09:51', 'A', b'0', 5, 'ปารณีย์', 'ญาติมาก', '08-1856-7181', 21, 50, '2017-11-28', 2),
(321, 25, 'supannee.suy', '81dc9bdb52d04dc20036dbd8313ed055', NULL, 'supannee_nok27@hotmail.com', 50, '2017-11-26 08:25:20', 'A', b'0', 3, 'สุพรรณี', 'สุยะหลาน', '08-9499-4510', 12, 321, '2017-11-26', 2),
(322, 25, 'sarunya.cha', '81dc9bdb52d04dc20036dbd8313ed055', NULL, 'sarunyachaikantha@gmail.com', 50, '2017-11-26 08:29:17', 'A', b'0', 3, 'ศรัญญา', 'ไชยกันทะ', '09-3325-0401', 23, 322, '2017-11-26', 2),
(323, 25, 'jira.kit', '81dc9bdb52d04dc20036dbd8313ed055', NULL, 'yjira@hotmail.com', 50, '2017-11-26 08:37:20', 'A', b'1', 5, 'จิรา', 'กิติทรัพย์กาญจนา', '08-1874-6636', 23, 50, '2017-11-26', 2),
(324, 26, 'anujit.kon', '81dc9bdb52d04dc20036dbd8313ed055', NULL, 'anujit.kon@mahidol.ac.th', 50, '2017-11-26 08:41:50', 'A', b'0', 3, 'อนุจิตต์', 'คงผอม', '08-4169-1950', 24, 324, '2017-11-26', 2),
(325, 26, 'suchaya.drs', '81dc9bdb52d04dc20036dbd8313ed055', NULL, 'suchaya.drs@mahidol.ac.th', 50, '2017-11-26 08:44:25', 'A', b'0', 6, 'สุชยา', 'ดำรงค์ศรี', '08-9889-0481', 23, 325, '2017-11-26', 2),
(326, 26, 'peerapong.san', '81dc9bdb52d04dc20036dbd8313ed055', NULL, 'peerapong.san@mahidol.ac.th', 50, '2017-11-26 08:46:50', 'A', b'0', 5, 'พีรพงศ์', 'สันติวง', '08-1803-2393', 24, 326, '2017-11-26', 2),
(327, 27, 'waranun.bua', '81dc9bdb52d04dc20036dbd8313ed055', NULL, 'dtwaranun@gmail.com', 50, '2017-11-26 08:49:06', 'A', b'0', 7, 'วรานันท์', 'บัวจีบ', '08-4438-9388', 34, 327, '2017-11-26', 2),
(328, 28, 'somying.saw', '81dc9bdb52d04dc20036dbd8313ed055', NULL, 'somying.saw@mahidol.ac.th', 50, '2017-11-26 09:11:28', 'A', b'0', 3, 'สมหญิง', 'สว่างสุวรรณ', '0-2849-6663', 29, 328, '2017-11-26', 2),
(329, 29, 'sirirat.ton', '81dc9bdb52d04dc20036dbd8313ed055', NULL, 'sirirat.ton@mahidol.ac.th', 50, '2017-11-26 09:14:27', 'A', b'0', 3, 'ศิริรัตน์', 'ทองศรี', '0-2849-6663', 29, 329, '2017-11-26', 2),
(330, 30, 'natthaporn.thi', '81dc9bdb52d04dc20036dbd8313ed055', NULL, 'nhtthaphon.thi@mahidol.ac.th', 50, '2017-11-26 09:17:32', 'A', b'0', 1, 'ณัฐพร', 'ธีระรังสิกุล', '0-2849-6663', 29, 330, '2017-11-26', 2),
(331, 31, 'weerachat.sri', '81dc9bdb52d04dc20036dbd8313ed055', NULL, 'weerachat.sri@mahidol.ac.th', 50, '2017-11-26 09:22:41', 'A', b'0', 1, 'วีรชาติ', 'ศรีจันทร์', '0-2800-2380 ต่อ 117', 11, 331, '2017-11-28', 2),
(332, 31, 'pimnapanut.sri', '81dc9bdb52d04dc20036dbd8313ed055', NULL, 'pimnapanut.sri@mahidol.ac.th', 50, '2017-11-26 09:25:47', 'A', b'0', 3, 'พิมพ์นภาณัท', 'ศรีดอนไผ่', '09-9325-4912', 25, 332, '2017-11-28', 2),
(333, 32, 'wantanee.kri', '81dc9bdb52d04dc20036dbd8313ed055', NULL, 'wantanee.krieng@mahidol.ac.th', 50, '2017-11-26 09:30:38', 'A', b'0', 6, 'วันทนีย์', 'เกรียงสินยศ', '0-2500-2380 ต่อ 319', 26, 333, '2017-11-28', 2),
(334, 32, 'wiroj.san', '81dc9bdb52d04dc20036dbd8313ed055', NULL, 'wiroj.san@mahidol.ac.th', 50, '2017-11-26 09:32:34', 'A', b'0', 1, 'วิโรจน์', 'สันตยานนท์', '0-2800-2380 ต่อ 100', 27, 334, '2017-11-28', 2),
(335, 33, 'aikkarach.ket', '81dc9bdb52d04dc20036dbd8313ed055', NULL, 'aikkarach.ket@mahidol.ac.th', 50, '2017-11-26 09:34:37', 'A', b'0', 5, 'เอกราช', 'เกตวัลห์', '0-2800-2380 ต่อ 323', 28, 335, '2017-11-28', 2),
(336, 34, 'ekkachak.cha', '81dc9bdb52d04dc20036dbd8313ed055', NULL, 'ekkachak.cha@mahidol.ac.th', 50, '2017-11-26 10:02:16', 'A', b'0', 1, 'เอกจักร์', 'จันทร์ดอน', '09-0989-5117', 14, 336, '2017-11-28', 4),
(337, 34, 'janjira.sra', '81dc9bdb52d04dc20036dbd8313ed055', NULL, 'janjira.sra@mahidol.ac.th', 50, '2017-11-26 10:04:07', 'A', b'0', 3, 'เจนจิรา', 'สระทองยุ้ง', '08-5223-3158', 14, 337, '2017-11-28', 4),
(338, 35, 'piyatida.san', '81dc9bdb52d04dc20036dbd8313ed055', NULL, 'piyatida.san@mahidol.ac.th', 50, '2017-11-26 10:06:58', 'A', b'0', 4, 'ปิยะธิดา', 'แสงทอง', '09-1835-4852', 30, 338, '2017-11-28', 4),
(339, 45, 'thanathorn.cho', '81dc9bdb52d04dc20036dbd8313ed055', NULL, 'thanathorn.cho@mahidol.ac.th', 50, '2017-11-26 10:18:25', 'A', b'0', 3, 'ธนธร', 'จงเจริญกมล', '0-2419-7173', 5, 339, '2017-11-28', 2),
(340, 45, 'prethong.pin', '81dc9bdb52d04dc20036dbd8313ed055', NULL, 'prethong.pin@mahidol.ac.th', 50, '2017-11-26 10:22:18', 'A', b'0', 2, 'แพรทอง', 'ภิญโญ', '0-2441-4370 ต่อ 2837', 5, 340, '2017-11-28', 2),
(341, 45, 'kuntida.pod', '81dc9bdb52d04dc20036dbd8313ed055', NULL, 'kuntida.pod@mahidol.ac.th', 50, '2017-11-26 10:23:59', 'A', b'0', 2, 'กุลธิดา', 'โพธิ์แดง', '0-2441-4370 ต่อ 2817', 5, 341, '2017-11-26', 2),
(342, 46, 'kanyalak.wiy', '81dc9bdb52d04dc20036dbd8313ed055', NULL, 'kanyalak.wiy@mahidol.ac.th', 50, '2017-11-26 10:29:19', 'A', b'0', 4, 'กัลยลักษณ์', 'วิยาภรณ์', '0-2419-7173', 5, 342, '2017-11-28', 2),
(343, 46, 'woranut.iam', '81dc9bdb52d04dc20036dbd8313ed055', NULL, 'woranut.iam@mahidol.ac.th', 50, '2017-11-26 10:31:14', 'A', b'0', 4, 'วรนุช', 'เอี่ยมปา', '0-2441-4370 ต่อ 2733', 5, 343, '2017-11-28', 2),
(344, 46, 'nuanpen.dam', '81dc9bdb52d04dc20036dbd8313ed055', NULL, 'nuanpen.dam@mahidol.ac.th', 50, '2017-11-26 10:32:41', 'A', b'0', 4, 'นวลเพ็ญ', 'ดำรงกิจอุดม', '0-2419-7173', 5, 344, '2017-11-28', 2),
(345, 47, 'napapong.pon', '81dc9bdb52d04dc20036dbd8313ed055', NULL, 'napapong.pon@mahidol.ac.th', 50, '2017-11-26 10:34:43', 'A', b'0', 5, 'นภาพงษ์', 'พงษ์นภางค์', '0-2441-4370 ต่อ 2827', 5, 345, '2017-11-28', 2),
(346, 48, 'wasana.san', '81dc9bdb52d04dc20036dbd8313ed055', NULL, 'wasana.san@mahidol.ac.th', 50, '2017-11-26 11:02:04', 'A', b'0', 2, 'วาสนา', 'แสงอำนาจ', '08-7151-2885', 6, 346, '2017-11-28', 4),
(347, 48, 'paveena.cho', '81dc9bdb52d04dc20036dbd8313ed055', NULL, 'paveena.cho@mahidol.ac.th', 50, '2017-11-26 11:04:21', 'A', b'0', 2, 'ปวีณา', 'ยามานนท์', '0-2201-5496', 35, 347, '2017-11-28', 4),
(348, 48, 'runglawan.cha', '81dc9bdb52d04dc20036dbd8313ed055', NULL, 'runglawan.cha@mahidol.ac.th', 50, '2017-11-26 11:06:40', 'A', b'0', 2, 'รุ่งลาวรรณ', 'เชวงเกียรติกุล', '08-4120-5077', 36, 348, '2017-11-28', 4),
(349, 48, 'jitra.kas', '81dc9bdb52d04dc20036dbd8313ed055', NULL, 'jitra.kas@mahidol.ac.th', 50, '2017-11-26 11:08:39', 'A', b'0', 2, 'จิตรา', 'ลิ้มทองกุล', '08-6787-9804', 36, 349, '2017-11-28', 4),
(350, 49, 'somsak.dan', '81dc9bdb52d04dc20036dbd8313ed055', NULL, 'somsak.dan@mahidol.ac.th', 50, '2017-11-26 11:10:14', 'A', b'0', 6, 'สมศักดิ์', 'แดงติ๊บ', '08-1260-8455', 38, 350, '2017-11-28', 4),
(351, 48, 'pitak.kha', '81dc9bdb52d04dc20036dbd8313ed055', NULL, 'pitak.kha@mahidol.ac.th', 50, '2017-11-28 04:27:52', 'A', b'0', 1, 'พิทักษ์', 'คำแหงพล', '0-2201-5113', 37, 351, '2017-11-28', 4),
(352, 50, 'pipat.chi', '81dc9bdb52d04dc20036dbd8313ed055', NULL, 'pipat.chi@mahidol.ac.th', 50, '2017-12-03 03:49:45', 'A', b'1', 6, 'พิพัฒน์', 'เชี่ยววิทย์', '0-2419-7078', 39, 50, '2017-12-03', 6),
(353, 50, 'visit.wam', '81dc9bdb52d04dc20036dbd8313ed055', NULL, 'visit.wam@mahidol.ac.th', 50, '2017-12-03 04:03:18', 'A', b'1', 5, 'วิศิษฎ์', 'วามวาณิชย์', '0-2419-9552', 39, 50, '2017-12-03', 6),
(354, 50, 'prasit.wat', '81dc9bdb52d04dc20036dbd8313ed055', NULL, 'prasit.wat@mahidol.ac.th', 50, '2017-12-03 04:06:28', 'A', b'1', 7, 'ประสิทธิ์', 'วัฒนาภา', '0-2419-7675', 39, 50, '2017-12-03', 6);

-- --------------------------------------------------------

--
-- Table structure for table `users_role`
--

CREATE TABLE IF NOT EXISTS `users_role` (
  `ROLE_ID` int(11) NOT NULL,
  `ROLE_NAME` varchar(50) NOT NULL,
  `variable_name` varchar(45) DEFAULT NULL,
  `ROLE_DESC` varchar(100) DEFAULT NULL,
  `UPDATE_BY` varchar(25) NOT NULL,
  `CREATE_DATE` date NOT NULL,
  `UPDATE_DATE` date NOT NULL
) ENGINE=InnoDB DEFAULT CHARSET=utf8;

--
-- Dumping data for table `users_role`
--

INSERT INTO `users_role` (`ROLE_ID`, `ROLE_NAME`, `variable_name`, `ROLE_DESC`, `UPDATE_BY`, `CREATE_DATE`, `UPDATE_DATE`) VALUES
(1, 'ADMIN', 'ADMIN', 'SYSTEM', '1', '2017-03-23', '2017-03-23'),
(2, 'ROLE_USER_DIAGNOSTIC_RADIOLOGY_SI', 'USER', NULL, '50', '2017-11-26', '2017-11-26'),
(5, 'ROLE_USER_DIAGNOSTIC_RADIOLOGY_RA', 'USER', NULL, '50', '2017-11-26', '2017-11-26'),
(6, 'ROLE_STAFF_DIAGNOSTIC_RADIOLOGY_RA', 'STAFF', NULL, '50', '2017-11-26', '2017-11-26'),
(7, 'ROLE_EXECUTIVE_DIAGNOSTIC_RADIOLOGY_RA', 'EXECUTIVE', NULL, '50', '2017-11-26', '2017-11-26'),
(8, 'ROLE_USER_RADIOTHERAPY_RA', 'USER', NULL, '50', '2017-11-26', '2017-11-26'),
(9, 'ROLE_STAFF_RADIOTHERAPY_RA', 'STAFF', NULL, '50', '2017-11-26', '2017-11-26'),
(10, 'ROLE_EXECUTIVE_RADIOTHERAPY_RA', 'EXECUTIVE', NULL, '50', '2017-11-26', '2017-11-26'),
(11, 'ROLE_USER_NUCLEAR_MEDICINE_RA', 'USER', NULL, '50', '2017-11-26', '2017-11-26'),
(12, 'ROLE_EXECUTIVE_NUCLEAR_MEDICINE_RA', 'EXECUTIVE', NULL, '50', '2017-11-26', '2017-11-26'),
(13, 'ROLE_USER_TM', 'USER', NULL, '50', '2017-11-26', '2017-11-26'),
(14, 'ROLE_STAFF_TM', 'STAFF', NULL, '50', '2017-11-26', '2017-11-26'),
(15, 'ROLE_EXECUTIVE_TM', 'EXECUTIVE', NULL, '50', '2017-11-26', '2017-11-26'),
(16, 'ROLE_USER_PH', 'USER', NULL, '50', '2017-11-26', '2017-11-26'),
(17, 'ROLE_STAFF_PH', 'STAFF', NULL, '50', '2017-11-26', '2017-11-26'),
(18, 'ROLE_EXECUTIVE_PH', 'EXECUTIVE', NULL, '50', '2017-11-26', '2017-11-26'),
(19, 'ROLE_USER_GJ', 'USER', NULL, '50', '2017-11-26', '2017-11-26'),
(20, 'ROLE_STAFF_GJ', 'STAFF', NULL, '50', '2017-11-26', '2017-11-26'),
(21, 'ROLE_EXECUTIVE_GJ', 'EXECUTIVE', NULL, '50', '2017-11-26', '2017-11-26'),
(22, 'ROLE_USER_VS', 'USER', NULL, '50', '2017-11-26', '2017-11-26'),
(23, 'ROLE_STAFF_VS', 'STAFF', NULL, '50', '2017-11-26', '2017-11-26'),
(24, 'ROLE_EXECUTIVE_VS', 'EXECUTIVE', NULL, '50', '2017-11-26', '2017-11-26'),
(25, 'ROLE_USER_DT', 'USER', NULL, '50', '2017-11-26', '2017-11-26'),
(26, 'ROLE_STAFF_DT', 'STAFF', NULL, '50', '2017-11-26', '2017-11-26'),
(27, 'ROLE_EXECUTIVE_DT', 'EXECUTIVE', NULL, '50', '2017-11-26', '2017-11-26'),
(28, 'ROLE_USER_MSDH_DT', 'USER', NULL, '50', '2017-11-26', '2017-11-26'),
(29, 'ROLE_STAFF_MSDH_DT', 'STAFF', NULL, '50', '2017-11-26', '2017-11-26'),
(30, 'ROLE_EXECUTIVE_MSDH_DT', 'EXECUTIVE', NULL, '50', '2017-11-26', '2017-11-26'),
(31, 'ROLE_USER_NT', 'USER', NULL, '50', '2017-11-26', '2017-11-26'),
(32, 'ROLE_STAFF_NT', 'STAFF', NULL, '50', '2017-11-26', '2017-11-26'),
(33, 'ROLE_EXECUTIVE_NT', 'EXECUTIVE', NULL, '50', '2017-11-26', '2017-11-26'),
(34, 'ROLE_STAFF_MUKA', 'STAFF', NULL, '50', '2017-11-26', '2017-11-26'),
(35, 'ROLE_EXECUTIVE_MUKA ', 'EXECUTIVE', NULL, '50', '2017-11-26', '2017-11-26'),
(36, 'ROLE_STAFF_NUCLEAR_MEDICINE_RA', 'STAFF', NULL, '50', '2017-11-26', '2017-11-26'),
(37, 'ROLE_USER_RADIOTHERAPY_SI', 'USER', NULL, '50', '2017-11-26', '2017-11-26'),
(38, 'ROLE_USER_NUCLEAR_MEDICINE_SI', 'USER', NULL, '50', '2017-11-26', '2017-11-26'),
(39, 'ROLE_STAFF_DIAGNOSTIC_RADIOLOGY_SI', 'STAFF', NULL, '50', '2017-11-26', '2017-11-26'),
(40, 'ROLE_STAFF_RADIOTHERAPY_SI', 'STAFF', NULL, '50', '2017-11-26', '2017-11-26'),
(41, 'ROLE_STAFF_NUCLEAR_MEDICINE_SI', 'STAFF', NULL, '50', '2017-11-26', '2017-11-26'),
(42, 'ROLE_EXECUTIVE_NUCLEAR_MEDICINE_SI', 'EXECUTIVE', NULL, '50', '2017-11-26', '2017-11-26'),
(43, 'ROLE_EXECUTIVE_DIAGNOSTIC_RADIOLOGY_SI', 'EXECUTIVE', NULL, '50', '2017-11-26', '2017-11-26'),
(44, 'ROLE_EXECUTIVE_RADIOTHERAPY_SI', 'EXECUTIVE', NULL, '50', '2017-11-26', '2017-11-26'),
(45, 'ROLE_USER_MT', 'USER', NULL, '50', '2017-11-26', '2017-11-26'),
(46, 'ROLE_STAFF_MT', 'STAFF', NULL, '50', '2017-11-26', '2017-11-26'),
(47, 'ROLE_EXECUTIVE_MT', 'EXECUTIVE', NULL, '50', '2017-11-26', '2017-11-26'),
(48, 'ROLE_STAFF_SC', 'STAFF', NULL, '50', '2017-11-26', '2017-11-26'),
(49, 'ROLE_EXECUTIVE_SC', 'EXECUTIVE', NULL, '50', '2017-11-26', '2017-11-26'),
(50, 'ROLE_EXECUTIVE_SI', 'EXECUTIVE', NULL, '50', '2017-12-03', '2017-12-03');

--
-- Indexes for dumped tables
--

--
-- Indexes for table `menu`
--
ALTER TABLE `menu`
  ADD PRIMARY KEY (`MENU_ID`);

--
-- Indexes for table `menu_role`
--
ALTER TABLE `menu_role`
  ADD PRIMARY KEY (`ID`),
  ADD KEY `mr_fk01_idx` (`MENU_ID`);

--
-- Indexes for table `tb_answers`
--
ALTER TABLE `tb_answers`
  ADD PRIMARY KEY (`id`);

--
-- Indexes for table `tb_form1`
--
ALTER TABLE `tb_form1`
  ADD PRIMARY KEY (`id`),
  ADD KEY `form1_fk02_idx` (`code_usage_id`),
  ADD KEY `form1_fk03_idx` (`maufacturer_id`),
  ADD KEY `form1_fk04_idx` (`use_type_id`),
  ADD KEY `form1_fk05_idx` (`power_unit_id`),
  ADD KEY `form1_fk07_idx` (`usage_status_id`),
  ADD KEY `from1_fk09_idx` (`create_by`),
  ADD KEY `form1_fk10_idx` (`update_by`);

--
-- Indexes for table `tb_form2`
--
ALTER TABLE `tb_form2`
  ADD PRIMARY KEY (`id`),
  ADD KEY `form2_fk10_idx` (`create_by`),
  ADD KEY `form2_fk11_idx` (`update_by`);

--
-- Indexes for table `tb_form3`
--
ALTER TABLE `tb_form3`
  ADD PRIMARY KEY (`id`),
  ADD KEY `from3_fk08_idx` (`create_by`),
  ADD KEY `from3_fk09_idx` (`update_by`);

--
-- Indexes for table `tb_form4`
--
ALTER TABLE `tb_form4`
  ADD PRIMARY KEY (`id`),
  ADD KEY `form4_fk02_idx` (`create_by`),
  ADD KEY `form4_fk03_idx` (`update_by`);

--
-- Indexes for table `tb_form5`
--
ALTER TABLE `tb_form5`
  ADD PRIMARY KEY (`id`),
  ADD KEY `form5_fk01_idx` (`types_of_radioactive_waste_id`),
  ADD KEY `form5_fk02_idx` (`phisical_status_id`),
  ADD KEY `form5_fk04_idx` (`create_by`),
  ADD KEY `form5_fk05_idx` (`update_by`),
  ADD KEY `form5_fk06_idx` (`rad_or_maximum_weight_unit_id`);

--
-- Indexes for table `tb_form6`
--
ALTER TABLE `tb_form6`
  ADD PRIMARY KEY (`id`);

--
-- Indexes for table `tb_form7`
--
ALTER TABLE `tb_form7`
  ADD PRIMARY KEY (`id`),
  ADD KEY `form7_fk01_idx` (`department_id`);

--
-- Indexes for table `tb_form8`
--
ALTER TABLE `tb_form8`
  ADD PRIMARY KEY (`id`),
  ADD KEY `form8_fk01_idx` (`create_by`),
  ADD KEY `form8_fk02_idx` (`update_by`),
  ADD KEY `form8_fk03_idx` (`owner_department_id`);

--
-- Indexes for table `tb_information`
--
ALTER TABLE `tb_information`
  ADD PRIMARY KEY (`id`);

--
-- Indexes for table `tb_m_branch`
--
ALTER TABLE `tb_m_branch`
  ADD PRIMARY KEY (`id`);

--
-- Indexes for table `tb_m_code_usage`
--
ALTER TABLE `tb_m_code_usage`
  ADD PRIMARY KEY (`id`);

--
-- Indexes for table `tb_m_company_operates`
--
ALTER TABLE `tb_m_company_operates`
  ADD PRIMARY KEY (`id`);

--
-- Indexes for table `tb_m_dealer_company`
--
ALTER TABLE `tb_m_dealer_company`
  ADD PRIMARY KEY (`id`);

--
-- Indexes for table `tb_m_department`
--
ALTER TABLE `tb_m_department`
  ADD PRIMARY KEY (`id`);

--
-- Indexes for table `tb_m_faculty`
--
ALTER TABLE `tb_m_faculty`
  ADD PRIMARY KEY (`id`);

--
-- Indexes for table `tb_m_inspection_agency`
--
ALTER TABLE `tb_m_inspection_agency`
  ADD PRIMARY KEY (`id`);

--
-- Indexes for table `tb_m_manufacturer`
--
ALTER TABLE `tb_m_manufacturer`
  ADD PRIMARY KEY (`id`);

--
-- Indexes for table `tb_m_material_status`
--
ALTER TABLE `tb_m_material_status`
  ADD PRIMARY KEY (`id`);

--
-- Indexes for table `tb_m_material_type`
--
ALTER TABLE `tb_m_material_type`
  ADD PRIMARY KEY (`id`);

--
-- Indexes for table `tb_m_phisical_status`
--
ALTER TABLE `tb_m_phisical_status`
  ADD PRIMARY KEY (`id`);

--
-- Indexes for table `tb_m_position`
--
ALTER TABLE `tb_m_position`
  ADD PRIMARY KEY (`id`);

--
-- Indexes for table `tb_m_power_unit`
--
ALTER TABLE `tb_m_power_unit`
  ADD PRIMARY KEY (`id`);

--
-- Indexes for table `tb_m_radioactive_elements`
--
ALTER TABLE `tb_m_radioactive_elements`
  ADD PRIMARY KEY (`id`);

--
-- Indexes for table `tb_m_rad_machine`
--
ALTER TABLE `tb_m_rad_machine`
  ADD PRIMARY KEY (`id`);

--
-- Indexes for table `tb_m_report_department`
--
ALTER TABLE `tb_m_report_department`
  ADD PRIMARY KEY (`id`);

--
-- Indexes for table `tb_m_room`
--
ALTER TABLE `tb_m_room`
  ADD PRIMARY KEY (`id`);

--
-- Indexes for table `tb_m_setting`
--
ALTER TABLE `tb_m_setting`
  ADD PRIMARY KEY (`id`);

--
-- Indexes for table `tb_m_title`
--
ALTER TABLE `tb_m_title`
  ADD PRIMARY KEY (`id`);

--
-- Indexes for table `tb_m_types_of_radioactive_waste`
--
ALTER TABLE `tb_m_types_of_radioactive_waste`
  ADD PRIMARY KEY (`id`);

--
-- Indexes for table `tb_m_unit`
--
ALTER TABLE `tb_m_unit`
  ADD PRIMARY KEY (`id`);

--
-- Indexes for table `tb_m_unit2`
--
ALTER TABLE `tb_m_unit2`
  ADD PRIMARY KEY (`id`);

--
-- Indexes for table `tb_m_usage_status`
--
ALTER TABLE `tb_m_usage_status`
  ADD PRIMARY KEY (`id`);

--
-- Indexes for table `tb_m_use_type`
--
ALTER TABLE `tb_m_use_type`
  ADD PRIMARY KEY (`id`);

--
-- Indexes for table `tb_m_utilization`
--
ALTER TABLE `tb_m_utilization`
  ADD PRIMARY KEY (`id`);

--
-- Indexes for table `users_login`
--
ALTER TABLE `users_login`
  ADD PRIMARY KEY (`id`),
  ADD KEY `fk_role_id_idx` (`role_id`),
  ADD KEY `fk_title_id_2_idx` (`title_id`),
  ADD KEY `fk_department_id_idx` (`department_id`);

--
-- Indexes for table `users_role`
--
ALTER TABLE `users_role`
  ADD PRIMARY KEY (`ROLE_ID`);

--
-- AUTO_INCREMENT for dumped tables
--

--
-- AUTO_INCREMENT for table `menu_role`
--
ALTER TABLE `menu_role`
  MODIFY `ID` int(11) NOT NULL AUTO_INCREMENT,AUTO_INCREMENT=24693;
--
-- AUTO_INCREMENT for table `tb_answers`
--
ALTER TABLE `tb_answers`
  MODIFY `id` int(11) NOT NULL AUTO_INCREMENT,AUTO_INCREMENT=2558;
--
-- AUTO_INCREMENT for table `tb_form1`
--
ALTER TABLE `tb_form1`
  MODIFY `id` int(11) NOT NULL AUTO_INCREMENT,AUTO_INCREMENT=252;
--
-- AUTO_INCREMENT for table `tb_form2`
--
ALTER TABLE `tb_form2`
  MODIFY `id` int(11) NOT NULL AUTO_INCREMENT,AUTO_INCREMENT=197;
--
-- AUTO_INCREMENT for table `tb_form3`
--
ALTER TABLE `tb_form3`
  MODIFY `id` int(11) NOT NULL AUTO_INCREMENT,AUTO_INCREMENT=79;
--
-- AUTO_INCREMENT for table `tb_form4`
--
ALTER TABLE `tb_form4`
  MODIFY `id` int(11) NOT NULL AUTO_INCREMENT,AUTO_INCREMENT=1604;
--
-- AUTO_INCREMENT for table `tb_form5`
--
ALTER TABLE `tb_form5`
  MODIFY `id` int(11) NOT NULL AUTO_INCREMENT,AUTO_INCREMENT=99;
--
-- AUTO_INCREMENT for table `tb_form6`
--
ALTER TABLE `tb_form6`
  MODIFY `id` int(11) NOT NULL AUTO_INCREMENT;
--
-- AUTO_INCREMENT for table `tb_form7`
--
ALTER TABLE `tb_form7`
  MODIFY `id` int(11) NOT NULL AUTO_INCREMENT;
--
-- AUTO_INCREMENT for table `tb_form8`
--
ALTER TABLE `tb_form8`
  MODIFY `id` int(11) NOT NULL AUTO_INCREMENT,AUTO_INCREMENT=98;
--
-- AUTO_INCREMENT for table `tb_information`
--
ALTER TABLE `tb_information`
  MODIFY `id` int(11) NOT NULL AUTO_INCREMENT;
--
-- AUTO_INCREMENT for table `tb_m_radioactive_elements`
--
ALTER TABLE `tb_m_radioactive_elements`
  MODIFY `id` int(11) NOT NULL AUTO_INCREMENT,AUTO_INCREMENT=1000;
--
-- AUTO_INCREMENT for table `tb_m_title`
--
ALTER TABLE `tb_m_title`
  MODIFY `id` int(11) NOT NULL AUTO_INCREMENT,AUTO_INCREMENT=9;
--
-- AUTO_INCREMENT for table `tb_m_unit`
--
ALTER TABLE `tb_m_unit`
  MODIFY `id` int(11) NOT NULL AUTO_INCREMENT,AUTO_INCREMENT=10;
--
-- AUTO_INCREMENT for table `tb_m_unit2`
--
ALTER TABLE `tb_m_unit2`
  MODIFY `id` int(11) NOT NULL AUTO_INCREMENT,AUTO_INCREMENT=10;
--
-- AUTO_INCREMENT for table `users_login`
--
ALTER TABLE `users_login`
  MODIFY `id` int(11) NOT NULL AUTO_INCREMENT,AUTO_INCREMENT=355;
--
-- Constraints for dumped tables
--

--
-- Constraints for table `tb_form1`
--
ALTER TABLE `tb_form1`
  ADD CONSTRAINT `form1_fk02` FOREIGN KEY (`code_usage_id`) REFERENCES `tb_m_code_usage` (`id`) ON DELETE NO ACTION ON UPDATE NO ACTION,
  ADD CONSTRAINT `form1_fk03` FOREIGN KEY (`maufacturer_id`) REFERENCES `tb_m_manufacturer` (`id`) ON DELETE NO ACTION ON UPDATE NO ACTION,
  ADD CONSTRAINT `form1_fk04` FOREIGN KEY (`use_type_id`) REFERENCES `tb_m_use_type` (`id`) ON DELETE NO ACTION ON UPDATE NO ACTION,
  ADD CONSTRAINT `form1_fk05` FOREIGN KEY (`power_unit_id`) REFERENCES `tb_m_power_unit` (`id`) ON DELETE NO ACTION ON UPDATE NO ACTION,
  ADD CONSTRAINT `form1_fk07` FOREIGN KEY (`usage_status_id`) REFERENCES `tb_m_usage_status` (`id`) ON DELETE NO ACTION ON UPDATE NO ACTION,
  ADD CONSTRAINT `form1_fk09` FOREIGN KEY (`create_by`) REFERENCES `users_login` (`id`) ON DELETE NO ACTION ON UPDATE NO ACTION,
  ADD CONSTRAINT `form1_fk10` FOREIGN KEY (`update_by`) REFERENCES `users_login` (`id`) ON DELETE NO ACTION ON UPDATE NO ACTION;

--
-- Constraints for table `tb_form2`
--
ALTER TABLE `tb_form2`
  ADD CONSTRAINT `form2_fk10` FOREIGN KEY (`create_by`) REFERENCES `users_login` (`id`) ON DELETE NO ACTION ON UPDATE NO ACTION,
  ADD CONSTRAINT `form2_fk11` FOREIGN KEY (`update_by`) REFERENCES `users_login` (`id`) ON DELETE NO ACTION ON UPDATE NO ACTION;

--
-- Constraints for table `tb_form3`
--
ALTER TABLE `tb_form3`
  ADD CONSTRAINT `from3_fk08` FOREIGN KEY (`create_by`) REFERENCES `users_login` (`id`) ON DELETE NO ACTION ON UPDATE NO ACTION,
  ADD CONSTRAINT `from3_fk09` FOREIGN KEY (`update_by`) REFERENCES `users_login` (`id`) ON DELETE NO ACTION ON UPDATE NO ACTION;

--
-- Constraints for table `tb_form4`
--
ALTER TABLE `tb_form4`
  ADD CONSTRAINT `form4_fk02` FOREIGN KEY (`create_by`) REFERENCES `users_login` (`id`) ON DELETE NO ACTION ON UPDATE NO ACTION,
  ADD CONSTRAINT `form4_fk03` FOREIGN KEY (`update_by`) REFERENCES `users_login` (`id`) ON DELETE NO ACTION ON UPDATE NO ACTION;

--
-- Constraints for table `tb_form5`
--
ALTER TABLE `tb_form5`
  ADD CONSTRAINT `form5_fk01` FOREIGN KEY (`types_of_radioactive_waste_id`) REFERENCES `tb_m_material_type` (`id`) ON DELETE NO ACTION ON UPDATE NO ACTION,
  ADD CONSTRAINT `form5_fk02` FOREIGN KEY (`phisical_status_id`) REFERENCES `tb_m_phisical_status` (`id`) ON DELETE NO ACTION ON UPDATE NO ACTION,
  ADD CONSTRAINT `form5_fk04` FOREIGN KEY (`create_by`) REFERENCES `users_login` (`id`) ON DELETE NO ACTION ON UPDATE NO ACTION,
  ADD CONSTRAINT `form5_fk05` FOREIGN KEY (`update_by`) REFERENCES `users_login` (`id`) ON DELETE NO ACTION ON UPDATE NO ACTION;

--
-- Constraints for table `tb_form8`
--
ALTER TABLE `tb_form8`
  ADD CONSTRAINT `form8_fk01` FOREIGN KEY (`create_by`) REFERENCES `users_login` (`id`) ON DELETE NO ACTION ON UPDATE NO ACTION,
  ADD CONSTRAINT `form8_fk02` FOREIGN KEY (`update_by`) REFERENCES `users_login` (`id`) ON DELETE NO ACTION ON UPDATE NO ACTION,
  ADD CONSTRAINT `form8_fk03` FOREIGN KEY (`owner_department_id`) REFERENCES `tb_m_department` (`id`) ON DELETE NO ACTION ON UPDATE NO ACTION;

--
-- Constraints for table `users_login`
--
ALTER TABLE `users_login`
  ADD CONSTRAINT `fk_department_id` FOREIGN KEY (`department_id`) REFERENCES `tb_m_department` (`id`) ON DELETE NO ACTION ON UPDATE NO ACTION,
  ADD CONSTRAINT `fk_role_id` FOREIGN KEY (`role_id`) REFERENCES `users_role` (`ROLE_ID`) ON DELETE NO ACTION ON UPDATE NO ACTION,
  ADD CONSTRAINT `fk_title_id_2` FOREIGN KEY (`title_id`) REFERENCES `tb_m_title` (`id`) ON DELETE NO ACTION ON UPDATE NO ACTION;

/*!40101 SET CHARACTER_SET_CLIENT=@OLD_CHARACTER_SET_CLIENT */;
/*!40101 SET CHARACTER_SET_RESULTS=@OLD_CHARACTER_SET_RESULTS */;
/*!40101 SET COLLATION_CONNECTION=@OLD_COLLATION_CONNECTION */;
